,0,1,2,3,4,5,6,7,8,9
neuron_0_count,0.0008326843378026073,0.0006361551411497961,0.005964806320558215,0.009965510986521375,0.0020377836570992514,0.0037797433852897674,0.0011228990920178206,0.0005127289488439024,0.00013824658597832388,0.004146632822047122
neuron_1_count,0.0075102248441201586,0.051010384566268,0.01875985262860419,0.025520192275065814,0.0035021977654472666,0.0036380140961377178,0.001040466287722159,0.003080647501617094,0.0018077045309975621,0.005963136714814986
neuron_2_count,0.0011892662263244154,0.014693583615533815,0.005635892548714577,0.014028584504822444,0.00047447564988985745,0.004061863481645403,0.0032509296336231883,0.011144611439634952,0.0018209479077902725,0.0026970595040567563
neuron_3_count,0.0012748240791699127,0.002948704697048804,0.005988338879960031,0.007543362466236117,0.00122397624486845,0.003165501167360904,0.0010825912341819698,0.0019613417637868308,0.0005637510770643145,0.002050050622203703
neuron_4_count,0.0027730084173778514,0.00033916480342587735,0.006741810275794763,0.011753222192764715,0.0009659613283491582,0.00237135760066208,0.003247796293670578,0.004672595430263389,0.0033552396191327757,0.005123637448014223
neuron_5_count,0.00046375287666236727,0.011113422071792847,0.019309405328955184,0.024933192924808403,0.0020487663689243707,0.004336202055797628,0.003750316262766236,0.005621529099128157,0.0014436801972994833,0.008343819249070433
neuron_6_count,0.0022118510553188267,0.0007256723636654451,0.01454000622110141,0.02630695216069308,0.0012906220533838546,0.007343917217426138,0.00820268965455602,0.014115014068673923,0.005195658264611068,0.013742252529544974
neuron_7_count,0.0015285497372718622,0.0006334119865427576,0.005738712635043192,0.011874355520988505,0.0021053872066718604,0.003890794749557336,0.0019734349279429478,0.0011583211203792555,0.0004236859081675577,0.009812166711345507
neuron_8_count,0.007509956314703949,0.000251789863947487,0.008579830471149484,0.010039931848609567,0.005514272425215523,0.004015671443389157,0.0023838486669799305,0.0011832714013277554,0.0008202080611095317,0.011515388140555152
neuron_9_count,0.011003373426551055,0.00446233524548173,0.010573207913088314,0.013310607450149128,0.005588635276797586,0.004445302847706327,0.0034046549479758645,0.0020834825253093353,0.00028937845482933724,0.009973459770596382
neuron_10_count,0.0002976924604671631,0.016728515526084592,0.01621437043945384,0.024488020767915425,0.0021038892390530042,0.004395049528910677,0.004105869788618516,0.011415728334073685,0.0006318614281547886,0.008478505039486925
neuron_11_count,0.013208485341223528,0.04863125510328642,0.019296157304993983,0.02320295704593929,0.002194732589083738,0.0038006236337941313,0.0025500789544197905,0.003653258441886263,0.0036484070304976177,0.006896545027677947
neuron_12_count,0.0025013859411566405,0.00046359439336811185,0.01817860790237391,0.029888506536018405,0.001424023317497896,0.007587766590516146,0.007692472844795115,0.014781631447405325,0.004755982079911736,0.014515486797307672
neuron_13_count,0.011426425110974081,0.03322003690623396,0.017361567268772436,0.017343084605760783,0.005044185304305546,0.0029324599014242253,0.001845715126664647,8.205818503657664e-05,0.005273885505356318,0.003557609811321586
neuron_14_count,0.0011069414004340992,0.0002797073220447638,0.013267223198142705,0.019490865799920015,0.0024742346176684915,0.002588580140794751,0.00657915322464761,0.002703390351433424,0.001461635204759143,0.013544502140500916
neuron_15_count,0.0020448817731270885,4.195399083843816e-05,0.04635258141797244,0.05303880744298142,0.00872390712502591,0.005894496967802115,0.01002561652916445,0.0028301146477325498,0.005145917534455362,0.024759490236716766
neuron_16_count,0.0007197246426270155,0.001165713698050689,0.03146988707428999,0.03811814766504468,0.005225586997883003,0.007009657021746232,0.00894229592629564,0.004729542776256347,0.0035348315744838793,0.01258678666885632
neuron_17_count,0.0006739782568664816,0.012180971237060065,0.03242809977838748,0.03414752356339085,0.00885246970198389,0.004664242695854012,0.004705352928407139,0.007395429405281886,0.0012524923538230134,0.012687983676673967
neuron_18_count,0.01835877564663896,0.04772279726029888,0.030045863567587344,0.03234978842877562,0.02072517719011574,0.003307386265668462,0.0012235572076862416,0.0001355608825166551,0.006976857559727316,0.005959877785669844
neuron_19_count,0.0028943154976902793,0.006223170015779475,0.048272577796371924,0.06548080201553877,0.014687642905567538,0.005771747312962372,0.008060675331863179,0.0018005473977815989,0.001696278768424573,0.03133285435129002
neuron_20_count,0.006229887715478721,0.008685384556109704,0.05103180564192655,0.04661555872314804,0.022666856179200973,0.005520174013516323,0.002678237503236404,0.0011918327846552022,0.00040764571434187373,0.020884560073987826
neuron_21_count,0.01438126185883884,0.011541076185937943,0.0760269781457758,0.07594690202360432,0.0396546042907539,0.005449387710415504,0.003313112663912751,0.003127183857294165,0.0011789380222376362,0.040012658972471415
neuron_22_count,0.013913025262886056,0.00247129740914407,0.08793039902373853,0.0802095061100967,0.043037824668591296,0.0033768323616615373,0.005153261539650497,0.009505052691198404,1.6494234611695666e-05,0.054282148013568315
neuron_23_count,0.021697297793605075,0.017070412653465802,0.07180022984992854,0.06821764179970816,0.05034615233585321,0.0030535246844270794,0.0018415599665983808,0.006887425371250894,0.0024173038238370775,0.0281472326972029
neuron_24_count,0.02329629654236999,0.029023779598731342,0.0747283379696817,0.06979790848421383,0.04786103398507094,0.0012591035159305944,0.0029904296531800476,0.009460779106762407,0.0025913365448955103,0.03108328706705364
neuron_25_count,0.039174628439413495,0.047377088898245295,0.05875061352035954,0.056670814632193894,0.04890311395300398,0.000960287865186947,0.0013671865586191382,0.007539877724373742,0.004262584480599171,0.023897253006508204
neuron_26_count,0.03245648646348201,0.03500046380482391,0.0641685672273381,0.06205550143857991,0.050460847939550135,0.001283702712411839,0.001833944699569791,0.012645498792569057,0.004615526724709038,0.024521030499374888
neuron_27_count,0.022954643960361856,0.01979771666152351,0.09297398873419147,0.08089250789834079,0.046338840717006835,0.005278426955212717,0.001939579034202485,0.012718971275040097,0.001712845068673096,0.04021503954112543
neuron_28_count,0.052478336368805,0.007348138003568497,0.07286304537131011,0.05683530341157586,0.06848887480737145,0.002766283505708532,0.0020729672440786408,0.027685369383437256,0.006405171636352319,0.04909735786464703
neuron_29_count,0.05601828379249371,0.026676767822571834,0.08388828118340977,0.06709259531029724,0.05215983571061045,0.001393676827653751,0.004143338756052318,0.02093408382318411,0.006136704235649763,0.04808018153155827
neuron_30_count,0.06302787809904559,0.014212736209820123,0.07693345985522129,0.06727971585548664,0.06889828333604164,0.00044712804266914055,0.0034650959325316713,0.026441382703806304,0.011076664441485237,0.055328591259389354
neuron_31_count,0.07127843489467894,0.01526282826445663,0.07648389717977766,0.043544616099075645,0.05902644769630114,5.179994581064502e-05,0.0023642358538728033,0.0334430367068306,0.00924956735042956,0.044004665699709344
neuron_32_count,0.06743813404145124,0.001276097589421702,0.05514324871556184,0.025418959833509724,0.06468902356406364,0.000584750599080289,0.0006354296731441549,0.04229124002215201,0.005904228790197988,0.057745084797657525
neuron_33_count,0.007860487240689587,0.009905442693423052,0.003697716351914423,0.0066297003542669965,0.005937113415448548,0.0008270814835632996,0.0013944985387897499,0.0038083796694031195,0.008688779076702485,0.004380817206625906
neuron_34_count,0.07379201751019357,0.006467843068507374,0.08706019128513337,0.03198987444209564,0.06280777561309722,0.0009592018559632237,0.007289744785733569,0.04189753001660901,0.0034947282728272286,0.0588833028022796
neuron_35_count,0.08937636224643114,0.012174470987858538,0.052949861948968946,0.021522917626230723,0.06268537295900165,0.00275703261858732,0.00912928179835086,0.026407846608393015,0.009515822766929707,0.03823454676175572
neuron_36_count,0.0942695941626171,0.004106582765350933,0.06277571077105445,0.02694966171230348,0.07602455333903602,0.0025782381348852523,0.004170110990694524,0.04112928918854372,0.017633368964905263,0.06614193158773016
neuron_37_count,0.07894904171432161,0.006864389515507677,0.02944502221005839,0.0038058513214201325,0.045204188658605926,0.009401128673970645,0.0034521026971749934,0.06640785079948633,0.01397411357030659,0.05446999272499575
neuron_38_count,0.1055727809583156,0.002095934464251042,0.05274665485810626,0.011205056605859576,0.05063908222417651,0.011298724236412663,0.011555503631984071,0.051495668948210616,0.01797869915084377,0.07143124139587248
neuron_39_count,0.08931627496184893,0.004668965683602179,0.04175151699748464,0.008437209067974252,0.04935414129860008,0.00885515672521469,0.007334295090656098,0.04484221374167374,0.020276342585420465,0.042025681283470756
neuron_40_count,0.10569770101836667,0.0002318931858254266,0.04986500681449091,0.010687666799509693,0.05557306297241352,0.011495444625994833,0.008724382614216437,0.05507422993916758,0.0204184106723571,0.07109927904593666
neuron_41_count,0.10128836032650493,0.001826196529177964,0.018119578988675694,0.00017086351680074916,0.01924786556258505,0.03646804370213402,0.01747606223361134,0.05487947895362172,0.014415953309232676,0.06611243014757195
neuron_42_count,0.050142435193641505,0.007354786833959931,0.010481813036009896,0.0008225938699940281,0.02358574463636612,0.015007275691842709,0.003939765084072261,0.025100407357673868,0.017189957673240885,0.016093800553002954
neuron_43_count,0.06192604198321247,0.00845572233049613,0.011233388205542746,0.0024311264177162215,0.023397675642058385,0.015620400007488086,0.009035530256095048,0.030318539905483916,0.02564434011073803,0.020953620076327867
neuron_44_count,0.046922146461565076,0.00365432178269965,0.006224506717146298,8.990307022770723e-05,0.012127226282098752,0.014970216007545903,0.007063904978623872,0.02231633863341237,0.023825616821663245,0.01521167562377057
neuron_45_count,0.06371369497679447,0.0005951077819117898,0.009355720988810184,0.0002942768237623244,0.01965602904259986,0.03128149623286858,0.005202090542993101,0.03791414266447046,0.015523702297560588,0.03644956656837603
neuron_46_count,0.051138047054030605,0.002723940730747887,0.0053367236306287175,0.00017520967141984893,0.011567981142615077,0.02829421127491756,0.0052407359096877035,0.028379247854613127,0.01762573041008357,0.026833021895713224
neuron_47_count,0.05236814345263088,0.0005758332123358234,0.0007680345985327588,0.0036547941396605846,0.002104562177697871,0.054930712348395194,0.01991974243728739,0.02266988333231025,0.014376118568777616,0.035219219584982975
neuron_48_count,0.0552126384320937,0.0005348450560647318,0.0070343156770482085,0.0033761541385464097,0.0072634343812937735,0.039346897126465635,0.010648704981425047,0.021663340444030385,0.011720504429280923,0.034083000200864855
neuron_49_count,0.039943322359478534,0.003952973939378365,0.0013019493249646144,0.004227913218169101,0.0014805591940779857,0.038475013413848624,0.02584408893150479,0.010238748365991784,0.0030315863315252753,0.027778126272293313
neuron_50_count,0.04473800052489385,0.000630775064599385,0.0025712755126084987,0.0009908155042513793,0.007748974301958048,0.026841256747352132,0.012363054090772638,0.019605502538462646,0.01990865282734669,0.0171577022006279
neuron_51_count,0.05181863647645399,0.0002105924737193822,0.0015821065391347748,0.0018769076890977378,0.004389529618910974,0.04176855899933182,0.013383062345674004,0.02414190261799677,0.016342148142005408,0.030482452404000243
neuron_52_count,0.053660100441911135,0.0001552556573373859,0.003253978121989687,0.0019179837862266236,0.006362024168122177,0.04597809524310073,0.011728883816994884,0.02903606408403847,0.017554435531733525,0.036761146386842886
neuron_53_count,0.04663518933619473,0.0005228282053740766,0.00038620757787633485,0.0056203021786459875,0.0020426951819383712,0.055860654092530354,0.01688255670279537,0.017985302452151797,0.014585958226995654,0.03218101744615126
neuron_54_count,0.03412347945767735,0.0004582796691260209,0.0001932110879743782,0.006664485217505289,0.0006844348205031908,0.054519847636923,0.016268329371466092,0.014954261465284516,0.009914572322831106,0.031888970228865055
neuron_55_count,0.03405708836162902,0.006172247178054993,0.0007205877924750283,0.0031317682319258883,0.0011450234681560263,0.04507094516065374,0.011096353788474914,0.014513626508072683,0.017952670840368973,0.021919517477371905
neuron_56_count,0.037547384459261035,8.699893681998923e-05,0.0019430786486792917,0.004508804461462956,0.004116397059696568,0.0497196044570499,0.007025277508204281,0.027732398363892963,0.015401427862874809,0.028932786397450755
neuron_57_count,0.03328433729492489,0.005213833072168099,8.241474976535511e-05,0.01045379153971869,0.0008374421049368002,0.06940670785195713,0.026857162042494914,0.014708611125833299,0.0028318034510542225,0.027295704921141015
neuron_58_count,0.02712444302450781,0.0010270287944532525,0.00013237822267454964,0.006393387922620793,0.00017834647438197924,0.060843492409153904,0.019080203307596202,0.012332527162305096,0.015785362395227973,0.021518433830930536
neuron_59_count,0.013910814204250554,0.0002194787151067485,0.00036184542401967307,0.003685946420003826,0.00020749235121184095,0.043611274618392815,0.01022028001288823,0.009132792891219155,0.0062576788378867695,0.013265890643256686
neuron_60_count,0.012170702282674958,0.011616613129724798,0.0014910263159725115,0.010201040214473142,0.0005034374747138887,0.0572788352307039,0.014696260729224087,0.00877188707653577,0.003997841384628963,0.0253619516041359
neuron_61_count,0.014754340957935666,4.4472773187672135e-05,0.00032187472500787816,0.003635034837637656,0.0005965243070098682,0.03161870176848172,0.014124644154768495,0.001992065435629648,0.003622854850747384,0.007817742858412371
neuron_62_count,0.016322963773187135,0.014042704913441839,0.0024442214964201722,0.015222700624045932,0.0009307593115359149,0.06894475422510635,0.018668640925416743,0.008949119199820124,0.0029694482261001867,0.031932679220756766
neuron_63_count,0.020706492311452232,0.004845971375928224,0.0006174870383119022,0.007555024607152808,0.000793597401370489,0.06853098425289922,0.014812784643262522,0.007583841741642047,0.015135023926137456,0.020081261675949744
neuron_64_count,0.0011414038744020326,0.0017328375021539721,0.006303922090911046,0.010363016584560916,0.0008835349870872644,0.003632094075815037,0.004031580645723176,0.010442295681482028,0.0011159677340934159,0.004348743168606929
neuron_65_count,0.006953107166302555,0.0764680135455705,0.015231832093307127,0.016596827766088673,0.0014913818384711675,0.0015898697526312913,0.0011434911627177247,0.0056098732222520376,0.00151665494039252,0.001612375828767356
neuron_66_count,0.005276717228055831,0.0026407699500423584,0.015049389073126751,0.023014574752204836,0.0016076282205535267,0.005910790765687242,0.009108806987622689,0.009062156679414526,0.0046526587279473175,0.012719009610666396
neuron_67_count,0.009585148778806105,0.040972682099326085,0.005998848411424319,0.009438661992534805,0.0010487162784371673,0.005117979569831559,0.005485695343465699,0.004963059937633164,0.010233579223661929,0.01410773259427675
neuron_68_count,0.0005497667314238452,0.013779128169246604,0.015978671093137164,0.02698796576320893,0.002524409327684045,0.003960546990529612,0.0037393378088347307,0.004787856446324193,0.0006401866561449891,0.005404279397192763
neuron_69_count,0.002854520803948768,0.0012538575635238046,0.014373079875194636,0.023408931596919202,0.0022156382267502772,0.006402517531278622,0.008648749259365332,0.015086828664132843,0.005783741105326853,0.011536148466378932
neuron_70_count,0.001441315381747247,0.013723226648143697,0.010114377504996275,0.020550438074714725,0.000870880965223874,0.0047028469362837555,0.0043481824482980505,0.013484473291553528,0.0016600510642248256,0.005700567992057183
neuron_71_count,0.0014215620031908759,0.0027402384457554524,0.017844604036630185,0.028629966693041478,0.002928169532912313,0.003998937465666888,0.00796836045450526,0.009110253976458163,0.0019484079277157576,0.00673447493896033
neuron_72_count,0.001263293613539007,0.011530972673284012,0.028065172269791647,0.02841623051689221,0.0030592650712219158,0.00493685133243961,0.00281260815973524,0.0033936200086352244,0.00037675049023428754,0.008401711723066405
neuron_73_count,0.0005125157946152797,0.007042938222382875,0.011895249273588926,0.015334507679511125,0.0003194770557879336,0.005346376966673762,0.007023227021891995,0.011578034730408693,0.0011762959168374431,0.0058916577703697
neuron_74_count,0.002255281257201952,0.002268677168666619,0.010951243783774808,0.018622631435975243,0.0003839364379424259,0.004316632958477451,0.007616728774033174,0.016410975398980926,0.0027021825041084607,0.0070501940443392155
neuron_75_count,0.00629189124431577,0.00975892686163693,0.01797229260137713,0.02111251453336261,0.004480762693134396,0.00188455551806041,0.0036201432614563905,0.0002687752852482961,0.0011952464151265517,0.01097221045077422
neuron_76_count,0.00072809466598266,0.0006408984855383179,0.022435353488846135,0.029338365217527668,0.0029886514550546,0.003993646097953635,0.004787919537217189,0.0036637420323069048,0.0038067626099793847,0.019563830266557045
neuron_77_count,0.012978150866127344,0.039610590549965435,0.026842761079107172,0.03129006062049827,0.014068251541186072,0.003099746255757381,0.00024274356849591366,0.000176628254013168,0.0019738205422143718,0.007013628056662363
neuron_78_count,0.005431542221746667,0.0004414598434287365,0.01687747564946361,0.02043231193291062,0.009815836570919972,0.004278742371741369,0.004821971591466953,0.0006490439100410063,0.001056427853303054,0.015602038913607688
neuron_79_count,0.002190374385220982,0.0009450255256253821,0.022289743960914973,0.03928253397139453,0.001762337419888859,0.003351526564073462,0.012375143195139965,0.012311870120633728,0.006261001452667794,0.01618512678397943
neuron_80_count,0.010658773980949887,0.008475610770318553,0.028349055699177186,0.03376227879504262,0.01863604003451834,0.005465803637926439,0.0014116358762792276,0.0002971284969035448,0.003160285774490592,0.01410188976346756
neuron_81_count,0.011695687716111208,0.025391619800663442,0.03043106056241053,0.03284280038888335,0.018107753605063157,0.004108214725375453,0.0008468350188823651,9.124528428750413e-06,0.0019959205319339327,0.009123279678636215
neuron_82_count,0.013266376099260443,0.015109518418108106,0.043227060146995,0.04881637811330475,0.021051351828840673,0.00509731410111694,0.0046156984433191744,0.000136948983723165,0.0011663390213182828,0.019935124704978643
neuron_83_count,0.004151293768240853,0.0021397604167603633,0.05105780910182439,0.0587608432982028,0.020218944431277752,0.006643833266946647,0.006089095369748963,6.826050141887875e-05,0.0015180072686861229,0.03158348555651312
neuron_84_count,0.028762213478147794,0.07993696955242363,0.020100718708377055,0.03169019548601339,0.012695155667764052,0.0017955210588127407,0.0013423383514986308,0.0027132412169627723,0.012149444461436176,0.0027325553059228437
neuron_85_count,0.007855388016868345,0.004251556274320334,0.0694160550840186,0.0786889287697442,0.031719683375239865,0.005371685408415976,0.007648205623542764,0.0009791687980216755,0.00020257438071335284,0.048903314894781114
neuron_86_count,0.006165531721831118,0.008271926041022004,0.06007083918464348,0.06398688492690055,0.03338600178179878,0.003888296996678864,0.003242044382047171,0.00393007676399966,4.02345108908549e-06,0.025157035771555494
neuron_87_count,0.01006641384233846,0.006173917787468751,0.0789047799682375,0.06901239418123348,0.03036647439887613,0.007177062229851865,0.004379235873552073,0.0011089282548243477,0.0005197790555139907,0.04459286228592685
neuron_88_count,0.02214168907707642,0.04285025687824304,0.017911682047122887,0.027803048695981075,0.01615228587401006,0.0014628814123068337,0.0024069286309238835,0.0013024549477752868,0.006354900583669693,0.004452935290192431
neuron_89_count,0.014633940522035815,0.03912531508469301,0.014739034282110174,0.02040118128106483,0.013494779258363829,0.0011925077001193746,0.004512894795149571,0.00043225211521564014,0.009839197290538566,0.003054231972103534
neuron_90_count,0.025836063957902833,0.022661207483638035,0.06715258771149246,0.07492096239928575,0.04378115424788964,0.004373697588127917,0.0015043902720687855,0.003170795293164247,0.0007545460703193979,0.03566622901127897
neuron_91_count,0.041105645548391745,0.033960623049319405,0.06244384118354887,0.048526879479783014,0.05026345658256334,0.0003524990292958583,0.0027190365000896617,0.010117752670391264,0.00495488335959577,0.027230866680604038
neuron_92_count,0.04722717527939624,0.06702365086988876,0.049011288608249826,0.05272742951776346,0.037469046107171666,0.0010442432346112127,0.0030598664116262943,0.012129014271489283,0.011509485254796684,0.01576308968155589
neuron_93_count,0.03786699270388841,0.033461433235227794,0.04878192284397259,0.03279922239080135,0.03477357616598875,0.00014636660478770363,0.0029337868105522684,0.012859995762302248,0.012931375335710024,0.02482555771436075
neuron_94_count,0.04358998400425909,0.03222649702507707,0.06792578181147743,0.0431544834289026,0.04646128597461649,0.0002483247287257606,0.0028281221600830776,0.015294788473167023,0.005232658593082022,0.030682251263285554
neuron_95_count,0.08035595811900395,0.016500157238146268,0.0996307621830741,0.06082927932628637,0.08070223722724829,0.00026993503853729674,0.005057374019369336,0.03867465985285845,0.009676667587219773,0.07161287095786578
neuron_96_count,0.07841042282924021,0.010165215394363283,0.10287137136418875,0.05386684954050733,0.07495605863012297,0.0005440665058130366,0.0018336324572003748,0.04583589029471796,0.0095510139786842,0.06131567697029988
neuron_97_count,0.10580493839730859,0.0069800038661217145,0.08518700035045612,0.03348940750540902,0.10011138331943692,0.002809757088009221,0.006135193800365382,0.05429321188336783,0.020115520145604124,0.06508218747000655
neuron_98_count,0.07279273389731847,0.0034226214903781693,0.05650951540118629,0.026010298334250365,0.06848156422980192,0.00033403828524056537,0.001435309953327163,0.030285431708992228,0.006392440121681414,0.05356633049203108
neuron_99_count,0.10009798510563173,0.00561796826669389,0.06549523053004197,0.028653984251734932,0.07502219829465528,0.0029305286724047586,0.0021008120175826372,0.05236821832375524,0.014340291647316927,0.0730304507318775
neuron_100_count,0.016328470666853494,0.013150024275856952,0.005566964056075475,0.003430257762243691,0.01024554551402241,0.0018470085032704104,0.002703240777894543,0.004809460133475302,0.015720098156881787,0.003804735819680681
neuron_101_count,0.05565087106222269,0.02962093144065195,0.023132477128288476,0.009218186784432147,0.029942910648081827,0.007437445759641864,0.002989492753481142,0.019742021392349013,0.02110939515733297,0.020092146722811233
neuron_102_count,0.011005555198540275,0.02527331016255492,0.005518653539187575,0.00218357756902008,0.010491296553560292,0.0007062027472465784,0.001317460113185634,0.002426527090295238,0.019433501650151563,0.0016440911301585145
neuron_103_count,0.10537067455215171,0.002576791596972161,0.05126291913389394,0.007848181528052764,0.05707706797429188,0.013283064348885432,0.0060419035718468975,0.06048532637085255,0.008958144756804981,0.06461048567604405
neuron_104_count,0.11674074138338672,0.0058964057450880195,0.05929217684122118,0.01564146608317518,0.06280274028294094,0.009211196273743436,0.007795445564476665,0.056491130610102414,0.018602323791135314,0.060013909782224345
neuron_105_count,0.09009168885409599,0.008259629675068866,0.01986873660531531,0.0026334874911198014,0.035335813294481544,0.016934113810521068,0.005216996894209215,0.0407491027177245,0.01930796600858413,0.037962691029582746
neuron_106_count,0.0643943122673114,0.008007975978997134,0.008771270316224364,0.00034122007233744304,0.020711132287245623,0.021751652363691365,0.004021550976330918,0.03361642395264122,0.022708417258899258,0.02298441479215034
neuron_107_count,0.10512719857442823,0.001610880290382412,0.01336341464443376,5.698346053717093e-05,0.017849686503348075,0.029860665122597066,0.023186380248457372,0.034301806106933314,0.01611447188035807,0.04955235386174628
neuron_108_count,0.04795678929148424,0.006907769719237039,0.0042427902818517604,0.00031821690202794514,0.010659429587673797,0.021206469952616783,0.009067190686461668,0.024243945430410724,0.026712902179562875,0.01092729511313275
neuron_109_count,0.041913033662622556,0.007407748014917628,0.006821271987575803,0.00032846857986174906,0.014270407972140395,0.014813731133555469,0.0040375253368947345,0.018171111127642442,0.017547829616403512,0.01606624472441169
neuron_110_count,0.04756513673384852,0.004549122635964194,0.0029694548978176707,0.00031089248889049244,0.013151991713205038,0.021202152264409524,0.007366099997147144,0.024578349936299523,0.025764398288104784,0.014585387391319204
neuron_111_count,0.054233700191971046,0.002960889216934666,0.0073425125461117485,0.0003135378290264543,0.015114259024944648,0.02119718775687819,0.00665381361001658,0.03175108918762079,0.023241241779823812,0.02518240196208639
neuron_112_count,0.0822410548894251,0.00036927626691368644,0.00907029026105828,0.00047900124261336663,0.016808763066736357,0.04103201604878483,0.018556768960648215,0.03273652285165958,0.017908191182766584,0.042877147570099
neuron_113_count,0.04715519541017858,0.0003908301565587278,0.002722462929268806,0.0013555677727057763,0.006658995745401013,0.02740358914200379,0.015782279394844043,0.019829645413626903,0.020638736629648595,0.023174653355624297
neuron_114_count,0.04049798028650903,0.004476600918667084,0.0031423440235222935,0.00011419138599103214,0.009021179904528678,0.018798522541597848,0.005149974626075228,0.021110372905335906,0.021488880817494393,0.011768224090090929
neuron_115_count,0.07707199549638669,0.002476980288356162,0.0021918695381064543,0.006191244447004272,0.002495386782327101,0.06099590040372194,0.027831517006014522,0.020233418465579397,0.006990371956930405,0.054682716679470694
neuron_116_count,0.03905589062046616,0.0017343586001038885,0.000459894401681607,0.0026822942528746604,0.0024186563228014712,0.05055621852514433,0.013283317192928107,0.01958908958805612,0.024111495129525595,0.02369555672708032
neuron_117_count,0.04857166623951806,0.0028914116588742017,0.0006568163383346495,0.005251045734735935,0.0020870320019390556,0.06009156632592119,0.01941102362526813,0.02435796549423666,0.009521115338800734,0.04192290446770727
neuron_118_count,0.07047217118799845,0.000568036662449747,6.587951180227463e-05,0.008511205185750145,0.0007804376260511295,0.07135304690964789,0.04285036449852467,0.010991533851539143,0.009501845674551576,0.04335935675901978
neuron_119_count,0.04788349738392547,0.00024125673794082002,0.0002129379673181074,0.005225669724684766,0.0017786968129666694,0.04639264465128787,0.022074220097681813,0.009979489858946533,0.00832960076752537,0.02982983849050931
neuron_120_count,0.03703029686650658,0.012096169942299284,0.0021472429578318145,0.0025418615690260098,0.0026388993284811244,0.021474926607082154,0.007185422258544245,0.013204546783024906,0.026313152146051746,0.011053277259563253
neuron_121_count,0.059469743605644165,0.0003254832977540537,0.0006277702280478858,0.004416698146741421,0.0020042125067776355,0.04275602900846451,0.02771278668607048,0.01462380116999984,0.012857875718683895,0.030308924964348782
neuron_122_count,0.03347060160932147,0.013874693571724314,0.00029833402533053534,0.00300434977358114,0.00013890245662845878,0.040761464479311116,0.00611830195518883,0.016033355676175587,0.020946959757719277,0.01393868165609595
neuron_123_count,0.02762801546535873,0.003343350685703572,0.0003233041827592417,0.00411745196939102,4.2793196659350434e-05,0.0647319855281197,0.01686658852654077,0.012830304333541279,0.01853711419150389,0.025187563221235623
neuron_124_count,0.022819649941084957,0.00014040612196860626,0.0002444871158865502,0.003207278783471941,0.0008426832999306882,0.057340922535117245,0.011311247690205042,0.011854957117995363,0.006132007205652927,0.020555503443627
neuron_125_count,0.02866483630364934,0.01003353743919877,0.00012449165092928444,0.0034628795292827377,0.00028624970546868925,0.05672253720193546,0.008444811350801551,0.01765600763078888,0.01738039073518008,0.01741938154466978
neuron_126_count,0.0313467966122663,0.000899717470721817,0.00032962013609685696,0.009842690814004754,0.001127721520752651,0.061377900678107555,0.03020987844448375,0.007683380754697849,0.008282291377325529,0.02791762630881789
neuron_127_count,0.03804602356134179,0.014300928878660066,0.0002631913980202863,0.0023205016545809407,0.0009759735767968002,0.03913371810022079,0.018746123920293026,0.00772706349314127,0.0191911699113137,0.009869063435128334
neuron_128_count,0.0014524657048495572,0.0007857134548830483,0.0029006932465845195,0.006876916342633446,0.0007666519892080143,0.0017244391053214438,0.0025698352257823368,0.003066996760846985,0.0009858794885858006,0.003187265865207317
neuron_129_count,0.0037205281090955736,0.0011065917567250755,0.005152761006952798,0.007732342094560418,0.0009199968539709107,0.002538611787295024,0.002305182477173786,0.0006160254121449424,0.0009558937381201494,0.0030930886303924127
neuron_130_count,0.004398334198922507,0.014481605510313703,0.0032424557088174474,0.006299345700404718,0.0007193644284349161,0.002560207901065835,0.004145991594396117,0.004320743069687466,0.005058521252947895,0.007405506175381042
neuron_131_count,0.009818650053381811,0.03000139504033425,0.008830459502557217,0.009854619144583146,0.0007025927456717207,0.0031300727871689527,0.005510493524662929,0.0034037130740132565,0.010030346772620366,0.012332071394009714
neuron_132_count,0.002165829325038048,0.0075072046525498926,0.012385980941733474,0.02283223695323254,0.0016914380142115243,0.004140924721497803,0.004212033599409734,0.009654875704311214,0.0015772989620358353,0.007374335252552142
neuron_133_count,0.0008827237009926478,0.0027572725010623217,0.008466305319427297,0.012696101211059144,0.00046099460862888617,0.0031999191536247126,0.004594444535108412,0.010210482711763752,0.0010178652852677657,0.006106949204204029
neuron_134_count,0.021070715446118424,0.0510504448471156,0.0019730371165467622,0.00726873803447204,0.0002731254744724014,0.006958750014284171,0.008582053675312666,0.013610015033015468,0.011198290905186536,0.00872229612946683
neuron_135_count,0.0005989817918198512,0.0013208456968992026,0.006538823092123114,0.016702563690811037,0.002128886521897605,0.005582490477733605,0.009598901686478756,0.019389093798844723,0.005804867614897548,0.011827338883093938
neuron_136_count,0.006450127521821926,0.0085317174000408,0.01573922493674204,0.021067967950978872,0.0018454988076243017,0.00939071668546304,0.006265753072784444,0.013322979704676982,0.00933500543493336,0.0184878910685171
neuron_137_count,0.003071459846989179,0.0005282677656140815,0.009323699813334863,0.020641418026847783,0.0011698486374382248,0.0021457071470333405,0.002550476390460639,0.008459072499912748,0.0059123965517458785,0.016877997568901904
neuron_138_count,0.003149146256089516,0.0005791205189143583,0.019710062801458525,0.03415115962919141,0.0020995294208748447,0.00782762355059706,0.008128617281400935,0.012149028920379404,0.0037090421762867726,0.01369938305814096
neuron_139_count,0.009540023076743905,0.014220762694505493,0.016890819946841495,0.025856888043449627,0.00773206637505057,0.002500451592959224,0.002827618762062223,0.0003160407505550574,0.0021941448975167817,0.011698740929165147
neuron_140_count,0.0019964619762339007,0.004188046385062677,0.013039996685524372,0.015916986817184932,0.004627070342781932,0.00301621139112878,0.006331203598970818,0.0005984467843113475,0.001702148657021391,0.019484020147989556
neuron_141_count,0.0008408708148576159,0.0002570618984195647,0.016041079528328367,0.03277733525540891,0.003697815416739969,0.0032123177613101947,0.0074022752916049345,0.008783867802288153,0.004165592902560265,0.02074134668560991
neuron_142_count,0.0005878065327189208,0.016807183992154334,0.0309307783330708,0.04508535941684458,0.00867932451324964,0.006389680994217287,0.0030405331010972744,0.003248481832136281,0.0002787171538295675,0.0138852276094968
neuron_143_count,0.01243037597097052,0.017904604368144048,0.028020119855579242,0.032243253744958345,0.013240862358904357,0.005867985665331955,0.003966159479658955,0.001612443957609802,0.001465928450392756,0.01306581761555499
neuron_144_count,0.0007531428445212117,0.0027625353962565727,0.024910422469036006,0.036065533096275595,0.00206017914419206,0.006478131401670452,0.01415560761135759,0.015009656175445474,0.004649024680717574,0.0118118511487873
neuron_145_count,0.01497994275679071,0.046013191656215535,0.01965046428899008,0.022347846874194388,0.006454511630829801,0.003345017363646445,0.0014906254659912436,0.0003100134646676026,0.005484444277577806,0.0036793918694656078
neuron_146_count,0.00031936223794505614,0.0018888803592400777,0.045742591316482034,0.05515485058130801,0.019994653869624984,0.005952559448672193,0.005490719726335955,0.00017485188381417046,0.0009441105487034661,0.02102739381349958
neuron_147_count,0.005730044083992233,0.018901960816635047,0.04019467356255674,0.06589758050677444,0.01631479679662806,0.0036599150982163306,0.007317230318158577,0.00230008191591044,0.00043688750429944634,0.02366849848943947
neuron_148_count,0.00950930345187262,0.00040405382677278015,0.060776954197135594,0.055564703966184154,0.043726717089790965,0.0038695816603401684,0.0021875734675189454,0.003912566491937518,0.0025370359573972153,0.040600839896928365
neuron_149_count,0.008147402797160183,0.007666895097672627,0.0701510406406051,0.08087017259163368,0.035054795857761695,0.005731905625025235,0.00438530467550774,0.001252127800192692,0.00036067668952368456,0.03957884774683279
neuron_150_count,0.014957757881616823,0.02207905986252609,0.044939468276195105,0.046235529028887945,0.03260015607725994,0.004495497813409438,0.0012427438853714438,0.00036407694901013053,0.0017590636000004538,0.015315279662346123
neuron_151_count,0.022584300024734758,0.018616592394881587,0.07451248392624235,0.0816476092209234,0.04317256506453057,0.003598174460551079,0.004078674169310882,0.002138785403599852,0.0017063542627778275,0.04883706272902877
neuron_152_count,0.04126124367240491,0.05180703822427421,0.04931719581267016,0.052124914735031,0.03676617251405623,0.0009013199159063623,0.0021517782449455777,0.007161569574250917,0.010347248991207009,0.019314288045206365
neuron_153_count,0.03546714571552517,0.04950467418835461,0.048434332618092296,0.0525711016744734,0.03642654559628514,0.0026028582120428204,0.0014003850417181017,0.007143345551424901,0.009481477104190658,0.01708341650662193
neuron_154_count,0.03760186779265719,0.03597182870254936,0.062237322954543484,0.06022576802264318,0.04384365947755156,0.001762964199404922,0.0034158576171855752,0.009287962228406582,0.006717036869287998,0.025097155979824995
neuron_155_count,0.04710928952010476,0.03517425289285275,0.09355966940304733,0.08374806680567531,0.0617092519930621,0.0015689602807001865,0.002573893411633464,0.017073705369349435,0.0026636873248312154,0.04693815027270312
neuron_156_count,0.07368598263548282,0.02393185839956162,0.08763716498632348,0.07400426910588032,0.08385851576825434,0.001230270364040647,0.00345953395254457,0.023758757590318258,0.010610483905929405,0.05137752847243621
neuron_157_count,0.05254906888422761,0.04317328287365818,0.08034154393701662,0.06530957176168156,0.0647119824546343,0.00031541440209858877,0.002769077416805772,0.01938285991296744,0.009416584541771036,0.03412487134101294
neuron_158_count,0.05270879159605191,0.008943286786858726,0.059066018853467656,0.03999734325490961,0.0557872464356928,0.00013656459781056845,0.0044348056380741005,0.017279109587790942,0.002847167266106919,0.04153701651951883
neuron_159_count,0.0583145264528801,0.016214532047446995,0.08613122369810641,0.05389286409350416,0.07080618825177096,0.00011750466602338926,0.004009209159402387,0.026643555753240983,0.006044183459887206,0.04599901699260875
neuron_160_count,0.08442569741236539,0.011817789285153077,0.049886186017335715,0.02426941786616056,0.07331099846675776,0.0010576834589769227,0.0012295411762086334,0.024510083954413786,0.012518170739258525,0.0482613146207215
neuron_161_count,0.07865190698233782,0.00650871690502821,0.05573354414776008,0.03053655691483241,0.08398701650983248,0.0007285299283960236,0.0028554244008056127,0.03334528357012978,0.012166789932343519,0.045341540687090065
neuron_162_count,0.11036442413618772,0.005278359136534273,0.07343941864267195,0.022633621715270072,0.07316203656062947,0.005270313937370916,0.011467766733546339,0.04373091304847568,0.017233464699816195,0.07387196931897141
neuron_163_count,0.04047656802259586,0.023348487600594353,0.0173284747852457,0.008967727255490415,0.024032931225784884,0.004109553727248,0.003031545919881813,0.010347179165324141,0.018984093396547497,0.013371083694818167
neuron_164_count,0.045326797579679695,0.015087808344656534,0.012093180821440036,0.005544479131822627,0.02454081677935996,0.0025236696014301757,0.004374922694832098,0.012786572246296105,0.02432119857913201,0.008412507365333978
neuron_165_count,0.08542408676576718,0.009980528116471155,0.024165986438104636,0.003873834096833978,0.04041702400381361,0.01483081380262552,0.008685046028886464,0.030258254715144955,0.02027444912407926,0.02966141192139113
neuron_166_count,0.11933453373461517,0.004056315311321754,0.06285020910998151,0.014018946982949185,0.06544521729465669,0.010528748711196342,0.011029337299222376,0.056093547397545435,0.013512103204916942,0.07791190025614303
neuron_167_count,0.10568337829597915,0.004482467204123777,0.03542151775574938,0.005489828338238689,0.04341325298611606,0.012282130073399747,0.011312737127672723,0.041574099573778445,0.019450453030721127,0.044569859760754976
neuron_168_count,0.06358249664826346,0.014862352671242071,0.019113027694845824,0.004222776027990219,0.03175526891552205,0.011869663718042281,0.005387555439851352,0.02452058298298837,0.02093432465745705,0.020293884031716045
neuron_169_count,0.12062540780860298,0.006474689714444683,0.03235267033007963,0.0020038642054945044,0.042522663650739284,0.02267660101819699,0.012481098480205108,0.03895205191846843,0.013330769461825848,0.05302421032151236
neuron_170_count,0.11866711460962656,0.0021102325907918773,0.02735657402460563,0.0019657845655567663,0.03974373317753449,0.026454900187848934,0.016337134319863084,0.04781613305830629,0.02118785649472396,0.06017795411518709
neuron_171_count,0.06288827948850523,0.015572942878465154,0.009318374589402767,0.00256827844188013,0.024594195210830866,0.015402897613486705,0.00396479197788234,0.02650885558242752,0.019423435797628258,0.01708236311324912
neuron_172_count,0.07949575441062362,0.0010753010901550075,0.01022085341895923,0.0015890800901240468,0.01451710368065208,0.04138885978319254,0.01314562611245848,0.03654647998082933,0.008993510818031028,0.047515988444505636
neuron_173_count,0.08629230169330251,0.0014037328102303875,0.010824230542367252,0.0007422182062999799,0.014181554442682667,0.03842158364722649,0.021049476040379836,0.03602007090190909,0.018617538786588672,0.04790254014062262
neuron_174_count,0.10035225867831396,0.0027112248656781836,0.01411617774407263,0.0001544725305889002,0.017982648978215887,0.032649058901333516,0.029332985183924132,0.03487230381748463,0.016355664535904174,0.05951693951792206
neuron_175_count,0.049904291373725124,0.0013811893639145596,0.003062211591114382,0.0011028360053884217,0.007594241560315559,0.033775765917616746,0.01224077813528679,0.024936142507392497,0.022468828877092034,0.023389695600083346
neuron_176_count,0.09282521242674271,0.0027293875207815912,0.006786244469946585,0.0031096902674697044,0.006602863948374477,0.04406168010499287,0.027522987724019787,0.02457290285522007,0.01185216602575749,0.05402861062335243
neuron_177_count,0.0661576374101169,0.0013505434167937758,0.0012714644323253803,0.006706160220868826,0.0007296361207920453,0.058538922600586046,0.04139221728401679,0.016333160741712635,0.011192987171426458,0.04102247611704249
neuron_178_count,0.035210005391893257,0.001978109520869159,0.0013313161793767972,0.001827661540342168,0.004437914484913187,0.030589714830521753,0.012296720202336853,0.014413147835284398,0.022378608473760248,0.01703041382290124
neuron_179_count,0.07175865990676467,0.0014034204586223717,0.0013051077344104316,0.005290705482273214,0.00044683216632023653,0.06258517150265494,0.03785230201336512,0.022556819755055857,0.015715995628751464,0.04506957576519696
neuron_180_count,0.06455897940807862,0.00044380190011379834,0.0023042598774035555,0.0034791012944612593,0.002951279312909977,0.04213369507083714,0.018049772367972783,0.02581333031626251,0.01656088157298237,0.03894532423841987
neuron_181_count,0.07084253571102747,0.0023589531784900322,0.0005661895444379443,0.007441951443286493,0.0008608439183934247,0.07610307520000986,0.03898709430854533,0.024370332779867596,0.011781542319138985,0.05031364502035357
neuron_182_count,0.03230092400720723,0.007921702505572094,0.0011445384897411787,0.001179987605975437,0.002837076748699978,0.019603995889463127,0.009243941784935004,0.00914176111380341,0.019453843896713632,0.00734880817924892
neuron_183_count,0.047799124622899924,0.0018447315359596227,0.000351671164040928,0.00400220384731325,0.0010609065902187943,0.04380740805827943,0.020223637975029962,0.01196540269408429,0.014541051737761337,0.024182965857886818
neuron_184_count,0.030410174397319134,0.0034127622786984807,3.9841027160900794e-05,0.00451202337044343,7.853823731077949e-05,0.055203719744048085,0.023118333980425065,0.009672458162468686,0.018444670548993625,0.019332513995374764
neuron_185_count,0.02963362493534724,0.01343974188795051,0.000996145788447856,0.0017114790209876093,0.001826908578017746,0.014658706708869138,0.00979406667645654,0.007307771455956069,0.020190798390494195,0.004493776574654062
neuron_186_count,0.03367862105512441,0.020424744823021188,0.0004810011352288368,0.0026990415654912087,0.0005098101423149492,0.040595062961343256,0.009843079906673935,0.009861173056531794,0.021135590631994966,0.009605116014325135
neuron_187_count,0.03423297810753388,0.001194994707508435,3.621128360024005e-05,0.00709229326159147,0.0003132012525256518,0.0484027178104684,0.02351889212994089,0.011216345796925514,0.008835356525781574,0.022535065265688256
neuron_188_count,0.03275206098568062,0.02826431835670501,0.0004572227329995675,0.001470881438133096,0.00017467831578216707,0.036068761178121744,0.00839477909387476,0.0096168499723948,0.01773670898565244,0.008083385245004931
neuron_189_count,0.030219210743725716,0.0042909695909682175,0.0018456628215979057,0.013893044307272492,0.001893059683678252,0.0811934181154138,0.036148062735185865,0.008475242301024519,0.008279660862381924,0.02920067732347792
neuron_190_count,0.03174032931482598,0.004756602328269292,0.0005571218122441997,0.005211418942450759,0.000607598457275739,0.05441130463505056,0.01670095636831309,0.009646700862611712,0.01834079983265839,0.017180672562540036
neuron_191_count,0.024948820960733045,0.000394441912110406,0.000580033608239449,0.008197304025006291,0.00014493727550784954,0.070225238941417,0.017978035517902335,0.009641120536628231,0.00802231879387183,0.024920751234212474
neuron_192_count,0.0006024324117154308,0.0031615929706221707,0.008516814918522547,0.014893270435748812,0.0017899347572301397,0.002419261403420532,0.003649337834890999,0.00976415262685694,0.0011149465222248574,0.00575981880061556
neuron_193_count,0.0005405783117275785,0.006161964586715481,0.008865188897475632,0.014389565336167809,0.0006269871790319792,0.002506024477483826,0.0034217933275805523,0.00372896788724196,0.001613284971755162,0.0049076908543111974
neuron_194_count,0.0029296931537383802,0.019265096623928543,0.012066372578495091,0.014746948606002716,0.0003828655031915401,0.004319027393805443,0.004095978299199082,0.007269629198073488,0.0010708677536382383,0.0029380540361427614
neuron_195_count,0.0017259916441376838,0.013431052455165307,0.01466272539280307,0.02252606955313889,0.001659760554188365,0.004389978055165035,0.006478546982205402,0.008577740139329021,0.0014489420645313984,0.008004640633597154
neuron_196_count,0.0016965868803044681,0.00042967767843193026,0.005798715198420297,0.01127678653408934,0.0019278350805797193,0.0037164769377789064,0.0009732083560906289,0.0007417672987022408,0.0009078652071081881,0.006264702895038089
neuron_197_count,0.0011604064529323083,0.0011131776108935267,0.003282030603071591,0.0065513875697413085,0.0017724257497482854,0.0027442221896847654,0.0012591639860682381,0.004958991203300782,0.0011910421426226414,0.008496755495090783
neuron_198_count,0.003201109112195011,0.00022726425987305496,0.017392367783442386,0.019791415025232822,0.0015956550838655721,0.004217281779906004,0.0050621669627802235,0.007206550857279309,0.0028033846388360595,0.00852065033868328
neuron_199_count,0.0018940987765491066,0.0001622664921033818,0.012377042058058174,0.015712502964888242,0.0007962818243522282,0.004292744877850516,0.0060495811291026436,0.0066921659818986595,0.0009276391288939347,0.007632822226783992
neuron_200_count,0.0005844381159378752,0.003662578351400575,0.009440021153553371,0.014612027187266355,0.00011873224868689733,0.00369760534451722,0.005294580509617876,0.011950911585859134,0.00120869860492661,0.009068790916746047
neuron_201_count,0.0034718232807010654,0.0017598359243145428,0.00717498966546469,0.010380517408200382,0.006118854268828244,0.004279520125711436,0.0030595186204572036,0.00220823533612885,0.000543766865420144,0.013997878401082242
neuron_202_count,0.0008806336123434056,0.0014293015429328627,0.012652592419619677,0.01853667710449354,0.001222177449521876,0.005140290971120412,0.011441830692449695,0.013301462437627282,0.0028850701332421604,0.0204761357313559
neuron_203_count,0.0015299534333860741,0.014827239558613398,0.01473302680964575,0.030402218702229186,0.0022165607523486203,0.004789827550932893,0.009003299691426783,0.014413396048393784,0.0003468136189159598,0.011010927594905712
neuron_204_count,0.004553774587606786,0.002227767910594527,0.02147673128401449,0.02177032981894861,0.006842235316040342,0.005968097541130465,0.00582662491330712,0.0027887275860461747,0.001552179599219542,0.017014618808575813
neuron_205_count,0.001073311121008974,0.0005470749461683453,0.028391546413231716,0.039944644414763614,0.009402176021524905,0.007122072534814589,0.011194966619008151,0.006791191053119941,0.0019694711510808045,0.028889483691544843
neuron_206_count,0.017902974176883718,0.013491838067110642,0.012282441509077174,0.027913666918690447,0.009205799539364734,0.0037457324734257794,0.003751340400209538,0.0023752715335865968,0.00232179667952195,0.011181823569906033
neuron_207_count,0.0004656205748318626,0.002681939905890978,0.014473809065232712,0.023580371437322847,0.004402964345958209,0.00422949682541543,0.005264767055077876,0.007428727317979042,0.0038958312054590827,0.019437947439791645
neuron_208_count,0.012295755798711103,0.007785938120079855,0.03524861812638248,0.04446165178213676,0.01612497573717346,0.004002236758128719,0.007201397937862911,5.157038678938516e-05,0.0008428887284870033,0.018720509067991997
neuron_209_count,0.01238674666447355,0.006956743551465833,0.01947695494709048,0.027251386595919663,0.01239678283268307,0.006646283435272335,0.004797730695630498,0.001207901546694319,0.00011911392715241963,0.011840340599388863
neuron_210_count,0.004842461204427877,0.014676702197238364,0.039626449650912665,0.060783125726456194,0.015503272967529277,0.005274791938757739,0.006031946172100483,0.0015464055193471632,0.0003957155133599913,0.022604284399164787
neuron_211_count,0.0072188339679872815,0.009884841192088017,0.046855322223044615,0.061251117611894224,0.018613729957577332,0.005410618119568042,0.005238356028778167,0.001546493895801377,0.0013331070931730943,0.026453780796489357
neuron_212_count,0.014288397321887344,0.01753185889322921,0.05587521100092466,0.06304364211754676,0.035418286475409066,0.005645290057372146,0.004123742191460104,0.0008091425835954312,0.0010870778824395265,0.02297463092679533
neuron_213_count,0.012228681477012684,0.004998638479858986,0.06850409643229594,0.07103320409124197,0.03699589749873322,0.00496598706939666,0.004885024216008088,0.0013782574304017255,0.0009611339402442916,0.044358980617099364
neuron_214_count,0.03338766455489037,0.07385752168402515,0.035852081821845544,0.031034084840657047,0.024333960124424417,0.002753555114724797,0.000831801294979187,0.00017934275640295056,0.006803628942332614,0.004691739502136701
neuron_215_count,0.014868280412630844,0.015123017824219293,0.05670621803229367,0.06329230634724914,0.033408379649867564,0.0019512922379841952,0.00602662938263334,0.0021128523419636225,0.0009923316315801553,0.028740328640975366
neuron_216_count,0.008142697632268922,0.01302942462483661,0.044294080398603386,0.04608973766431218,0.02249568187831552,0.0034436638898067765,0.0038078884933187215,0.00021212131885493986,0.000701490884840502,0.017361740252921448
neuron_217_count,0.03500883049699613,0.030898838701620412,0.07724663529505046,0.07848647332166422,0.04001915774571646,0.006482837784458476,0.004217992123296682,0.005308674878589825,0.0025722301966311714,0.039744295819401976
neuron_218_count,0.02532334320559486,0.044694146523131584,0.04778969059663915,0.0485186967264562,0.033207673745049626,0.003649713212938367,0.0004161424519887897,0.004206540920415197,0.0028061630747738472,0.012580743299676678
neuron_219_count,0.02677126797362267,0.008668429874309172,0.05613117227707873,0.055285881318856284,0.05603797115955028,0.0025086968005946925,0.001070100407402486,0.009831570751314245,0.0019104003640665404,0.02900471414971731
neuron_220_count,0.04324318677770725,0.013496678918741928,0.04431274416952005,0.03781053157371367,0.05093017928936236,0.0013539792324354719,0.0016064806984435846,0.008207743862251184,0.0022885325868477052,0.020402104508945
neuron_221_count,0.020679090801687172,0.029391101682546425,0.018308482240763743,0.0186170890270475,0.01668336931916664,0.0012721271216765417,0.001569336579890947,0.0019804526216230627,0.011492988007542039,0.0057299219971450495
neuron_222_count,0.04942786773806654,0.022578866393588956,0.08296100133736817,0.07630422088493494,0.0650603288105997,0.00048223747098704445,0.004152255131588581,0.015511826040471549,0.003252263546372078,0.059393404667096694
neuron_223_count,0.012339223683909079,0.03210581633604194,0.013841903838370695,0.011937418268145546,0.008028555877358581,0.00023505141855009737,0.0016143796029804754,0.0009856559079910177,0.00789898979637002,0.003405749627840831
neuron_224_count,0.05871789773761732,0.022583036295148157,0.0706987575393472,0.04791276304087877,0.05289482220297739,0.0004890725855327739,0.002405555399731179,0.0214898497018583,0.0063053548541315355,0.043328786909656664
neuron_225_count,0.06268860600288567,0.023974925529716445,0.039585822368915974,0.0219371349388727,0.04121701175011927,0.0007613152909943001,0.0031525615351635367,0.020001183630223074,0.015952944766261856,0.025024880083599557
neuron_226_count,0.048524036801581724,0.016941981089702005,0.028035237040875086,0.015414340035304383,0.028991284497083922,0.002538847349261464,0.0038241114025827708,0.01850419725885752,0.018095714612964137,0.021371863925009088
neuron_227_count,0.04752827240868415,0.01989031895989722,0.03240850585828925,0.013644270012690765,0.032919306243489876,0.004091152414160984,0.005519031163321586,0.018324103101523187,0.018042977689577175,0.02099573808522469
neuron_228_count,0.10066466514166572,0.003184943326941702,0.04967140917480198,0.01089412979693008,0.05304127432280839,0.014823758644667687,0.017269788711360604,0.03867596975198567,0.013455630687842973,0.062732098002038
neuron_229_count,0.106408562667548,0.016514237022210845,0.0504782008557908,0.011375078691140086,0.05685927132122226,0.011214014097910188,0.008965101862436167,0.041269956280082565,0.022826754611072975,0.04458843103335494
neuron_230_count,0.021017707894913987,0.017012925547991553,0.006310224142480114,0.002621652986813973,0.010977892707263612,0.0027654669770293197,0.0016994134803215502,0.0062895854865833364,0.01820036751425283,0.004502019512994067
neuron_231_count,0.06587802492373318,0.010954771218957979,0.027011368179112427,0.007303967337333225,0.03814610038201682,0.008031716771095862,0.0032337598568920045,0.030342876927689555,0.01942312870403276,0.026980255576296255
neuron_232_count,0.037180814913941124,0.011478963053813268,0.00956657373723474,0.002280707145912622,0.023730388934893307,0.004853682079217908,0.0029060235372058846,0.01013455224232987,0.016434354271124774,0.00705152229620945
neuron_233_count,0.07919488253393656,0.004323827846306444,0.01953514403865443,0.0004975196274773705,0.02805110769445915,0.01875646327579715,0.007585584854978379,0.03154830454698673,0.015421245732046396,0.034080776707949456
neuron_234_count,0.044769857385998105,0.003379352592333837,0.0071138528887199765,0.0017902612874558417,0.017891538630237624,0.006883461834822836,0.0071089572256437875,0.012306327465720038,0.01621231545307468,0.01441315566393532
neuron_235_count,0.10342484719857162,0.0008848670258752162,0.02662970247085178,0.0004915605994726471,0.018885988588508235,0.022446798828411205,0.025385090435948374,0.03405270853972278,0.019345535282769916,0.06743443499099264
neuron_236_count,0.10726470467373841,0.00203380891584506,0.00838945342554337,0.0011551757658919658,0.010115633598589663,0.048103668620525286,0.039788435378409204,0.025947089109948404,0.01175555831280689,0.05494571321476119
neuron_237_count,0.09701533384537073,0.001908741282056748,0.011470173955282131,0.00030279220736377163,0.0163602430791827,0.044526961552631666,0.020583203322299834,0.04418644231235552,0.016280625684771538,0.05173100312696813
neuron_238_count,0.05312218081071887,0.006021373343644609,0.004076172874919064,0.00010405292711424593,0.012362110348301023,0.022248455692756172,0.009552713917108602,0.024450357829431654,0.027548252773143322,0.018663753874668287
neuron_239_count,0.03822879219242574,0.002060317888532082,0.0029718939779570137,0.0016037582747113616,0.006971921890471501,0.017631452314798353,0.010358511996359489,0.010649123148001989,0.018937171382827023,0.014710461848796777
neuron_240_count,0.020758101077298488,0.005937056480526427,0.0016123716942678598,0.0016554993136931838,0.003569612780114799,0.021994048942854075,0.008155080654235175,0.008274769276852917,0.021378675074212775,0.008056398162516187
neuron_241_count,0.038954582129566,0.00038345774572680867,0.0009517814709382663,0.0022368065696589945,0.004893335333433786,0.03257886542262031,0.015098044159544466,0.01530201302544959,0.02255801181889032,0.01854817574681214
neuron_242_count,0.09009428017696347,0.00045024843961641,0.00681078048667922,0.00041584991923627156,0.01639953748689725,0.0325045345670265,0.01996856445775967,0.030148777148533368,0.017502520236415797,0.03544938227256422
neuron_243_count,0.033464705097991584,0.010303258144590266,0.0016446136124057334,0.0010617176531969585,0.002142929210032868,0.011319386131412285,0.00846922428581829,0.007519763944662909,0.023065850413112016,0.0058353744874818925
neuron_244_count,0.02235587691607714,0.0009213678345109978,0.0004060829980604905,0.001969659136440448,0.003697013299622902,0.017529080563816732,0.01212410026410115,0.00672691252543816,0.0204224912285843,0.005890699412922071
neuron_245_count,0.09121520324094254,0.0011397054604229476,0.00171940046303138,0.0062717323187926124,0.0015682005763050857,0.07238565112296794,0.04896074312329654,0.01748635844664452,0.021073656129516838,0.04701636672396445
neuron_246_count,0.04575566700891584,0.0009871028042122247,0.00021913801997607701,0.004382778142505074,0.001312115913507137,0.05157053969006359,0.01862650093068892,0.01716426044451913,0.016329097285330302,0.025981335136372255
neuron_247_count,0.0449695335727536,0.00015965905422840165,0.0001759555488480436,0.0037514130311245494,0.0037186970386806975,0.04482487979893279,0.019992059094511336,0.00666472118665172,0.008672784423731997,0.024792265069908392
neuron_248_count,0.04954151333780735,0.00021863245978500064,7.961885220973512e-05,0.00725447915328252,0.0008745970879887079,0.06338575627564608,0.024059733508187048,0.0119884660351076,0.0114655769373469,0.03146389855166104
neuron_249_count,0.042473153207099296,0.0010619054469669948,0.0007023840503482606,0.012557602844802285,0.0007580442766009325,0.07103185694022865,0.03744437455938178,0.0077117805223809385,0.007065447326646754,0.03058166677351419
neuron_250_count,0.029408316719026634,6.362212977017567e-05,0.0002828754098432957,0.006956311981262307,0.0008393193087531947,0.06939976666026676,0.018435994236803713,0.011351609946741184,0.012377177984567,0.030481627587080756
neuron_251_count,0.039710009189860035,0.0015601287057784852,0.0002192414267632144,0.00654085221248759,0.0004025966885246356,0.0485666853580039,0.025699248170517733,0.0061071833591492125,0.015834985853147132,0.020658171135314526
neuron_252_count,0.03473793343751916,0.027722641990875693,0.00011847578858965434,0.0025569689088886897,0.00039762681704891517,0.02695454422204112,0.01046173027095991,0.005646105712984711,0.022037626830346893,0.009267362822832581
neuron_253_count,0.027943976996794934,0.0011413887256692332,0.0007040853044365455,0.005330369245301558,0.0004060711185874602,0.05143920873958069,0.021723243786759383,0.007522978411082279,0.013536582446967718,0.018644235077963894
neuron_254_count,0.03468449574554866,0.003647319720734253,0.0005129235002234028,0.006296557797033156,8.62024345949083e-06,0.0628476016772376,0.01725188178082107,0.012306660797455307,0.01794555137609989,0.020321319896312376
neuron_255_count,0.04498894685866914,0.026357281839306967,5.393070547125004e-05,0.0027522461587705105,0.0003201408191423104,0.04112605687760029,0.012261449238864894,0.007662745940596669,0.0207073869992951,0.012248843308783952
neuron_256_count,0.005645966672247836,0.021007810351790765,0.0015603510725113526,0.0041760020307418586,0.0006427418328013093,0.0030282077824761652,0.006058494603139203,0.009701679086634357,0.009010320272524179,0.005809298844391325
neuron_257_count,0.0012722034737423227,2.862195140820086e-05,0.0027614511041248596,0.00736406426199996,0.0009479682519559947,0.0013642653252381245,0.0037014878325795156,0.01169613401513464,0.0017712280416331098,0.005412709701010904
neuron_258_count,0.007687784590711497,0.03971013311259927,0.0023917762436075907,0.005148464902136184,0.001062723056887871,0.004436821107497116,0.007379122518934272,0.009034438691970875,0.010357336050016847,0.010235425242065527
neuron_259_count,0.0012809158051257478,0.0009121218647109054,0.003728855430869732,0.007229248648764355,0.0013375998871286883,0.00353496893786482,0.0015856985659209316,0.0030084613855078934,0.001402479187706699,0.008665568001243143
neuron_260_count,0.014194587403708117,0.05831778393258141,0.0029222813544617088,0.0038820375582197253,0.0014782984074770654,0.0034486826045274158,0.0064401406796879695,0.0034872784108528274,0.009172050101648371,0.0069054802407126845
neuron_261_count,0.0008355873850847094,0.0056793062561439275,0.00714831580996423,0.00577005720952678,0.0025943777358356235,0.004013043817496557,0.0022330649723845547,0.004737026117131955,0.001492425817247435,0.014118657271542809
neuron_262_count,0.00034285354965530104,0.00046831504627281497,0.006663736913600421,0.010967175466839577,0.0005366496527013619,0.005141556336435038,0.0051412667535211815,0.009224116435943466,0.0018221164284296914,0.009574341751750717
neuron_263_count,0.001562979034289154,0.018607968456287427,0.009768377788233237,0.013757024964541065,0.0004868369838893598,0.0050886937076430536,0.0050916494308108,0.01646045578768296,0.001144166420977475,0.005592913081343652
neuron_264_count,0.0003815062157307876,0.018185055747333312,0.01507895534873517,0.02493976916253815,0.0014431775720963706,0.004585316018164663,0.005525716599839442,0.01438055105071448,0.0009182457555264381,0.007533884757264839
neuron_265_count,8.481659239578752e-05,0.019700429258702662,0.008604159641800946,0.01744430293857112,0.00019802289401336243,0.003763450845491928,0.005484308235689968,0.024831527792241737,0.001091867774799634,0.007224012727906369
neuron_266_count,0.00013309678888531132,0.0005910222526552059,0.028710378604661302,0.042903423713989336,0.006148570251674652,0.004050513366169163,0.010329079004865224,0.008722199574365333,0.002534624964021036,0.03270527961797709
neuron_267_count,0.0006583267906298436,0.0006311644407262064,0.014796892527475972,0.019931396555864275,0.0010393436319663454,0.003765424194982922,0.008862097254083559,0.015655470623458317,0.003640391492570519,0.016998735089209682
neuron_268_count,0.00017958029881338933,0.012983882669034469,0.016868722422381355,0.0280465525243217,0.0007882904942553316,0.004480472200103246,0.006486344250357837,0.01405086800758866,0.001471799528911192,0.011033291899111938
neuron_269_count,0.0026607016130703667,0.003220234812663189,0.033362243412887765,0.04604639381732922,0.01003205168616525,0.0048376599459009,0.01016682077809987,0.00422433940007657,0.002726984335864019,0.030728917975856293
neuron_270_count,0.0011207180252389946,0.004326745123574928,0.018931173254611106,0.02545012614345267,0.0019337914371950898,0.006706395169535313,0.007744901753118941,0.01893503252167586,0.004007532623054429,0.010178288613274036
neuron_271_count,0.0017226448948364156,0.0011598396177946793,0.03705242163737049,0.04921714977869057,0.015324786482355371,0.006607038286948738,0.009940574076369224,0.006182502356353169,0.0015112514968768365,0.03034664532812012
neuron_272_count,0.0034459074321498626,0.00036754718406010155,0.02679237249521084,0.038714942209902875,0.018019679668519875,0.004817023138846244,0.007770928835775862,0.0022481166960978474,0.0011569975518868902,0.02385752525504034
neuron_273_count,0.0009268022160920618,0.001135612873028366,0.04286253215308272,0.05617050907737342,0.019593252185681212,0.005968647254052058,0.010888373803856224,0.003879506202412314,0.0015936077666025839,0.029020042299660764
neuron_274_count,0.02529599888355684,0.06792894734815819,0.02580467809961473,0.02900838290732105,0.017987937664478384,0.0034560531842319775,0.0017114020317263463,0.00017918355918748567,0.006812722195100339,0.004253129665499372
neuron_275_count,0.024532045173208436,0.06967248276736715,0.011075677655805014,0.02585504050703437,0.008600655195107436,0.0026157796274835464,0.0013002179836047565,0.0007823793739415667,0.0049646181097458345,0.0009796251552649168
neuron_276_count,0.005706340015192782,0.010502305295379405,0.046170126114783994,0.06122204829136349,0.02192988654191673,0.007195125164900951,0.005467787102093731,0.0014492794329419717,0.0005616226566851137,0.026155517705605286
neuron_277_count,0.004213420139161296,0.00877149487680616,0.07042986644022287,0.07572556185289317,0.0272608945237445,0.00891974888781788,0.00712259807816662,0.000302402635537876,0.000633641596426272,0.03369155985299757
neuron_278_count,0.022305908554492396,0.03671652003950082,0.020643703177610842,0.029613471456609017,0.01641121352085087,0.003020001617338487,0.002370855406646075,0.001316874203261719,0.006146835913579514,0.004328995657373498
neuron_279_count,0.022906496328566034,0.02138467748480316,0.02718827748286376,0.039525477735650405,0.023903532951574158,0.0011483075748927145,0.004481147858716769,0.0001370252680090167,0.0003597937628304687,0.016744146097600027
neuron_280_count,0.037762122064169,0.018786908870908794,0.07145290244293498,0.07529412236082295,0.051909299379278295,0.0021713360829225883,0.004262998672658634,0.009685480159728699,0.00633080790922802,0.04154130196947653
neuron_281_count,0.035908444113469745,0.025271792502950377,0.055150986827929516,0.06714777467003274,0.050658322066087114,0.0028764243628912473,0.0028794738235113637,0.0015785113601949619,0.0042949949931449585,0.03404986947740071
neuron_282_count,0.046020627400277986,0.022457911669680072,0.07481794171804354,0.07521873277001345,0.0634404905487009,0.0013668188732788022,0.0024758275918517134,0.011915000132085518,0.004056072860684434,0.05055342963971898
neuron_283_count,0.05094733108690322,0.0481315005987287,0.06408759155988733,0.0728821713464137,0.05140142728904035,0.001466181166684899,0.001422115337151593,0.005968719308771776,0.00562608229750193,0.03216872002566416
neuron_284_count,0.04765118416992553,0.020208300276253907,0.060130156599568246,0.06615975780046893,0.057419306736742226,0.0011910145473084596,0.002366240858718366,0.009886930979655206,0.003183409616671934,0.03536823529811656
neuron_285_count,0.03826481809809931,0.016025770135044637,0.04347902489317168,0.045492726340427586,0.04817570003277252,0.0005673170338092344,0.0018892407748346968,0.007507637097051233,0.0026347399251490378,0.0316822653037708
neuron_286_count,0.04374111633821334,0.045683110945038075,0.04523700187921262,0.027525688768567258,0.0337467059335429,0.0012280692015880952,0.003298330333326757,0.009639056081201164,0.012991654070060435,0.02282295139274454
neuron_287_count,0.04641061452182341,0.040614754159450844,0.03968006047562565,0.031257785782496814,0.031656126784466665,0.0005463898926731277,0.00697921071984668,0.00928794874322017,0.01477513157795124,0.019606341229380694
neuron_288_count,0.07003470256718636,0.02220192636967229,0.0765955134880355,0.050332291666500634,0.05821245960884791,0.00035856389626363373,0.0038684192393123804,0.023847278536493197,0.008747706561929885,0.049924300494648216
neuron_289_count,0.08097068440803443,0.01904961626089338,0.05661967614221386,0.024597449103595362,0.05793741539692798,0.0027647294383189164,0.008739195211182924,0.02612409887906865,0.01565737020848565,0.04214419987217735
neuron_290_count,0.0859448249529367,0.025844763314792102,0.07186476211932263,0.03217426092430206,0.061075551016454566,0.002364114844929044,0.00785461339786759,0.03287059501066586,0.01724007355757584,0.04193734742742272
neuron_291_count,0.06215825592281174,0.016393973447473315,0.024086075638098794,0.009521935600591877,0.03719628399149061,0.005960760177773541,0.0038915388304342283,0.017151177435126203,0.015486117532169899,0.021906227181399313
neuron_292_count,0.11475518439818358,0.005774378297255467,0.060594440012402384,0.019306442523127562,0.07321277156662973,0.008622700244194051,0.005968718930332247,0.04757920873871782,0.013544849119952157,0.07288473231595952
neuron_293_count,0.08871358349592721,0.011914688257774392,0.024980483737405648,0.0027200506411931107,0.03761132921391372,0.008383174751502097,0.01077057187904952,0.03970376523427516,0.006639748768012932,0.047187074963854964
neuron_294_count,0.09162827340980137,0.012422207771474056,0.047188118039285604,0.008264706774386801,0.04787924270896063,0.010177698106106872,0.01122503325280165,0.03506121221028405,0.01597169623933027,0.04119629376961739
neuron_295_count,0.07287508603824497,0.010635245403214172,0.02325302995942667,0.005571637916600293,0.037120608374545117,0.010689513392043853,0.007300342044073829,0.027122198017639515,0.021630010348631018,0.02510801158149334
neuron_296_count,0.017172820425540927,0.00838448620959064,0.00758095559559336,0.003906760903797858,0.011962677958986354,0.0020834498982681,0.0020167870533746406,0.0054358575429560504,0.013020959819941946,0.007706332288152477
neuron_297_count,0.050274682496696727,0.013196034976182242,0.01562641202672206,0.0053958904434160335,0.030102167846764824,0.0022092458161432696,0.0033353396915664774,0.008663812544637037,0.015166235502098405,0.012251026010315608
neuron_298_count,0.11329469718119398,0.0004198634518036851,0.023611223449385918,0.0006308198214044179,0.03220405069150706,0.03428880599081996,0.02677096037205541,0.04716318337325415,0.019823893738394494,0.0730643879271729
neuron_299_count,0.10402416279358337,0.00651785527642023,0.014625314740450285,0.00046366635847969184,0.023807641115269368,0.023279660675236777,0.023960472297140017,0.03819777571029645,0.014731813393780255,0.04778368065893043
neuron_300_count,0.08159930609000546,0.0032655178967323263,0.006902262505161141,0.0005068037412374292,0.019617137260324005,0.029509382977118387,0.012684309311087355,0.03320833883998345,0.021726919094567768,0.03146947265266367
neuron_301_count,0.09467323544611475,0.003507434561559832,0.013450705651888453,0.00028750468529687833,0.01933917290258609,0.036279925675998956,0.016086453717906457,0.040626622873300405,0.023111155190072327,0.04549430209781574
neuron_302_count,0.07114834119352659,0.0008335948243490036,0.005576933029817398,0.0003265513736818368,0.012011831447548055,0.036614680525978716,0.015166500835697622,0.03146607406872867,0.01727436378648374,0.038389440915837986
neuron_303_count,0.09722392253473897,0.0012849941362947795,0.010327055196097112,0.0014534570575246361,0.01554917619967952,0.04609568121959981,0.020388109895522935,0.03804003057259667,0.017220233880755137,0.055764020930843095
neuron_304_count,0.07099415948600737,0.002032893462445007,0.003015960964288966,0.0010500430336362193,0.007854254772590573,0.032243381414383335,0.01842045193626747,0.02705007955209944,0.021473927009864252,0.02523973788780337
neuron_305_count,0.06503005382738905,0.0015284897115900135,0.0026408348695421205,0.0009486026528487297,0.009970743637154014,0.03031022561768995,0.011708919217310557,0.025879582935515275,0.02019307340159132,0.028154676574331655
neuron_306_count,0.03823579320597685,0.0018771228905178424,0.00118073268499992,0.00200465543581046,0.006703788265182413,0.01611393255627823,0.009115507503298502,0.012841443119606763,0.019908430294168444,0.015203594685201743
neuron_307_count,0.053916353608232825,3.7271013615635925e-05,0.00033144648791650494,0.003455711131899339,0.002248701095426832,0.04593593032440815,0.020899721215909273,0.015430905115479773,0.014171297430454297,0.03304554005163379
neuron_308_count,0.06935991608994815,0.0008847301552557026,1.1461850166347848e-05,0.00985887490139184,0.000185479572240837,0.07381462979107825,0.03882509454920627,0.014501824304916686,0.015290155446097659,0.04175336218748646
neuron_309_count,0.08640968652620581,0.0007846765250700029,0.0005804599631908519,0.008450370203868435,0.0005446937433376924,0.06474589553796525,0.04696468596833148,0.014975442127859576,0.013974764257490113,0.04887151301667414
neuron_310_count,0.04375392900100539,0.00019153069808067018,0.00016609273899380328,0.009671284227563096,0.0005426502967319832,0.06558407603434654,0.03688941871423897,0.010108739616024001,0.010420600471820057,0.0318260636764308
neuron_311_count,0.08416349294418238,0.0014214550917840251,4.736661092837394e-05,0.00872776112513246,0.0001989017231854278,0.06668701982182465,0.03836208414357495,0.013216715857201328,0.010717071927349733,0.04634225367837219
neuron_312_count,0.06428841159241153,0.000712716585845815,0.00013815401464772892,0.009919020637548334,0.0006557604488917255,0.07272923310756166,0.04594108184506418,0.008943456116810591,0.012502431560170293,0.03707985026720112
neuron_313_count,0.06892285996990263,0.000889948209156121,3.0437196892338717e-05,0.010305549931950875,0.00021014012430995148,0.08210760556282412,0.044477224110189534,0.017110148086800045,0.012697468684941121,0.040666030454841545
neuron_314_count,0.04455474368690887,0.006454304816922302,2.61988012064192e-05,0.0027689909549048902,0.0006552418549947911,0.04565299063218636,0.012345755951516213,0.018599985943018912,0.02326113296649053,0.018313049320838104
neuron_315_count,0.043684641645558964,0.0001549394674360896,0.0016579420654023042,0.011893946633595165,0.00045712927228281665,0.07164706889482114,0.032150968003581054,0.009464953727514491,0.011409389685189161,0.029001117566526277
neuron_316_count,0.024472828217786124,0.0011784717694133771,0.0010360594500031343,0.008664184547556339,0.0011233371395238962,0.05404537726577652,0.026347904988284557,0.006523945598488436,0.006408598163657568,0.022635925200259824
neuron_317_count,0.03627595436242134,0.02325045370806622,0.00012746118919523472,0.0029071147443897744,9.991197146939045e-05,0.04143697587427836,0.010126419906012776,0.00886370911636973,0.024126092881070024,0.013237525419594859
neuron_318_count,0.03469744840900904,0.013489737327428655,0.0002663824949849878,0.0033597365886119043,0.00022859169863312292,0.04534655298803983,0.012024860801408466,0.010575542336709376,0.020845950200328908,0.012865679566124374
neuron_319_count,0.039692516713886294,0.026866839025312228,0.0006405140980106014,0.0028767215998453874,5.661250360525401e-05,0.029593874952045726,0.009219897348837124,0.00955175098850898,0.02266727920128389,0.009761911962660255
neuron_320_count,0.02572067872198079,0.0713865629576997,0.001986076747221014,0.006950982254818536,0.0006369723252214656,0.004436509759933295,0.008805382345424079,0.008473270697972143,0.013270558753432679,0.007100268243873314
neuron_321_count,0.0017201152860743807,0.002390917515902445,0.00610946021752011,0.01862885776138215,0.0002607033708259005,0.005382519704881385,0.007165627492697987,0.020917296692920848,0.0024984322160979677,0.005999337535737982
neuron_322_count,0.0008145102966215971,7.753603802273124e-05,0.008549179812514254,0.013062626251039704,0.0019276741703194017,0.004632647957708694,0.004707662824861965,0.012687802813734245,0.004695610682277434,0.012176258118364314
neuron_323_count,0.001717072689242307,0.0007557693345568751,0.0028144967457171648,0.005330934175038597,0.0012313909330486858,0.0025357335399217792,0.0027660270503661946,0.00712839112304136,0.00436127571662601,0.007677492226711144
neuron_324_count,0.0008872923186520158,0.0024419995118407298,0.008309480882239116,0.009469038047226083,0.0006875743660158078,0.00459471195664523,0.005466994363911383,0.010622890096389337,0.001323428861332179,0.00783407859134725
neuron_325_count,0.0029822144232794015,0.009952643471728723,0.008168563000519338,0.018141224841774148,0.002017229889832488,0.005175312558297021,0.010035266659853201,0.012304154277221035,0.006336119710606818,0.01737369455225274
neuron_326_count,0.008504782129334046,0.028543354642654395,0.0035165190742741936,0.006229905012733142,0.0008102628699416803,0.004088980048076958,0.006734516397472384,0.010533449018119104,0.006492537004137891,0.01198268827170823
neuron_327_count,0.004209220803003094,0.005701082243633138,0.0047738073741464895,0.011843155083102574,0.0008087591095140342,0.004231411476647774,0.009174890586290438,0.022763553838866135,0.01032922896852577,0.012286375238235225
neuron_328_count,0.0009134293657997519,0.0013750435956775865,0.006773519819555936,0.017002278760199996,0.0021326410980527094,0.004488409672346948,0.012785708421229738,0.027386504714338844,0.006091843524447138,0.012314763518031083
neuron_329_count,0.002582929060385729,0.0006804300547849952,0.015389418943872607,0.024485243755505065,0.0016969043016462973,0.0037070353793356714,0.01033528534077681,0.023566255632901503,0.005478908926079204,0.02196115361006898
neuron_330_count,0.008481407085780143,0.0016758828950567822,0.013728714726324198,0.020135303647394298,0.008248698359670709,0.005749632518444896,0.0062987237773952515,0.00613698254725957,0.0010899125319123858,0.013562687941550772
neuron_331_count,0.0002754316751687253,0.0010309118556770056,0.017159488483214594,0.026355970668312134,0.0015603824659217794,0.0036151281684868863,0.011045404523607652,0.013072825441724834,0.004436891596893963,0.015563945222263204
neuron_332_count,0.0017396633871472438,0.0028924647903211254,0.018813485614318337,0.030973003982494557,0.0035037832776763853,0.005605034221407214,0.010062641092948146,0.0183035270135834,0.00786430539549153,0.029219834801603187
neuron_333_count,0.008556362337698714,0.0008848593360516015,0.015037397772780875,0.028375472406843863,0.018742294209302054,0.005462980711459835,0.007737850649280134,0.00459908000475838,0.0008241777714743225,0.014216662679176997
neuron_334_count,0.00042326238740271645,0.012880009899519484,0.016669432704118803,0.021573518554605875,0.0004665641973705531,0.002760742392447231,0.01241359775480308,0.026083757511185968,0.002816162266443503,0.01110218010345819
neuron_335_count,0.0010056710285861123,0.01864332357041122,0.013062214745091491,0.021381520238378665,0.00196081325982473,0.0030789015270341336,0.007689111892974582,0.02270041017687001,0.001527939524199693,0.007802664388419589
neuron_336_count,0.018786074623343543,0.04889282393898653,0.020622035209923367,0.030312608839384123,0.014168828750249482,0.0033476412370726724,0.0016708582576933292,0.002706330795184647,0.001923065063566494,0.0065378632826140065
neuron_337_count,0.018386895593156122,0.015611563523901487,0.01184210558636209,0.023355501202462756,0.012270630837649815,0.004143781401461946,0.005004841382529122,0.0035268301826979903,0.0008273711692753892,0.007632891871197714
neuron_338_count,0.01631214889394987,0.06185087139490275,0.025634050290508373,0.03477720420804774,0.00829855694389564,0.004068059088812616,0.001972101303177873,0.0010508427590091365,0.005321082317849411,0.005995674691771279
neuron_339_count,0.014014293760000275,0.03561855408561086,0.01059174119474212,0.026283719086533694,0.011644272307113714,0.003028776598826905,0.0014598419329596014,0.0005543992225843153,0.0053932037072719485,0.001980119857348429
neuron_340_count,0.019519007419263865,0.017055175503225675,0.03559794586574022,0.0611641778161742,0.025106229196146065,0.0033394617200050714,0.00799431136736481,0.0008564131580533901,9.108785086117243e-05,0.023613936081713194
neuron_341_count,0.031046833544303903,0.08097820477049913,0.004864100851259594,0.01413375320267403,0.00799619029318141,0.0008238520764929196,0.001384365799378521,0.00034179684334541597,0.009133056135652476,7.318667911403751e-05
neuron_342_count,0.023456416341667813,0.023675638916843586,0.05192179889839296,0.0711110840957889,0.02941489199831257,0.002885631313944294,0.006950617094555578,2.0235917081272967e-05,1.785059840330415e-06,0.03300958231304216
neuron_343_count,0.021255547302013206,0.020353019053661145,0.045976742508732266,0.05861672963991699,0.03548023875355169,0.0026451730621875127,0.0030548334145136385,0.0001274771700406959,0.0006677181854261825,0.029230784081981903
neuron_344_count,0.03322973833455889,0.028335695554982582,0.06105730944874707,0.07249925784291575,0.041935471410748826,0.0021711624099720536,0.005105059444681516,0.0015564371488803533,0.0008388875076756341,0.03464210659615122
neuron_345_count,0.03600400082973153,0.019868344409012847,0.052997382882461,0.059711154900843305,0.03577359254491788,0.003217503828971173,0.005084594038317479,0.0008402316324480942,0.002195582500707994,0.035848851051916694
neuron_346_count,0.026750608256710454,0.053712287784814516,0.02816068029453754,0.031118405224200923,0.016803943022732193,0.001148375689178055,0.0027938172020858278,0.0009607069618510905,0.006320744971213155,0.005048055263899301
neuron_347_count,0.0430839397169466,0.03881375079868138,0.03760323585448347,0.04864833919795203,0.03859222932820455,0.00016747844357281258,0.0060117720372847155,0.0006533169134688641,0.0027074527171402213,0.018974206711235272
neuron_348_count,0.059207790861406484,0.03963335335457896,0.07018375778033961,0.05916236263683222,0.053517866354949095,0.0006750298121570644,0.005043456305789153,0.010291225612154009,0.006622148572585446,0.03283792830075771
neuron_349_count,0.05725688507022006,0.0428739110912735,0.050744353581111706,0.053590736412083506,0.0498157068215731,0.000949667722661706,0.006042357105208819,0.003655863660632676,0.012836229954190703,0.02685673493781654
neuron_350_count,0.07077575003940911,0.029627882021758617,0.06593512888775327,0.059009484613156055,0.07052218470136093,0.001052434943375525,0.0014306118355599216,0.01269257263425215,0.00784877365315137,0.04291709563705223
neuron_351_count,0.08099188360825632,0.022727032756022197,0.06988170293649415,0.03724517554028767,0.07018141813386244,0.0024512710927450596,0.00518041117324803,0.027194759340815278,0.010377231591050792,0.05291604877649639
neuron_352_count,0.09625623501583214,0.020980746276409015,0.08429648489362074,0.05048474470879377,0.07950916934415309,0.001622083089113463,0.007173910555786651,0.037277463005095934,0.015258162226634328,0.06377304381246399
neuron_353_count,0.061849435515612367,0.026846310850153807,0.06946867594197054,0.034328844933117275,0.059011196008274786,0.0006328470037271772,0.006549039530904417,0.021059099482125906,0.012843425196479533,0.03615886149849479
neuron_354_count,0.07107822307717931,0.007766201200318609,0.03688050005092419,0.021769088588440136,0.061193974754291336,0.002034182440431336,0.0041624984060670035,0.023505392942612086,0.009924574552406279,0.030687501170734655
neuron_355_count,0.10499650603931973,0.008527145404398945,0.0574585185233,0.015863128993489628,0.0652224595686072,0.013788509389808551,0.013781175617448072,0.04166414741789018,0.019454807825555587,0.07325260010081822
neuron_356_count,0.08171634935219393,0.0016818733481602285,0.02545789265366001,0.006015184608961936,0.0435818802568769,0.00852266591908507,0.012597880991534652,0.02781705334496437,0.011944985340144806,0.04548728201450561
neuron_357_count,0.10902668709842797,0.008301530534993232,0.0645235259229571,0.021219904429213024,0.07369603959216106,0.009150962350272865,0.005579377925095198,0.04147446544340311,0.013518529672834276,0.0815785843909558
neuron_358_count,0.061600694496120934,0.015263103663382363,0.025174858925067614,0.0073571279994230215,0.032184347660437096,0.005886517574593242,0.004015618124666026,0.017963801345338218,0.01453931289000461,0.023456765445659028
neuron_359_count,0.013825444136295509,0.01344115697115876,0.003383793864314772,0.0033938766305978627,0.008054279416582606,0.0007307857134952918,0.0008442475264261728,0.0032552626188281225,0.010974082586527344,0.0024834234853064845
neuron_360_count,0.11680380635632098,0.0039462011591475735,0.04305047765251627,0.006536734295333614,0.052778347196158815,0.018083100896765777,0.017785327333550482,0.045308832021933254,0.023026877323659004,0.06631684616454497
neuron_361_count,0.06610975897135127,0.002627024389480599,0.012683375075094538,0.0006907845935236363,0.021881211264282233,0.023394907626956965,0.008995864316308583,0.028714957657946544,0.014285634195551525,0.03297123027278018
neuron_362_count,0.1056018074094813,0.002136311281378842,0.018408098492702446,5.742862158628873e-06,0.021861628000572494,0.02660252220357892,0.024867348371634845,0.023488425491546464,0.01846433409456784,0.05220634019869391
neuron_363_count,0.014167421463661484,0.00405809021604683,0.0014061714183091732,0.00014648824906490603,0.009944550760773517,0.004316427905512215,0.0037540341435360405,0.002801735195250437,0.014279925131677688,0.004027511368443557
neuron_364_count,0.11557461630165897,0.0025851316132761964,0.01097641196829617,0.0006349796549131488,0.013964298647811624,0.048968772309287256,0.030702681526585743,0.03792513890096566,0.01463017431649545,0.06031704796775994
neuron_365_count,0.08387832246653903,0.001767489678166003,0.006898380934404882,0.0004236688482789422,0.016160978703870413,0.03000663334808973,0.016862640963389464,0.026476340777455212,0.015100658393705169,0.03424824531701523
neuron_366_count,0.08077785448745903,0.004447617936370073,0.008198526599669097,0.0007292636751355924,0.02229479472918891,0.031103247414879437,0.016135586725444837,0.026323858059535146,0.021864042814171605,0.029271596027669905
neuron_367_count,0.02007687966145333,0.004712928061561809,0.0023570822461864913,0.0008274441631909574,0.006000824274131365,0.023295374027469992,0.006077019780815762,0.010163301085057377,0.019703080398765824,0.01160737370076434
neuron_368_count,0.02636470027900653,0.002564638973338383,0.002743320387385669,0.00033443893526056284,0.0038974578666526247,0.009357710949916158,0.007431144306695815,0.008694281670068818,0.01659535032916419,0.009830222426248515
neuron_369_count,0.03136928198832801,0.0009179469454668665,0.0007400946309250971,0.0014613099884573204,0.0051756114994969404,0.015606495414428954,0.010609978034616427,0.009799768981472466,0.017181551078245413,0.012462835751268594
neuron_370_count,0.02537636649031183,0.0044317011293393965,0.0016678302967131388,0.0015926838773935338,0.004962825506320753,0.015686605471172052,0.005601587647161989,0.007953697429465938,0.020454149466780827,0.009803860363502018
neuron_371_count,0.044630423771184244,0.0009294069955510138,0.0011403448929241562,0.0014961277476720942,0.0038774651608644017,0.01957243529430075,0.013498056907251296,0.012881588486087572,0.01846914099216594,0.016839296907361245
neuron_372_count,0.08972208599646442,0.001093724698605622,0.003035509553336431,0.004688014820170033,0.003966090396080139,0.05837019068329882,0.028566563533713507,0.02165430793394188,0.015643907299162943,0.050163927452820306
neuron_373_count,0.06714221636955497,0.0006233782520181797,0.0010326925669052085,0.004727843148446695,0.0029064617396155137,0.04980779772443489,0.035123336111059805,0.016612874165553654,0.01508550628389882,0.03437687510684381
neuron_374_count,0.04623604045481752,0.0016576385707376545,0.00040632444268539486,0.004235885093260103,0.00167975401686387,0.051085270703837476,0.0130678869190657,0.019745717632563414,0.016438410864657,0.025697236185259723
neuron_375_count,0.0760398673072811,0.00040858286426018534,5.65751040448371e-06,0.01170526420880788,0.0004619953011130596,0.07392428110471097,0.03599442191326943,0.014679456750801942,0.012165950662959696,0.0478579538596009
neuron_376_count,0.07185786539460465,0.0013473889694636289,0.000244625267892774,0.006851153893537874,5.294311082170572e-05,0.04737221699326871,0.03826820611878967,0.005584440700658541,0.010390077856831548,0.029835909738406635
neuron_377_count,0.04041287849988434,0.010242963505810276,0.0005889303816748598,0.0012805446057167214,0.0014304699967410718,0.027886062587780674,0.00934225623612163,0.010988009181804509,0.020758409372927944,0.013323453181404862
neuron_378_count,0.053118855652616315,0.0008795131138742834,0.0002464109947501519,0.01042111352841904,0.0005399587819274762,0.07354600386277746,0.029607617142925563,0.011471014172617311,0.017778303877848345,0.03616130378307336
neuron_379_count,0.07392423836247641,0.0006838778938171586,3.523603393877726e-05,0.005979445326699938,0.0012036742662897195,0.04993343584738941,0.04106644360432174,0.01125386804249906,0.010500861877521597,0.03659911845413419
neuron_380_count,0.03852176390786294,0.005142677623221029,0.0005211307383983163,0.0065632123990960745,0.0001579092497006069,0.06739343300399506,0.02036270365021317,0.012446678140548853,0.02238056139969849,0.024583387036172966
neuron_381_count,0.02530681560035039,0.0031913235161909817,0.0014123685555106763,0.007872661577643686,8.402707341563249e-05,0.05190365034005301,0.02367792922097653,0.00587762636250979,0.0032320351830952276,0.01889999551031496
neuron_382_count,0.04521097199713678,0.007386059408019924,3.0953262959991415e-05,0.005719625736999336,0.0006631765508529372,0.0379772645325937,0.022112828226741113,0.005826756114697358,0.020166269717388108,0.016341418893019308
neuron_383_count,0.023796735203995292,0.001394236166199072,0.001495371192413976,0.005393557514291256,0.000461929396437126,0.048539252304231784,0.023562861012074554,0.005069279748138991,0.005513046962595247,0.018278013266050094
neuron_384_count,0.0007357257151214894,0.00023280318494121356,0.006260806942877138,0.009296039921649554,0.0011395636048273892,0.003015119418554625,0.002384893423988489,0.0028241021239376954,0.0012987126442674107,0.007501899726948924
neuron_385_count,0.005345113968500688,0.008973317881226739,0.004725516024840892,0.014868063640035192,0.000936630076288518,0.005667086380397653,0.01303178602728415,0.02112545092018535,0.009988523458847556,0.007665663957608829
neuron_386_count,0.0006679014188515492,0.017245731932185426,0.007025848294913456,0.013118881732739604,0.0006842040716471889,0.0030015501964645863,0.004868199849707502,0.01583733056480495,0.0012241333634477672,0.005533815281876839
neuron_387_count,0.0030633784494457778,0.01603557852624339,0.005241717460471716,0.012007413908685892,0.0006078125519351487,0.003522127210887266,0.007206284701394575,0.015476322451149313,0.0036920780034851684,0.0034707095833967153
neuron_388_count,0.004727626594218125,0.022911476590600444,0.005646299078600273,0.01093945458687906,0.0008418092579877794,0.004226350903701534,0.0048532174534546,0.019038923361070936,0.0005191711935552974,0.00525129547483711
neuron_389_count,0.002896897810151129,0.0013471442864413756,0.012384497328772878,0.02437770011249829,0.0008453536683026806,0.0071320908629741026,0.008764658021448116,0.024906818369650086,0.004547289250479709,0.010924777539159547
neuron_390_count,0.004599271490607258,0.002939855897637886,0.006037427592397816,0.014700046759805713,0.00034146923859484576,0.006988508304844543,0.013213653505809941,0.03387564166716653,0.008816782145161649,0.011192190458523515
neuron_391_count,0.0021898602974181475,0.020604344724535664,0.007531744345544433,0.018978426721203062,0.0011760475580909618,0.0034789397576110506,0.006876710778535286,0.023970142483625667,0.0009273977979051655,0.008238289872688931
neuron_392_count,0.002684621676721219,0.00103566224722554,0.011607739307306367,0.022491722773844675,0.0019116122832135152,0.004264911958823121,0.010907486716477524,0.022954454790082998,0.004535360527970059,0.015071197107312834
neuron_393_count,0.005906799261167522,0.03300513080840911,0.0036213933816744287,0.01242932242000068,0.0009472876893857687,0.0016917073687206415,0.00442098152793792,0.022134016732489686,0.0005109041144080208,0.004006066540332233
neuron_394_count,5.7823673311782446e-05,0.009164454748321768,0.007288638146464528,0.017991498654572738,0.0007380230132857553,0.002243040054078334,0.005446401917904249,0.023144793087110233,0.003569159507186885,0.00944491594129393
neuron_395_count,0.003045730518737036,0.0027996248997971956,0.014810315495664694,0.01667314298693434,0.0041539651903264585,0.006930285746222994,0.012833963854649313,0.011053643261064242,0.0032292727124677914,0.017719171711334705
neuron_396_count,0.0010045893559157727,0.0013095130522376708,0.026307910701515266,0.032170191693735695,0.00853415560468522,0.004020576563806097,0.014059033311394048,0.009266106642479163,0.0012395685165952387,0.028137492977334227
neuron_397_count,2.0742381601766054e-06,0.0026091084175405774,0.03241869564880567,0.03815372564251279,0.007949623938642125,0.004392629813686336,0.007662381006470334,0.008230358239782451,0.0010432439411308704,0.026539849315163747
neuron_398_count,0.011982969757932393,0.007100321089256609,0.02535897307704192,0.033962767288666276,0.01933826144026296,0.004583599449813708,0.005321354665391027,0.002166725022519911,0.0008691063967787185,0.014193061350706512
neuron_399_count,0.0017039333366054635,0.0006917372646910652,0.035941137807350226,0.050128479127893005,0.021187829439302294,0.006685019384997305,0.00804737516069405,0.0024673657644539784,0.0006646208972189774,0.0323505509761835
neuron_400_count,0.0060592490467254595,0.023714343906352464,0.02244647488698988,0.030017147126836882,0.01024532727456881,0.00197288856418764,0.006028539523773427,0.00877039547940267,0.0005264411118637358,0.009807241683854967
neuron_401_count,0.02107865382704656,0.04997804592031435,0.02348314586793017,0.03670808748223142,0.014904795143122651,0.0031168904481471346,0.0022179045623871504,0.0022296449986225556,0.002635468177509627,0.009479165656603214
neuron_402_count,0.0061452775361433495,0.010675857134346295,0.02490347349885476,0.0410808350032589,0.011863300224794093,0.0034123389246681346,0.007954210198113945,0.011403163825832965,0.004623386231715466,0.02111845534028009
neuron_403_count,0.008036623633194018,0.01787209690518604,0.040022357860186125,0.06239985059570968,0.0245794747745407,0.0023011678247523495,0.0085561862929881,0.0009681694614569712,5.39291566846933e-06,0.023409413915721836
neuron_404_count,0.0026885095406707013,0.008162205353078461,0.04266233998764163,0.06348550533421729,0.02703951851381603,0.005379138876802476,0.008529636748293976,0.0038545168157897575,0.000866329572254125,0.022885202514997774
neuron_405_count,0.02891024616965064,0.04732298844787003,0.04302150985578476,0.053386298682020855,0.03005439978263791,0.0021141621174677605,0.0035872392278742116,0.0019283339878359076,0.0050525989136122745,0.014370801986867257
neuron_406_count,0.021300923013611542,0.019217851635198152,0.044965710926745506,0.06622184274296333,0.034214533376054485,0.00399797885589117,0.005951454064747529,1.5060467702133432e-05,0.001057561862597204,0.028753822801870804
neuron_407_count,0.019525057403632515,0.044766401282765295,0.055215746456523995,0.08046813422790336,0.03390963459219437,0.0024897911236870657,0.005503138196382096,0.00029134632662474944,0.0007866971741280135,0.021693437401647392
neuron_408_count,0.02416476968209781,0.01622855258558123,0.03387329979416642,0.03714530826940171,0.027925750291097534,0.0006694750912448859,0.004739510015685303,0.00048243468830407206,0.0001291420630478591,0.020612430176765895
neuron_409_count,0.019325499211155478,0.04191663002283415,0.02620885239936696,0.024403284875701065,0.017060641235575796,0.0016840586099377552,0.0014467660576003793,0.0006828524312148063,0.005467791651993285,0.002938343746695212
neuron_410_count,0.04887685569349168,0.05592736639152049,0.03225225388745079,0.04391304659898235,0.029284816096168648,2.6036000932474698e-05,0.0026254986186137405,0.003814927203262111,0.006888036027865405,0.01966639722447197
neuron_411_count,0.06447022047967571,0.04460788103001054,0.06813776626929721,0.05745580758099825,0.053524061583817006,2.411835822869633e-05,0.0060549751821582995,0.013128573940237781,0.008038659504198381,0.03458840505033764
neuron_412_count,0.04533745480077364,0.026893749634331193,0.054295864655605264,0.06413577874563633,0.054891416374563906,0.001539426566250543,0.00201179194422494,0.006214053068942925,0.0009533854924901643,0.029007665807360528
neuron_413_count,0.004275224227773131,0.02351744150520091,0.003063195396765788,0.005981441178980387,0.0048267343497427305,0.0011577700216118432,0.0006540581335787278,0.0002604771442799962,0.005173335914341673,0.00031737379555582534
neuron_414_count,0.04513003242870581,0.05178410112919493,0.03898830629836594,0.030945385975254813,0.03084592606684547,0.0009614768713476218,0.004673115174955389,0.0070717464753505405,0.012143862345854045,0.020121873242587088
neuron_415_count,0.07225195666983994,0.020246442021954164,0.06278531365019682,0.04061306013986676,0.06578340384451536,0.0005704693324732335,0.009892423264026964,0.011927256277942319,0.013070223361623251,0.050179840292088385
neuron_416_count,0.0961504908519259,0.028919789281047784,0.0552191279665149,0.03248960910961474,0.0606575127045727,0.0028889081433681463,0.011748183461988082,0.02261048149447613,0.014117523017746894,0.03672101502274852
neuron_417_count,0.08411177449060894,0.01572689646675106,0.04989638644841135,0.026673201043115685,0.06935034192499323,0.004384367001598492,0.0032710988445825984,0.02569629800921379,0.017580683108449624,0.048456156750792845
neuron_418_count,0.11209910790811292,0.0258837782803112,0.06341133907557653,0.027556549931727597,0.07270900218164672,0.0015823387573679348,0.004847649764334251,0.03731028300307032,0.019863808998656682,0.04101991306401337
neuron_419_count,0.10287875297523641,0.007281887406477824,0.05711484094774347,0.023061530866269678,0.07428826110728787,0.010652275270644329,0.00583830167404651,0.04477731056265721,0.018213189785937237,0.07429525843035262
neuron_420_count,0.07496829392731705,0.0027940708942124394,0.021167240775574955,0.001862420502061403,0.03223971486949026,0.013664879762343055,0.019107110447499492,0.021559971694393748,0.01189667399352691,0.03213156416205873
neuron_421_count,0.10372950738260006,0.01381286064823635,0.049915288762118426,0.016559661696542105,0.05870642837008619,0.010333262763747325,0.012912357626823592,0.032521779069224405,0.017528973126526917,0.05239046279540441
neuron_422_count,0.10235711030945344,0.020482620848239083,0.056517200299529835,0.0177556730179428,0.04929988050694037,0.005227187812802549,0.01916383277260693,0.023341446419188797,0.015434390099367243,0.039775137926754606
neuron_423_count,0.08800674774232992,0.014121955782151682,0.026458949788024433,0.010770747422595331,0.04281714730894354,0.006241641406119686,0.010280358185765837,0.02527364773923496,0.01878150281697373,0.02559407774146688
neuron_424_count,0.08907171150444654,0.008750800415982238,0.02616381589032611,0.003409034144359467,0.033949510151427664,0.013427961869859215,0.017798184924502525,0.02989715061966905,0.0176444119099861,0.02836683804144899
neuron_425_count,0.07918495351884758,0.010530470538424222,0.02546252299919323,0.002331381814380022,0.034397913611624836,0.018605548129081606,0.011681254495872123,0.020800600267714894,0.008843274279278723,0.0326703284364136
neuron_426_count,0.10594837060798112,0.007013748201874087,0.012117657900394735,4.698888954573176e-05,0.021289941966920606,0.027251949934127426,0.03491682606803714,0.02667290315576748,0.011267688333917017,0.04595947838203865
neuron_427_count,0.09499949882850292,0.00882774996532662,0.012346211078843455,0.000300706131054831,0.023569237906396784,0.02974224188699645,0.013078755489823818,0.03001875674291013,0.027294135262701205,0.035054692854963126
neuron_428_count,0.12823228546823023,0.0048891378670297275,0.010068691765889815,0.0007926250398872202,0.01706400787710438,0.039474397439326736,0.031417166579237626,0.028169249211674602,0.014402972122445484,0.044983897164104975
neuron_429_count,0.13282570466471785,0.0025229574190241064,0.012316632949756143,0.0003855342399984134,0.016204522576460753,0.044003594525739514,0.04023725954481705,0.03245992867875419,0.01812809712876258,0.05573505737914847
neuron_430_count,0.11758318650225197,0.0028239591743175058,0.008672290249569795,0.000877219246833448,0.010849714646439218,0.03691599527155551,0.03821517604851696,0.025874834479484354,0.021576014882220704,0.042576433373545775
neuron_431_count,0.10766575251200697,0.0025825609039976972,0.00627300840306428,0.0017535751799984504,0.0058743866500657466,0.050498309330756413,0.048672574668683966,0.031260564639934124,0.019062937884585518,0.05580897493233822
neuron_432_count,0.10784316924394444,0.003217295027999371,0.009317753005761556,0.001095116879982344,0.012361204381687488,0.04585604151689565,0.03045951494108315,0.03262893088206997,0.01999858500273423,0.05321244416208856
neuron_433_count,0.11739930245446742,0.0030946602816694733,0.0095738174959909,0.0017232722423627944,0.008201970431109248,0.03611937313549418,0.03417874264447132,0.025127003577254572,0.01711825916980056,0.04713820168930627
neuron_434_count,0.032012058625024487,0.006905770374676781,0.0025103160612783178,0.003329511629248827,0.00213908854594742,0.012487440964884619,0.009570284341031951,0.007279832863235171,0.023073157756048512,0.009715724096213692
neuron_435_count,0.060345032161130185,0.0013196001938523792,0.00039145240547131324,0.005933201115239518,0.0021060220939965596,0.059538630662833936,0.02650632383569436,0.013288303854026073,0.01565385670462882,0.03316260950576716
neuron_436_count,0.06108083657027483,0.008358246434296043,0.0017641823253966987,0.016535416511730863,0.0006491711406255846,0.09259858915881208,0.05261387765642969,0.01114388437013053,0.0093562746999271,0.0431363689167536
neuron_437_count,0.07169978319624304,0.00043821518762541135,0.00013018938011341834,0.011415279315568336,0.0005233051121897626,0.06351356157748142,0.04189257273571145,0.013538637613168064,0.012935250027385242,0.034719837428105665
neuron_438_count,0.06355297052079217,0.0008005631736676027,0.0001184677729847948,0.010185066235992635,0.0003845529720996801,0.059585405944294095,0.03686885998091413,0.009325204884694696,0.01202532991806142,0.03483055872105095
neuron_439_count,0.0586021078346676,0.008694433255172357,0.003071797425184243,0.015336290402065647,0.00032743245471810074,0.09017294203196308,0.05137216260362354,0.011452800778568972,0.00935916612579632,0.03730005331198313
neuron_440_count,0.050616529755972806,2.1858614180381934e-05,0.0007643892955144366,0.011474890397155213,0.0001365515699317182,0.07444143323563529,0.035663051575910265,0.009723432962338172,0.012133084579343631,0.02777872855348991
neuron_441_count,0.04373093169687048,0.0033209551333158727,0.0007504058734412768,0.010017358367213292,0.0012167425510002505,0.08039628265433832,0.03336247691393193,0.015604220935787186,0.008321019298719534,0.03169919154226014
neuron_442_count,0.06593576707727883,0.00025011713876251646,0.00023227697800569283,0.01124382024446463,2.9163798395265717e-05,0.05165310527549288,0.0397444356997696,0.006234013255886635,0.006711577920980691,0.0327948614874439
neuron_443_count,0.05145826996769037,0.0008743339585212499,0.0005754184959206425,0.006004996686810711,3.4337268466990995e-05,0.04805748700258475,0.0342530632041628,0.006402125864046246,0.014978336272754134,0.024725854664376656
neuron_444_count,0.043457299232227714,0.0019847167529991605,0.0006460848724568029,0.00803684444248745,0.00030609930514215004,0.05367278648152077,0.0251058633727258,0.006385313605127882,0.011589858245881643,0.021148187141990904
neuron_445_count,0.029079465239889718,4.747419577132671e-05,0.0011247056673703258,0.010038574340451953,0.0012404601856401513,0.07548647558020599,0.029874507809569892,0.0072680073788014415,0.012596797183232686,0.027532983550947354
neuron_446_count,0.03773294895605861,0.008478908466063612,0.0004343044094323005,0.008957380530452072,0.0006934747136401499,0.06320223619339702,0.02513014592272096,0.006457917811287961,0.01771297673551679,0.0190566080588878
neuron_447_count,0.027431962844125496,0.00444433591244419,0.0034226907461613817,0.012464297893159226,0.002558709209691541,0.0869565983011635,0.03202761075463148,0.007806107427405465,0.007936306310180621,0.03147278269852516
neuron_448_count,0.0010567780093280708,5.039207920607032e-05,0.003796329000368956,0.011734705226965958,0.0007119713738084066,0.004333775277956933,0.011004263557094884,0.03239455494255997,0.005791626432344314,0.008340306983390527
neuron_449_count,0.0008054612137308112,0.0002538158663661994,0.008736244757069425,0.017573457621825578,0.0014167100565921006,0.00519495691965588,0.007863920651743392,0.016937569856910778,0.0042490015886810645,0.008761785755444923
neuron_450_count,0.004905951054375322,0.01964702244566663,0.008780068682389355,0.01287344771541242,0.0017762397077982148,0.004822764516320702,0.004551151540495228,0.014509132064140423,0.000867971902613578,0.006518359900237539
neuron_451_count,0.0028369711689119406,0.003323154302025337,0.005966323676731812,0.009291193446080113,0.004108594296760075,0.003201755503770755,0.004527142241265152,0.010536921000600767,0.004090826838103345,0.01582864440459414
neuron_452_count,0.00040663286809463316,0.005652182193072043,0.006560606320311697,0.014159313636630408,0.0002939928933835059,0.004363834800179066,0.006591296280634332,0.025340892580891644,0.0030594009420950377,0.005764730071108538
neuron_453_count,0.00013688867736456022,0.009828769664016065,0.004894251226292973,0.011964343745057088,0.0002486335474260349,0.0036288513353476444,0.008749757453041476,0.026246562991992073,0.0007189374953231083,0.006324840346794286
neuron_454_count,0.0011633367778605685,0.023793663339893037,0.0067592161115528765,0.01564663100929252,0.00040704968028140026,0.004622591792567542,0.003327564627274446,0.019943119923637093,0.001235934597782689,0.004248037733667415
neuron_455_count,0.0002597522415606363,0.012997030987285454,0.015313982010870947,0.023625536464126018,0.0017063155154256188,0.004770551669819358,0.005300647559264508,0.0185205931995462,0.0020209002062207583,0.0103154438550703
neuron_456_count,0.0017875032385490219,0.007132432338627398,0.00500105283136755,0.009632567023489351,0.0029314346618743367,0.003443400921951615,0.0035874555407357234,0.003065008415333796,0.0022015638748929646,0.013701513952524613
neuron_457_count,0.0013171161097413446,0.0007028920482104765,0.007395768752583826,0.019447975765420164,0.0008534232017382883,0.003729328184312354,0.00910645544236477,0.0262360083840755,0.006648274684237052,0.012468914727101266
neuron_458_count,0.0004489477992297092,0.011864776139745487,0.012656986357687722,0.02614424944450454,0.0021565540304442424,0.004280354323483476,0.006741777890093156,0.022213515009493104,0.001442393670348839,0.01262943084896069
neuron_459_count,0.005176674482022012,0.00015765904858451238,0.014178593723504732,0.02595166057684259,0.0057434673479137555,0.004642500483932242,0.016662041234134728,0.011899900374099867,0.004800892063555516,0.017632697441091874
neuron_460_count,0.000724606277403398,0.0014710665454805844,0.01987341851070132,0.029002273513456744,0.008102319087894078,0.005562281818213881,0.012625731797015344,0.011613548232994042,0.0035247137359440475,0.024211091017391134
neuron_461_count,0.008672791282774775,0.001811078682986647,0.013405837897678685,0.02310145256985556,0.009120177566159668,0.006770078468384649,0.006944300596187239,0.005791781219267177,0.0023245449513118587,0.010352722462930952
neuron_462_count,0.017284930714245444,0.010055199623691197,0.009914840150778537,0.023611035515395826,0.009903210219598932,0.004223821940064612,0.008549326587267661,0.008525070915809674,0.0010733556309795653,0.010576046510490322
neuron_463_count,0.014825895389773566,0.019383670891823496,0.011963524205635137,0.02277181655343602,0.006294940672612846,0.005592562412378557,0.00651738843877267,0.008166898340719458,0.0010966419497191356,0.005971191979971396
neuron_464_count,0.00929624601936778,0.02414474947117269,0.04250191104337778,0.06259581691889332,0.019201313040462756,0.00472589367824449,0.006442412008566087,0.0054464522009979865,0.001131183991830282,0.027158177909124573
neuron_465_count,0.004605961212562869,0.011469514673023123,0.03374274854550802,0.0481907069198719,0.016270611750761513,0.004243079200797049,0.010203519021953919,0.007052205613363366,0.0005972433932058263,0.021025340535772666
neuron_466_count,0.0014759272595875547,0.016338648147516566,0.014267591982398548,0.02332284877670872,0.002488982959370979,0.0034194489852429275,0.006813480228564622,0.019925833436850407,0.0026539454026660997,0.009314764845217524
neuron_467_count,0.009937893991516636,0.028289952587867137,0.0312861333091555,0.05815243184965424,0.021442861289854884,0.0020792245283533795,0.0059430005936405295,0.0010234219119019047,0.000444237918375244,0.012394415352813479
neuron_468_count,0.016709672306524037,0.015941650989592118,0.04274801662393274,0.05607124838965055,0.02493310671666786,0.0041935418108149936,0.005286151521110415,0.0005295317421321333,0.0007333038921149082,0.023638077243030353
neuron_469_count,0.024582594972400548,0.029780181259372568,0.043558060259882764,0.06785935531648091,0.039627378410191094,0.0013522902507855164,0.006865869160323182,0.00020909952169219153,0.0017467388507541176,0.0235965209227445
neuron_470_count,0.02113688353993197,0.029022963281452235,0.04562344142349936,0.06653750000935868,0.031698312436045345,0.005527155753245493,0.005240432585702198,0.0014807618466783287,0.0003862367623897866,0.02576739592544372
neuron_471_count,0.019629235149867363,0.01483876505059567,0.04790839084985454,0.053921150416102764,0.04046884455315977,0.001451121972148063,0.004444014259815256,0.0003724060905912468,0.0021214842693565023,0.03229941485093432
neuron_472_count,0.03137005892020278,0.03889193485365566,0.051552365233404424,0.06902683170151827,0.04240570787366693,0.002171277370400418,0.004952599708702876,7.793963867953283e-05,0.0005305595713676545,0.026386255955088825
neuron_473_count,0.028064164010038806,0.017998175390844265,0.06692886462027917,0.07845969162893635,0.05194506331300766,0.0036714321171641834,0.0029379544582638223,0.0030871770321830375,0.0008992431246232363,0.04217999515024043
neuron_474_count,0.06426894324203167,0.028742353381000618,0.07109288847185652,0.0745149818001497,0.07305060406464625,0.00013025686818485607,0.0027553468775373124,0.01499782154784736,0.006117895546867411,0.05152408853111112
neuron_475_count,0.05284765144038364,0.034181854765019726,0.05755445334869569,0.058402697722628794,0.05063938163733686,0.00038388213248864017,0.008429399640992985,0.011591762400401176,0.007579366692106071,0.03491012548669148
neuron_476_count,0.062470152440681215,0.033638679292992885,0.0452384436186378,0.057985816311063504,0.046451277235113386,0.0009346766909005648,0.005503210184252358,0.005370908726899493,0.00528276904169598,0.02976328374453996
neuron_477_count,0.05643310229235529,0.05287798982463576,0.04692789651556578,0.03384622014770741,0.03648242872229712,0.0013239320108671213,0.004545729450473386,0.008955344418521458,0.01080463200184277,0.020843424646855443
neuron_478_count,0.06460181233543519,0.02198122823086772,0.05158256139583772,0.0481219562755624,0.05044174326471493,2.3982898750130608e-05,0.009459398079134262,0.008315725912767746,0.0031009045135606747,0.037694997813261855
neuron_479_count,0.03419868467662181,0.04031642298671245,0.007446661997848256,0.010172189701190285,0.017385579565606615,0.002942265759129585,0.003879179971091523,0.001950236730663836,0.01619890237259526,0.0018010091437265369
neuron_480_count,0.06767565752798743,0.003370423855145424,0.02684848172118781,0.013012607032341292,0.05257803560382837,0.004385297226127287,0.01130542262147742,0.016694610728262158,0.010531798573538101,0.02847785074901249
neuron_481_count,0.0839043203986363,0.03155519558106029,0.0777995564400488,0.05321665031773834,0.06749530224654549,0.00033885946808765235,0.005695542805428687,0.022328760141295992,0.011922094035504358,0.05122884238036346
neuron_482_count,0.08145468382163204,0.019120494017347806,0.046606361426799456,0.029746462274871016,0.06365850840392057,0.0009021243860873121,0.006159499297359997,0.020658619570071438,0.016329779660815766,0.02910322251027038
neuron_483_count,0.10975450315295374,0.018529280823735964,0.06040013685211995,0.026887330293221587,0.06715424652157137,0.005480275337786507,0.008970517971668368,0.03896548965090102,0.019074482198676274,0.053491158908754416
neuron_484_count,0.11835659839326662,0.013030941218967376,0.0457631607541201,0.006990581977149551,0.04769711709350555,0.01675669505288936,0.021935775139247923,0.03365146945956357,0.017979460170516298,0.04985476021865132
neuron_485_count,0.11175946490218544,0.020644550378886545,0.06952309383934557,0.03126294312273484,0.065883749216304,0.0053045397871154185,0.013892717755656661,0.034540422026736045,0.013475234539122902,0.05055861840218551
neuron_486_count,0.0973469289891937,0.008449763640391503,0.036137085138757574,0.011140637326973221,0.053076057878872956,0.006455185102594567,0.010541421943611656,0.02559200177995717,0.02317016423739665,0.045122745116176394
neuron_487_count,0.1320075392988138,0.009641211118311788,0.04493096117784509,0.008130698848357362,0.062066244528145326,0.0186482281615495,0.01968060652130596,0.04159814493159378,0.021009643579796997,0.06062065084864593
neuron_488_count,0.03496908355703274,0.01400689577247638,0.005586890647022065,0.0008614049538347435,0.014144123425028049,0.012188891454775835,0.004479851991793224,0.014090296601809882,0.02125638647475868,0.008948310189266742
neuron_489_count,0.07259568449104387,0.008447651500673503,0.01241659042847687,0.00040244050452166967,0.01709547180070005,0.014645720851359997,0.015507568981974126,0.014856705313102611,0.0155470775648867,0.025812729701978385
neuron_490_count,0.13255064497921348,0.004253241721739819,0.02325050587809857,0.0009630465625309267,0.03208794985422497,0.032797447379669525,0.03290601162135441,0.04204529343976998,0.01616366734497572,0.056621688013465565
neuron_491_count,0.011071917121257338,0.01307632790300621,0.0003155593637465103,0.00059460545592613,0.002926904761366214,0.012037915559267545,0.005837461456581858,0.0007370568582525001,0.01515780011751345,0.0013091337904965667
neuron_492_count,0.1374200977760326,0.003911222255938658,0.02594494755296456,0.000974523179005489,0.039854815253145964,0.03496355146335706,0.02225855599598986,0.047039367084225236,0.018941706001911265,0.06498345974666922
neuron_493_count,0.07731922541108904,0.0032146239400602655,0.005669894052326638,0.00013775804773282115,0.01666158917946413,0.02097946184854793,0.01204565658573209,0.026357012957675147,0.02344701066618625,0.026924275872863043
neuron_494_count,0.11987513870640826,0.0029463139527834033,0.009921596789027334,0.0010197644133963756,0.013443943659619526,0.04674886722133656,0.0371180967691776,0.03434179756154915,0.021453441299027473,0.051414805133428915
neuron_495_count,0.05682389715527292,0.006593860518074569,0.0021469790475158942,0.0004934137441736514,0.005051768085358385,0.023202680002341214,0.017107065222443013,0.016241367460894232,0.02081310743104088,0.01641258044559675
neuron_496_count,0.10283386869583855,0.004392625399655237,0.008806316692571717,0.0011732849351509221,0.011575762108100004,0.03771331019971133,0.022819954475421345,0.031312085603362905,0.02177806318554082,0.03943720062960854
neuron_497_count,0.05789848880113402,0.0023648445301244353,0.003714167973449617,0.001333194695561677,0.005979616441362523,0.03263441169121044,0.017129715685722455,0.01944292180498204,0.02023016572241522,0.02612031949987241
neuron_498_count,0.040687355635315545,0.0035956534530604337,0.0015113524147878123,0.0009611944673118232,0.004370250742774619,0.010578171104354439,0.01160844764532163,0.01089041827726804,0.02465532176390596,0.009882579529111583
neuron_499_count,0.11710227076687613,0.002516925552650262,0.004933956565763287,0.004213185428194294,0.0037938228904392593,0.05547737515608342,0.05188700024695361,0.016757403600705753,0.021153093038216872,0.04797100518943409
neuron_500_count,0.11829894329642512,0.0011072740460484603,0.0007234328812360108,0.008707978360903798,0.0005215787061659954,0.05327249750118673,0.04942095176098743,0.014768651990649084,0.012797738856098959,0.05074223373954548
neuron_501_count,0.09586000042137721,0.001992713252866025,0.001554669147713187,0.004550739956276424,0.002594650902036477,0.05185884939215811,0.045115114628012376,0.01773331535816157,0.017788841196201846,0.04479754864510027
neuron_502_count,0.08435604854266235,0.00014341105144352476,0.0005696205881657937,0.009332646365612027,0.0007741148359972048,0.0736385878230818,0.05537247000122064,0.012613037120071086,0.014096429337382366,0.042518065553289575
neuron_503_count,0.05352823608686083,0.00014779265512880385,6.50721876934825e-05,0.012257689712131939,0.0001388373966197537,0.0724084028017419,0.0320675141429245,0.00882055323676495,0.010770754282281969,0.03601282486668442
neuron_504_count,0.09551050161908739,0.0018878402960938769,0.00030970363183601204,0.006037930806373763,0.0006616944057824155,0.049838262779324294,0.04816331050187797,0.006678470985659712,0.01524138248667474,0.030232729158244515
neuron_505_count,0.05463364147833816,0.00017528761306582433,0.00038463559679358626,0.010675108693799742,0.0007503303685404451,0.07991547794876788,0.04285368661409916,0.009261395347925583,0.007052559449633691,0.039764929857291215
neuron_506_count,0.04937894997623571,0.004400707035420455,7.12403725344746e-06,0.0070878355680573865,0.0004901791950019407,0.0484823775479295,0.02611719561743546,0.006751758737386093,0.014700546295593253,0.02150582321099155
neuron_507_count,0.05923721109891397,0.0008872717998125584,4.9953449363196976e-05,0.0044745619619284485,9.379337340761082e-05,0.023486091614062232,0.020767416267431366,0.004362554793170527,0.007526831767690492,0.021550412839641986
neuron_508_count,0.042044854117940594,0.004400828553931015,9.467580622089192e-05,0.008351559125091682,0.000788519289211977,0.05479526455261424,0.029768648441975687,0.006585774146024806,0.019327295778680156,0.021985702876919783
neuron_509_count,0.041053153736501063,0.00566823574224979,7.021365320999343e-05,0.007869577366217406,0.0002923029669523766,0.056269073856129115,0.024145411682923792,0.008387380387568255,0.02004272166329847,0.020866125838305605
neuron_510_count,0.043457322283467464,0.02782509338993154,1.4158914374550694e-05,0.0033018122454536447,8.324827551477697e-05,0.039310724373785466,0.010845576136747026,0.007587461227163084,0.021405793537475556,0.013969257122803544
neuron_511_count,0.04025604203813962,0.0026769711461006457,0.0038434682418237442,0.016842484787144077,0.0010980541616701506,0.10046707474124622,0.05194409159954752,0.004595495927228008,0.01065292072182665,0.03245440218570689
neuron_512_count,0.0007471101479781181,0.005128197801123044,0.006681462873806332,0.016153491119675165,0.0008403845971136671,0.005540249541848896,0.006666531272452272,0.022024282439461335,0.001495749819234166,0.007139996403790705
neuron_513_count,0.001008188873501823,0.0025035439779115334,0.004849723878800505,0.0167402375705792,0.0003602934559467953,0.005595296599746669,0.00735944796251789,0.022771297381667874,0.003330143773850769,0.004071739653996785
neuron_514_count,0.0005271785072690607,0.007256176687539653,0.006370434139579009,0.01456255281985648,0.0003468766715215652,0.00456813010012215,0.007383223163303976,0.01685233529373789,0.0015210601936886665,0.00629855258715703
neuron_515_count,0.0025675053027506764,0.013211588263668639,0.0029886327877557683,0.01055900114080821,0.0005541264586402415,0.003314189977365836,0.006491252589145492,0.019176753623928816,0.0030699045151262594,0.0033836933120957174
neuron_516_count,0.0007890768251968792,0.021811754080002493,0.003379972603080962,0.009847266247601946,6.812292812662449e-05,0.0026947069705220497,0.006559783371206621,0.03090640867889788,0.0006401344005593813,0.002698208439962671
neuron_517_count,0.0004421939648766929,0.010746536551998448,0.012987255063664757,0.025298260007791673,0.001126678122820371,0.003207108932278546,0.007306137414745617,0.020737687000865104,0.000844312847566156,0.011211699308347672
neuron_518_count,0.00011952808749048603,0.01022828350380843,0.007868013598831491,0.01951982858631586,0.0009019756210549325,0.003958308561267179,0.009913196725124418,0.03139057627892303,0.001764851147018326,0.007742821764258806
neuron_519_count,0.0017842376136583057,0.0007333766031203462,0.009635574292265733,0.023850509765798777,0.002463994586822657,0.005460477549089494,0.00928646435975121,0.02499222246505023,0.004182089564491266,0.014518744340628165
neuron_520_count,0.01495291675728952,0.03160415474894737,0.011028742088363352,0.017350002486725025,0.001507960178560145,0.007060082968942456,0.011671507223697863,0.01843395931623895,0.011800343898512838,0.020546939610006226
neuron_521_count,0.0013328417083913746,0.002647457338165529,0.012327093199807362,0.023436327643101218,0.0016531059337695428,0.004080176961923976,0.008071909059436333,0.028699002659537065,0.003523403619152536,0.01638647313437519
neuron_522_count,0.00356118586143625,0.002775121790447553,0.016755867096204344,0.026072788769164315,0.003016269184438529,0.006120508250135999,0.01191812558848035,0.026276795147676613,0.009557523119320219,0.022884869795509022
neuron_523_count,0.00013503437218340998,0.0005607394277364793,0.008909311718264742,0.02450920934620429,0.0014621679889826981,0.004037189912326634,0.015457326200496432,0.030654904825826806,0.008345838163571054,0.01821886093919184
neuron_524_count,0.0016542524106657255,0.0004447851424718638,0.015088020839161193,0.021699600500051,0.004685507586619772,0.007875287947635617,0.014957383637418095,0.020296181932596885,0.0038604492513305555,0.02212529958560122
neuron_525_count,0.00012306246756333544,0.002226946379817008,0.018604555416948082,0.03763018441081703,0.007738516298793838,0.003610774882340774,0.012926621743580599,0.02261811107738694,0.005070428219622676,0.027140615973311646
neuron_526_count,0.003891737311736504,0.0011413169909505264,0.010994962656080493,0.030063140895355445,0.009670163013657418,0.005512871009257653,0.010713298786483624,0.014041669828653597,0.0027523711456208452,0.01611046354614175
neuron_527_count,0.00960707469556004,0.028935413773224186,0.013890199450792125,0.02228914074727898,0.004256888441845706,0.004407691592607232,0.0015196177349122344,0.0011357166427275328,0.0020691000549590242,0.004330193722604309
neuron_528_count,0.0006456853539052003,0.014698906798928435,0.024599512919742272,0.038743562452731556,0.0043266020733101485,0.004309065429598538,0.015114843699541317,0.024309762781552627,0.0023799059302599124,0.018007335409253436
neuron_529_count,0.02305989881493621,0.051210738993505533,0.016920898388535777,0.033911122219786316,0.012516035886558405,0.002805261694267251,0.002565096613846414,0.002146170418081912,0.001530915234841678,0.006636957283146616
neuron_530_count,0.0024741916276026024,0.005861196968751814,0.036085943737382886,0.05058704725869487,0.017795995936771863,0.0037987887089126204,0.009724585741088906,0.00611695786934785,0.0022069165787938425,0.02593690353033365
neuron_531_count,0.007063851142136562,0.02166385694448353,0.021950694015889727,0.04388310150787619,0.012312821864258056,0.002210463907175046,0.010554207343987654,0.014853338809087291,0.0011852835657262216,0.015975218293783205
neuron_532_count,0.01161908834661897,0.01570341245299331,0.026989531958246327,0.04320393809291137,0.02347713525640771,0.0010304357193373984,0.008383930879284546,0.004213347599632031,0.0006474832412081584,0.018863567733559086
neuron_533_count,0.034003698097337165,0.09610504006261383,0.0129982937680303,0.025183297769759097,0.014763796670682672,0.0010600864971309666,0.0009094844058598409,0.0004491519786543781,0.008392549152489936,0.0011534461566785545
neuron_534_count,0.018911694922276484,0.016474963427590583,0.04789318835280004,0.06291006421929488,0.03829221505624075,0.00235678441412681,0.009172192028463214,1.198497466814853e-05,1.7074410436486182e-05,0.022965039751868727
neuron_535_count,0.015146256313501638,0.016561611452659636,0.030025743721084755,0.038559991413988276,0.018206654846671638,0.0019437902013787443,0.009774522368674182,0.004379999652823506,0.0017859102301211287,0.015770965173627832
neuron_536_count,0.03946949863478469,0.08152320397360546,0.014482361200686716,0.02263571181582054,0.016543467038108897,0.0001891599041896671,0.0011650890282610404,0.0002575029709365635,0.009509675534711534,0.0027796462321914225
neuron_537_count,0.034475965015278665,0.020900180941521934,0.05572120493200522,0.07145938942983257,0.05324373617071501,0.0018610050226740005,0.005129191810331855,0.0013526719013477947,0.0005626250983624646,0.03967535523539184
neuron_538_count,0.05839789124123748,0.012734295557948958,0.026456535400864192,0.0267491334744316,0.0504755561121637,0.000534949107348328,0.011866040826186405,0.005812857832464102,0.007946352663482453,0.019661126833713793
neuron_539_count,0.06115791681539476,0.03727421733361419,0.03995053605988333,0.048987862714557906,0.047836770784283084,7.346402044772346e-05,0.007623064415718944,0.001627771429387366,0.005316220332048788,0.03668459523712911
neuron_540_count,0.07246553382973067,0.042982542561633724,0.062338962366715406,0.06043788780819112,0.06229185000521015,0.0001870913856673942,0.0054175402132303485,0.012918122516441866,0.008854300006448476,0.02842747399828531
neuron_541_count,0.013263857451245038,0.04631550264666813,0.0051070726776456105,0.008826677605219165,0.008016275153126494,0.0008636767191264588,0.0010378190270427762,0.0004494099903929569,0.010405783763777147,0.0012966680853300843
neuron_542_count,0.06582155585272109,0.02991903246295971,0.029964401373433855,0.03137971837431826,0.058462087516463895,0.000724288636074464,0.0076626207820819775,0.005798431278542404,0.010781778706637837,0.01533335392205
neuron_543_count,0.04826275099732713,0.06178485796873279,0.034402742923827834,0.03411075205154113,0.032473669437459496,0.0002998613008545238,0.005491779228502962,0.00612085144799189,0.01245605218389327,0.013257441302203507
neuron_544_count,0.09317125064791867,0.03892045905324598,0.06004361785156348,0.042607913976317496,0.06545278239104138,0.003729759422722377,0.009656927142936325,0.014804310412353347,0.010925685274269112,0.05031964277445189
neuron_545_count,0.09543330691265048,0.03614825292047691,0.05216676912073295,0.04081887106292187,0.06692749749616211,0.0005712148194327443,0.008411679885181059,0.00997769412840932,0.015786872742333827,0.037442615331223034
neuron_546_count,0.030604612298881798,0.017375863251598428,0.006525998059410287,0.002617088555656434,0.016892120995250337,0.0022435622776881166,0.004325465332126424,0.0033068663760331823,0.016793751627440498,0.005541655603203993
neuron_547_count,0.09529588631717537,0.025054558361824547,0.03356598796209194,0.016090254528403528,0.04499639082697185,0.006722872317111439,0.00920049520914512,0.024467043115986936,0.018343543741739674,0.029534825702223155
neuron_548_count,0.07473214888617197,0.02209300278692311,0.02952627355870474,0.01184449689905201,0.03621007500499529,0.00871785091036506,0.01218096218182095,0.017581932084765897,0.014529286864042867,0.027440016519311744
neuron_549_count,0.11869790396106333,0.005323062626813979,0.055925364234445885,0.01255693827357722,0.06416472230841425,0.01351669646717231,0.010063786765560856,0.05241273063252344,0.024114658618525173,0.0781881021024795
neuron_550_count,0.12573036516083513,0.007388070326948638,0.05298315285706884,0.017599288487737758,0.07559630174841434,0.012990730797628983,0.012794150481490324,0.051186845368799416,0.02280225954802903,0.07325803451603688
neuron_551_count,0.02921230742783834,0.00554350545437618,0.005138562923289375,0.0021595848324354773,0.013382985912232304,0.0035698069455920058,0.004369776857408247,0.006253703278636849,0.014316297006536978,0.010594596498214238
neuron_552_count,0.12515183320585704,0.011603160786436376,0.023420101544532126,0.0012957600259655075,0.045164246878565795,0.03143260907335954,0.02246881834737051,0.03514940746947018,0.023216971183047094,0.039226226829449845
neuron_553_count,0.1407514963400603,0.005505652184511219,0.034380554386284984,0.0030671237382232097,0.04808114833560137,0.022486017697809654,0.03010269649553053,0.04095793792795527,0.025055082299444628,0.06699302970293952
neuron_554_count,0.014335725470808386,0.00367662092844237,0.0006157915993037187,2.9359217160882228e-05,0.005709867292771675,0.00955364225044332,0.004423932356405577,0.0034425005226936464,0.010311944463261433,0.0037544587279553926
neuron_555_count,0.0811991405664364,0.00719904348444831,0.008286929817409888,0.00010817743650070943,0.023435112832751126,0.021299009167269775,0.019573477887700585,0.019195140178579942,0.01648778725813714,0.020911622795324714
neuron_556_count,0.07799932879159124,0.008591285364934309,0.005314546471925766,9.659577023004e-07,0.015109517792049651,0.021675685284277588,0.01755784291273542,0.024075733181449746,0.024469681887007697,0.019475920047831413
neuron_557_count,0.12177426465409877,0.0032549766308766735,0.012674149285113984,0.0005252035476848195,0.019147462933916767,0.04475402225352634,0.033650546125579384,0.03515858564968938,0.018016044996075356,0.05675408847327951
neuron_558_count,0.10672624963802008,0.0031015378100164963,0.007475625855947937,0.0008020057181541036,0.01374264408511608,0.04687922451776336,0.030652753946653927,0.03140127141740251,0.02414280921222821,0.041092339648662074
neuron_559_count,0.0694404118410574,0.005908298968596536,0.0018237413449309625,0.0005383349144306125,0.010021183335679015,0.03167004169497076,0.019727758404924578,0.019061618711008088,0.02854692732835791,0.02142088044377971
neuron_560_count,0.1212439724896707,0.003189207576197735,0.007134552921027007,0.0025620695603180074,0.012860163252904497,0.04812059183219422,0.03317366920003914,0.027417058564480554,0.01981364967370032,0.044184379209875196
neuron_561_count,0.07652562267819579,0.006479155678781781,0.0010939533909635132,0.0017607344232336564,0.005588116584588583,0.04211675980408028,0.0255897320796563,0.020225180498292625,0.026563303290388043,0.02487061181832667
neuron_562_count,0.09376134476287595,0.001332770167957225,0.001289919625292256,0.0055051607730465316,0.005978155228225077,0.06257596322706221,0.034358183015632315,0.017704510784171734,0.02005234188100552,0.04286437240556709
neuron_563_count,0.13904650790806633,0.0038559429219335827,0.0006979524856734823,0.00795379908158729,0.0011834855243734264,0.06541782697329795,0.05825091483231798,0.013608700973995427,0.022155125266251366,0.05324994812739256
neuron_564_count,0.06515772506565609,0.007369347989996458,9.991085226261631e-05,0.004003811656350463,0.00033174273540980716,0.03784606993307271,0.02063717670824955,0.011327271605474268,0.01966174867285038,0.020414055651756538
neuron_565_count,0.1388290348003311,0.005903703012609132,0.00577116420864867,0.004844112732924781,0.0035063466972591537,0.046637341042631814,0.051922117763991554,0.01874388358302316,0.02398608524404476,0.053069281163987764
neuron_566_count,0.09785857304168111,0.006686526718070261,0.001275380535511985,0.004659216804715413,0.005442864096527215,0.04815729300571614,0.03383276542625607,0.01656820550851658,0.02703548587893427,0.03061291489287868
neuron_567_count,0.11432045063411203,0.002541461548882455,0.0016692628966405026,0.006611278040814628,0.0013488567125068303,0.047918059592331114,0.054555160225189,0.0064466448147664085,0.01267637851185345,0.037946372323681976
neuron_568_count,0.05134537077140225,0.0015965831701877653,0.00012528404817404074,0.006678913116062862,0.00039036895743558946,0.05810717429249157,0.02594655106034266,0.011918234087792218,0.015403372105622579,0.024717490934471106
neuron_569_count,0.051568563700815584,0.0010122803199023953,0.001979947715292703,0.014109976542618169,0.0009319492007333792,0.08305095364335688,0.0420262497617834,0.008459169577657938,0.01127856359543776,0.0270903084738231
neuron_570_count,0.056309607096805686,0.003252025823221545,0.00018871038848167297,0.006907331774682807,0.0006555707017341823,0.04965002704632257,0.026771788606732475,0.009745721130054799,0.018965202832783162,0.023466206953679694
neuron_571_count,0.06701810269626865,0.0006182693610363305,0.0005641165465087514,0.007483289148883368,0.00039093049915049465,0.04217919968203648,0.04029496055197501,0.007873083489160701,0.008323298511437524,0.027458324295318276
neuron_572_count,0.04972619165778827,0.03460703871998999,0.0003577357367263549,0.001317682631726859,9.627048506568757e-05,0.021217960442111564,0.010624251408595048,0.0052407448693170405,0.020652700433147292,0.007534573451081314
neuron_573_count,0.04635394501548476,0.0012183747947049316,0.000457725630190791,0.008472028103953616,0.0003234925846971213,0.058690880715640104,0.02386190357024738,0.009337478827747797,0.016756962860078092,0.023083429024382263
neuron_574_count,0.04510633816898618,0.008752138230971762,0.0003114634540391896,0.00842285778602711,0.0008107862086488742,0.060286665058949224,0.029581781397738052,0.005653234420935113,0.020574086723810642,0.017780449810216092
neuron_575_count,0.04738511943888363,0.008763319122277222,0.00027700436406227075,0.005762178589694807,0.0006764597184063317,0.04924566843749248,0.025664054575545187,0.008043197592215182,0.018840980164179677,0.01820832228328903
neuron_576_count,0.016436307665960964,0.061370419429198575,0.0005062653157915245,0.006072675442230786,0.0002022337353927775,0.003999570483533485,0.012002539559554215,0.014911410019547919,0.013017946938276292,0.006200006425816994
neuron_577_count,0.017769966555951047,0.04825587687613456,0.00545074991254281,0.008683103647887297,0.004459020721827092,0.0026564225005267506,0.008816331229312177,0.013552870368848252,0.009845942913752792,0.014493189532872694
neuron_578_count,0.0009325730833213558,0.011353126327862909,0.004380686182641258,0.007140333591189589,0.00039072534495145084,0.0027263704532927008,0.007502651521072434,0.01722944294548842,0.0014161397429260452,0.00350485796007019
neuron_579_count,0.00116553552600503,0.02517824830173379,0.004874451970583241,0.012072533834476817,9.420605913037713e-05,0.002985749446108771,0.0032981291741407334,0.02130599177912204,0.0006695740214207289,0.005028363863786155
neuron_580_count,0.009023114345246885,0.048512935193574275,0.0016617219731755242,0.007800480239677776,0.0026223864752183412,0.005684421817891312,0.015545844331057865,0.029495012953555833,0.01096215311658176,0.016087146686532203
neuron_581_count,0.0005759510866908662,0.01148868881519155,0.004316865738517077,0.011410160123716082,0.0004841361440809733,0.003947543184461236,0.007583511796739384,0.02787679521138603,0.00145688796085801,0.005834217306264641
neuron_582_count,0.0002920909873508921,0.015078035445046989,0.0054965215370613996,0.014651672155427564,0.0004280896252468573,0.00437394097905363,0.007653472390814375,0.03111851729945314,0.001258275643619796,0.005762560296359159
neuron_583_count,0.00202330911103802,0.002055900075928159,0.007675914793744687,0.017718036384300057,0.001539067390656422,0.0029816527801405854,0.00689554967623901,0.03333244253216741,0.004109399838001869,0.013855970417982491
neuron_584_count,0.0006024965822434281,0.002281525813750518,0.0036160988884813214,0.013166908778995914,0.00019287228947663555,0.0038828061723210003,0.007231717489149553,0.030598792123403412,0.004750077238597071,0.006554931943527215
neuron_585_count,0.0027477120049592754,0.0009325759376024399,0.010621264600388938,0.02073293072936197,0.0022186857578656086,0.006328749479722701,0.008677750840313025,0.024493183897497522,0.006147085484974765,0.012488875836770177
neuron_586_count,0.0004943315155289656,0.015124677455337868,0.0081935684072664,0.018022428144305686,0.0004099024523813869,0.00485868419469445,0.009923817865724771,0.03119261725257072,0.0032832673595936945,0.008519465701103832
neuron_587_count,0.00015111634220314404,0.006260483135461466,0.01957584186020561,0.03391763908562126,0.005632613741915739,0.003800558063625295,0.0067502523333174,0.015896208664832892,0.0025732744048911835,0.013055506938842276
neuron_588_count,0.029207687089676873,0.07862957174676119,0.0008715371042527023,0.0069435345058781045,0.0004110835169262375,0.0009047709684716979,0.0001482124756069696,0.0006239287007439726,0.002171017299402018,0.0009559691932967754
neuron_589_count,0.0015558568547334832,0.007612963340270423,0.014464675215673115,0.02759801254344116,0.0035086485839550333,0.0034828672524481533,0.012871737823441226,0.021875987714500722,0.002026308873866258,0.015500352182354113
neuron_590_count,0.007835890832006434,0.004102520613212354,0.019117048819314683,0.030023498458657455,0.01240847201901013,0.005503299644054292,0.008269759419881229,0.00877922180657062,0.00160591321329117,0.01741704131918674
neuron_591_count,0.020801816274129095,0.05124752289980411,0.006985272800266805,0.019234154661446845,0.0016446297136144608,0.0035358187799982704,0.0039852215456079795,0.006540862637368174,0.001639078567630417,0.0011867569166560885
neuron_592_count,0.026819673471668914,0.07372386247252335,0.010938025976386545,0.030245832135953693,0.008511344678137064,0.0011792927362982188,0.0029234233426860753,0.003258794706892165,0.001311436893444578,0.004405263010570433
neuron_593_count,0.024030116091634163,0.05578400806271991,0.010114398993980846,0.0245253455943127,0.004187523509435076,0.003510481410265033,0.0037240392910214623,0.005760509006164559,0.0026263843078262947,0.0034042675776685023
neuron_594_count,0.031245346095152712,0.09479799789527157,0.01061313150198731,0.029085554588504106,0.007279903108550492,0.0011956831972947807,0.0021153470141974176,0.002065287241518207,0.004134503268464582,0.002042926305030588
neuron_595_count,0.02628789290095576,0.054283234003147635,0.022903895145230377,0.04202978466317764,0.019776782455669953,0.002508695656072611,0.002564883306686902,0.0011820332117088925,0.0016491124547897973,0.00932790069098445
neuron_596_count,0.03568528749533004,0.0709880561732695,0.020355999710734166,0.03376171524326678,0.008558025937446916,0.0027834309237728394,0.0017808663395624605,0.0002760690611466818,0.0032890128209655672,0.005329348588330195
neuron_597_count,0.03166780704367603,0.05884014892748074,0.027830611514893938,0.03844391657465546,0.019424179420896456,0.0020023402940795715,0.004899417730078577,0.001622346112127769,0.0020599311367634487,0.01022841330629487
neuron_598_count,0.03971695469545414,0.08149453148849489,0.0163681496157682,0.02729468825575765,0.011413260067089648,0.0012247430187913022,0.0029246851813486616,0.0009259278007952305,0.005180570490409063,0.003328409955037706
neuron_599_count,0.01661693482952655,0.06725255819263823,0.0004341231900963302,0.005220959174239658,0.0056745538757290975,0.00039617700322455707,0.001855319019028332,0.0007171927723047134,0.008166061103550191,0.0012137057454196486
neuron_600_count,0.03429798000270676,0.029840479771202216,0.04328158610726371,0.0598757210357643,0.03944066616076447,0.0007700962258279619,0.011033810788950313,0.0001573492210891151,0.0006084212704029444,0.030855830319818672
neuron_601_count,0.04435773807094712,0.07892199962632829,0.034490607839692655,0.035349098475474156,0.022847505291413203,6.355516476381964e-05,0.0034541463748309423,0.00036799261254515103,0.005984987951387612,0.01256795427377852
neuron_602_count,0.01885248855146593,0.05769775554274925,0.010012701073305166,0.011650096573116608,0.009596076025998115,0.0020319607544468828,0.0014646187214357332,8.243781481883251e-05,0.010090055270795206,0.0013891825661332922
neuron_603_count,0.059995199394610815,0.04995716394515273,0.031040605429058676,0.052026788907557325,0.04188107497680271,0.00018667537808146617,0.005956558989105451,0.0005249621971649514,0.003818605607440441,0.023941085013691993
neuron_604_count,0.07581330368145872,0.07435412326986526,0.05059811093559127,0.05256750411950867,0.04480714352255277,0.00027594546688157213,0.004539354650137217,0.009252477645368573,0.00893710315438477,0.020034851666252143
neuron_605_count,0.0696618606773792,0.03156684394850376,0.05683054669971674,0.06232769430919946,0.06531336368864513,8.533481010866793e-07,0.006361259904400646,0.01137685080211226,0.00906603256122962,0.03935914175908253
neuron_606_count,0.0959395985776475,0.051922512438527385,0.05083183010761949,0.03939169523568667,0.056624791035537886,0.0004497217008886563,0.0038435212946543937,0.017130914396948166,0.01205750004106372,0.025999462682990665
neuron_607_count,0.10225605516070022,0.05518468904617341,0.052554993691699914,0.03770225348903952,0.059728026929377065,0.0029766605054021462,0.01022296107247124,0.014402647100739713,0.013883210696681317,0.03251762134928443
neuron_608_count,0.10469142996480982,0.032669504409883726,0.04157793178371233,0.025189722496802527,0.05107405784514349,0.00372572144202106,0.008966838329678622,0.024192457634851505,0.015700359932160263,0.03362031195316373
neuron_609_count,0.08668828306657927,0.03545772523979496,0.03768461281741636,0.02582867152229823,0.04490836727618605,0.003708404668989272,0.00799173431365139,0.019253952201874078,0.018216948674399006,0.02959724640795272
neuron_610_count,0.07096771362069287,0.03805142813227222,0.05510041040297242,0.03087455780646639,0.0497912941310259,0.0003564414940963583,0.008384930222506179,0.017148780556269227,0.012459771883085488,0.02057671465255606
neuron_611_count,0.08777116709336258,0.023292020470268876,0.04349910316816065,0.022410702407329203,0.03874607734232674,0.003221193725394665,0.013598701136976143,0.014355008178109863,0.010620283205767328,0.027092342551719162
neuron_612_count,0.0860553175744396,0.006780497232372847,0.02770918369356387,0.010100070177775526,0.04283412539048617,0.008612805946174536,0.012125885588166699,0.022557005547484563,0.0204406449055273,0.03876076537248513
neuron_613_count,0.11046696467139214,0.015118186225558355,0.044625477808098946,0.018139646380262095,0.06378529404050823,0.010417661325541921,0.015425635156740947,0.027614679788726573,0.01641945242071023,0.048143112848117786
neuron_614_count,0.09370077639694324,0.020894044682418622,0.041782954342567125,0.011633031916486208,0.03930249579591222,0.0055871085429913606,0.014823591040694514,0.028627621828606883,0.021737359222573,0.03858190402320605
neuron_615_count,0.10093938829084953,0.002498903669970824,0.01801664305784169,0.0008233427962905868,0.03503559642377002,0.02455479094849669,0.024981510192795903,0.026365838900051397,0.02303507705197562,0.04690320423787239
neuron_616_count,0.01682172337006506,0.012117593687769632,0.002198985655526429,0.0008413947315949934,0.009298286877551354,0.001687712675963838,0.0018242470955948543,0.005821893980587092,0.02095465610739737,0.0036092065914462533
neuron_617_count,0.13496409634293705,0.003161038780542441,0.029438427911715595,0.0018335929434318207,0.03001902487610983,0.023363944516184842,0.029617256807753872,0.04054807197602511,0.034011751350483385,0.061841215037270164
neuron_618_count,0.06826650445553145,0.010241460952172474,0.00949043648844522,0.000250443103829252,0.0251293978746657,0.014958342329856128,0.013055806473342757,0.014913530162027358,0.017202746303005015,0.016318789511244144
neuron_619_count,0.0690658094779821,0.011999523287647501,0.0053535241808206485,0.00030206701154066214,0.01462772253557762,0.018775199655615846,0.013999057505668391,0.015183302437266025,0.022476600156460608,0.018324748614712158
neuron_620_count,0.07494923611019325,0.007457359590276172,0.007072947367447444,0.00017332042875589995,0.013238930511170088,0.030194949749515976,0.022094543174360423,0.015121068097105131,0.017660629948555093,0.023494570179371094
neuron_621_count,0.1323140536426691,0.003235601476754439,0.01307569065412742,0.000520773949332743,0.009725442046542243,0.03980714167827243,0.044634159516849514,0.0267895628174796,0.022362516001180485,0.05722723032003604
neuron_622_count,0.1106619979720242,0.006332751362674895,0.009537564115209868,0.00015019690427677326,0.01937250912959669,0.03843742196773556,0.029386852299235433,0.025299629000058235,0.020982720686191697,0.03640794195757316
neuron_623_count,0.10647050832417945,0.004566635815355498,0.0059258209407300755,0.0003603384207692354,0.01449997933211486,0.03342823058149358,0.02604792347359565,0.029300389840529503,0.023856242080342288,0.03599984807244325
neuron_624_count,0.13736833071319546,0.00496934362401176,0.011379287718837297,0.000874056341369684,0.010311086039061612,0.043664702845989056,0.04969981088802794,0.026583906755857145,0.027075005737260988,0.05169141901189209
neuron_625_count,0.08713273216100575,0.004243633224116167,0.0022474030678395485,0.004687035762087066,0.004805182164958337,0.04599972753439169,0.029412228687385425,0.015578399965351791,0.02097000878875145,0.032815594803629194
neuron_626_count,0.126973555317723,0.003390452634943578,0.0013569359474596768,0.006978726127921872,0.005324682546749594,0.06823310790236403,0.048970950438137845,0.01803522536845331,0.016418699046666638,0.05315728729631142
neuron_627_count,0.08341111855449557,0.004664334329350726,0.0012409413669662722,0.0027305645601543027,0.0037019171380042806,0.03365461505554193,0.02183198804225915,0.015545222063895026,0.0203998794035182,0.02606070333665328
neuron_628_count,0.1155895236112747,0.003757661259738372,0.002258336966925366,0.004762427959813249,0.005997165022448632,0.05153423005419397,0.036810115071944066,0.01803787709708253,0.01983705953418828,0.038202033273814495
neuron_629_count,0.05042179548172415,0.006145513118869891,0.0006887358797427294,0.003774360292756372,0.0004812098445014009,0.023274926669596838,0.015682214662662522,0.008034518472900237,0.01938543415226554,0.014775612725441575
neuron_630_count,0.06916987477334621,0.0035637102508838184,6.566314171829561e-05,0.00833381853034354,0.0005539023727933988,0.051983393097094155,0.02909480742964042,0.009970512915263505,0.016169420260278136,0.02621775371777138
neuron_631_count,0.11890467115805273,0.0028027386349047632,0.000986532227759896,0.00722199604022529,0.0014175318789494146,0.06765125226207064,0.05788144893840777,0.011713362144828127,0.0148963015710801,0.049616360859149194
neuron_632_count,0.08098609483965327,0.001353540652652651,0.0002720919415818389,0.006674800511358284,0.0014219552329870523,0.051571523516444145,0.032142691764862286,0.01144134768541355,0.012156894496600817,0.029427246956403696
neuron_633_count,0.08420413236744259,0.0011172066618245352,0.000467513509137602,0.007491754963649344,0.0002322720564910891,0.07723497239951058,0.05314435598994957,0.009351358043192051,0.00924718320176815,0.038804064993560095
neuron_634_count,0.06732962378444426,0.0003731528796244352,0.00046639745890601856,0.007403384873235774,0.0007138550112294403,0.05400683293598563,0.028747999373397046,0.010065272417524654,0.01092244527981473,0.029707450041578043
neuron_635_count,0.07379377933619788,0.0048854852675759355,0.00019519687464371153,0.010049459201888017,0.0010656847704763658,0.045003306941586524,0.03502579953833271,0.005067832144513368,0.016144773787570385,0.025661865017766017
neuron_636_count,0.05787553334738185,0.0022437983631513198,0.00034800709108097697,0.00855505649936146,0.0005749222038136563,0.061825689224771774,0.027548852271321894,0.012377279428034488,0.02207804434026797,0.028445973541966513
neuron_637_count,0.05357166522946227,0.00035558745989380976,0.00019282430866736887,0.0067995201509707115,0.00035289012645643865,0.04733485072949259,0.03164589449685942,0.008754556355020288,0.015779170789274502,0.02662280441515666
neuron_638_count,0.05270735271796176,0.04288738512392512,0.0012393128790242972,0.0015822087960867051,0.00016262184813938116,0.011107011163400252,0.0038112138103776547,0.0044185121274964365,0.014901878610720634,0.004867831177853839
neuron_639_count,0.0434228903011972,0.03483163443110987,0.0006464255589664729,0.0019791370061396363,0.00012151470744435448,0.019212253020954584,0.009772803306562654,0.004689702460829927,0.018798235971214716,0.008265399645255342
neuron_640_count,0.0037070611787322627,0.0010832800328799373,0.008205107196240444,0.01990447866630088,0.0009246525823077036,0.004806081631460735,0.009784080751816929,0.028755402790508394,0.005996195654962885,0.007093146898102337
neuron_641_count,0.008168286278641121,0.0018354500399611479,0.0012942818204632472,0.0021368269374694437,0.0024470408058449786,0.002798890272645245,0.002357527303943549,0.005586149177436314,0.00011932938655858163,0.005058221303903779
neuron_642_count,0.002232656845065427,0.00045026167734319063,0.0037410035676671005,0.006392055227152554,0.0005566723141981166,0.0016273083731285845,0.005864954907478286,0.02269689680424214,0.0032243909118459743,0.0048629293629024115
neuron_643_count,0.0008318554944139137,0.010254872737269619,0.005665659676873734,0.014238746694820406,2.9420913943010302e-05,0.002822774927642019,0.004470530867796425,0.019708317775270073,0.0006944556314230042,0.006109602741577694
neuron_644_count,0.0008171236247476728,0.005302359159024335,0.004557319543381809,0.009227311036665388,0.002891018879658834,0.005563329067954793,0.007816145525553458,0.019365182094347413,0.003183859953808505,0.015781009406789837
neuron_645_count,0.002110933457615073,0.0011796098655805463,0.0024667386560914897,0.011769414439913126,0.0001450978907441506,0.002568159985128708,0.011304973619124484,0.043547748223272315,0.005017409169262001,0.005811769202973618
neuron_646_count,0.0015482877449228202,0.02843799033909239,0.0025293313864904673,0.010280929757374435,0.0001431800807066598,0.002886382857295061,0.005198825204937307,0.031222945741404426,0.00043372126031413286,0.002308639815860245
neuron_647_count,0.00038210334197844725,0.0047382475515970884,0.012362429792227986,0.020592352600222977,0.0011621050507963394,0.004585268492489858,0.0088558077267228,0.019282973784898835,0.0013706969915482543,0.009493917293863008
neuron_648_count,0.0002633540243933783,0.005545306373753063,0.013021142930551302,0.02141329710613732,0.0005311186405098436,0.00406562023611854,0.010222065050058862,0.031150983647111274,0.004593434233974736,0.014415154938968389
neuron_649_count,0.0031412637664017667,0.026877972381805046,0.004513865777757142,0.016373938952624206,0.0007261435934102708,0.0032730601528953157,0.00471624815290296,0.020861509353774788,0.0008953575629779206,0.0023418532219492624
neuron_650_count,0.005157633508564026,0.0016938397084711489,0.0018564540841995783,0.00901291381839256,0.002172832786847663,0.005427300091394145,0.010398847742267972,0.017129696385867005,0.004182865674773932,0.008776319217247003
neuron_651_count,0.01485997107948353,0.0031349958621498183,0.00861857903101275,0.021570353535047757,0.009907590883475523,0.004301606595993185,0.007071086273147377,0.005053544100318802,0.0008047263039057603,0.012183074088326196
neuron_652_count,0.02041846823225822,0.01272714202360821,0.006605909047281026,0.016175641443759728,0.004956722041242673,0.002990051412592405,0.008013608667205324,0.01063074208276632,0.0014112147785192899,0.007846036958755118
neuron_653_count,0.0208718239427879,0.0349466740105748,0.007334219092434466,0.014839996972778519,0.006931192924931676,0.003870119700971883,0.001910528240823925,0.002533919422566179,0.0019479857245605359,0.0039055431350920253
neuron_654_count,0.008466727957553488,0.00821941133366029,0.011553610492002167,0.028609708495618544,0.005592066806078572,0.00461506089996503,0.009953340323661727,0.013525265914855769,0.004028627772047252,0.011403786885502518
neuron_655_count,0.008347276318558833,0.01632981429389463,0.012384021161731304,0.0369162613772335,0.006828791890255981,0.004831443481356459,0.0057246811163117126,0.011559458701786887,0.0024494231827857996,0.013658048368718131
neuron_656_count,0.024190902258238542,0.06108624972623908,0.014198586752730391,0.029141016450011895,0.008639930316636416,0.002029104415618835,0.00233669695397919,0.001515914873804619,0.003582850493887506,0.004452718433836614
neuron_657_count,0.017130524719159615,0.019525193668068153,0.0174433197662216,0.03622794039662319,0.009973768338363859,0.0023372336970396007,0.015314301176733616,0.014521255833519611,0.0013349193325347501,0.01622310767277163
neuron_658_count,0.03369132743486475,0.07926399334022191,0.012673473068586322,0.02642851177327131,0.0075738451013641905,0.0009272903937750654,0.0021725496228878205,0.001957635010120383,0.0012007930753024296,0.004118025853368755
neuron_659_count,0.0068876167881335715,0.025055490264990404,0.015848687605577103,0.04470212941608381,0.013434336100160371,0.0012723161022946475,0.012228961119176512,0.012943819024625103,0.0004544530641906949,0.010445114417235613
neuron_660_count,0.011330005575297702,0.018907881589253037,0.028518593941668974,0.04688933896301406,0.02050646132392281,0.0018432089202060145,0.00795261085423199,0.0031979976698770993,0.0007553712346450303,0.014631560458694737
neuron_661_count,0.029367385558206005,0.05711267958384064,0.022306910069347305,0.035914575200596904,0.014880852451989168,0.0011884370706513707,0.0025416486205127875,0.00035087323604680865,0.00047537943056089396,0.010522252236902355
neuron_662_count,0.017401821745385626,0.034372552474991575,0.036867916431659375,0.05372277245605098,0.02629796881193125,0.0015747349202732477,0.009371946654114352,0.002483643104809266,6.902095764647811e-05,0.01423659875913287
neuron_663_count,0.02190501244731599,0.042074107865094135,0.014769101466790585,0.02621232785302846,0.011502908101627525,0.0016746159739708735,0.006803371118695268,9.295674707668518e-05,0.004439512611328106,0.0028074892816364605
neuron_664_count,0.04706465858465156,0.0666706951736604,0.033849253234660565,0.04738966587646695,0.027965423842807702,0.0005129997090911366,0.003418368770382825,0.00017046090120457352,0.0016001139449517351,0.01619411597460202
neuron_665_count,0.04855382284877638,0.04409483430771344,0.04436346074252204,0.06702085395633386,0.042021217186401144,0.0001407617682969999,0.010428828729702522,0.0007158556556418547,0.000817559534807711,0.03082622093308368
neuron_666_count,0.06547587171219976,0.08920398276569994,0.024704171443708872,0.03290343201992088,0.02823875538113703,0.00025386044478731273,0.0038023662269869515,0.001019428523601755,0.006907422058924986,0.00945642466191221
neuron_667_count,0.04544768116712425,0.05844020739236777,0.02225467427765497,0.03052359694353396,0.028045326875337714,0.001936688048088643,0.0058546915919244005,0.0031888971842805383,0.006245077354232166,0.013062147975019034
neuron_668_count,0.10067652090336396,0.04527928678223564,0.04829667540135549,0.046608685512937925,0.059470025562745915,0.0019281623116000589,0.008737296028373101,0.012801177162782354,0.01752264175351316,0.0344154222657741
neuron_669_count,0.07712718358899037,0.059558834337896716,0.05672844421592743,0.050088018173551435,0.05681171179575667,0.001721432397581952,0.008915033345643024,0.009322554448770198,0.008493856966404784,0.029138670923745252
neuron_670_count,0.050697745400317046,0.05700121604953359,0.023976999283947337,0.0183223669149985,0.020897421064928173,0.0019755257225484435,0.00857566464584341,0.0033543134381578132,0.013520055180743618,0.007984485792506421
neuron_671_count,0.06650427945498277,0.01202258478677079,0.02740438653105251,0.02357116302975247,0.05655314507623879,0.0018388156726216742,0.009947667299949267,0.011675379261279803,0.00989229885730497,0.021694627132928315
neuron_672_count,0.10457339879077629,0.0435165994689371,0.04919057897966478,0.03581640910950501,0.05939228294673704,0.004499338722965825,0.011678073504280365,0.0187679246534055,0.014810578164690058,0.038061260853644696
neuron_673_count,0.0685495803569319,0.04623266531192702,0.027847447142527224,0.02243701173913676,0.033742546904030446,0.002944759251075315,0.011580686225928533,0.006635158763683327,0.014635836434724533,0.009950726829436929
neuron_674_count,0.10457054997226686,0.02224928762699084,0.039499249543866605,0.009583916707628953,0.040739198386652825,0.01064653467767597,0.023295925877864623,0.02257710262720035,0.01833061069880075,0.03023986794042216
neuron_675_count,0.061282998005896955,0.037484509070940725,0.02202714804025259,0.007923626588199381,0.0244089463653185,0.0029788407810070194,0.01073197176860441,0.0034192133854384563,0.014079146993171435,0.00947751819574598
neuron_676_count,0.027512398315406916,0.03346990729817728,0.005531182640272352,0.006048482799891924,0.015073911641480003,0.0013385846861743052,0.005234027405915977,0.00032916445213297153,0.017936007047820224,0.0026185913881411546
neuron_677_count,0.06888299505203951,0.028938502387384088,0.013454815202977435,0.0054958430570965985,0.020304112362134877,0.006030922260775173,0.011495379404287118,0.009493034328408853,0.015120484014584046,0.011720557887632974
neuron_678_count,0.1049584331875778,0.025521172650973728,0.03774210823063184,0.013562161705363535,0.039910899195251204,0.008761768357388275,0.016734288613858936,0.020590760966303606,0.016290117858111408,0.03504376894974662
neuron_679_count,0.11083179831205434,0.02825953444526587,0.027788575898523515,0.00903032484802617,0.03687547073938652,0.006844290225920549,0.01763107585055229,0.017904472549191267,0.02184516196281619,0.02509024666161061
neuron_680_count,0.06025826016386543,0.028145369476542864,0.008314604410968457,0.0013942477221766114,0.01667638533361762,0.012901021197213355,0.01046174468444043,0.007303902143848198,0.014985023575240522,0.010069547406318533
neuron_681_count,0.04881230732225081,0.018048173371332105,0.007844034799960972,0.0025194016513005804,0.018632570209908966,0.0075993257008889065,0.005554665648048442,0.00803966932767819,0.0193885865877092,0.01269707108229988
neuron_682_count,0.062391285454667045,0.016134496517509228,0.010418572214665967,0.0008263425452787639,0.015171779195793933,0.012556269902045308,0.013154228577279381,0.014462953718547791,0.02439030950165441,0.017738906529534013
neuron_683_count,0.06931217364497563,0.008358464763273989,0.004360659399386006,8.787118812985956e-05,0.013933727695823794,0.013876656626209863,0.016768276249928146,0.011075443065699977,0.022293280944605184,0.012862637399907173
neuron_684_count,0.12944806579829965,0.008340226152299894,0.006340757482245829,9.314945150487326e-05,0.0195039097786934,0.030642048754046428,0.033761892952820935,0.02165594232262133,0.024101499170513394,0.031151697749292884
neuron_685_count,0.08688487547551538,0.008784687584731776,0.005298894294984459,0.00016248610193926333,0.009730853307468201,0.022178552229031895,0.02174224954274652,0.015393830684523907,0.021495117299926703,0.023637111805423494
neuron_686_count,0.04667701429921926,0.011751053603061903,0.003353330179360285,0.0007090529825671509,0.002852286881239924,0.009567349892144986,0.010811323025316677,0.009031965049041399,0.023455722064899598,0.008936245917068666
neuron_687_count,0.04140992661774265,0.007046106301596605,0.0023051059030830268,0.0013121707689212198,0.0016475478737116907,0.010004291199026488,0.014155458999589768,0.00364989710230465,0.016749329275205768,0.012507301719590636
neuron_688_count,0.07553944058089163,0.007434752097352962,0.0014530427198660052,0.0033918223849856224,0.002864110654135582,0.037436270838736435,0.02584075223758979,0.011955304368182526,0.020431941593759606,0.025182395759939843
neuron_689_count,0.056715003426010185,0.02582734794170903,0.002566022547011826,0.0006469182712260935,0.0032718623445612965,0.014645963531243839,0.008497735580275362,0.010795358633198096,0.02746280649529853,0.012549258386371567
neuron_690_count,0.08701285993051902,0.009451891278809667,0.0013966881126724513,0.004400220916826146,0.0013442922733162832,0.04237274545268052,0.02989358697872052,0.01153510672018375,0.016682238547704772,0.026539779547725392
neuron_691_count,0.08681172281166835,0.006635223407650076,0.0002541338779554411,0.00613701851576072,0.0017417097269318421,0.05145444018428019,0.03130915768214715,0.010473478728301094,0.01953268289068652,0.02858742654663657
neuron_692_count,0.13028049909840198,0.0021244507325885106,0.0002691131550666293,0.008289598787585298,0.0010516866326942516,0.06884124725663829,0.05600005750497081,0.017065692552554787,0.016799124722833597,0.055358095535657764
neuron_693_count,0.10173080382605035,0.0025213558545251168,0.00044825813648352066,0.006508384470365683,0.0009524378503899047,0.04853150891442051,0.03148127870641988,0.017695319885832353,0.0185864857642402,0.03538050874036988
neuron_694_count,0.15325912330844235,0.006783075188695434,0.00024671468003603593,0.013726735487641625,0.0001246254860137463,0.06457390476608124,0.07815186544495362,0.005953029899123191,0.0189854709561596,0.041463356325821904
neuron_695_count,0.09220539279980364,0.0012560263396835213,0.0015919958575674742,0.013181447329510737,0.00032355346623890585,0.06826266754339733,0.055089388269891376,0.009222657427281511,0.010559516976371489,0.036530375401508025
neuron_696_count,0.061060425611822094,0.0007547490277673326,0.0013210661967184463,0.012943321629105373,0.0010954837558109533,0.07411701131400605,0.05156755321701051,0.008506276779646743,0.010050000247103091,0.028797917866636658
neuron_697_count,0.05822141297471822,0.0005966202975099966,0.002522359845661154,0.012407797552068181,0.0004869780482026891,0.08313775408932655,0.047686098667590465,0.010750947868049657,0.009277999078647653,0.029784865412481848
neuron_698_count,0.07225434157157493,0.0010723016988179283,0.0009822366629042498,0.008062366429570145,0.0004915104245407347,0.056987636961860044,0.038001759108246574,0.007624837645713645,0.012905724830712825,0.028260702150847222
neuron_699_count,0.050064943965746095,0.0004651022244487827,0.0010773670334143538,0.01130656645548428,0.0004984705571049099,0.07485651212105143,0.03544086750014788,0.009359257469144372,0.014825445328781772,0.03608942454864106
neuron_700_count,0.046302222263653825,0.027550491901389307,0.00045710713792552517,0.0014816963952842405,0.0001616252697769615,0.02416813728081764,0.009751140207326647,0.006142486834755621,0.019750298628692736,0.0074444300878355185
neuron_701_count,0.06794626691425504,0.018632715862092405,0.000286169130671655,0.004933336594018706,0.00010339785232399597,0.045743287891203493,0.021756896005427254,0.009998951040903967,0.020846679523928227,0.01833774371637234
neuron_702_count,0.045345691819736716,0.015015867836910057,0.0007450660647142608,0.00630486737183996,0.0012715960712417727,0.05280104048698209,0.03600689158065695,0.0033460046018335826,0.0207375742157285,0.017179728757245077
neuron_703_count,0.05104785605602635,0.032557789108147134,0.0004642634983286695,0.002399713683295529,0.00023459290576018262,0.013227170521624004,0.005416580976575387,0.0033519744189674447,0.013285808754720782,0.007607659764278213
neuron_704_count,0.002986877488282691,0.0026084720528662952,0.006336331501248099,0.013124190972274699,0.0010617451853783474,0.0037394378681998575,0.0046321992054360675,0.009820491194443684,0.003246812670228784,0.011657911541241545
neuron_705_count,0.002898506145582687,0.00029066996578021656,0.0022899353987838184,0.004048960130436936,0.0020752312454847197,0.0028199121550490716,0.0025232497446569455,0.007630773405142857,0.001333722558463311,0.009600201639493947
neuron_706_count,0.006326817608198185,0.0017713702045338078,0.0004664843086365292,0.002125261571262891,0.0019362537724655973,0.0027071096630765304,0.002636995860149413,0.006643404834146972,0.001658012854347076,0.008547408439003257
neuron_707_count,0.00023071322861661567,0.014298784399441253,0.0018656282507568955,0.006492312978746903,0.0007503973083828001,0.00173704221693044,0.004318465398453528,0.033614195800913044,0.0014138539196576379,0.0027283493684523707
neuron_708_count,0.0033189667075665535,0.0004922153513940595,0.005212780507289336,0.017077085814498585,0.0003844651410297058,0.0021266663002230124,0.011562564162736405,0.029435452960766217,0.004796116887652538,0.01217664426461508
neuron_709_count,0.0010455493615304928,0.013780746254598339,0.013672888936902772,0.0207883040411114,0.0019110873488503433,0.003970346146572004,0.007091497972543118,0.018540768383666154,0.0013496832263458023,0.007135856637626246
neuron_710_count,0.004522678189015403,0.027190159555721738,0.0029697749032038603,0.00959284630093353,0.00029589936783419064,0.00245927784854056,0.007901290780124984,0.032148181112194446,0.0027868109811937727,0.0019538940961526183
neuron_711_count,0.01664203298759656,0.0009590120782527259,0.0010153044020016974,0.005991355911179275,0.0032581700860671164,0.004478907607356454,0.007531853197909624,0.006793344912379942,0.0008297018104249255,0.004647150872746593
neuron_712_count,0.001683974551553065,0.012134711171851123,0.0036477844705495727,0.011180603735728933,0.0005860829134447382,0.0032489675720822307,0.014775545906534071,0.037717378581178546,0.004071994651257425,0.006025454303076605
neuron_713_count,0.0003320476936009044,0.001050782011772527,0.005520962098937897,0.01436240472296399,0.0008904759312731401,0.00222635684347406,0.012271422643452781,0.03246437706876029,0.006109247860452839,0.013528798279595536
neuron_714_count,0.0032788476430069685,0.0014112087541402925,0.004837135002113781,0.012688816471682102,0.00242566740950316,0.006458589039389714,0.01679746397420949,0.02425275482137712,0.0064744765407628024,0.01174223091779135
neuron_715_count,0.0065985150962362404,0.002129473842161245,0.004488598264977675,0.013062382934764055,0.0024377249782064347,0.003563527419939941,0.012693178491803764,0.02067140849546109,0.007515295932122315,0.012141760560250708
neuron_716_count,0.002954879694440339,0.0031358978931562264,0.00736181874408387,0.012588358100236757,0.0009072142195793234,0.004850035628786366,0.020953529960558895,0.036409603810860586,0.007999548836627068,0.012537911477961752
neuron_717_count,0.03298820984625685,0.0947980643616593,0.0006453186399341566,0.004973817441558455,0.00034565887607629006,0.00032240124457410743,0.0007431897412814355,0.0019364033595078468,0.001783852437421428,0.0007784091625620722
neuron_718_count,0.010559737555329268,0.013117305186094705,0.02091321615317744,0.038610734945619785,0.009426538466955847,0.0033523010130137795,0.01247898880161949,0.012984660061761397,0.0028967137240185833,0.01670074082592317
neuron_719_count,0.025361892416436133,0.04816364155086825,0.008458367579083775,0.02124056226300458,0.004575957594367366,0.0024276893726455986,0.002728938200794964,0.005274276276573384,0.0006255991707857112,0.005822949894451812
neuron_720_count,0.008585038719116644,0.030830427733522736,0.014040551496718873,0.033931796407549675,0.003301222165915614,0.0032986977047955515,0.004389103250273814,0.010832104611475074,0.0015219743449942646,0.013388941035590421
neuron_721_count,0.008524409014909196,0.02947283447453175,0.00488256387032876,0.020330624380881235,0.0012678559091748136,0.001436174449672055,0.01116016245928289,0.02532848513830517,0.002694123079293509,0.004104831611439715
neuron_722_count,0.03394583279830779,0.08747999464284545,0.009675768275188831,0.02563588146836221,0.0051506161235626916,0.0009969640082018241,0.0021956532226535853,0.0014105627728808676,0.0035350902572848716,0.0030685098554202143
neuron_723_count,0.00699384044034311,0.024571093035087907,0.02027777415738928,0.04150553779661878,0.008097386940470547,0.002629136097841496,0.004634697433217622,0.0038295125109048186,0.0032342426978540714,0.009278486455538824
neuron_724_count,0.016473040490341,0.07255489461349898,0.011531333282560605,0.01646659155767506,0.004800170098004458,0.002110682045473586,0.00011683244621421389,0.0006369394668274651,0.008870118671567964,4.278969200673132e-05
neuron_725_count,0.03778121692466252,0.08779999001535435,0.019564014641761843,0.030977529706361917,0.010880046485010994,0.001404982401728174,0.001522043121057852,0.0005148889158466882,0.004475370117625624,0.003372631241550267
neuron_726_count,0.03685992283377246,0.08499484644993135,0.020189260725993752,0.037074481312873525,0.016098981500726958,0.0020117750799299033,0.002194322081544485,0.0001028405233637706,0.004257753429980166,0.004870314503068789
neuron_727_count,0.024860017835625525,0.04466634089792382,0.00849564207727821,0.030174766295155503,0.012929991517764874,0.00015612924108930962,0.007761643839572244,0.007228088448842804,6.764284184490599e-05,0.006306507862023816
neuron_728_count,0.042954586405329995,0.08666391165259363,0.0212532276739731,0.031170890794332426,0.014654111162168082,0.0012414870993138032,0.0027507275418864677,0.0007249928059292927,0.005239839401534246,0.004963265424536761
neuron_729_count,0.05603226399341696,0.08050153621427458,0.041982692628202395,0.05092787908929533,0.030529400343898283,0.0005008882651748488,0.00486992051698483,0.0008756087680149675,0.005311112425667855,0.013464583553047818
neuron_730_count,0.01208137984569721,0.041200491068320355,0.015213548852633,0.012829527965142105,0.012620919145213003,0.0009237731705530241,0.0034992128451042798,0.00011016140540116934,0.00837823735681121,0.0014343117508683959
neuron_731_count,0.05773259750066778,0.07492792750922025,0.02715741168713215,0.033628973524962164,0.027788702192332815,0.0004940471509976112,0.004708572446393042,0.00291502952037289,0.010638161507112331,0.012947220796257139
neuron_732_count,0.06504794342451026,0.0536683305742966,0.04220002249140259,0.045698006996566315,0.0446770605409553,0.0002989417146083053,0.008541670452185193,0.0074102345874878794,0.007932669985918628,0.02226154619849953
neuron_733_count,0.06787122872427373,0.060546016662602314,0.036767618278773756,0.032248070529617257,0.03319283988540592,0.0012861493421164952,0.0074480401108191485,0.009243798613896431,0.014084976237687258,0.01834706916266686
neuron_734_count,0.06602342528526695,0.03254336512250389,0.04186439396300923,0.047796690765794236,0.05284342841057804,0.00018738172739684537,0.008101286813673024,0.0073954464126137764,0.008684662429012599,0.030918725396147123
neuron_735_count,0.10120271456972271,0.032508109094984056,0.055278810480056506,0.04524234521556586,0.06576845145675811,0.002193020937997194,0.013243401467377014,0.01717648193560621,0.011301523831942231,0.04524461294887619
neuron_736_count,0.11061202825109262,0.044496478882551344,0.047522073338398,0.03737343630098719,0.06028009109520427,0.0032787880293740496,0.00915195426405916,0.02069249544842172,0.015453448052217766,0.03518846754618585
neuron_737_count,0.10628848742928246,0.0337191933796577,0.04678148820540631,0.0339154624040873,0.06572013386343104,0.004815958728019654,0.019650969717455738,0.013109296676777071,0.01604614462794926,0.040334715938669025
neuron_738_count,0.11779779438407417,0.015928951391380675,0.041850764480249714,0.03237130797180321,0.07010979701787079,0.0036790722792076624,0.011018916772645548,0.03077615376836368,0.02320992470809917,0.04659127231257834
neuron_739_count,0.12363663722856746,0.01267533803687207,0.056193416203521224,0.020972735580405813,0.08247679691975568,0.008535120624056883,0.0100367318082671,0.04225974435529814,0.023966545737278716,0.055082190921511176
neuron_740_count,0.05131253339169557,0.03128217480773843,0.009322833940108022,0.0044426148692288045,0.017796589729401707,0.003478231497286821,0.0028891555530298936,0.007684475794187899,0.01878687298560658,0.008060937020794315
neuron_741_count,0.05163628341718235,0.02336119913189423,0.006384157238951721,0.0034208656266440027,0.01724843373778638,0.002045543504962683,0.004063918455872055,0.006503209668760189,0.01760240820424229,0.0051199713005954245
neuron_742_count,0.03781222617839619,0.013460171215206998,0.0082615651825396,0.0007280636385141245,0.008293735579848527,0.0026734293599755612,0.004263827161800925,0.008443001520064705,0.011339238022010936,0.004786038966599036
neuron_743_count,0.05411700346659551,0.022187480094327847,0.010999266270271132,0.0022184656177916193,0.018262994221547188,0.005597756154254251,0.007558142008946417,0.005200435385006863,0.015430133152458989,0.009845025708302937
neuron_744_count,0.13063691967747512,0.02046654200985723,0.021995112971457884,0.002681824105170018,0.026086936543524786,0.012887283420133344,0.024632980989691355,0.01870588961783584,0.024021321380293365,0.03183587827708695
neuron_745_count,0.15032669864959786,0.011951410653837882,0.029000367938302282,0.0010860913047526753,0.03067020445722879,0.023597908890105476,0.03400534915006734,0.027248285010631798,0.027458186008190055,0.0539497016131997
neuron_746_count,0.11278918542092034,0.02222451883151351,0.017160270604235736,0.0018722982151428633,0.02622593633167461,0.016323148905258905,0.02473355060072298,0.0172189867790689,0.02555983213901851,0.0268406576027162
neuron_747_count,0.09082443835774273,0.010727455950044054,0.008535696002534787,0.0006592837077824959,0.013826050488586539,0.028020428998913355,0.021422205520246165,0.016935628343487483,0.019042901438433985,0.027900267647454374
neuron_748_count,0.03700177709795849,0.005607999871889986,0.00726952828268311,0.0003724843101788767,0.007392040243061199,0.004606827662217608,0.007236300861116866,0.0037850182626186016,0.01324469442481531,0.01089484663631457
neuron_749_count,0.04889510673987524,0.012031496299353794,0.0017297820341508376,0.00025895211318997975,0.006126041845894305,0.014430162752773562,0.01165110712443157,0.0043084450901661395,0.016726507275912086,0.0088152632355121
neuron_750_count,0.11636812397184296,0.009828661667598576,0.005630290070496834,0.0003306758510977278,0.011178466443379165,0.020382867135533347,0.02291686821221041,0.020882794488539413,0.021797224293432296,0.02507794575780517
neuron_751_count,0.13331350686091253,0.008724068051834954,0.003911568682987719,0.0033762398578290054,0.00894077036461502,0.03972958812390753,0.04145562718856938,0.01676055538547254,0.023779111720061974,0.03088798274852958
neuron_752_count,0.04088176992618765,0.01046394021762867,0.0020556661604986537,0.0015535213722468258,0.002608765522702221,0.01493505636778486,0.0112664152141886,0.007437345631755757,0.022059796624952013,0.011278915023087505
neuron_753_count,0.053713052912703854,0.009983656535966931,0.0026894871531795844,0.0011875075230534833,0.0018699727407228244,0.007253314863592798,0.008936064745006536,0.0056166671226876505,0.012815196687863586,0.011766743492118217
neuron_754_count,0.12725372205421118,0.004701568252713749,0.002524557675671467,0.0052718404564119845,0.0038019975581582224,0.049596835050734506,0.04915842174184315,0.016100438021176375,0.01903073098937222,0.04007872123609843
neuron_755_count,0.09512434025088581,0.0019190477952891472,0.0005446917536135517,0.008422019096748709,0.002678359425571021,0.04971679427412526,0.03604343309984076,0.012753519242478667,0.01650161398528338,0.0345354710655999
neuron_756_count,0.125423097846854,0.004939242699065455,0.0005304736492461014,0.006469900316359439,0.0028124568726946436,0.04252773572897037,0.03704905630818969,0.014024624777448577,0.02218538901775545,0.03671576765810719
neuron_757_count,0.06869143622710677,0.012490452014881387,0.0003854489903697806,0.006614956196281732,0.00034107541829088385,0.04963872375705572,0.030889941837600896,0.005499523289983203,0.01485776845949345,0.01902423497799978
neuron_758_count,0.09528160861202306,0.0019148550107976198,0.0005677589162463512,0.006216842922756663,0.0023187282547354575,0.054118386829335785,0.04119820788817399,0.010735697222760868,0.019098837432189583,0.03476572363706762
neuron_759_count,0.04930406938131085,0.03138783461430136,0.0017101568167823059,0.002317035539778897,2.0104122890696706e-05,0.006592452152788447,0.005227122871329794,0.00247053371138118,0.01725182118599984,0.0070619908619371785
neuron_760_count,0.08866207676831617,0.002024344535713699,0.0013764184747929072,0.013827628748046647,0.00011640722366777507,0.07024543844756465,0.054033369848358576,0.008499226402162316,0.012763716384551732,0.03720338636977144
neuron_761_count,0.06061246855453581,0.01159240041898825,0.0002891724897448461,0.004621358882459001,0.000511307167742921,0.03590833044124811,0.017716730747783127,0.008705842134800065,0.020085149923712492,0.015298281647277603
neuron_762_count,0.07367042691137582,0.0214390583466869,0.00026632257210609453,0.0032181979053541934,0.00044069416332281376,0.020413533181502103,0.015714940977250735,0.005264959333322078,0.021747639122172285,0.013157159949512692
neuron_763_count,0.04495160872462459,0.019709987241184626,0.00010198653950000119,0.0038839861157209457,0.00011559366314297802,0.017605701735799187,0.012251010041187206,0.003141549053281484,0.02004869615962737,0.007585597335020462
neuron_764_count,0.11358583256720409,0.0025901286841399484,0.0012456912408387345,0.014758960080272124,0.0005806627170283872,0.07746458320442062,0.05443336318445116,0.009807926765382335,0.01264094911506057,0.0401887850282473
neuron_765_count,0.03997960390782902,0.027728884292929593,0.00037695183463656856,0.001802591016602094,0.00045724716298284687,0.011478616872080766,0.006322151797921963,0.0033721430887887135,0.012566485274739442,0.005529965263667877
neuron_766_count,0.05853747266383773,0.03220281477282469,0.00036424934592728907,0.002655715578736787,0.00037463278063887794,0.016933977688290844,0.008728018724257047,0.003930709296901917,0.014058837893666937,0.008367306214636536
neuron_767_count,0.05789945536369573,0.009072496269956667,0.000533755319366315,0.010305864470305445,0.000905893620407168,0.06557470077637961,0.03143819535316075,0.00524642141325507,0.018773103689078044,0.025208894731655634
neuron_768_count,0.000645197871092143,0.0002833809644571415,0.0008291971937298658,0.002096392978988282,0.0007409821008673087,0.0035190189348413767,0.0028716353753345386,0.00799376614505918,1.5754054726515188e-05,0.003551370524362614
neuron_769_count,0.000540498696944957,0.0025548819057485267,0.001566695221959416,0.004855359965125691,0.0016168924482664257,0.0027372184499087557,0.00663964769084209,0.01711459645251015,0.0022346302684816965,0.010722804438222919
neuron_770_count,0.0011422721452337813,0.0008108309700121342,0.004053564527906325,0.01006686151590809,0.0025000166192382482,0.0019432710175854885,0.008293344910258793,0.02514237419760633,0.0015228766808300168,0.013031315755891698
neuron_771_count,0.005715074719324108,0.0019521561241067284,0.0036291542826741227,0.005563911901069661,0.0003810963152252808,0.0018875525928472303,0.006887116708507758,0.02894293934498518,0.00452274388290385,0.008154381756869403
neuron_772_count,0.0057405604711794345,0.0023496925169844696,0.0007999316046710427,0.0035423930891143388,0.002505795980314106,0.005920254941016126,0.0039366201171074575,0.008427674140956465,0.0007708198546764952,0.009541318468167082
neuron_773_count,0.009188782342572227,0.014100179478167593,0.005412602916512452,0.010904768531662626,0.001075257696086962,0.006172838892968588,0.014688359051669125,0.03633638830070493,0.00808885060772184,0.012430252795384372
neuron_774_count,0.0006529873348989704,0.0003545340237696166,0.004221540264045066,0.01150641813255493,0.0028231271490362017,0.0036447264288724593,0.016065183392947796,0.03425784665782122,0.0043631475673433714,0.012011393524631292
neuron_775_count,0.03267218672973676,0.08727507948811283,0.0011329513801667038,0.005713062141480145,0.00014423749441978655,0.0010512257583617651,0.0009601192223792424,0.007200695407684851,0.002653703111349784,0.0006109747126521305
neuron_776_count,0.00182501885214887,0.0010355050018096904,0.0064064805631376676,0.016084831871110747,0.002272924765557821,0.005398080599072257,0.018793757319708254,0.033506055903947035,0.007548747651861296,0.014806825958460529
neuron_777_count,0.006884033904531489,0.0016926254161938603,0.0027660702750709407,0.012471057256845108,0.00206684018044493,0.00408246911387939,0.006389543027176731,0.014200184639539634,0.003563365634860184,0.00910291308216811
neuron_778_count,0.003977165055088182,0.004304844435979761,0.0007948187452988392,0.005166716168896843,0.0013793588293494231,0.0037920959745036398,0.015806834311747966,0.028439407798405994,0.009396130755283796,0.010155323666688018
neuron_779_count,0.022051402748100066,0.012416069203096985,0.0018046714163863706,0.01125200522632959,0.003034050578671635,0.003655102485954534,0.007648882517059405,0.014507482912660019,0.0025120926654821525,0.00414822423694558
neuron_780_count,8.641118863361242e-05,0.007665715302757434,0.006245149409056794,0.017483230062474625,0.0008874076081451347,0.0031872912152178523,0.012201768417982164,0.04252038384265233,0.00497003964268368,0.007461166416118686
neuron_781_count,0.0005623809990888719,0.003408640623035211,0.007431578224909446,0.02307536201173506,0.0014629178883476292,0.003969552830490712,0.020423504692250863,0.04265087249901306,0.008314770228456628,0.012455381998779172
neuron_782_count,0.039546341796620865,0.13463505763188258,0.0037310733699624857,0.00881242264200982,0.0005908065133226545,0.0009985107153697194,0.0002493120332385853,0.0033773028500956453,0.004892745520968245,9.333475138094166e-05
neuron_783_count,0.037838004869601816,0.09387993253299554,0.004596514182065074,0.013029268827145626,0.0010297926270502779,0.001447532343705895,0.0025265152192812737,0.0064625469228164825,0.0027253774129453873,0.0007648429975209963
neuron_784_count,0.005866036337571837,0.020839199750839657,0.015378378907713805,0.040768024674522396,0.007511692103878184,0.0036115654462307994,0.007053278085993736,0.014560164603760709,0.003867705734997215,0.012459162580160998
neuron_785_count,0.005375952438265025,0.028096330293984145,0.017351938140433468,0.04151020355660187,0.007659333262363288,0.002542972536812807,0.008537014244347399,0.015636207335326127,0.0018858645257582816,0.01340247575738715
neuron_786_count,0.037848943321688144,0.08395487828697795,0.014662862795187179,0.03061809389180803,0.011121901654081986,0.0004669272813200842,0.002430272550384381,0.0010795563228843154,0.0014204663573925483,0.0033311948576762937
neuron_787_count,0.028123977674781725,0.08757533024108013,0.007360234532004781,0.02115355963712645,0.0052533815918676605,0.0007309473897376857,0.002072811912447292,0.001437468683468706,0.005451464518113236,0.0003977613890862753
neuron_788_count,0.03714848583890851,0.09753307689270319,0.011453898098430823,0.029846964754362132,0.009006197461797982,0.0005860446968323531,0.0021052990152502227,0.0022136823533081343,0.0022155796175691647,0.0030773843006345752
neuron_789_count,0.022531911909709157,0.047944919625782095,0.027799583826180724,0.0502334951826372,0.0203928653148015,0.0009404383472241887,0.007324408515428406,0.001330177082519212,0.0008437599309714938,0.013170244154464023
neuron_790_count,0.026860104203578927,0.06539592843419911,0.02997528387908316,0.05490010767110873,0.020859139318814057,0.0010798900904425736,0.00424374254465934,0.0005322518250790616,0.0006580915238156189,0.011451005187729027
neuron_791_count,0.0409939996477916,0.08751746732140342,0.016367618306520004,0.020435218800590446,0.009169909939954077,0.0008904341485217009,0.002728997936246924,0.0004217694161827326,0.008059420901463624,0.0025998421764471397
neuron_792_count,0.046019086702376755,0.09693040983951792,0.0111182866310134,0.025564067247021593,0.013003587154946775,0.0001336102374843483,0.002629473799959328,0.0004101835503944576,0.004986432452566074,0.003798018401483076
neuron_793_count,0.04983619179848284,0.06622062711211368,0.02577793438477731,0.04960842814127295,0.030402924672438075,0.0003932733265458975,0.009168283173027356,0.0009147771827737947,0.0043303326150458815,0.013196714049158051
neuron_794_count,0.011366979109915881,0.06065446370776567,0.0019245308480073699,0.009769864728543777,0.0023186719953101793,0.0009540874177414714,0.001150698907131282,9.295783905945675e-05,0.006955172198062853,0.0007009372575234388
neuron_795_count,0.05150639649902969,0.04758806058042089,0.020716262436717578,0.03720699351842424,0.03538611622042903,0.00021649587329140851,0.008654437132649656,0.000264195311726511,0.005829321718748073,0.013160699786052069
neuron_796_count,0.06503789160319562,0.0528711916268193,0.04782188033305412,0.04068734836486973,0.04003806548756189,0.00042770814608795657,0.011623818646663536,0.00227274972886108,0.007082775030572669,0.02386758674283454
neuron_797_count,0.08388533244048615,0.054501520361144806,0.043317083499938236,0.042235903183614254,0.05264654595904775,0.0020519472415331114,0.007817063146571802,0.015922859989530996,0.010958155942826994,0.02584200704586047
neuron_798_count,0.09943949732550256,0.05242508675281926,0.04886126056046686,0.04530242345913907,0.05347107994007727,0.0021602840282482355,0.014198487139474927,0.008304122930650429,0.011902357405064734,0.03749904995360037
neuron_799_count,0.10337655552080663,0.04723538689051665,0.0425755151578914,0.03598539804754142,0.04484583536858683,0.002906878038983811,0.009039801029390733,0.019000697490633975,0.012464228911437378,0.03022560918878725
neuron_800_count,0.05676449419080816,0.00998461360174729,0.013585170683489127,0.015537348466973057,0.035824617146511945,0.004046787323751095,0.01944820506348685,0.005460293699638814,0.006957292225254298,0.014161143326484438
neuron_801_count,0.10107190663551996,0.04546572896150303,0.03894908350883611,0.03502726704532774,0.06539071438011854,0.009093104121756707,0.01626721828959604,0.0123269554305077,0.01909173684286794,0.041443068836948205
neuron_802_count,0.08330908698536149,0.03709429277447411,0.027860559764356613,0.011006906530334482,0.03672624564409026,0.009640337926516251,0.01595780104525349,0.010845093794951521,0.015155317647976743,0.028768009586743984
neuron_803_count,0.1070635956872589,0.03241908330130076,0.02232823559048025,0.007822314268636388,0.0381186025885418,0.012795797041130708,0.018446690885320735,0.01598436668290236,0.01942025215415971,0.025035430404315273
neuron_804_count,0.12213800701912045,0.019444818984804615,0.03599485319746121,0.018189472535867807,0.05225923649711717,0.007162639725652162,0.01691735505063413,0.021750208291503842,0.022341216286362084,0.04703931200182612
neuron_805_count,0.126048689575274,0.030375977215423067,0.026293406590814583,0.008334402262783702,0.04002223704588517,0.009288140046285906,0.016716713305487282,0.027785900001149597,0.02616837382352169,0.028431991730313994
neuron_806_count,0.03069138105944226,0.030094935101705175,0.0016480739128576193,0.0010882237465751413,0.01098545814604042,0.0024837570949816125,0.0021902242008643436,0.002149683237599509,0.0205746890032764,0.0010012246455668866
neuron_807_count,0.027856765615323686,0.027180758960924423,0.0016067572516119503,0.0015190759862734188,0.008692063894829946,0.0029114116648225226,0.0021043322510126902,0.001725369696831007,0.01666288437948303,0.001694984857194215
neuron_808_count,0.04468519029303769,0.0307713184847542,0.006116899966000344,0.0014520803758000904,0.008957960681289831,0.005406257172674615,0.004269430416274464,0.007686873919497905,0.01926237040477781,0.009299002268850734
neuron_809_count,0.07027588752348429,0.016951017112821348,0.005550621098913765,8.498263793263721e-05,0.012074575896316109,0.015255013183283997,0.016121143255928158,0.008168438877163384,0.023832746951379574,0.014176325705381201
neuron_810_count,0.06528960561324318,0.014891741757616053,0.004858607581046094,9.6008681379173e-05,0.010499702947469894,0.009399535003559112,0.016045112778038148,0.0075854264909112346,0.024535228860684544,0.010374242109824863
neuron_811_count,0.07470572437442319,0.019314820904159632,0.005562515442204555,0.0007366789275787926,0.014939061361583489,0.005491725699208777,0.011270595252415569,0.006980046347443161,0.0206294430217302,0.010777806083028918
neuron_812_count,0.08951508878684006,0.017402703338718115,0.005154252034853785,0.00018155511338113078,0.010604314725784672,0.014366833953784616,0.021066018261851074,0.010973371225979828,0.023094615513656477,0.014300595225979887
neuron_813_count,0.06309685028445533,0.009834622260792097,0.003249949191194007,0.0005988037521648774,0.0051276514256574784,0.014876488580947297,0.015032119183485487,0.006219934054736163,0.015564013918439756,0.0150639783480927
neuron_814_count,0.15286597403451702,0.010568938989194296,0.005453753230553318,0.003677284280093847,0.0081577548163764,0.048899454462818126,0.049192233802396096,0.016980083827048936,0.017159639475494287,0.039675595895057175
neuron_815_count,0.056021588844155146,0.007038863696301863,0.0006150655900704696,0.0008096262398333831,0.006920367353365278,0.012134628445052628,0.013049081751800376,0.0050613715604868395,0.02203813536342461,0.011757357835507576
neuron_816_count,0.04153620262714827,0.026788320825126513,0.0037802107110034844,0.0007592868075915228,0.001978935333186105,0.008323401350221832,0.005889180637653979,0.003989503718020801,0.020902199688402512,0.007029444604789395
neuron_817_count,0.10235538554060933,0.011213143752463975,0.00162361681193951,0.005331526092487403,0.002508277093001929,0.024981700864716697,0.02712752674136608,0.011342524347051852,0.024290183252774974,0.021294166535079484
neuron_818_count,0.10354458066478614,0.012469290173031902,0.0010844238440581265,0.006538161305466389,0.0005889960467615023,0.03834100831452064,0.03829548599422902,0.007280228245053227,0.021785500621034556,0.022803905646892816
neuron_819_count,0.09289988578413882,0.013629061976144816,0.001627218672096517,0.003471757673393548,0.0014218153676479849,0.01929664975260101,0.01566632251005845,0.010449513161539484,0.02323546970545906,0.020807810592649037
neuron_820_count,0.08219272652029566,0.020841607277712615,0.0007631050408812533,0.00467322425143054,0.0007408383282131656,0.02437441607082022,0.01951476367564836,0.005975738717128254,0.018888462198110023,0.013665508454013528
neuron_821_count,0.06047246339192516,0.010817776641787333,0.0007401013303111811,0.004224860122741335,0.0008268843384910407,0.023483447590682674,0.019802301044546583,0.006964550940618472,0.02147582593510447,0.012136902867625352
neuron_822_count,0.12549450163569953,0.001985283796848549,0.0005146179592378942,0.013709311083395057,3.376412901407583e-05,0.07811561028784267,0.06361432020241131,0.009109684589104425,0.014047806982474084,0.05079571249169762
neuron_823_count,0.08581739391378304,0.0023908940616124467,0.0025273777829794217,0.015569330728370856,0.0004268044806456789,0.07774644831564395,0.059923827764207876,0.007708525123851617,0.014005040789964743,0.034869237968024575
neuron_824_count,0.06064617571709777,0.0444042033083403,0.0008838568064360036,0.003416252078822929,1.0891870634710662e-05,0.029051097166452988,0.010214529700375008,0.00641960772277704,0.024407560748849158,0.012956180716559101
neuron_825_count,0.05782145335877423,0.020665707896586852,0.0007317097534445989,0.002817965318883262,0.000255909203543226,0.010512729532757253,0.007256341008480223,0.004972821442416418,0.01639363548082305,0.00992435569712076
neuron_826_count,0.07663131773675286,0.035415256597078976,0.0015121586064783532,0.0030362428000258873,0.00010686930247771811,0.005070128829211408,0.008147588104104556,0.0027570518408245315,0.015103415373404469,0.008713275781369545
neuron_827_count,0.08142853492771798,0.02435566024011747,0.00034400692588303506,0.005839259553403857,0.00016281344463657012,0.03777067941090445,0.018184517913805,0.00914574248456064,0.019259115383662012,0.014679771884828205
neuron_828_count,0.05416510386559653,0.02911780140563397,0.0007438161345008215,0.001172194573191291,8.0848506781913e-05,0.011367481545486877,0.005771356336908479,0.0033649738243638344,0.014467797807458938,0.009046209958244011
neuron_829_count,0.026886123117402128,0.011207820850744718,0.0013371258073135682,0.0015888626794034223,0.0004701197661395734,0.0005766128794565733,0.0024366203471628597,0.0004538307195403671,0.003154466871324188,0.0027872201595822224
neuron_830_count,0.05772464854902459,0.04485726558605413,0.00032687401245619883,0.0020992546392324604,0.001003714915212766,0.005508351982795076,0.005700231814806979,0.0014135499077168497,0.012706403162524624,0.004226437165333927
neuron_831_count,0.06864822225223566,0.03202820156248409,0.001787071776713358,0.002321194715292428,0.0003857232893572562,0.0021900022650606747,0.003049981058932994,0.0029866369521621555,0.0055102282078862905,0.005428050380772466
neuron_832_count,0.020251837013245552,0.03799936000242227,0.001794137606021328,0.002070130189672368,0.0016998067429198072,0.003332607175838914,0.002830605002684408,0.009980480720148281,0.003238430610981946,0.0014119802941670633
neuron_833_count,0.0030704114231367083,0.0022369581152712967,0.0019263925596403053,0.005160304896489838,0.004719908780935776,0.0042219661608613734,0.0020528367575307835,0.003505696903735721,0.0001881418955515411,0.01030416127512912
neuron_834_count,0.0007280023438299664,0.0022069348855834094,0.0023785013907316258,0.013206326778321092,0.0004209867833900819,0.001567935018139361,0.01225911567986479,0.032558069105681875,0.004459639466794167,0.007244760142625595
neuron_835_count,0.0029323419795665093,0.0026464813768188947,0.002563575738710938,0.01291221462127791,0.0011287498449058624,0.001988002097569018,0.01042441890061227,0.03121779594420787,0.004027784425384706,0.013788530049786862
neuron_836_count,0.000596211186269912,0.0010000159766716445,0.004211562192475551,0.010020495002587948,0.0005106192422708392,0.0026418565058116614,0.012261077444820925,0.032417056260891364,0.006620310525248516,0.010184999765266267
neuron_837_count,0.008158037312179789,0.005505341968763643,0.0005310441734109259,0.0033846424671576877,0.0013685274810019514,0.004800698210853195,0.01190891668433261,0.014850513575443341,0.005959347136821315,0.008325632873488267
neuron_838_count,0.0035093580823024537,0.0024657098510043607,0.001180971782295457,0.006907400147464791,0.0006690098963369889,0.0021117304449468147,0.022471918585161066,0.03346760141519828,0.008319804373316572,0.01060478843250641
neuron_839_count,0.02838980510635565,0.024028368720587973,0.0006164479338353311,0.00352298120990531,0.0004886907347960764,0.0019419872257040866,0.003569723731824348,0.00528586230217698,0.000567721537396741,0.0008194072903018497
neuron_840_count,0.004031945121928261,0.0006884028062876628,0.002175397421836464,0.011051374905266365,0.0024219090064887747,0.005360079817066259,0.008862458671963391,0.01813456755194154,0.00667007019776282,0.010325348052973013
neuron_841_count,0.025252508137452556,0.0054911234613242085,0.00011824985150573394,0.003612088001190873,3.36161823626625e-05,0.004201714817910776,0.004798383264184018,0.0050512958933547,0.0026809338812119887,0.0016556536064337712
neuron_842_count,0.004732414543994368,0.001957812485930295,0.008589699186129354,0.02112153933458255,0.0026756308306967597,0.006463609031344422,0.019418584304415898,0.026071609653383204,0.006415065014389598,0.01282930356708116
neuron_843_count,0.03886870749105155,0.09154668274025374,0.0018628738862137041,0.003997781666945199,0.0010771148890756574,0.0015037383944554762,0.0005886898048507883,0.0033789620634216352,0.0014154470246832904,0.00041381822298359495
neuron_844_count,0.027637776487234367,0.05505053382065314,0.0033375354100288607,0.009750065055357034,0.0001331448251887593,0.0030930296621607054,0.0037482340022278876,0.010658186327640443,0.0014245510935264433,0.0010465970709152787
neuron_845_count,0.026809039680921146,0.08450563277951104,0.003577050224822541,0.009645879053082514,9.683928421399895e-06,0.002687512427672893,0.0006736145409308274,0.0076200791845801655,0.0023991952115961154,0.0005349214009735216
neuron_846_count,0.006436465433987473,0.02384273499121793,0.0022892300723588582,0.017670046257354008,0.0004998643618451433,0.001118817107596596,0.011577327351131025,0.03192485124247671,0.004418795474154073,0.004193811769898172
neuron_847_count,0.002600334920876926,0.014510905359518142,0.007898479804477054,0.03084001788652685,0.0027709745252293763,0.0022897374645776195,0.01480203635306776,0.03246886780743791,0.004924837509738732,0.011267344752598621
neuron_848_count,0.019112170213730337,0.046556373866736334,0.006701877115970964,0.022379860503340065,0.0019860479035177098,0.0023087915451935545,0.008746771257533911,0.02048459364697333,0.0014094259912624287,0.005141163454221935
neuron_849_count,0.032243839167349075,0.08789344612359248,0.007560659609581549,0.02036922150858715,0.0033427239000581727,0.002350243887178513,0.0010983218951833122,0.008060461010821057,0.0005023168169893018,0.0028622441105963167
neuron_850_count,0.037065953147045416,0.07484335227678182,0.0068629621282375874,0.01976722213230138,0.009526726511082856,0.0005457444622886318,0.0022341264118595286,0.0018185432294012885,0.002181009350653712,0.002961732576322297
neuron_851_count,0.03521301451009273,0.09558342009549992,0.006839872568223632,0.01609729733571194,0.003792512115235805,0.0010892621426667297,0.0010471708528946716,0.004027183883144013,0.0006718720608336511,0.0017682625455551562
neuron_852_count,0.02942119443611446,0.04677309498768295,0.021792345830612,0.05595901547838611,0.021999312224544446,0.0007396142748453995,0.007940343590058102,0.003226606986332349,0.00013510645484921847,0.01403298490707594
neuron_853_count,0.014462928694073937,0.05649785556647306,0.001918718057674042,0.0007308595524618804,0.0006410060095736842,0.00146132649095964,0.00559819650663603,0.004982468579568255,0.004701454065189676,0.003162623860710062
neuron_854_count,0.02383258581698107,0.030192286295907353,0.01880076974565162,0.04897054648940102,0.025958940029290473,0.0011758369984226878,0.011102014135847715,0.006170730741054897,4.193032915059125e-05,0.01423031147446785
neuron_855_count,0.02787213850695383,0.08793263409102062,0.011820799441230323,0.015179216338976634,0.00395165312303903,0.001920354478774526,0.0011898083169873744,0.002022750984664,0.004098554845553756,0.0009764041768358898
neuron_856_count,0.06166068078440426,0.08033035899264768,0.011107218225482399,0.04090398002525389,0.022874891771650113,5.980738534290108e-05,0.0055457314750833805,0.0020955993175807985,0.00047015244865313346,0.007002322510511957
neuron_857_count,0.0301484372370458,0.08261457579568551,0.00983467274388583,0.015903670649368803,0.005510596667299618,0.0005362417591593671,0.0004249042309865808,9.744050243210966e-06,0.004850783173314881,0.0007103624353846701
neuron_858_count,0.03189864976999221,0.047217353099290066,0.01811796171528446,0.03443811383100853,0.016227907120484136,0.00010362602093860057,0.0034566675814695566,0.0016763402465255206,0.0005372361528450022,0.010000836293114795
neuron_859_count,0.008866829181901993,0.049495007003507285,0.0034593307710449536,0.004047694819031358,0.0026507589318052124,0.0003239798243791017,0.0005315690553433809,5.722865184340335e-05,0.00679363067282486,0.0008315258785317713
neuron_860_count,0.019637266193944153,0.051413381166180314,0.0029310911735968177,0.006924297711978215,0.002506297028497733,0.0004171369685521814,0.002016955376921231,0.0012095917948253057,0.006861201307367899,0.000552627303270041
neuron_861_count,0.07856134394363512,0.08103046394937935,0.024598709931983403,0.03227031760968267,0.028086150760063683,0.0006283553057287901,0.010405999984560987,0.0023360664773148243,0.015871221679428907,0.010208374086662891
neuron_862_count,0.00723810136502058,0.039498802762770374,0.005168011519411618,0.005443550693730356,0.002537338713431092,0.0012762819103315122,0.0008906942823791036,0.0001314245363301875,0.008708253854649572,0.0008852781102403427
neuron_863_count,0.07753085721127789,0.05484138070552516,0.01962196872506687,0.013041646985011271,0.02608122761995768,0.001096890021958577,0.006255768085274407,0.009818540323936836,0.01781098492394366,0.010705507653616567
neuron_864_count,0.1043698149735181,0.06346943101100333,0.025952968399890114,0.0353044845574417,0.050720203277987486,0.003068749617885405,0.016172816273479204,0.003772692815531359,0.016595423964706604,0.021034321943310674
neuron_865_count,0.0026571924180413455,0.019023590656504052,0.0034834838725042415,0.0014032467751902873,0.0007787199909748341,0.001301786080664993,5.813642684978802e-05,0.0018654130712171934,0.0017987972492777217,0.0007532902309752669
neuron_866_count,0.09528025975861873,0.03388971327891854,0.03249081484078695,0.027605274101944632,0.060907933136232745,0.0023764500381950153,0.0038321076899932374,0.010904378477585824,0.018140416364322356,0.026326908925939002
neuron_867_count,0.09764166611081668,0.041187656468132355,0.03212879424386872,0.026518395748359597,0.04906107966119741,0.006500637315804497,0.013514443647251947,0.006031212120742466,0.017144227355620503,0.03511949874632786
neuron_868_count,0.018024676774694895,0.02607163967605955,0.001381619002545964,0.0010695946271706905,0.0030011783349125354,0.00048483923345814077,0.0013272072573788443,0.0016860323377146103,0.014291202925664395,0.0021091226501000716
neuron_869_count,0.07385450199480326,0.029114380082754465,0.01968098223691267,0.009568770642406466,0.02607074094250808,0.0026903768371502393,0.008150195362655849,0.014208788255706817,0.019663245186681222,0.014310858637957391
neuron_870_count,0.06007337851448033,0.019074428160825413,0.0042801975226016,0.0007612305421582852,0.012812746927328048,0.0027788369353828196,0.010063251182686403,0.0037759570784954358,0.01915763494518477,0.00456448588264468
neuron_871_count,0.02718049646242643,0.015115708598120677,0.0030568986592763372,0.0018946707968308142,0.01281005839052378,0.00016522739158506602,0.001970047117124868,0.0018195019595738,0.013762209002874816,0.002591859824067363
neuron_872_count,0.15315610771679897,0.03379087586923797,0.016583155877474137,0.0009299074226793505,0.02182383520745408,0.02211314342161058,0.0330780418390792,0.019223461499369515,0.024079497336295427,0.030801728291641198
neuron_873_count,0.05914950268096236,0.029774302551595508,0.009911773074239585,0.0007083965319578493,0.013938993974239325,0.007973776583487024,0.010109148906302962,0.00584383756999849,0.021785140447845047,0.00893464164480505
neuron_874_count,0.07780926177600156,0.02099671079853048,0.004726227941545327,0.00022094960691112012,0.012843572118088953,0.011651275668816477,0.01689987050881761,0.009084239624621085,0.02705998141488042,0.011621405184139552
neuron_875_count,0.12195127151497329,0.01690439778132828,0.008541827704247482,1.794861103783475e-05,0.019106411759345812,0.019811112112159107,0.028354058559009923,0.016127784286143615,0.02349516150150606,0.02486950458025107
neuron_876_count,0.0021896242312194787,0.0043571581327365334,0.00014705018116255904,0.00047322247129077087,0.0023167108817593075,4.172070298166493e-05,0.0005941918450413017,7.920512531507575e-05,0.004012916021894297,0.0003140056721978009
neuron_877_count,0.06019192116469768,0.015361476721711523,0.0037824739479632927,3.8527463282030366e-05,0.006143528074520149,0.004461498559344093,0.01100896823528727,0.0038949086015818077,0.016247748709622048,0.007380743276385021
neuron_878_count,0.04344327820281382,0.014016416150033323,0.0011909652256942953,0.00019314046295822954,0.003189601950423289,0.005046125177177355,0.006497243897452397,0.0064300106850055105,0.019693420449351448,0.006025593887508472
neuron_879_count,0.019604341892461123,0.013712319230847606,0.0010810444273426263,0.0004418659248740988,0.0025119813580826156,0.00034718169092087976,0.0015761578477720712,0.0006877511102760022,0.013217705784051653,0.001840132295822315
neuron_880_count,0.07309692754239247,0.01251890546471486,0.0014952476983169614,0.0017731656588623086,0.0016799128239597047,0.016922050805469394,0.021643948262351304,0.008734900790756533,0.021143199847823438,0.013112953444415723
neuron_881_count,0.12138971739108137,0.007429342989266924,0.002211822253125939,0.0055097165854113145,0.005957196333908038,0.038819630371561276,0.04249895124799763,0.011887979152800252,0.02113020737246915,0.027374677657162977
neuron_882_count,0.07752710918721445,0.007336212228436535,0.0003063284392672231,0.0028905403839754665,0.00363551139489917,0.02407057362452189,0.02023678466898325,0.008913384083546985,0.02365089740644849,0.01486234943169401
neuron_883_count,0.0906141848963726,0.007757774967824815,0.00018285953042877084,0.010162324434684525,0.000244676543090096,0.04293941417231886,0.04025523940423523,0.004596155752209778,0.016745570878948693,0.025491843536097597
neuron_884_count,0.02140586407688487,0.011338994894299292,0.0008180061363396475,0.0008959431690625519,0.0004240227458438602,0.0013224358980531287,0.0015514829588135978,0.0007954308664373626,0.007369403032004,0.0025376534783561958
neuron_885_count,0.0934645169692235,0.017502036971563828,0.00023944147370532146,0.004398994599717092,0.0006506823892114277,0.03527047553974216,0.02937494763645082,0.010644936292794449,0.025081613688387405,0.021071108264757415
neuron_886_count,0.07414561553868487,0.005051055384034754,0.0008219768262165417,0.010131644145333324,8.60586250862038e-05,0.059063457453711415,0.045234483952284965,0.004424919685424675,0.016674477992600578,0.025838138744985834
neuron_887_count,0.10500076511155809,0.007804445258225504,0.0002784413619872899,0.010665918961152071,0.00024141113263256245,0.0452372558389085,0.03622753837228759,0.006126724125942007,0.014261932737820254,0.029598923293494728
neuron_888_count,0.02672363080957668,0.02248202705966565,0.0018562550256779123,0.0007363683010625753,4.8243911303487864e-05,0.0005079850223944013,0.0004706800493772534,0.0024248123869337196,0.011328653003481612,0.0038894299602817844
neuron_889_count,0.07729354419941348,0.023334783472970633,1.1229701410221324e-05,0.006138436932257879,6.304504216399394e-05,0.03441930738359314,0.02020344074369078,0.0061534147359332825,0.018988147071781314,0.014905325452775925
neuron_890_count,0.08812924623808743,0.03211092442922836,0.0011088109757503226,0.005305354648617963,0.000954841395900013,0.020293383976113147,0.012934216280583055,0.00587175090002906,0.021431032112374168,0.013363464530658328
neuron_891_count,0.07093059306959806,0.03572481044034423,0.001191743824536011,0.0030487739729695915,0.00028400557204450285,0.015325245341002727,0.010301261949190732,0.004572795735859246,0.020914785953437223,0.012535342120236645
neuron_892_count,0.056352418399301774,0.034347079021321225,0.0009233811662366156,0.0018421247450868018,0.00014051210925728548,0.013605649375976886,0.007628817602257788,0.003729976492201706,0.01350200773034227,0.007713241360792489
neuron_893_count,0.05768831851700551,0.03062997459431463,0.00041520783469039917,0.002814375805602398,0.00020334972777362893,0.023701022522586615,0.011340847595539452,0.004039444123301018,0.020943651534949467,0.01028336782666954
neuron_894_count,0.06488212677208793,0.04601567121580771,0.001042018225504076,0.0024975641720201627,0.0003626517577140914,0.0122330714661497,0.004476581049970271,0.0034309894122788176,0.012461456590949757,0.00756443700207593
neuron_895_count,0.05220242923381835,0.0007781926861075376,0.0012356849317304748,0.009054699322473075,0.0012601922752425426,0.06465558714768946,0.03823235325046581,0.0069412873204606,0.014930997129240772,0.03019094574960411
neuron_896_count,0.0049394201121236506,0.005308692959169227,0.0005566131228500974,0.0010982296031433903,0.0016779783156146352,0.00352658812453982,0.0012206635993836715,0.003439298836874667,0.0021830673033062936,0.002568922666752002
neuron_897_count,0.0029420216628986556,0.0053373989816754355,0.0006284929912383349,0.0025884100776508746,0.0016595772793398036,0.004412377407280732,0.005021412513739346,0.011941417364189452,0.002503869014292847,0.007648810197613987
neuron_898_count,0.020985307602519654,0.0001330190652743266,3.3184448575358187e-05,0.0009410948932449016,0.0012599916336383942,0.005167300823135983,0.0042842307713674005,0.004895386458399209,0.0035122924294217206,0.002431774410641338
neuron_899_count,0.00036591121405692324,0.007599307510782097,0.0010214860219232916,0.009738493192500336,0.0018014895364225347,0.004324693216092981,0.011343313594602111,0.01673009435004133,0.003532702078496777,0.012266997348856473
neuron_900_count,0.00016478364302857477,0.000767888368530395,0.0009023407716428934,0.0044104217240482566,2.7724581321973652e-05,0.001954758323496661,0.011330803705680015,0.030123915893705555,0.009021695478965489,0.0071322734333558735
neuron_901_count,0.020464312253522465,0.00014161490325419364,1.2117328763016234e-05,0.0016749564050182568,0.0002785251826754494,0.0053367446306032545,0.004371772527349896,0.005300837322106275,0.003153275816534837,0.003836168911028351
neuron_902_count,0.0001538407488215496,0.0013530447674516104,0.0008350158786124655,0.006400170202623866,0.0003411440407158281,0.0023819699782712256,0.012540511053668699,0.03514824546973652,0.012816628538982577,0.007780775088618394
neuron_903_count,0.0002643834761413173,0.0025864063891106043,0.002352562002261367,0.008717092014039501,0.00017087514777822457,0.0017615180895725127,0.01245576274945745,0.03856757927255708,0.004824650898740998,0.006530519724095504
neuron_904_count,0.03874064824864816,0.10829934492352233,0.0014445513937534557,0.0029712093047244356,0.0014548041679485271,0.0010181355490848504,0.0006451235532412107,0.005889963124777915,0.0017023917960085413,0.0007386266062560272
neuron_905_count,0.003756862520511134,0.0003298480531366921,0.0016367895449243483,0.011106426511015538,0.0009386353202075308,0.0030560561427882063,0.017416678886457718,0.03217784294854509,0.007181328964161973,0.01020925001971501
neuron_906_count,0.0038209823421384154,0.020430041269811808,0.0024941345726371966,0.012654099987730288,8.230675682640957e-05,0.0015987960596026002,0.013176309888244503,0.03849002322542103,0.0034551210901861765,0.003393186394152682
neuron_907_count,0.025810654414295073,0.06001848951737798,0.0013896421947079685,0.007387930891261364,2.2851831308121897e-05,0.0016417508327546439,0.0013418607745029794,0.007562475207089275,0.0019843185675853334,0.0005275038448920456
neuron_908_count,0.011050710238912284,0.025954590968654254,0.0014540343981782784,0.014274010528252515,0.0003287108475491865,0.0015189448573789815,0.006132029586938308,0.023299712999348146,0.004524497593899626,0.0035653600214765394
neuron_909_count,0.038481403434580896,0.06685604927985128,0.002845595647885682,0.008550342149266948,0.0003007005483425182,0.0022907729972935637,0.002083154123313745,0.009760731768016007,0.0007273210408268675,0.0022997222272230153
neuron_910_count,0.047259705078047276,0.14274454538099485,0.003245735785178866,0.005470247719270585,0.00040829147565301163,0.00034729214260247575,0.0002081679701046047,0.0005127693607495376,0.0019305283120421846,0.0008421639811014431
neuron_911_count,0.010528736998909716,0.05278985596758837,0.006975696002710197,0.02956679193859385,0.002233430150055296,0.0017222379585738606,0.003560590857640003,0.015008501902527546,0.0015129240332883431,0.00510516475919566
neuron_912_count,0.03810031862987376,0.09678401547961585,0.005542598475472241,0.01432130042869742,0.0022468344343876123,0.0022186363317309304,0.0006853967416733248,0.00646898936278173,0.0010916100167436583,0.0013476524799042391
neuron_913_count,0.018625553091449434,0.0635295620343812,0.000541914182342897,0.004677923002610971,1.281448229822858e-05,0.0007046819562788117,0.00042743950341082165,0.0017364316336659566,0.003278980752856854,0.0013517035795184706
neuron_914_count,0.02151515182326129,0.06590924180452007,0.006614495551132853,0.019818054103365165,0.0016385745222128253,0.0011272045590044327,0.004082266121715569,0.010074187540484045,0.0010317835490190712,0.0025040440205818873
neuron_915_count,0.04206922564086385,0.09627556645339788,0.003801041930749531,0.012990304571639369,0.0012347753342204816,0.0012138179217304479,0.0018813957955915173,0.0024846006000417906,0.0017459352888326632,0.0007342325822181934
neuron_916_count,0.02605134846670902,0.061474089029393,0.009269668956514779,0.0273920139681339,0.004539836750731649,0.0012754295269473068,0.006971030886467375,0.010524906663374203,0.0009164023312419993,0.004741519947004336
neuron_917_count,0.030427756375079287,0.09437791312396968,0.008638432528698253,0.008721190097781426,0.0006401757581181479,0.0012743715356168805,0.0003892975908764097,0.00013212382115437675,0.002822653541253224,0.001523919675984902
neuron_918_count,0.02738995186489139,0.07925155261326089,0.0033776220719289735,0.0070791163206962715,0.0010075783713287857,0.0004555855084125166,0.0022413376634347615,0.0015546943245410283,0.005282702925377178,0.0009939107490033964
neuron_919_count,0.022531171879784928,0.08294977142882079,0.01053271239196571,0.01486702327372702,0.004733273936385854,0.001399277833071571,0.0011828172769069618,0.0005334905581482023,0.005579665246828069,0.0004265107928963423
neuron_920_count,0.03698440000020127,0.08320822303819436,0.004421815485981022,0.007516222428536057,0.0052009493905245535,9.892674413075229e-05,0.0012232145609868614,1.3319837605994464e-05,0.008679172750300265,0.00046985599149486704
neuron_921_count,0.06440780948831548,0.12222917439511613,0.01274361928048752,0.028001901234736462,0.012859026461998449,0.00011127156624406859,0.0018351539275976991,0.00010482773913755947,0.004045599174647786,0.003928420817677171
neuron_922_count,0.038146109980052856,0.10012394593629934,0.008775921618288121,0.01225782301957587,0.005627970951499618,3.0670795293445685e-05,0.00035672401204358065,0.0010532708862621247,0.009106038843439121,0.0008674065098696077
neuron_923_count,0.06660604792160432,0.08797269433282681,0.014955341799183522,0.033465483154007436,0.019761580886617267,0.0019316684077489502,0.00684537519749126,0.0013121724776241316,0.0038698039947015622,0.01063080598386984
neuron_924_count,0.05206016028154972,0.10637580008076844,0.011049286610006051,0.020534753490423385,0.010794366545524958,0.0006122282769901559,0.0030958661769747847,0.0002796633936019456,0.011629321346248403,0.002886914079865917
neuron_925_count,0.05302711701105116,0.06693865730007126,0.00644182512961447,0.0148162370610454,0.010177368348892303,0.0027555244622202123,0.004118846534259292,0.0031734918527112216,0.010240041056173092,0.003226163263541139
neuron_926_count,0.011137176667885086,0.04241625181129932,0.005161861941540658,0.0071418780027714054,0.005695830421207505,0.0009653144053421055,0.000788010783350381,0.0005578194230806688,0.007992671033372777,0.0008776295343452846
neuron_927_count,0.023039628712492488,0.059456989573037744,0.004098544721383823,0.006183221923849083,0.005337889521221946,0.0002654718189946041,0.0010084625664261073,0.0009658336927872956,0.01176895531513368,0.0004191720594584839
neuron_928_count,0.009601636523749846,0.051101664847936684,0.0033695164429984603,0.005533233402201028,0.003646642493345696,0.0007068208926698681,0.0012273205318412087,0.0013001625322605244,0.009527756973842179,0.0005062456693139504
neuron_929_count,0.12986279179906576,0.08093518755132412,0.02807144036212464,0.025845342375668906,0.036841036117791104,0.006645949886137696,0.013493037501186592,0.011440054924410747,0.015036057460112995,0.01820701258784213
neuron_930_count,0.0195486877170317,0.0396059265124863,0.0026092459098473082,0.006809528293629019,0.007169208942367805,0.0004217694517823882,0.0007921441182258925,1.7673893289973843e-05,0.010337447352569848,0.0009350506335075157
neuron_931_count,0.10404356843700366,0.053186596891882265,0.022914007010233148,0.02353514686371909,0.04176305400318678,0.006271786192897269,0.017603296813367114,0.006521994753925661,0.021170328656094667,0.023892026514930415
neuron_932_count,0.10806542057495397,0.03866034000116597,0.029513023813860922,0.009543646502363307,0.033956118233641086,0.007773082808810269,0.011063857534326857,0.020904117882490483,0.017458491920017666,0.028800322872249512
neuron_933_count,0.11070683778426235,0.033602790153189094,0.018310511713980016,0.002017218698447551,0.030468969572342963,0.008067124062461795,0.015543041809165561,0.012112305696371478,0.027691266985521823,0.014553259514448816
neuron_934_count,0.12359476075324641,0.038185494118054636,0.012443511181582545,0.0023912946603341645,0.023068522529708382,0.009071877365428721,0.024213947376510517,0.00845661057619028,0.02548648235601149,0.01803142524277085
neuron_935_count,0.04536230822882935,0.021332441716129746,0.005524754446051661,0.0004880391627709209,0.010634590712160719,0.002320290531536734,0.004343763119046468,0.0038060851979077118,0.016559672617028384,0.004518709340162887
neuron_936_count,0.16826559521705417,0.030918374768072326,0.023935283638707658,0.0037375088510084448,0.03081243636139519,0.0156706879577993,0.04039574953552738,0.012852661329280993,0.03041442581562312,0.04401932932529315
neuron_937_count,0.06440532281310843,0.019336761482790968,0.003420656802957757,0.0012123888006560016,0.01680819565058321,0.003422458141388203,0.012056733158183952,0.0042675459250118425,0.02695096221073036,0.003745575041775785
neuron_938_count,0.04118673451495192,0.009577212612434154,0.005200343516715694,0.0001266910527617461,0.007110816531455767,0.007219246087672319,0.012653143981985512,0.00447625966171783,0.017046754144269594,0.009273296623765505
neuron_939_count,0.08641731151233248,0.027499357624300017,0.002977914558637988,0.0007551500700357372,0.010190420555718963,0.01852045910590927,0.018989198144716113,0.005938991343244514,0.02472200281319681,0.011671140881339678
neuron_940_count,0.04639919311980295,0.0172916542338684,0.004148525918706278,0.0001324441860998185,0.0027761221376962283,0.007350815958889201,0.006654435387354038,0.003837311603400048,0.009747320491239914,0.008634994618810482
neuron_941_count,0.06715507503505197,0.019191028845166935,0.001659116348442128,0.0010093013637968093,0.003044153785145491,0.011732922519986963,0.015335766931165978,0.004208032963273781,0.02064337694967701,0.010019306988064997
neuron_942_count,0.06991474003073106,0.029369788653816287,0.005041654071877934,0.000929409536950792,0.0029912713377708844,0.004288358884361881,0.009490332372907195,0.005484357543956334,0.020364672917026275,0.009019734721100917
neuron_943_count,0.08989591906759539,0.014778921660415875,0.0036182927063713385,0.003053018636102668,0.003695048121047914,0.025296663481193596,0.0256746234936589,0.008162492112919653,0.02123561202687968,0.020798738919199047
neuron_944_count,0.08861734027150833,0.01831095139561123,0.0020946021888286134,0.002808868194985485,0.002555233911170393,0.023290966371261657,0.025669701852894522,0.007262356202967418,0.02467442057871584,0.01857377149095156
neuron_945_count,0.10333474840713891,0.021182231252704242,0.0013466264877353418,0.003414034573666104,0.0025613229083493103,0.027317166645663013,0.024072711273015496,0.008947842771955539,0.02738422818006095,0.021496195522872963
neuron_946_count,0.07089732744029931,0.023298377312635038,0.00033607221620473443,0.0018764753353934724,0.0013594606762737972,0.013493011115091796,0.012602397727213943,0.0037799664184893847,0.02004630596268034,0.008587962537838473
neuron_947_count,0.06767782155153737,0.00980223446221093,0.0005294436507169483,0.003328533452620318,0.0006516194740658655,0.018886076345972308,0.02157912031381773,0.00455660552242227,0.017894752197008992,0.01376376403666664
neuron_948_count,0.0739815480680713,0.01525538410086516,0.0013835879358831682,0.002902977403235543,0.0007262097771483528,0.020840703005510122,0.018144060256181718,0.00736828691316091,0.018007577741746716,0.014540225031566115
neuron_949_count,0.07800675710644037,0.021355587567055967,0.0005904997140976018,0.005777668260061257,9.013147507753658e-05,0.02469103072027018,0.025276582989969848,0.004463947228423824,0.016401897147445818,0.01402249081537546
neuron_950_count,0.036964017967473214,0.026318263966007643,0.0021395546663303747,0.00046628692407814885,0.000279812191740161,0.0027034200834110955,0.006338293689404417,0.0007749041312636561,0.0076147721837105525,0.002805456384124702
neuron_951_count,0.08841746228763145,0.011008192179411166,0.00042108055484851945,0.009633855341000516,0.0005510658923790508,0.048179510164812284,0.04045730670173783,0.005381648311013357,0.018693748361459248,0.024021676098509206
neuron_952_count,0.1047777605000696,0.0016997886638971775,0.0018426922408717634,0.015949133375206564,3.477865227462934e-05,0.08488921506697494,0.06543463208211062,0.012407466509782625,0.0164272407258243,0.04387653794062488
neuron_953_count,0.05159183578978849,0.013436835106114597,9.385763940313908e-05,0.006920338398614272,3.427663745573899e-05,0.02126434637640999,0.014476274190961702,0.002958934960203871,0.01761317673705054,0.009485788130860817
neuron_954_count,0.06506560569673206,0.0481235316583116,0.0018245441729804884,0.0007106591681571954,0.00028889193879287796,0.00787201144530017,0.003849919670813426,0.003715124083949105,0.012730486008182343,0.0066092189888863895
neuron_955_count,0.07062605421985155,0.02883399276861119,0.000425505189206761,0.004006652184273797,0.00011572175894969654,0.02038723761249056,0.007191648767609388,0.004923091538355837,0.010411866173362122,0.015081511867640188
neuron_956_count,0.05354085190042157,0.034662914075730605,0.0009546745306032896,0.0013480919258863702,0.0002502805605347812,0.016790094149303214,0.007126805932378494,0.004818919026694325,0.015955760188249762,0.009278175300891131
neuron_957_count,0.06842700974456675,0.040231537851214805,0.0008592510820030971,0.002310049243845213,0.00042209220557662755,0.01099423726503225,0.009109761405617908,0.002693238720402863,0.01727179313661374,0.006556064416378855
neuron_958_count,0.06713703173483668,0.01608283804507922,0.0013285997691267377,0.00990211814733799,0.0008494142519703402,0.046332617359394784,0.036034257028758135,0.002369488078211149,0.017659659760401195,0.015802073488299026
neuron_959_count,0.050190313525796504,0.038474872673737226,0.0008117265225324743,0.0014253723209413476,0.0005367791238210674,0.011065339089453702,0.007633516132390106,0.0021466760355662515,0.010861840829223993,0.004333979946337711
neuron_960_count,0.0023629716588563707,0.0014908023205396914,0.0024740952508681205,0.0072506040645492625,0.0004005631996322253,0.0022129597602238774,0.0066650604250915735,0.02581676229398769,0.0010963021789931159,0.0045491446138827
neuron_961_count,0.0017777522657142844,0.0037939476914810033,0.0005188566173095661,0.004609082852695491,0.00039759891568286795,0.0007264467521024623,0.00820409560379741,0.030282207581955878,0.0055198833329694955,0.0030925782614282457
neuron_962_count,0.00011834803705901417,0.00042507066822916606,0.0005080210002270415,0.007198740194870171,0.0006435538193977138,0.0017738884665077469,0.007591762124579793,0.02013649808094249,0.003916396595431103,0.005325755556532294
neuron_963_count,0.04918694210558569,0.10432982753868603,0.0013420043389139082,0.0011511161444663597,0.0019025735549161107,0.00027610385819091914,6.242375884871892e-05,0.0038666913980567735,0.0007192044887771414,3.905651934995886e-05
neuron_964_count,0.03171832925962087,0.004288763903034294,3.71655598884954e-05,0.0019175930429346025,0.00042234156044514246,0.0028040150226853813,0.00410732766670531,0.003996553402466373,0.003982559114448489,0.0017214510425487273
neuron_965_count,0.0005581508908903444,0.0016817275651842259,0.003046152786029918,0.009619500161097985,0.0005515369752534943,0.0028230997325126087,0.01304566778617601,0.038402744042190684,0.006330911689488412,0.00841860183117557
neuron_966_count,0.009074090652277614,0.0010329534042440927,0.00025070074086364427,0.0040000104577230106,2.5910381751488576e-05,0.0030772578742076714,0.016760183300280798,0.024633245448356086,0.014520769926857968,0.0062370919975218014
neuron_967_count,0.005192419554034801,0.005388554043650122,0.0008840087900961052,0.006253348880423143,0.0003593226381177141,0.0021721487819400982,0.01937464656582101,0.04453358323686782,0.010366186355240267,0.003553119831384441
neuron_968_count,0.008424043435916712,0.0009409161769802481,0.0008043988954600997,0.007309145745762871,0.00026658709817383927,0.0033062733938026903,0.016461479915856364,0.024838973602229197,0.014002112549259732,0.006186476245340376
neuron_969_count,2.6059712346023032e-05,0.006606838103620838,0.001805517510907441,0.010373146432315239,0.00010131346340100031,0.0021824618512692046,0.010937116889011264,0.04160984850338037,0.004032170732828751,0.006950412304313071
neuron_970_count,0.02080009956853044,0.06307287676656255,0.0005138465292449483,0.0014023055879036732,0.0030001478804552034,1.21650324251262e-06,0.000880347114961693,0.00015861292024045614,0.001460450706898789,0.0010015263635001024
neuron_971_count,0.03606904559002608,0.10268689588433699,0.0008578432939542815,0.004499732272516446,0.0004298457563245428,0.0005565300791626933,0.0001306502152087028,0.002166295031422967,0.0022849690902688458,0.0009786938321498552
neuron_972_count,0.03753527763585163,0.0724568917387475,0.0013523811575693566,0.00849208063451777,5.308446917155936e-05,0.001962677923448331,0.0019477510320889055,0.012112233542992387,0.0009421929358466828,0.0024394947955122953
neuron_973_count,0.000487435193466685,0.0011019395127454617,0.009497602730713858,0.029372201790755892,0.0035821756004440486,0.0032672415441510894,0.009975092880237776,0.023387768672431294,0.00498092820827397,0.020453985421790263
neuron_974_count,0.00591681133400334,0.010144136493613634,0.007440564709564557,0.02290532885964737,0.002238125014093019,0.0016815516534257821,0.014392267577191337,0.032197166334968136,0.009585117089203427,0.011600434215400732
neuron_975_count,0.015714753108489563,0.030968918482211158,0.004338360743952503,0.01830470435833237,0.0022171376335110224,0.0037291277487796134,0.009109981323573296,0.028907615036767753,0.0030372733474142433,0.005631257798510564
neuron_976_count,0.04959560558208992,0.10786791435757279,0.0011070045053867515,0.006761711886025139,4.440736121573549e-05,0.0004054366940370417,0.00040183958356799707,0.0035558346737432286,0.0011065381215422717,0.00013335229449672084
neuron_977_count,0.0347097769187434,0.09751933564608595,0.0035636550704313263,0.010010377788408242,0.00021704051977288066,0.001955223153852881,0.00021577746999517245,0.0005005979017789972,0.0018662621939069604,0.001044931152105329
neuron_978_count,0.02310128321415117,0.07108034376244335,0.0003778375278151551,0.006338353898356054,0.0004149455243444393,0.00042957789823795146,0.0002880380586114612,0.0006168650625118233,0.005322108566181413,0.001245173120768512
neuron_979_count,0.02837450238110041,0.09187683008596872,0.007128051006729794,0.012377902216411066,0.0018320350978821773,0.0018160047699466858,0.0006521718090492894,0.0022693778218114136,0.003912309257256177,0.001072843486637779
neuron_980_count,0.047593254161783755,0.09334207074934434,0.007524065340032235,0.019776034004830995,0.006469924289682655,0.0002768667848658344,0.0011815113542726838,0.0013922369777422672,0.000649291575557126,0.0036354333372236106
neuron_981_count,0.029792809537359174,0.10070168348346534,0.009100811687166907,0.005627660687611308,0.0011891790918292372,0.0015101542360211086,0.00031128612502132925,0.0002779759730858097,0.0038831850605138205,0.000620075244780062
neuron_982_count,0.029289993650233215,0.09811662888758618,0.007785657182976635,0.005807953281636906,0.00142528744923014,0.0018311725609369625,4.578155753110283e-05,0.00018920262045386133,0.005647887163795565,5.1246707590214303e-05
neuron_983_count,0.04879811220762406,0.11578923271067845,0.005529790959258631,0.01118473099351798,0.003508859472583406,6.09183650552925e-05,0.0017189833671275787,0.0014840513987218334,0.004660859707389539,0.00027799405257568355
neuron_984_count,0.06459252938936738,0.08574169539590173,0.011087241060738981,0.032072503681524256,0.01647084190151689,0.0001572972711551806,0.006713122783375783,0.0006626260621440325,0.000612199107081636,0.0063348441584280685
neuron_985_count,0.012517766991700326,0.05573447095948156,0.008437080799641804,0.012286540452773977,0.001845296722729206,0.0013253806321337734,0.0006539275156935628,0.0036529325086049474,0.0046046249341123585,0.00022987573529154905
neuron_986_count,0.04619584922984979,0.07747834145681795,0.013874253195484701,0.0309512288131554,0.014986400496961191,4.321761312247197e-05,0.003900784842763544,0.00017223210286324703,0.0028309346666190033,0.006741220750196467
neuron_987_count,0.009204292272821928,0.05919482139782553,0.004965357396015918,0.006744344842920441,0.0017815401299840269,0.0016994461784725322,0.0010791170699536185,0.0008019987751610932,0.004663442186898528,0.0004436784732905763
neuron_988_count,0.012630528670582113,0.020398192582386905,0.0013778992140208144,0.0022794475631918365,0.001042298442696191,0.00019822697373905827,0.0009420094670415432,0.0009054635563341042,0.0033857355074030197,0.00032173339586830454
neuron_989_count,0.06720312932942793,0.09102314383187762,0.02298265487921397,0.040519762176054214,0.021975328955670614,0.00042666916441338673,0.006880319037108409,0.004831502540825844,0.012721552858854415,0.011319831548939313
neuron_990_count,0.09189724182687406,0.08058213157347349,0.021687396723008276,0.026345593477893364,0.027699548516804715,0.002380405275759452,0.006911595009246749,0.010008062860033792,0.01464184876553079,0.012580536339288531
neuron_991_count,0.10825087690447466,0.08364433416558475,0.039200520380687595,0.04687984986958105,0.044034530277723,0.0007922753220376624,0.010745848237643282,0.004173921102248929,0.013309590763796217,0.021263574781532055
neuron_992_count,0.06831638410550095,0.04501958665730893,0.01902924868414825,0.009162373889532643,0.01782011169243243,0.00031085520398902236,0.002222862409192821,0.008824566803375553,0.009152554738368929,0.007511707024646333
neuron_993_count,0.024888860280930736,0.030758613978326826,0.010909433455175324,0.007936283835561199,0.012495615662426227,0.0001401858000871052,0.00010605427744084239,0.0016793316333160377,0.005686062292475827,0.002720322919174435
neuron_994_count,0.08264957795972096,0.039750184946331465,0.02329099592204041,0.01546138938474291,0.029398978649469776,0.0018562227283340366,0.012720464093587097,0.004736513702828696,0.015538733997236695,0.01116278474270721
neuron_995_count,0.05916692168363982,0.041960378136159465,0.01472946499775142,0.009659590317065425,0.01436592079730288,0.0037764353964278297,0.006231744685711922,0.009200126278875426,0.011007279778655232,0.008598860989185171
neuron_996_count,0.09716227672429245,0.03904599747950334,0.023360744715285264,0.01245703975674941,0.030838670205521862,0.004974796155421901,0.014672240720495416,0.012911225279438943,0.02244090470494922,0.016981762670161382
neuron_997_count,0.06020275119514937,0.02625627282577428,0.005598321386724912,0.0031376073179648564,0.015465748622053924,0.004222489271260767,0.008826950152620278,0.004231097035123976,0.01736633192091054,0.007311667331367462
neuron_998_count,0.07231143939320331,0.017274959286198807,0.005591183994790895,0.0009314059087811577,0.014254197699935911,0.0030559230145402877,0.007326110336317818,0.008653377532894968,0.017889008703789913,0.00800668976013734
neuron_999_count,0.14021828962449004,0.01750884179247586,0.01962652546841688,0.0018226835469151506,0.02552370104325935,0.023893137643822476,0.04248198088779656,0.014403446363450575,0.028625381936261157,0.043450654494177454
neuron_1000_count,0.11276069544669581,0.035864111902241896,0.010681398035567516,0.0012462360235108542,0.012242448024642208,0.010039252093958284,0.021091506143479086,0.008078584170852096,0.02007600380710213,0.01747185808749485
neuron_1001_count,0.06092613241864142,0.02700891786054649,0.00539016824321862,0.00043386301592394406,0.007145753297557379,0.0030115787395252266,0.008566134071312279,0.0025912180123100897,0.014631839679917838,0.007006937257629839
neuron_1002_count,0.11562791448210896,0.024859000046724117,0.008460603167073519,2.1532676312595658e-05,0.015054970735070061,0.020824072437313296,0.02710224265404569,0.01183174884959759,0.026055463395446787,0.023826727860604968
neuron_1003_count,0.024665862737800692,0.012510051595016197,0.006773666014524483,0.0014039851323821018,0.005328089761369663,0.0006055170509431489,0.0003377231512350547,0.007451975129647272,0.008860359609883538,0.005423420129902504
neuron_1004_count,0.14013266098218605,0.021833784488758667,0.004577340732833328,0.0012660952564177048,0.010033039759084136,0.022699697957092466,0.03781842786940989,0.01092372447657361,0.02173078405475727,0.02170567636320493
neuron_1005_count,0.08555691342415817,0.01778706410217369,0.004984236891273551,0.00019765810728224285,0.0029858016668613957,0.005963601637986329,0.014462587498290824,0.004865303523365991,0.010934951299400059,0.013463545631448817
neuron_1006_count,0.038116904604857754,0.016029802998003315,0.002655940788236999,0.00026874399083959104,0.0044910255881572825,0.00074480445425118,0.00243084886339379,0.00557141694034833,0.014974777993850288,0.004706137491635794
neuron_1007_count,0.1061520360219047,0.02681724112881677,0.004865867596138884,0.0012528304471273559,0.004515311371425232,0.017027584182518235,0.022833834824602925,0.0075053174945501205,0.02254347994676438,0.017303923923978823
neuron_1008_count,0.07310815023820383,0.025521648946831524,0.0025694583187658993,0.0012400903179363536,0.0025829896182656756,0.01405873247391802,0.014201183784108465,0.007594390820435767,0.02223063803608545,0.010740764946316511
neuron_1009_count,0.08063471639971273,0.016949612353383464,0.0011749215771702133,0.0050197887041182054,0.0006144355931297224,0.03155176438154669,0.03170384933392234,0.004268385011785461,0.0187617423556537,0.017322691208832355
neuron_1010_count,0.048171153463309,0.025408042948285317,0.0031366759055856466,0.0010665072134705862,0.0019757893361488296,0.007567334438190715,0.007023959534242452,0.002318986900911542,0.016523965010427646,0.006467744667517303
neuron_1011_count,0.1207338300740165,0.023580661216973914,0.0004552144615228536,0.0044228249415999565,0.00013725450328415292,0.023554956182897144,0.03890160130486636,0.006910370501425157,0.01855307422471178,0.016594864492977895
neuron_1012_count,0.02025392513123543,0.012286861668536472,0.0020081884464403336,0.0007225487436072348,0.00039084049686541854,0.009906868212890808,0.0031333785212428363,0.00131622906888346,0.002511995341875413,0.0071748134194010715
neuron_1013_count,0.09163184007382189,0.02535336818612581,0.001617626285640529,0.0051606624929798894,0.00024676040627379624,0.027588254113592378,0.016200338275742812,0.007560727647929366,0.015354128536907138,0.018768147092069004
neuron_1014_count,0.0938628656662586,0.0040112113060477295,0.00045786762578076123,0.01299206433136435,0.00017420581496067206,0.05216989249460757,0.0485552747303942,0.005008417652190331,0.01823402290323549,0.03390253352865208
neuron_1015_count,0.08534497655715559,0.029330346836255572,0.0004993375814941973,0.005204081915308793,8.288804748708169e-06,0.020772177378020715,0.013247291332102201,0.004023368378401865,0.01695813032370054,0.0132914902946909
neuron_1016_count,0.05796288032443364,0.047270003442329483,0.002444482175594155,0.0019416628704955544,0.00011717118788475214,0.008142477690494324,0.0045640433414379095,0.001998819904247294,0.012580697091158624,0.007245007861570077
neuron_1017_count,0.15445930075793152,0.006453816330622586,0.002468328257607698,0.021889654524294103,0.001222193622546986,0.06880681356724372,0.06482773798769564,0.005490742359097876,0.007702871415715837,0.03857466489017178
neuron_1018_count,0.07565991223768595,0.03746077011656235,0.0019915064109663483,0.005208271568269168,0.00016891866369293579,0.018996288309058085,0.008759417298560293,0.006568494170044362,0.019693234260001954,0.015353976860051174
neuron_1019_count,0.07155942505323029,0.056686025748598434,0.001779118398810002,0.0032715882801778035,0.0001711392683514893,0.015633762980751545,0.004448596527593766,0.005598384339454102,0.014061078895009987,0.009688875763866345
neuron_1020_count,0.056459607250291755,0.040416673962249156,0.0005844026991016736,0.003588695041243803,0.00029069022758010897,0.020065715200463463,0.006159880538681023,0.003626240081701461,0.012717451961671053,0.008720082528828804
neuron_1021_count,0.07614274989450245,0.002338431044818519,0.0023587174431122515,0.01621745157380873,0.00035840849843063113,0.05314461801884743,0.04583759825503772,0.006540896706196481,0.0076390715576822865,0.030953734847592562
neuron_1022_count,0.030058803516600605,0.02004651178097934,0.005339850584568311,0.0003353317153017288,0.00013494247320644526,0.0005169029695242834,0.002663067706615971,0.0006568026378218801,0.00030291933661790935,0.002857533837085445
neuron_1023_count,0.04360937590811538,0.02966513283015472,0.0028388080613518316,0.0015514343629850387,0.00020089106384156216,0.00030872361974286586,0.0015199039651690137,0.000578367469428874,0.004000406194560116,0.0021196459300573574
neuron_1024_count,0.0011099715360893998,0.001425251612960289,0.001014017921976921,0.007740796425967575,0.0015310155830569605,0.0013569360651845448,0.008391167526572194,0.029728068328927493,0.0011948708759948537,0.004409708342954025
neuron_1025_count,0.01280430349505407,0.00138064202597692,0.0003968271312310735,0.0009393848311908849,0.0009609437071050947,0.003197436317725899,0.013926685708120168,0.031901432278346825,0.01190247319879939,0.0027501931391468587
neuron_1026_count,3.8652006156875054e-05,0.0005354263829048141,0.0010258208922615114,0.005361036864435918,0.0008081397217450468,0.0032109088532287985,0.006022956522132798,0.022917094982045513,0.0020747573023013333,0.004484929593158701
neuron_1027_count,0.0005171742517683896,0.004642732233030154,0.0003078317428743208,0.004568271878738393,0.0010052417140617997,0.0017312889349084364,0.015079680586432859,0.034859362583006565,0.007942083754987672,0.007032317069550251
neuron_1028_count,0.003111517786560998,0.006413739021547918,9.785643918062015e-05,0.004588009823325981,0.0012355731740408375,0.0028740519522493096,0.012301140839685906,0.022458547311663732,0.0063552315903852435,0.010063147253002294
neuron_1029_count,0.0005013248943728198,0.00968731318509422,0.00041590903104578823,0.004978436534922914,0.0005365283048013245,0.0005762485835931926,0.009821262040352913,0.04357549103945435,0.007312817431675153,0.0024571923056067244
neuron_1030_count,0.023743991189502572,0.004631799231451086,0.00023574814898259995,0.0037184874763929246,0.00026266445360230775,0.0039956049944150016,0.0075472260663067975,0.014535216462636391,0.0021751890715294986,0.0034918616465572927
neuron_1031_count,6.840151328750717e-05,0.009839484906479332,0.0006465766961694028,0.005477304705580978,0.00017353950283744736,0.0012181944449495344,0.009368325805939326,0.044815738461163296,0.004446769473895579,0.003066864405969559
neuron_1032_count,0.028045726560835774,0.06311679736527001,0.0010352490327160471,0.0033210193007176536,0.00020542063719079275,0.0019675123237795807,0.0012837354218289583,0.0063667176061651815,0.001067128194167287,0.0004039354154614667
neuron_1033_count,0.0013781027105720135,0.001807096745477993,0.0010866609010313187,0.01175353336163902,5.1495107968433165e-05,0.0022973842389983415,0.023816273078380384,0.04605535555868631,0.009225955390046628,0.007249439907414043
neuron_1034_count,0.04076120574838568,0.02705822091250143,4.0308502742394936e-05,0.0019046507862020313,0.0007772775824923042,0.001449646640735023,0.002929765806900096,0.004942771995592461,0.003089828067230939,0.00039853292358320823
neuron_1035_count,0.008393678226120267,0.042286080930594064,0.0005844268993276426,0.0022606533357808385,0.00036344547637678394,0.0002814266835844707,0.0016527920718868577,0.0004502492237360659,0.0005676823923789279,0.0016212440607197825
neuron_1036_count,0.06024846673046194,0.11606921006364754,0.000550449674226159,0.0037273642099575482,0.00021927021538581393,0.0003623537362863645,0.0010643990946916475,0.003784175628838919,0.0008283405008208851,0.00034421649108969457
neuron_1037_count,0.02641133683544092,0.09025248763291327,0.0033135715647079206,0.007604066993316436,0.0002225286414047553,0.0010376216460731662,0.00047061295064386097,0.0042183796630916315,0.0023798263403763814,0.0011212082368368542
neuron_1038_count,0.020262510543894663,0.048955972743429,0.00239490251930935,0.021288666507991938,0.0010934975053428914,0.001243273864282867,0.009077923209144953,0.026037889827905863,0.0038747568038623725,0.0038680757720112036
neuron_1039_count,0.0195853023708685,0.05072666358502276,0.004133293531790677,0.0188538633672964,0.0011319012753461533,0.0007736588286507244,0.005171426045998052,0.010399724985789949,0.002576797812926808,0.0023214873280094847
neuron_1040_count,0.0329040024325865,0.06993292900857268,0.002519691125884467,0.005503408400193834,0.0005072066905966247,0.0003888055061490245,0.0006018306636292061,0.0013076331689520874,0.0017819472174230109,0.0009690111756833933
neuron_1041_count,0.06181878488720974,0.1217458418956395,0.001990460644616443,0.008204130114820879,0.0002397915166275407,0.000184111289635051,9.312289100964644e-05,0.0013614480883347782,0.0009126873189689091,0.0006781014586121608
neuron_1042_count,0.050449100151468695,0.11272762568701752,0.002755050495206017,0.01014221591059887,0.0017466567227958849,0.0007757324412666182,0.0008658854259663562,0.0016713396234806777,0.0030287228439685246,0.00013723677920790978
neuron_1043_count,0.04079206739546723,0.062009816390594885,0.0035568840227921256,0.013705745594321847,0.0017294389521880643,0.00038257728539229513,0.0035302147653562266,0.0060547064488074565,0.0019706830643818132,0.002373061097971453
neuron_1044_count,0.030692425492517383,0.07767963134394479,0.006085618278044838,0.02778354442872713,0.002555169546707002,0.0003499125131174556,0.007597136335821278,0.011149784041075236,0.0003365598018999893,0.003734259422079063
neuron_1045_count,0.04911238151269215,0.09457412607697466,0.002812934167209319,0.010636782663005676,0.0032130799163149343,0.00022016061097362115,0.0015714255138411584,0.0018739166409782598,0.0011777771984220198,0.0003048684068479215
neuron_1046_count,0.050448290260578316,0.11549183539560495,0.015541410994905122,0.02237426741026778,0.009550708228429183,0.0002664680660467156,0.0006643707759082414,4.8540436621815654e-05,0.003022985416189547,0.002318044787001275
neuron_1047_count,0.04129845721852396,0.10507137902826391,0.00810827855436698,0.0231777520652178,0.008977869934026952,0.0003469002761546155,0.000572023035575412,0.0002636898761141926,0.0034693679468404404,0.001374176452029828
neuron_1048_count,0.04047463559218409,0.0854786667089977,0.0051605048753574495,0.007205465541539821,0.003043068003132844,7.004936268126174e-05,0.0002437564387651589,0.0015489301395049289,0.009201945109998722,0.0003118081557824653
neuron_1049_count,0.056224606446154735,0.1189043902829641,0.008971263469734689,0.021710773841647005,0.010073334417041155,0.000640746966003504,0.003944586446773125,0.0007408349431074213,0.0050274267996358035,0.0038511594829101214
neuron_1050_count,0.03357170509694188,0.0980635261398129,0.008093932550225738,0.009111835400232457,0.004211619194729725,5.1252527886304876e-05,0.001348125149229388,0.00036969616509492653,0.008648523523919482,0.0004678198459816211
neuron_1051_count,0.0746456046408332,0.0723685363747609,0.019539781797296707,0.04125478831553042,0.036871369712665525,0.003144373055572726,0.005422042493632692,0.0031196681875253277,0.005665935738803182,0.01905848885440256
neuron_1052_count,0.050409254211054244,0.05463594904635284,0.012882694439735734,0.02244095614855819,0.020079766823677403,0.001638886109833055,0.006607208673232862,0.0015954249894359687,0.0013884389777506917,0.0066623807417193134
neuron_1053_count,0.06707489369229064,0.0953862220254838,0.011117545283976085,0.019645589761983467,0.016590317084129003,0.0011131679688443988,0.004621021638782093,0.000768882583081415,0.009574646943097995,0.004046412581347782
neuron_1054_count,0.07312969094678451,0.1009012567950488,0.021507352550837813,0.032746738084189014,0.018885166156000915,0.0016299444389767971,0.006236806057278832,0.0021246758218554512,0.00851512967922094,0.009848167155922086
neuron_1055_count,0.07733318514226314,0.037489690927788144,0.010746307031137423,0.019361451821980444,0.03415796196562901,0.005359130750776056,0.01290819648999876,0.00315491650793049,0.012466413423549955,0.01294869272254004
neuron_1056_count,0.02301148119563067,0.0316345636892026,0.004068128917690969,0.005270836479545696,0.006257393495062075,0.0013763446792606927,0.00365977955528091,0.0008383803479647175,0.011411801442515378,0.0011744740984913054
neuron_1057_count,0.09144442238635428,0.06108898091382339,0.013513051189525838,0.018679883864571478,0.0270551371902788,0.002869891356668569,0.011593424413441022,0.0020424503488593246,0.015672208649891023,0.011129764556749036
neuron_1058_count,0.06782793940720463,0.06527700017186303,0.005870207435629632,0.0033499352482677866,0.010348217879494456,0.006653842940126192,0.010384470702437226,0.001125824287157337,0.01771444184640579,0.0044248743928474235
neuron_1059_count,0.1336502370345496,0.06313287535528408,0.021250569115375845,0.013402797613853212,0.02816263508091607,0.0026929249527708962,0.013713136284769722,0.00922320962835202,0.020163350524702833,0.019543914818846278
neuron_1060_count,0.013149954058284372,0.02126941021621439,0.0020028409620534843,0.0010194845468942774,0.003850061981694134,0.00010992650494483095,0.00045318773216991484,0.00026306082036224067,0.007771079304148543,0.0016018235550981415
neuron_1061_count,0.011914945436824649,0.02800273923257049,0.0006833100041307143,0.0011824973940872119,0.002178844971152654,0.0006010104893362251,0.00016914247630213809,0.0010197310839570213,0.0022752605609392407,0.0011094576808705642
neuron_1062_count,0.11242898455105532,0.03810632919622886,0.011589216010070305,0.003602702007403799,0.019850219648793202,0.009585685694399299,0.015478092819438127,0.009324526412130218,0.014589531661873864,0.015737198472602437
neuron_1063_count,0.12905663344511012,0.04079406138341174,0.010100500974391635,0.0015597222185133111,0.01791031035312729,0.012414270568484417,0.02579767665006892,0.008637216598452346,0.017355268393686896,0.023478141481244566
neuron_1064_count,0.10517465679160445,0.02670263384747651,0.00862837119468203,0.0006433782766472745,0.017084875351367254,0.01595346087943135,0.02089106908523075,0.009104495107052607,0.021074291203685258,0.01878789152290107
neuron_1065_count,0.06987600467451685,0.036589550722741226,0.0023739691301667212,0.0002607542987534059,0.008619110108388173,0.0004908897135918709,0.004403442202277556,0.0019250356491805273,0.01748617109600488,0.003706264182832625
neuron_1066_count,0.022835596928711267,0.03276060232582698,0.0032840660499554968,0.0016416753290690658,0.0026081799581906505,0.00013233712618638746,0.0002945237780734213,0.003056779506667974,0.007712194128409136,0.0010143562087893965
neuron_1067_count,0.00839167343915084,0.01592049396050096,0.0046347920881036255,0.0010387000788064757,0.005141085284752805,0.0006766102061985298,0.000268484445663208,0.004606991236461799,0.005599574160289118,0.0008943477850501382
neuron_1068_count,0.04646508924097503,0.03132891025656151,0.0015943730207943797,9.66720604107245e-05,0.00517032581458924,0.004249890881112571,0.005593900107006257,0.0010578780480248948,0.015480419108701543,0.0021401580397290287
neuron_1069_count,0.11912769945847718,0.027931173722378272,0.0032112104694489232,0.001094168116976789,0.0024014248418100723,0.014993434233058212,0.024635360739299172,0.0034587862618859003,0.014761387859917638,0.016679565226777424
neuron_1070_count,0.1313987930208513,0.015969034103261642,0.001909478565341495,0.002319304761995142,0.0031632968657621247,0.016738090043361173,0.028798436642189396,0.00828314965873779,0.02340136733523708,0.02209173648046335
neuron_1071_count,0.07373296172234192,0.036151544133297284,0.0035035720312319163,0.0014728877060237525,0.0024394867100549014,0.00765290705945873,0.008044997408897914,0.006206337326443219,0.01607135061613793,0.006405370091656558
neuron_1072_count,0.09665287750887952,0.03272776500966079,0.004469035959768164,0.00026832804179179395,0.0034966723753707407,0.004822299196991675,0.009793179571950444,0.006242546829763912,0.014817095683309495,0.008805593103133572
neuron_1073_count,0.07599608724140966,0.02271625878967133,0.0030507355169959102,0.0007387548156753201,0.002337116976531939,0.010233303612323788,0.015742026892865663,0.005612897026294979,0.01827612133635645,0.011360819041543346
neuron_1074_count,0.11796677546208856,0.028848737197193164,0.002361295579015328,0.004219431738235531,0.00019789445979049095,0.02022459377990833,0.028274866086111933,0.005837093794319466,0.01901113821062858,0.019485780669005137
neuron_1075_count,0.14077312369165784,0.012827552057684141,0.0007365914478078446,0.007141201341817643,0.00017699402259994945,0.049795398790832446,0.08183721759967272,0.004449605692410617,0.02565029701169394,0.03634890995554371
neuron_1076_count,0.018351202716188203,0.031320902283731605,0.0034379750321783045,2.6822863027849185e-06,4.157652246887435e-06,0.002203665000991388,0.0013460895334054222,0.0008874603313988247,0.008138021514712768,0.002347454639811661
neuron_1077_count,0.08625603883615499,0.02680049842079424,0.00200023070876431,0.003210506185007539,6.366133687276797e-05,0.02262870077750151,0.023737368620419114,0.007119213976758645,0.016273770267489024,0.017965076312646766
neuron_1078_count,0.08133427486729852,0.04132189191689631,0.002203135872440941,0.0029929047000027895,0.00023525441330705943,0.016737937124529798,0.011628152927562516,0.005880659736047934,0.01792134018528717,0.01216806468793602
neuron_1079_count,0.10420678659080568,0.008428858865383679,0.0007654516476556239,0.011400728347437161,0.0003895368587553197,0.05115027067953001,0.0424412389784736,0.00443887788600552,0.01706310030629829,0.029157914740753882
neuron_1080_count,0.04222540432387205,0.015031261996820353,0.00013452041483713942,0.004111593629389468,0.00015190852736446034,0.015435661162662623,0.011820077564453538,0.0035832679943758397,0.015394139029694998,0.008640142234479176
neuron_1081_count,0.09007992647218194,0.039314891598059204,0.0020352035765463586,0.0027146407671813713,0.00010592568147297417,0.016329369448077058,0.013512530051588922,0.00490978286792336,0.011388685695020606,0.013514368991578388
neuron_1082_count,0.0833768087332789,0.016008477443378466,0.0005348401465288949,0.012804197927379316,0.0009278656402328493,0.04273164798453938,0.03279965359513383,0.003089846414321168,0.014901261902953392,0.01917674239130221
neuron_1083_count,0.10624757428529219,0.04795460023542211,0.0012182351945542146,0.0052974969556255636,9.13657938919404e-05,0.019596511096665076,0.0152316311594667,0.0042650361437415255,0.01536964829195192,0.013982329212405512
neuron_1084_count,0.07001972819807442,0.0012827285385380392,0.0025807012896295195,0.017440883065629395,7.709446243604583e-05,0.08188593464335789,0.05285671830987751,0.00931787633940194,0.01015535131458846,0.026730741117238263
neuron_1085_count,0.061588959563343926,0.04868068372073489,0.0018168271541042294,0.0009298287133897506,0.00044215333336560143,0.008601502317439294,0.0027528177169470758,0.0031769643112233223,0.010475174423992192,0.00901659244457384
neuron_1086_count,0.05151670637020536,0.016863610016313868,0.0022745449931324373,0.0006268997894206831,0.00043146048548377974,0.000517670374192728,0.0038024808137266247,0.0025753417147526894,0.0010315199341275928,0.003298908224616034
neuron_1087_count,0.0869451377745378,0.061689205734374614,0.0005141488919000285,0.003262445856541181,0.0012303508674339422,0.009493424315285381,0.00880235298500423,0.002094455263673564,0.016214416953722513,0.008737473413498079
neuron_1088_count,0.004029120667071909,0.023058944542601642,0.0004241666110348201,0.0014898825832070223,0.0027397149314631816,0.0019346993947464732,0.006807922972706826,0.04416062477589924,0.004429313307969036,5.0219117640897676e-05
neuron_1089_count,0.012552335077594151,0.001633000787787775,4.438022949024615e-05,0.0011320597366031434,0.0013478212808014124,0.004551095567061285,0.003046562341385395,0.00700226624289587,0.003501698294772669,0.0032205073463413975
neuron_1090_count,0.0006764373058835791,0.0020632235241686073,0.0002429731830123922,0.006143116238045011,0.00017191432972344517,0.0015084766869866949,0.009215801128042878,0.041519408206499964,0.004870585562308488,0.0035329055409958413
neuron_1091_count,0.031834838903993676,0.004498344485192721,0.00016386604290659357,0.00022518218755557436,0.0004878575985131136,0.0028908239675199954,0.005578698597671294,0.006500886432034753,0.003603928106431172,0.0007898426157126083
neuron_1092_count,0.009973390546810873,0.0008728017847176237,0.00014436766623911797,0.0026606412012579253,1.6866960048934703e-05,0.003920049900249217,0.008697868320495641,0.013538677579407632,0.01081356933142305,0.0036853115891569907
neuron_1093_count,0.031308451917730046,0.0012235049594782332,0.00016752251616776806,0.0009292806558968796,0.0007799892731370842,0.004110287812059271,0.009021394497856786,0.010921640468427266,0.006998065203679495,0.001989776043525456
neuron_1094_count,0.01772993519920446,0.002753957757778657,0.00023434262702312723,0.0032065082197119538,0.000333350614834021,0.002317754644389637,0.019887617532528684,0.043072747735079825,0.014184760749561168,0.005682541303812967
neuron_1095_count,0.008754949884001342,0.004346807574968151,0.0005697621587531891,0.0032154532251745804,0.0009649946241523724,0.0020686504381831686,0.015431183091024217,0.03521463265383212,0.009725960753726448,0.004967689691046141
neuron_1096_count,0.008645956062289531,0.0020863333555344935,0.0010075769164386815,0.007034335116655965,0.0010542309826059477,0.003755022004324475,0.017962950005297976,0.03530832284424193,0.013887454319605558,0.006492158038642226
neuron_1097_count,0.02719919819518904,0.022741610738523446,0.0006256067472698128,0.00490074074872604,5.7738538974095276e-05,0.0032493318867335835,0.00905218301021947,0.02464135915600052,0.0030632133695860375,0.0026597008270850403
neuron_1098_count,0.03383034920649902,0.09432123274063803,0.00039813535561586573,0.0033749145566038287,0.00048683571949237857,6.808285619600441e-05,0.0005558124524890008,0.0025108087495267356,0.0020880958800282637,0.0010036228813129142
neuron_1099_count,0.033418031713316726,0.03467862403130542,0.000410985587789469,0.005538790768660276,0.00020339512472148345,0.0018190007126203944,0.0060188713032569285,0.01911219266304348,0.0026130065062378582,0.0014569605649425686
neuron_1100_count,0.04563598665891849,0.10686506649214556,0.0016205893809842255,0.005935121202416377,5.323580660593005e-05,0.0009769585105381187,0.0013240899374638536,0.007127929991886016,0.0014853160201288296,0.0005156276919339974
neuron_1101_count,0.017819201399563098,0.023150174906143545,0.0004205287925526241,0.009601399366786029,0.00014563394213832313,0.001708744826674373,0.01058733607917614,0.030648491364406172,0.005290292125265925,0.0027456836971274726
neuron_1102_count,0.04585142204889364,0.08975590263687508,0.0013291693200441351,0.010250090783489027,0.0005820820481091601,0.0012964997218306712,0.0017230492401714426,0.009190158076325353,0.0009015463854053999,0.000472621877573064
neuron_1103_count,0.020590698024422593,0.051083316833130415,0.0022958054943603284,0.008700977726668044,9.191306461743347e-05,0.001810065036836478,0.0026160474242149234,0.010305325233866791,0.0017101524460089584,0.0014832527911030104
neuron_1104_count,0.04108017646040221,0.07797752443070452,0.0018224447674910563,0.007470217499513085,0.0003055885619578178,0.0010647462467722121,0.0033603370335551566,0.013817323506207277,0.0035226199131032504,0.0014273813577132324
neuron_1105_count,0.03098571627483608,0.053362616189625095,0.0033770933258238517,0.021536709086517364,0.0013165391582653577,0.0018400131773351723,0.01279381754298796,0.026630602050302737,0.001617976606999215,0.003050337475778167
neuron_1106_count,0.022919415404589707,0.07520981792205658,4.7013455040547606e-05,0.0009698767257300817,0.0006840748538567386,0.00017990296519414598,0.0015045240900155889,0.00013568126916996964,0.002916504999177505,0.003223603864632947
neuron_1107_count,0.03228652437749621,0.10115789571307371,0.002616505758439115,0.005317552136031814,0.00012019893325934325,0.00045774478242919386,0.0007196184328834287,3.6282289385496796e-05,0.0030378320818916157,0.0017518693209460576
neuron_1108_count,0.013841624341849837,0.06330309296994957,0.0037980758906932463,0.005456468641204318,0.0009844335078875131,0.0024495126693406255,0.0013590798000748458,0.0003311736723500356,0.0041666118804603025,0.0006821518576519119
neuron_1109_count,0.026041546216745176,0.07956098432901296,0.008636413509132482,0.010068478849016196,0.002594631905990144,0.0022366807739692754,0.0031783827847970195,0.007290832064640318,0.002070066368608056,0.0016690608088448002
neuron_1110_count,0.05852306846116029,0.11230345963134986,0.008605014400887234,0.025230842010677587,0.00485211776488894,8.959058617480278e-05,0.003287301585202046,0.0008099377467293695,0.0020512690295044628,0.0026220548576402977
neuron_1111_count,0.060200552056470624,0.11374485815549082,0.005491953311856215,0.011807894299972407,0.0011940195541510074,4.922143504306045e-06,0.0002003186484952433,0.00026660439618208555,0.0026625431208489314,0.000741933557017042
neuron_1112_count,0.0333935146217411,0.10072305573861237,0.006345271407949084,0.007996957365453888,0.0018185676336795464,0.00016154376585250478,0.0002853979319992258,0.00015560149813145948,0.00585833060871984,0.0005469677452683338
neuron_1113_count,0.04548486414968833,0.10255042107677156,0.00883663613655672,0.016637958093081162,0.0062094681796560774,0.000319240457428269,0.001950240594456372,0.0002660184234158595,0.0061748920045154865,0.0025846039835562013
neuron_1114_count,0.04687922199131825,0.09817013435843691,0.01482485020763967,0.021566081565372777,0.009242050571964464,0.00010537946871711293,0.003346770054307502,5.057200329932222e-05,0.0036497589126377947,0.0044996241346700536
neuron_1115_count,0.017454308959442666,0.07560902594201466,0.0014781692360958838,0.003134676532943949,0.0005355890583174424,6.398458370348095e-06,0.00033280604430120533,0.0009049223255353789,0.006250725705707123,0.0025669921243790805
neuron_1116_count,0.08353897190430562,0.0699759007566845,0.02558071206176392,0.040529775580574606,0.03392097698706786,0.0010277676525798675,0.008360477711792061,0.004182193069371398,0.006360824429497383,0.01668571988408825
neuron_1117_count,0.0760922668406935,0.07420318643269128,0.016013517029446422,0.0217627249604012,0.024516447484799725,0.0016312168100248436,0.00662137499037805,0.0033270022683684272,0.011665701132568748,0.007778898874913037
neuron_1118_count,0.06970954598697979,0.08564836345812915,0.027928202780294453,0.03825562256199813,0.03020800959865219,0.003045108918415522,0.008907708597224326,0.00346068330407185,0.008318788900766788,0.014493883967102564
neuron_1119_count,0.09416978726631184,0.10701214760077452,0.020727633484050753,0.027172108389144523,0.022810976211699682,0.00253353029287659,0.01676387629888501,0.0011229890393610817,0.0172714336870754,0.011398528770134336
neuron_1120_count,0.12014312673254152,0.07096204474340762,0.035048731337758626,0.014993329214440076,0.032072154304711664,0.004964534442450957,0.01710130361439581,0.006439140902244095,0.02003682268446201,0.02452220290888478
neuron_1121_count,0.06300688383657725,0.03474957201169589,0.0089362460743595,0.0019037404155174652,0.012222256670396302,0.0008824706420136105,0.0030323834031897,0.003654698053572533,0.010209738623378768,0.003986265859239231
neuron_1122_count,0.1347027012554854,0.06865650098646917,0.020885391182879173,0.02877918255560198,0.03604573562952981,0.010019620927622888,0.025491436977629747,0.009473120557550938,0.022339932989586073,0.024412100550786103
neuron_1123_count,0.07849524889122675,0.05994713216939965,0.008844070398675935,0.008713376377986207,0.015094348815503367,0.00025651778400664557,0.007558206426551528,0.002840066377698354,0.017827776808264195,0.004073011486306663
neuron_1124_count,0.06467878577327774,0.04855679016302722,0.003270608315349581,0.0008445691254800949,0.00838156731725083,0.006397484402342057,0.0025397540258069937,0.008292229454934921,0.01437829189349095,0.0028255152196875535
neuron_1125_count,0.031543850411235155,0.03377338642622259,0.004076899269180159,0.002678186932153173,0.00743749046587943,0.00015429245109051725,0.0016625506808495803,0.00078852830323148,0.010420793407694189,0.0007217432859793053
neuron_1126_count,0.05845188562815336,0.033953912164067596,0.0021671496197993405,0.0005113411908261103,0.006249498532672489,0.003008071178964379,0.00533457224252918,0.0022204313177225585,0.01713548105631532,0.003750026743966607
neuron_1127_count,0.10644080363363034,0.0281561913646257,0.011880162215958778,0.0030939846694508014,0.01771571179513942,0.006110955499068295,0.011765036053466169,0.014574020736320276,0.015544613072165342,0.017724488193647303
neuron_1128_count,0.14866869213981854,0.048144890142347824,0.010878232350679598,0.0011455251900790303,0.012467991151215746,0.016221099695378688,0.04403384167423363,0.006000675186276998,0.027721200952871658,0.020877006216673086
neuron_1129_count,0.1781490487992726,0.027682659059523357,0.010176083022493135,3.632103847083868e-05,0.007976402286363933,0.026782365466088823,0.06743642402118152,0.009906767014766213,0.03099897035996274,0.040310253432523646
neuron_1130_count,0.026326698206805735,0.018856951460717405,0.0012950896594338557,8.552664747428767e-05,0.004101971066068008,4.2451668268179716e-05,0.0012952085736520915,0.00094706241125205,0.005658587703208921,0.0012377706417687918
neuron_1131_count,0.11608766748909166,0.029683008205251812,0.007333127312122073,0.00017347861918723048,0.009609504523525034,0.006064538959129943,0.013707538089918009,0.007123191832127798,0.01435884232785889,0.014891590057412196
neuron_1132_count,0.12055979184934704,0.023741691742834706,0.0037088276450092314,0.001555108853995485,0.002970954796817686,0.014649303025517008,0.029532193372755783,0.007538453320728382,0.02336496412043082,0.019670044377420023
neuron_1133_count,0.03435515696597059,0.022012068208359978,0.0005400971499684212,0.00020425841084005937,0.0012879024475805217,0.0027407492109621095,0.003981263944332056,0.0019640510286073887,0.014620499987230182,0.0029548675175837605
neuron_1134_count,0.20127466278016087,0.027870505629416495,0.003838827675859635,0.00355025832776254,0.0025694558768180192,0.03252572434224055,0.06848693245591153,0.007509100349288179,0.01893361110889745,0.0365932586367802
neuron_1135_count,0.04859770312293679,0.022998917514731876,0.0036099582316725526,3.79536909111914e-05,0.002758746370175001,0.0065202211691522405,0.0036814476719080544,0.00489106856167551,0.009947022938582753,0.007264939844991755
neuron_1136_count,0.08287238424577104,0.0293595063933621,0.001390697613046752,0.0013604265468308736,0.0009798976860994103,0.006710618573746108,0.009641178336390166,0.003413330240406437,0.014998139659642223,0.008928742673462914
neuron_1137_count,0.05025646531540012,0.024322310342703657,0.003538075340553372,0.0005900882039489175,0.003222974683449363,0.0011468210863894088,0.0025080007474774513,0.001514833233646401,0.00779568998464282,0.004060052427499565
neuron_1138_count,0.11530367113051102,0.03196658291806334,0.002702461534148881,0.0037003575555605503,0.0008058731020665344,0.01975744743741159,0.028002337269914496,0.003420404390699655,0.018319215334641148,0.01826292419582494
neuron_1139_count,0.028113201758967102,0.024220225924809477,0.001488355082208414,0.0005087600154151314,0.0003185084827383323,0.0032053668019971157,0.0037570584235499666,0.0005339306061224493,0.0074944005801792155,0.0038261019070780986
neuron_1140_count,0.17052667517744466,0.02840421085081253,0.0006563914822027735,0.010262586668688997,0.00010294729383959408,0.0207617317104396,0.03731397883449053,0.0034079900888191184,0.013067238541400461,0.02649426320220312
neuron_1141_count,0.1295066390517045,0.016115740771159417,0.0001224127246242778,0.012429685407617519,0.000237841865778304,0.03879403233199624,0.04127879958009442,0.005065929192597726,0.013683281058159927,0.02859211365841871
neuron_1142_count,0.10013425196496309,0.03080335616489155,0.0009249070616275459,0.004354860346823981,0.0004084267508747876,0.01621912521584566,0.017424689751064024,0.004597869112490868,0.010210548630420951,0.015056158036880055
neuron_1143_count,0.12392632879881899,0.0075985987793906196,0.0002977128215529831,0.013724129780524633,0.0002179842911353997,0.04285241497046344,0.05877515170456463,0.0021897610317780647,0.011027771421066992,0.026977770709364565
neuron_1144_count,0.06938014896582034,0.03341147975822978,0.001239191204422549,0.0029807029317660966,4.501134326215369e-06,0.010620584776059913,0.00855827167209905,0.00340774327118612,0.015463639346415106,0.009779810306399725
neuron_1145_count,0.12200415086790281,0.002469485591821835,0.0025425307759837645,0.018893183001358754,0.0015456203979423086,0.06796303371345255,0.05993509360171487,0.006562679374687609,0.011619119912816112,0.035861500991224204
neuron_1146_count,0.05258070738849438,0.043935153321371934,0.0012978640587861558,0.002614222006970101,0.0003213040765663918,0.009221162556248386,0.006258214149530032,0.0013631454942583839,0.012315755403775872,0.007522980536412677
neuron_1147_count,0.07415576200856591,0.05115445853462838,0.001107728095572351,0.0030908408831701317,0.00013404889555765137,0.018580452417018056,0.00880611364734013,0.00474150499200815,0.017089030982308143,0.009325994717400851
neuron_1148_count,0.10682340866394843,0.04196419709203217,0.0004315786510315327,0.005292381574531359,1.3828112969272843e-05,0.014471147033288556,0.009604929195847364,0.004459185687321773,0.015154547198835938,0.011891090686510411
neuron_1149_count,0.13940556924552067,0.006311515459622018,0.002139349350696748,0.016118953259244298,0.0014368135233190915,0.03161760012898443,0.048565877225985626,0.0026171758559779823,0.009250789589142203,0.02683056682878078
neuron_1150_count,0.06751013431917552,0.07099722634631206,0.001682627261485433,0.0007717740345454874,0.00021473689244053476,0.003000534809261192,0.0036623081914222144,0.0008511103170929998,0.013786863910462688,0.0029599716982331853
neuron_1151_count,0.07656331495997659,0.06839820608098574,0.002834932546874752,0.0015873568058652615,0.00034537949120698637,0.003267948868334987,0.003851152627933299,0.0014198424900413696,0.010368982242282443,0.006607026234229069
neuron_1152_count,0.027373631240085072,0.018368702679570706,6.618241300319384e-05,0.000453680526737831,0.001570932025459628,0.0033024792766464944,0.0023671783152956483,0.00617864014522522,0.0019622001860421182,9.13058494363397e-05
neuron_1153_count,0.021482459982044955,9.834666727048368e-06,0.0007597809616936811,2.761528640025522e-07,0.0010740595155012515,0.0032510706191328648,0.008704835112639947,0.016349146301733106,0.015785285983141925,0.00047763446911265606
neuron_1154_count,0.023540575290799698,0.00074548644811483,0.0003902862918836649,2.722092860454314e-05,0.001405670205937696,0.0053550828076891835,0.006872743540188145,0.013841108033939634,0.0030135514982114996,0.000808475900967073
neuron_1155_count,0.031974483465265824,0.003920723959004495,0.0020376322850734693,0.00011405280823877139,0.0027986778276462704,0.003837826114768024,0.008886898594695727,0.020624888477672257,0.014961509056193187,1.4556616044121735e-05
neuron_1156_count,0.04614001873747037,0.03931240105281303,0.00043077832467710957,0.00029999339941170176,0.0015210911058566104,0.0007175795053969217,0.001180280825726545,0.0028045589227581706,0.0020299950047319333,8.855827313148778e-05
neuron_1157_count,0.023700487486550195,0.03477596491582852,0.0006990061661062696,0.0023949550259246694,0.0018739140444076902,0.002456230946262676,0.004424127732603138,0.02695875432327842,0.007785352790793405,0.00013157455362294
neuron_1158_count,0.019875980815394684,0.001181251978656865,6.934470454110844e-05,0.0006944718615347865,0.0006786568684111188,0.004306969009690714,0.009666197200847812,0.018388356233596942,0.006980451169267966,0.0032764552788931145
neuron_1159_count,0.0003845982536249612,0.002996078325640965,3.972917569835654e-05,0.0029929065642149907,0.00018953342462014523,0.0022728512935711737,0.011912886919799678,0.034188125156422,0.013668994230720835,0.005309174712064227
neuron_1160_count,0.020397607129143583,0.008276256448551678,6.970869874935854e-05,0.003754723461221472,6.606257030828018e-05,0.001938341368199356,0.012843612104494737,0.030448055236860144,0.009822738192280855,0.002772243484181154
neuron_1161_count,0.04504176279413777,0.013154709546369034,0.00017726919065175727,0.0012717621642267703,0.0002659175455456287,0.004207608336515407,0.00451465687243581,0.0100623678216928,0.0029742392798100953,0.0014991902733617057
neuron_1162_count,0.0462860806922375,0.07950202217017707,0.0005934347884054558,0.0026847782884703367,0.001875107580132953,0.0013316078970687893,0.003103007375622635,0.013491407898361549,0.002395725573289431,0.00013736972704667463
neuron_1163_count,0.0361919326272291,0.10281180161084788,0.000935168957795357,0.0006471474547783424,0.0014550072061543622,0.0004559780285152311,0.0014413411959932135,0.0009630331264949051,0.0015282882847219431,0.0016907529746102677
neuron_1164_count,0.04408661332262828,0.11975473276351575,0.0013382077336467,0.0021069645316728475,0.001129577118177131,0.0005596458098480212,0.0001450457023837292,0.0006847497721957294,0.002013703785532714,0.0010258893952990907
neuron_1165_count,0.05267156822949931,0.1286863810469683,0.0008602762446747562,0.0014043319759556722,0.00040012871430055233,0.0001991254390169405,0.00030424062888351026,0.00043131321748521127,0.00281350195325078,0.0018587015968491855
neuron_1166_count,0.05383821581714626,0.08454454185617635,0.00016027188667520897,0.0028222701322674557,0.003236472507649593,0.0008092179745006513,0.004253677701689863,0.01965835611371028,0.0076889475870599786,0.00013410923124542742
neuron_1167_count,0.0449726919778318,0.09671957926824401,0.0023046639454115322,0.01132063906553768,2.5257070388915066e-05,0.0013281787702721058,0.0031733514045814773,0.013950397823051991,0.0014329784577344924,0.0008833295239114129
neuron_1168_count,0.04050491402056444,0.07543699926331177,0.00021074180703994916,0.00943760331376782,0.0002320695162181365,0.001044770350672325,0.004654765258806218,0.018790655584904822,0.0037511843071863296,0.000669133900998875
neuron_1169_count,0.05966511944976466,0.1019726781786307,0.008713350962048186,0.016197707479831694,0.0020131324892917364,0.0001764211204584032,0.004918048350616648,0.007234533477504912,0.00025941622382986366,0.004075037813788228
neuron_1170_count,0.06230797255393766,0.12218970886578745,0.0015335773398337006,0.00839960438756647,0.0005883103017213787,0.0007288517063716998,0.00034106740203148495,0.0027830668838218775,0.00046936321968165697,0.0006367732058061124
neuron_1171_count,0.0371501593575963,0.09467884366890236,0.010146564970688068,0.01266322919780663,0.0010379485045076409,0.00048616918945902296,0.0013433813131826997,0.0029420290835072,0.0006119815072524442,0.003092379351424864
neuron_1172_count,0.07441434636718924,0.10583459954944732,0.0016862483743813501,0.012425693111974445,0.00046970106573975944,0.00014486474748195803,0.005852057308007197,0.011278539871759238,0.0022154477454047264,0.00369362240405504
neuron_1173_count,0.05451425555493611,0.11449293191429341,0.0022640194595516597,0.01600200752863941,0.0020094376984188395,0.00015848339818967053,0.0020462307395186508,0.003911620613404956,0.0006855401136472462,0.0019173707759372847
neuron_1174_count,0.09229213418635313,0.15165100148618257,0.0032333547932666337,0.015086266487867608,0.003633019637032636,0.0004147502390250066,0.001464122049012924,0.0005079634180703597,0.0018897095317789367,0.0018406543498941143
neuron_1175_count,0.011001607612920142,0.07097980212232174,0.0019379505831464937,0.0033818491741348516,0.00023790087095522036,0.0002614155208632979,0.0011805952220517776,7.080805299244496e-05,0.007383043435954688,0.0019437937274450479
neuron_1176_count,0.07201931173931658,0.12120191459614094,0.007289894191173263,0.020886157036587666,0.007284147322011242,0.0009760424509846106,0.0033803192653312705,0.0003392636455678416,0.0007583080004336072,0.0045431251061277406
neuron_1177_count,0.031026031159300124,0.09002200722576639,0.004014707379856333,0.009199956238657388,0.0010084566197872853,8.503712847793016e-05,0.00010821308250441239,9.094422102783311e-05,0.00462050388000778,0.0010946644018932344
neuron_1178_count,0.07447439623068416,0.11646919001048595,0.007504301420214868,0.028626705787205553,0.011544734482094574,0.0016385686936165114,0.00711572026527138,0.0002504952212896809,0.0023983585436088625,0.004430304371386237
neuron_1179_count,0.04595641957382467,0.07411804995765103,0.0071079458990564795,0.025677933691581806,0.021747817554448254,0.00026962748230285015,0.01030145287361825,0.0030051885819084856,0.008406133155995518,0.0021458130611141796
neuron_1180_count,0.05363268456932285,0.11433629060899564,0.003672223974168186,0.009958595619828495,0.0051956237441892,0.00023404138071619202,0.0033948292942852787,0.00036944407877878387,0.008244440154305574,0.0008769253300899907
neuron_1181_count,0.09157008838232458,0.09954144881246457,0.021077864782651348,0.02345329146643177,0.027628335376971597,0.00405065382701085,0.012629329648435147,0.0032790811062375982,0.012893290174941063,0.008461325956520174
neuron_1182_count,0.08471926079080269,0.10413232430089955,0.011767489587242427,0.015018362373127953,0.009662542904081348,0.00030185142517164497,0.0025836645384388693,0.003007777004779451,0.010405915704677832,0.0018998838245556267
neuron_1183_count,0.09827798122624004,0.0854235511168176,0.016993704378674077,0.01595829509199058,0.020279155467984533,0.003026622299509986,0.014237406421290996,0.003183549644765006,0.015859680460653974,0.006162978440799806
neuron_1184_count,0.14205554456927147,0.1082127493125408,0.01647196908144312,0.014207544804629532,0.022408430159590945,0.005676379058533465,0.008164421089112778,0.010286565096314398,0.017485717811278084,0.010850976641025967
neuron_1185_count,0.07256408117109092,0.05633809175083371,0.00799779713278774,0.0028262519888200555,0.010026374137617894,0.0013839609529598083,0.005747299569724577,0.0004899732918578897,0.00833690650551877,0.0039053961754564742
neuron_1186_count,0.12395778201405458,0.09025363086912658,0.018142784516224017,0.01947835449896347,0.026245475166239388,0.0044296432738556435,0.011903025554925811,0.004467711582560367,0.020908653418700227,0.011136691347945496
neuron_1187_count,0.10129306031814317,0.07168051635088826,0.011257274135150541,0.009863622386207235,0.018577221450109885,0.006776700245519407,0.022889526298972868,0.0018357045963517463,0.025353899878733405,0.008548317563752614
neuron_1188_count,0.08449111240581542,0.06850034697084093,0.00787545807789447,0.003396633337674697,0.007660460303895875,0.0025611490950284907,0.007936321310598723,0.0035607321980459933,0.02121782615456845,0.007057281828603962
neuron_1189_count,0.13883991251858838,0.033718939867538655,0.015451935104696002,0.006169951960353609,0.029471906613366627,0.017878378130237696,0.03661077924276271,0.008673387653685527,0.02822416826575949,0.03152876112564182
neuron_1190_count,0.10103273803272336,0.0486535464992999,0.005442642757284004,0.0019117702019142042,0.012457295497734763,0.00415993460433553,0.010806981150634082,0.003147111772930089,0.01783553562490453,0.0076043067417996685
neuron_1191_count,0.1537097257369267,0.05597681758929951,0.008860262673862696,0.0002924005669176881,0.007646140458106868,0.010864731154346122,0.025936862050759207,0.007973103145911112,0.021321477070035705,0.022683154263349256
neuron_1192_count,0.1799799319280329,0.058635532661938494,0.01694715070591983,0.0028103146446906563,0.012398882913427264,0.015300473300888073,0.044566657656985365,0.008624580574161336,0.02281175760353897,0.030734593325145096
neuron_1193_count,0.0504162116978701,0.04907695304830989,0.0008109182622720139,2.855750493516076e-05,0.002954831062015023,0.001140922752841448,0.003742881589401864,0.00015446892350782886,0.016022164094197003,0.0005335533540878727
neuron_1194_count,0.011654471544957044,0.020839420819724827,0.005490138160809232,0.0008941899859013173,0.0006667138614107962,0.0006870936470123098,0.000210329134928943,0.0018076436618661253,0.002041121775596547,8.614245585982405e-05
neuron_1195_count,0.09909436691342277,0.03178299221881142,0.005625566291835207,4.781870270178113e-05,0.003587867223115382,0.00897545005167745,0.025700253054251554,0.003887707896123589,0.018562560384582982,0.014655331960431187
neuron_1196_count,0.07339808487678201,0.029653491110487276,0.003038767160323516,4.42976493979292e-05,0.0046023176853626155,0.005205309224537789,0.006065524194467438,0.004973034311830556,0.01629511469357775,0.008892238337376873
neuron_1197_count,0.19483531013388988,0.052191786274736224,0.0077552159254065944,0.0014147489493230338,0.0015947732594367055,0.021788830391284583,0.04154220661410732,0.0069144007922414125,0.009780942185094885,0.03116578859940608
neuron_1198_count,0.09656578334120255,0.035725475545635904,0.002032402285974323,0.000413301550803033,0.002578700409750015,0.0069187485315498,0.011180638627620684,0.004972896279633175,0.015608466072258922,0.009970311399652876
neuron_1199_count,0.06513627753758855,0.02223580939330995,0.0034490544918203067,0.0029945322868387136,0.0005147457843498564,0.0046979170289106545,0.00335820032810797,0.005690649426165838,0.009160320579525108,0.007251190636381313
neuron_1200_count,0.07850000557050446,0.037874603753179886,0.004007820779177711,0.0001361348914710285,0.0031740293132607386,0.0008861262046315106,0.0034088319252325236,0.0029214045934722946,0.012371821174578551,0.005819258836699044
neuron_1201_count,0.05775700161156197,0.02403444739170449,0.0015687575238861502,0.0008278492819703068,0.0014418695681247366,0.00686094270534067,0.007114585017862163,0.0032789599233521427,0.013217703987475918,0.005370923357251388
neuron_1202_count,0.055372569700697094,0.02413736411101597,0.002154829412788245,0.0010545517599395218,0.00023610998646531002,0.004180144155900234,0.00620443097454617,0.0017687266559093216,0.00863665042167501,0.007353224533175079
neuron_1203_count,0.13474005334646091,0.029159601563377602,0.0003645287065379352,0.0065370413777122716,0.00017327663353921522,0.020251634301990257,0.03221417465678021,0.0018959983447444165,0.01446617455865791,0.019989959753813527
neuron_1204_count,0.08080663640387262,0.04117415677010047,0.0025655530765785056,0.0007847388644180581,0.0006672045658160444,0.010027280719156512,0.011630801143878905,0.004973422684306637,0.015286664658239899,0.008275625124432348
neuron_1205_count,0.04509490619021082,0.021057647203865076,0.003586058728725902,0.0016254179272222266,0.0001451485471434472,0.0003311922543470739,0.0023325755254743215,0.0008342705119580088,0.002311759492575026,0.005966600142551438
neuron_1206_count,0.12159155546740438,0.022756950751849442,0.0001409387115738573,0.006734676209294216,0.00021735938634649676,0.019555785620182134,0.030978824195583662,0.0026079215200539296,0.010633106617510851,0.019320265696192954
neuron_1207_count,0.10001400109645053,0.03450159937653163,0.0011290956666402535,0.0035113147520903012,0.00024317274880483828,0.013834899298393974,0.01538835632965406,0.0027018346764156875,0.015542294605505422,0.014412898145512859
neuron_1208_count,0.09067485026890482,0.03125394217299146,3.536081695995879e-05,0.006329716719958828,0.0008120789683226798,0.02194847529667139,0.02064404450867209,0.0025171658078494905,0.012796974068111089,0.012356898784508519
neuron_1209_count,0.11059607511246505,0.05964632420570121,0.002289120001919401,0.002749334616305013,0.00023475589991853694,0.006902156006489163,0.00889833756911268,0.003616722209197412,0.014769833734059767,0.012233326098459923
neuron_1210_count,0.10561532891302447,0.0500698529711561,0.0020830560014870048,0.004388719148327724,0.0009193770465788821,0.014099961186531812,0.012553174455136984,0.0055539942002438,0.010945334293186254,0.01417184629228449
neuron_1211_count,0.12845700415414238,0.010819772641954897,0.0006553921437191697,0.017036735825584973,0.0011940754620028,0.026998875263935684,0.03283892167499433,0.0032981125927637536,0.010297245119022094,0.022584491460744635
neuron_1212_count,0.10288128480990902,0.022186343804333944,2.226945005020728e-05,0.012606279886814703,0.0014197476759349598,0.02550511403524902,0.029473523849217267,0.003098156466518766,0.012541066909731613,0.015896508811155938
neuron_1213_count,0.1259806565252936,0.021353028976970417,0.00022281899330558325,0.01358157102834913,0.0008582491253880283,0.029313523820905713,0.0339003550057283,0.003311690885337275,0.01632721102869221,0.020009045762574437
neuron_1214_count,0.15725987918752288,0.0018231151710227118,0.003991182555942149,0.019836362419483944,0.0005592410571023006,0.026792203097307274,0.05152546467287861,0.002774748275241247,0.005763923135552004,0.023150755902831
neuron_1215_count,0.06345267208531896,0.056558521283434665,0.0012582652542768892,0.0021521940625073774,0.0003950156009764408,0.012380773319041416,0.0075892976893830455,0.0013433050340777575,0.014342987618986572,0.006378662331684479
neuron_1216_count,0.007495190979246363,0.001321265955579895,0.0007965593809050216,0.0011194851048743487,0.0009711674691483029,0.003314963800771613,0.01011658626624691,0.030994834713218067,0.008360626725312154,0.0027004968343465607
neuron_1217_count,0.043927928038753256,0.04068524916184771,0.00021269459222774713,0.00011812963776491013,0.0015496048964139808,0.0010529677063884323,0.0010838887251700922,0.005796829240339675,0.002692852745682542,0.00021790162556098967
neuron_1218_count,0.023622793525488253,0.0006374782116587256,0.00014394195238916392,0.00012023916786866977,0.0006835502650980058,0.004791029356355815,0.00795597410756202,0.009073064614518456,0.0049145583225719686,0.0025686003090840334
neuron_1219_count,0.051454638100750294,0.006808945627427163,0.0009112871862518371,1.6966966100963104e-05,0.0009132859886374217,0.0031016879526530455,0.005007662788936079,0.005552372647452369,0.005593443851905487,0.00047966421112800167
neuron_1220_count,0.023585345748786554,0.0011265028027765203,0.0016153669023657308,0.00019483899891702561,0.0027017658102058972,0.004062960994995889,0.013003377107181524,0.017768459443701368,0.0139206058261446,0.002123793995342016
neuron_1221_count,0.027602144881951077,0.0015857652954079614,0.0005067378694815789,0.0009346267447760126,0.00035622553943822147,0.006152315938183037,0.010517247559356582,0.013784521717813206,0.00944043259112086,0.003034064297885136
neuron_1222_count,0.04585122556958726,0.027309256679826338,5.4721019220614446e-05,0.00022493095638913795,0.0007146909195446492,0.0016203058542631245,0.0026993900898867954,0.005633557462519735,0.0017234863856194459,4.665513855080217e-05
neuron_1223_count,0.053444270857048656,0.11903385603149874,0.0015923508706168488,0.0009093424257815078,0.0027878144110684185,0.00012540582058964862,8.352306198391047e-05,0.002599851422819384,0.0019476728566155295,0.0007475421128698805
neuron_1224_count,0.03090274621816147,0.011465019709830507,0.0007745342900418346,0.0012159693246706557,0.0005061135106453479,0.0011838555766712847,0.011733503471829151,0.029383912075908653,0.011426830818463532,0.0009091892839361085
neuron_1225_count,0.027164969409939066,0.008114263365221197,0.0004130963599146397,0.0020213655002106964,0.0011068407728447721,0.0014438334908348574,0.01746602222746839,0.037892255408856435,0.01707233063636196,0.0026027210356145206
neuron_1226_count,0.04319829311284831,0.023770409324625374,0.00015320281688491812,0.002660808442383422,0.0021543210343897834,0.001268672141185867,0.011545614465644463,0.02579426028807122,0.01614543397661715,0.002059447986493129
neuron_1227_count,0.03104997349009192,0.014929119994295928,4.202665257316881e-05,0.0029996202049518902,0.00085428174131328,0.0023077902289860355,0.012124665991439576,0.025168195372654315,0.01346160484843531,0.0014372599471558258
neuron_1228_count,0.054165680618741954,0.11116447082173977,0.0034284817375953708,0.0008738839544064174,0.0022541677210653616,9.52924794759588e-05,0.001577108531783205,0.0008715059047912227,0.0014966274700941792,0.0011646313822155155
neuron_1229_count,0.016065102234802925,0.06206549589146293,0.0028703488863500576,0.0003791573022234509,0.001989666151065786,0.0005357799085845966,0.0019565063949003453,0.0011929418202489654,0.002654106958186006,0.0016682918918402984
neuron_1230_count,0.06141401634502347,0.11164802830438689,0.0009938005058572064,0.0036552478609963787,0.0007528731417405926,0.0011998121762094131,0.003201567766327136,0.014959646681080657,0.0009386485168095017,0.0004977583190359141
neuron_1231_count,0.033199681336769704,0.05867111841251624,0.0002405454779768751,0.0062159373091566425,0.00046397759842135844,0.0007387346545001429,0.004556260925568892,0.017594390433277887,0.004663443101722134,0.0009508959010106292
neuron_1232_count,0.06746954829831506,0.13434196151946576,0.002975064173092311,0.006553920858130537,9.296186358726932e-05,0.0001684721396738552,0.0006492419980270378,0.0026525977287626817,0.0008332410408585338,0.0021032043293739734
neuron_1233_count,0.0077429423783709345,0.06068764694174805,0.0075710537640305275,0.0006519713731521701,0.0003804278833418745,0.002685239031550511,0.00207572637354049,0.0004847881316093032,0.00420420207520978,0.002001988376800861
neuron_1234_count,0.020952141467948743,0.08991323420010389,0.006870855919973377,0.0021293281422772106,0.0002789347902038201,0.001466001796699045,0.002296648344905769,0.0008994970298893817,0.005974981577693571,0.0005141304288764654
neuron_1235_count,0.05282763040865629,0.08338716709820543,0.00434644552168735,0.009365552458645399,0.0003417571793695607,0.00031316735272016,0.005311166001203335,0.003467959749766221,0.0020974533909704843,0.0018840937302228855
neuron_1236_count,0.05621900247511527,0.13192928017537947,0.0023752436923895268,0.010320791887439965,6.673703578499398e-05,0.00028149395045599414,0.0008960415880725457,0.0041061754491107105,0.001911581337967528,0.0005076850176065871
neuron_1237_count,0.016527101585982522,0.06280910925770809,0.001960985607677237,0.0003607882990072069,0.0002355948883592694,0.00035465293044812003,0.0020729318158186558,0.002222595847792455,0.003928278238162299,0.0035493096750413324
neuron_1238_count,0.057636562172245054,0.12392680700137398,0.005532532252633199,0.00633214594923983,7.836478028845281e-05,0.001062078994826375,0.00014109126231423227,0.001271448110307112,0.0014562205638280132,0.00046149810885309957
neuron_1239_count,0.002220374969523462,0.02880322834031604,0.0033569626334908897,0.0008360936541576547,0.00029213605746186266,0.0030303634878713903,0.0016991174919956525,1.1890908049902275e-06,0.002695832880108384,0.0018050819920470695
neuron_1240_count,0.07053045780480599,0.11258855960770234,0.014850981326090057,0.024483974713706752,0.007258769159931011,0.00010284094417917743,0.0017976934032605876,0.0004143404056450844,0.0006103768489628923,0.0062787954925482906
neuron_1241_count,0.09005917499585092,0.1493152518128632,0.004218192816600727,0.014256781504155644,0.00626118816059576,0.002520039965853399,0.005452442865159633,0.0011199100307219788,0.002246050451812233,0.0018582903529651383
neuron_1242_count,0.08059746256407022,0.13232104298553898,0.0059770931224573595,0.0077475375754152975,0.004143300629225702,0.000322452123070395,0.0003690432651867921,0.0009671296159475401,0.00791741694413299,0.0011258504429857204
neuron_1243_count,0.014182782105086417,0.04299433177084465,0.0015872762580506523,0.005404306438027841,0.0005166906983285723,0.00202460310236776,0.0006041182029807371,0.0005533280797817303,0.0039840995647514935,0.00045136280572206054
neuron_1244_count,0.08562620898690593,0.12988543914193398,0.0054847258804424995,0.012444921536671136,0.005077962913196683,0.00204008732977215,0.008518528063101355,0.0006073755551976121,0.0029251267996526706,0.0012679518317871355
neuron_1245_count,0.06860327986566028,0.09283348064953645,0.010426284083528428,0.012663274405700503,0.011113908550251447,0.0004176897869553227,0.0009334129346565516,0.0020806902271962163,0.008004659207725126,0.0018987487937230652
neuron_1246_count,0.09386012109921926,0.1145988535558708,0.011008776276623,0.031631142707123916,0.022886381201110334,0.0024427427224961787,0.0115732253058662,3.706622889601834e-05,0.007082094308213133,0.005803775001922078
neuron_1247_count,0.020360931139090863,0.03785136969877921,0.001882034676478168,0.0007120174323780436,0.0004707153856766781,0.0003488376595565425,0.0007808817852101172,1.271022034918137e-05,0.0029536927404803202,0.0010818091231386013
neuron_1248_count,0.08795580901231217,0.06885635201196857,0.004431876433674625,0.014178213807113524,0.02547908127993255,0.0016007446682268084,0.005061704918312593,0.0014018411487292035,0.011333620152642124,0.0043117765084968104
neuron_1249_count,0.09790733791960551,0.10430474492997943,0.010270803480591256,0.017941784521268322,0.02434004394384208,0.004589788267187644,0.007999654278398965,0.0034526754920686936,0.011191998151218449,0.005124395676020743
neuron_1250_count,0.12156229986006384,0.05898919185667659,0.026997429052281877,0.02150748739989121,0.0389481242413966,0.0036633636245913814,0.011288000664708434,0.00947226759412946,0.023121446434390888,0.022489220473386515
neuron_1251_count,0.11553266297536002,0.07251651597126704,0.015227583268451958,0.013292702973925222,0.021457810471736394,0.006195727739633727,0.02102335545517546,0.003015399456534104,0.02550095429025044,0.016678984188144022
neuron_1252_count,0.06612433055077502,0.053856134048303195,0.0073671530715954114,0.0007534358563332545,0.007518801480852516,0.00014859972891206018,0.002377970040081615,0.0026954383843814864,0.016941520034101376,0.0026669032360083847
neuron_1253_count,0.03391719162662876,0.03601706235397145,0.006823297373741745,0.0022635695173389946,0.003541388255369593,0.001129880127080242,0.001765279996450556,0.0013673231121490957,0.006647071925997498,0.0012531895121012254
neuron_1254_count,0.08516735971905784,0.04612295291150309,0.006837059638906386,0.0016443331084780438,0.012862505088588813,0.00452490556378439,0.011427840218854624,0.003686376638702693,0.021436625060267694,0.008529325243878144
neuron_1255_count,0.054035027195329904,0.037641080268968535,0.005946120196535336,0.003933517532685268,0.007972450659871039,0.0003914777444194509,0.003247697376025954,0.001717057482784494,0.01015899976970333,0.005265547667139832
neuron_1256_count,0.020549764257618737,0.039923569103148794,0.002084529560801341,0.000295149027266237,0.0013561289916420756,0.00029057899816795074,0.0008311680253799136,0.0013108100190691648,0.01271536594131973,0.00042907482288556675
neuron_1257_count,0.17646461952991313,0.04568418707369534,0.01687828202959049,0.0009152681441338302,0.012956037094135356,0.015227144103036327,0.0346678925301343,0.014165685961839466,0.019484435484820484,0.02936868744136338
neuron_1258_count,0.06009456196490989,0.02259770203919767,0.002637848351128496,0.00019699763442595467,0.003932397131930616,0.004561006606963,0.007072219075757523,0.004315567753098645,0.014456386891288836,0.005609075475038847
neuron_1259_count,0.09854415193361951,0.03877140463014159,0.00644656017231407,0.00017640103756205207,0.0036708786644261485,0.007517764394895016,0.016181919518222454,0.006968928950201458,0.014724594728909676,0.012982412383081718
neuron_1260_count,0.08591961942944251,0.04437623251091763,0.005248986048848922,3.0515033265677595e-05,0.004720382981644289,0.0038252821330249723,0.002126769765326983,0.005498131547618683,0.010617360800934755,0.008115327360449925
neuron_1261_count,0.16355460821838644,0.045023082994302244,0.005389374908272855,0.000543246495079433,0.002059298296309589,0.013731605101823877,0.0295964016671586,0.007976283974069173,0.017099237066825382,0.020408262478981018
neuron_1262_count,0.21103290139738745,0.044753644361294004,0.007175164708494844,0.0027329014086666797,0.002840526184515413,0.012572309111489627,0.04324212627399421,0.00537388942733729,0.012952709132871304,0.023318931472370033
neuron_1263_count,0.007127000404124912,0.03214987582752985,0.0016916370457264354,0.0019364536017682926,2.3902406629074937e-05,0.0001903995124233216,0.003779198632327946,0.0023867477474733105,0.00343818365546957,0.0005669582387082721
neuron_1264_count,0.06479804689301816,0.028647267366064835,0.0014594129867992224,0.0004172077046753712,0.0005879523214899632,0.0009728384522940912,0.0047518969693226484,0.00045172167628314275,0.004719825635320106,0.0029994629062111144
neuron_1265_count,0.0850727036724643,0.04636865010818078,0.007349280803548047,0.0004444436402467264,0.001046839287826444,0.0023811074174044378,0.0070908809885908,0.003206860014699782,0.010194069426190194,0.007626422650239523
neuron_1266_count,0.14825718838980328,0.035798369328766566,0.00315531680692957,0.003526187342037329,0.00020649042353712132,0.013528412689041022,0.024441827506315045,0.0030806920084967757,0.012240357895659998,0.020820904196627882
neuron_1267_count,0.05924908782210915,0.03091944007616028,0.004102113803306745,0.0007600362037332546,0.00021328939941858,0.0028910846038231325,0.0055874546841816475,0.0010967850457626778,0.006890965034766744,0.00544430184057236
neuron_1268_count,0.14446160109216816,0.031952272295256906,0.000966427852410686,0.0052490407651415785,0.00014848132717714194,0.017820064429954985,0.029979223950875336,0.002375873266955035,0.006471201405605115,0.019517346579252567
neuron_1269_count,0.03549356413042945,0.03647513342517278,0.005322969384506611,0.00014645085878996732,0.00034459839145674007,0.00048089309665231075,0.0007103953319019174,0.00043993988384771754,0.003609277813947369,0.0020777997404641396
neuron_1270_count,0.18734104648285088,0.015042174927790294,0.0002383612065158091,0.012109959161064304,0.0001927247559492682,0.032275920459696766,0.0545632294019211,0.0047797771403452136,0.011270829058881479,0.03015808620534452
neuron_1271_count,0.12587909797044122,0.027110937413092173,8.3824682547343e-05,0.006649758554182393,0.00011386094336259932,0.016388236697927147,0.027497306836657645,0.0024576391621866783,0.01184855443478973,0.017646747226156112
neuron_1272_count,0.17993516299034662,0.017308497566856457,0.00048524428644088763,0.01549431142644618,0.0012750986862502638,0.03118592432302833,0.05378871138579469,0.005540169349943426,0.014013989619830053,0.02591500123860016
neuron_1273_count,0.10338699926319023,0.06024126063148866,0.0026940657662196457,0.0018312777515988449,0.00015401638136238946,0.008644810007350831,0.008514976342969653,0.004759827917519867,0.0131079960012105,0.012146532630995618
neuron_1274_count,0.14603123935095638,0.050529709028778486,0.0006018322712848141,0.006946593833692845,0.00044379000805987515,0.018997478731645395,0.019249267217590613,0.0051882723172601425,0.014677380250573552,0.01811198545167353
neuron_1275_count,0.11613943660654441,0.04168627219761467,0.0013898959958157757,0.005292666946813497,4.1927969198052306e-05,0.013991858137701846,0.014342998672390195,0.005289594955196805,0.013051262484047046,0.01460742067072232
neuron_1276_count,0.13962841428509612,0.03071938954552643,0.00011540534782513052,0.012387966558161698,0.0011168253676621318,0.01965242060681284,0.027556539239981054,0.004026487689056446,0.013495585364065851,0.019384416644451077
neuron_1277_count,0.082452664279491,0.06594512248986337,0.0016163619638260504,0.0026070860570469798,0.0006479039482551203,0.006493786418695503,0.0038269069178391082,0.00135314327661595,0.01277808235325345,0.007509766204763395
neuron_1278_count,0.07396398154539452,0.06171641041051304,0.003753175625124096,0.00137748714880832,9.61194331409519e-05,0.00458011346508299,0.0035177302528475174,0.0014756264981693155,0.011151743610274045,0.004833606842577463
neuron_1279_count,0.11649096168140513,0.058908515445077525,0.0005500740382962908,0.006190541026733651,0.0004541967737038133,0.018643684595821136,0.011601092257969334,0.0037868765558265807,0.014951915560173765,0.013595992153711572
neuron_1280_count,0.06571589724609367,0.1217149984946776,0.0013223143567927184,0.00026786065357880216,0.006477471471400598,6.214363681587322e-05,0.00035197294598008147,0.0014779727579175006,0.0007878116009536942,0.0012320774727606135
neuron_1281_count,0.0051331234695128625,0.006843047195206724,0.0008241807933463512,0.0029995852853927363,0.001069902631872871,0.0013914549008179726,0.01156084188980007,0.03296128090766673,0.005463155168134018,0.002058883721723831
neuron_1282_count,0.014329176102164679,0.03087705731634771,0.0010892682397270134,0.0005428030784665264,0.00405566237603424,0.0008724683364381008,0.00946757293991575,0.03869565945856132,0.008052406465181558,0.00014521140119990068
neuron_1283_count,0.04283174347765628,0.004671579856328004,0.001289162843096877,8.162649766881936e-06,0.0010751816276376794,0.005048643473583234,0.005439489262959521,0.00873450512448537,0.004773451631027437,0.0003771363321751573
neuron_1284_count,0.012239264207825451,0.0005288954509375318,0.0016939617124288459,0.0003359146338471966,0.002646312813501611,0.0016057208610625422,0.01266649990863733,0.03146739561055806,0.019816658480510174,0.0008794374058563141
neuron_1285_count,0.06117089895368777,0.11550907355521609,0.0007406978170321071,0.0001674543325291102,0.003839461721982393,5.393836040663369e-05,0.00012653701597361514,0.002487447802174407,0.0029749475871458132,0.0007831159954384825
neuron_1286_count,0.04179612818050618,0.00488001789677469,0.0010062071307021716,0.00020188301759863254,0.0023193631939598808,0.0033768878340752137,0.0044644740083612175,0.004169788668686392,0.006928389411623173,0.0008337239789660764
neuron_1287_count,0.06611745073790895,0.10834255250226357,0.0009627927998313718,0.0003176691617099922,0.0017840205485920267,1.2020022570910917e-05,9.83131591409496e-05,0.0005470390246671147,0.001405111904555719,0.0005387590526764463
neuron_1288_count,0.05119268120028053,0.054078587327122285,0.00022139269244140364,0.0014304328505783635,0.0032212725240045106,0.000775013316889523,0.0028548242424127623,0.010940272284038308,0.004210464114713611,0.00028377590532271783
neuron_1289_count,0.023217516628276078,0.002257169558359952,0.0003442563925716499,0.0013096066976990423,0.00031390923561347255,0.002954985223051272,0.01826805619677775,0.03293117983024363,0.014246149894015889,0.0023003987887937755
neuron_1290_count,0.047982967983908525,0.0955022835734303,0.0041544166951883385,0.0008850047435180232,0.0006214974711371245,0.00034198860652725344,0.00031432928485531503,0.0006949848343669254,0.0011577218445832267,0.00015278728414775842
neuron_1291_count,0.0556627443668235,0.09604638900992996,0.0015874449897091553,0.0017394226895521073,0.002965866160918776,0.00025987505538320466,0.00042699139608471867,0.002664352397775474,0.0011509567606027647,0.0003227123623352592
neuron_1292_count,0.03666064033126226,0.044341170536560864,5.576208937857984e-05,0.003314898364492669,0.000882243460358173,0.0006833330391901871,0.007504402513796901,0.02593085578507036,0.007908808239748044,0.0012359053763682931
neuron_1293_count,0.03488462632152592,0.08054480098849984,0.0017010122015857707,0.0003572709769647138,0.0021913335478391423,0.0004999239730726808,0.0009221410840755569,5.70200884325695e-05,0.0014034375992858818,0.0007694319529141756
neuron_1294_count,0.07474116078273363,0.13330744169687694,0.0010409748103674746,0.0029692730683330074,0.0005688491817950996,0.00025319712712777026,0.00015442296711448526,0.0009468269604972594,0.001038689956798405,0.0007714394500237462
neuron_1295_count,0.04310027483821924,0.07124393364087123,0.0004423288050604962,0.006682325103590417,0.0008496185645851043,0.0005499370776022687,0.007301492367998749,0.02630142368506448,0.005612942949611566,0.0006862780617300952
neuron_1296_count,0.03727991177372486,0.09994506465276282,0.00023326089690625792,0.009413301702661761,2.455405258143615e-06,0.0001126966853662835,0.0036209961055287537,0.01885963571178398,0.0021877393280639243,0.00012494777727279933
neuron_1297_count,0.009486812761254109,0.03241610736822796,0.002117063179518784,0.0004072528097401433,0.0004809992971797194,0.0021303133277536905,0.002423811609134496,0.0016322075287953063,0.0018431225862275483,0.0009059845785523209
neuron_1298_count,0.08120328702044949,0.13564406768623474,0.0019023207588519872,0.004940415128191114,0.00015234219310774656,2.5442205062451047e-05,0.002519553708760912,0.0028962021691567447,0.0002779427815865474,0.0002606255390962284
neuron_1299_count,0.03612825644663431,0.08229052181344979,0.0013449885241828725,0.007700976407127497,0.00024470829853472965,0.00014689971290681933,0.0016253193775970648,0.0060935482862222515,0.002721358762634851,0.0004860554508525749
neuron_1300_count,0.055411676623342954,0.11135762583343559,0.0029089489100534854,0.01752797873510631,0.0007413101682858629,0.00010001203566981608,0.0032773226710425193,0.004704239854788468,0.000709685679558196,0.0028738916847812768
neuron_1301_count,0.051685677540945274,0.11943957190972321,0.002779035174783659,0.002327465781986747,0.0006854821948811228,0.0006314582351034659,0.0005003292481097453,0.0028037955936197623,0.0015495849818266266,0.0004405705884884953
neuron_1302_count,0.03846649100748714,0.10740557812623824,0.0072682797360274845,0.005744837123027674,0.0015101129095290503,0.0006276394891164029,0.00018049386299726598,0.00021542847177409043,0.005485131816032107,0.0016867623262971972
neuron_1303_count,0.07946808267397759,0.1173268632177589,0.0021215269395747707,0.0068827041741524875,0.0044698153417283,0.0008103977307638774,0.00016846209012323123,0.00024365789819540086,0.0024249773467262883,0.0003164286105292041
neuron_1304_count,0.08041363006682922,0.15328434290289422,0.004031218552622395,0.00475927320826134,0.000313244370795291,0.0003736378312678493,0.00023620410227265416,0.00026000359633176345,0.00297476776410608,0.0014198036668593376
neuron_1305_count,0.032421074411209505,0.10342832601313864,0.0006278375360821188,0.002022822790051025,9.72682720924243e-05,0.00019953227444734732,0.001169160061430509,0.0011384805143128812,0.0034601453353489617,0.002633144787678128
neuron_1306_count,0.09314952386235828,0.17124710881705188,0.004644135564317926,0.019127936865759032,0.004488409366586989,0.0022438631763695427,0.0033041603867341035,0.0030775378353054272,0.0008281317154420417,0.004328390742484332
neuron_1307_count,0.04476880523870283,0.09884832888161277,0.005154694073460107,0.006523438943779825,0.005307252186244636,0.0006099330222236014,0.00020302662634435337,0.0024590218977010372,0.011407922200564996,0.0007445966316754185
neuron_1308_count,0.08277412026150785,0.1171658564910337,0.008252262794465573,0.01010285623745677,0.006868939952287295,0.0017208314780484332,0.0012845728144241196,0.002968233725688378,0.00707979286713574,0.001304921304084973
neuron_1309_count,0.024768540134042394,0.051865772496218765,0.0016783118841934772,0.001433160429019597,0.0007791318607877039,0.001145889670449653,0.0008445877269678426,0.0005477304972343793,0.005247175260043552,0.0015526211624738231
neuron_1310_count,0.10774195516739588,0.1245935052544071,0.007180452417677341,0.013864684855245848,0.009614190663148073,0.003512270214710185,0.0067196842420650105,0.0014929066226287147,0.007088338177478157,0.0040281441621541625
neuron_1311_count,0.0929168710178061,0.13681474587688397,0.009063163968931733,0.018052091169085793,0.004978326092598198,0.0013448104297181934,0.009625038760796234,0.0001727016432210189,0.012025217797248605,0.0024430196033248947
neuron_1312_count,0.08866758850111026,0.09808615444221758,0.005428023972136542,0.004820333984661591,0.004813038383970535,0.0014546207015940504,0.003922787345001358,0.0016907701915974578,0.010330229011430131,0.001166141323134303
neuron_1313_count,0.10371802990847531,0.1132199873585483,0.007578042989715282,0.012855973844590737,0.008392526002553316,0.0037224493164004155,0.008258986694805098,0.001452480759364761,0.016911520968414487,0.002646534203853544
neuron_1314_count,0.13639755918080274,0.097090281787865,0.01589113479267243,0.015934339879665596,0.015913625613066154,0.0044214345966041915,0.017548774088506594,0.003114786598081308,0.01899875988853117,0.014514986794921358
neuron_1315_count,0.11643794356935316,0.09624460252420267,0.010980480747945429,0.012340826062272062,0.020872221326639392,0.008233436227143495,0.014801470558014201,0.002219438150557078,0.021415260862313074,0.013553068496592782
neuron_1316_count,0.1257772412778928,0.0692882039245625,0.013042411881742932,0.007145071306807013,0.012952057658331392,0.005216949682951,0.02352855911552376,0.004618477245340431,0.029346168864934324,0.014375237335785426
neuron_1317_count,0.0783749550480442,0.040907460957682176,0.0036831111417043212,0.0005043110031659227,0.00917157919446663,0.0010852286842298504,0.0011105356867485683,0.0031412913315004495,0.008721612828336965,0.005036809835491533
neuron_1318_count,0.10204839699575086,0.059921721040075676,0.009647251213151964,0.0019691897831533856,0.012242847443016486,0.002430043428388276,0.009460691806577326,0.005533747914930276,0.020786893719071373,0.006841650698377444
neuron_1319_count,0.1392355310921604,0.05513283543664707,0.010407900722994662,0.0032499228749298253,0.013725509628776306,0.007913775063404974,0.01517318221531104,0.005814417447904598,0.016997114080347445,0.020854134388117396
neuron_1320_count,0.04738266878104669,0.03531663427148825,0.0030858367715516886,0.001995329468347677,0.004013526576914485,0.003054832025306889,0.002141191371675264,0.0029664252164961283,0.012767478984974205,0.005625610954707254
neuron_1321_count,0.1664178472717226,0.06881313472806663,0.01007860990292507,0.0005453979366312513,0.006482940034091153,0.018274234716329857,0.04215456125949024,0.005877497720476368,0.025545687987710494,0.0258667131649101
neuron_1322_count,0.15577359800621127,0.05117894769676118,0.010360091719401526,3.0329447708934325e-05,0.003954605125736324,0.01093910906405024,0.030586523114717462,0.006013188822578126,0.017946249632416797,0.022227377614584487
neuron_1323_count,0.09831635979071307,0.029201653966730842,0.0020736359553586714,4.524837810774857e-05,0.0028654455638043932,0.009313606374047892,0.021609872384945106,0.0014241990305553925,0.017101255366306523,0.013459907080877534
neuron_1324_count,0.18311558002681896,0.03382899390274005,0.010288919427138984,5.873067008071477e-05,0.00813565476322306,0.017207239079390146,0.040222366248689995,0.008824445469415479,0.021005525072966033,0.034818537218874374
neuron_1325_count,0.18139734922602274,0.0485668357923765,0.0057470765080989,0.0012731811348629975,0.0023202938892805183,0.00627482746813364,0.02554856027104796,0.00574257258764755,0.014866149254109895,0.01945228708416842
neuron_1326_count,0.1958594945409703,0.051892156614035484,0.004994200110905574,0.003166733351179528,0.002373905380126752,0.014090231506472817,0.05359409710652199,0.0016159288257744792,0.017780116833865545,0.020171838826093524
neuron_1327_count,0.09263177478663284,0.044950435834074154,0.0044192662292741325,0.0009813795096420448,0.0004180884833799546,0.005848927145005754,0.021048785619763408,0.0007085900240272509,0.012745717784031108,0.008833797053199394
neuron_1328_count,0.07231149560640546,0.03251684888740153,0.00450201227519844,0.0004272429776714815,0.000708844631928305,0.0034736440503090743,0.0034045461761770188,0.002782572347264284,0.00617271294533784,0.008455559534028545
neuron_1329_count,0.09754401901057855,0.039082786385314566,0.00229863122784061,0.0013511018443777244,0.0002246500355197762,0.006380457688189289,0.012091610727512234,0.000961557735808527,0.008546920981086323,0.010832395634960995
neuron_1330_count,0.0850351103818709,0.04100993735537811,0.0036643136958147485,0.001333450556338496,0.00047353810402198104,0.0050837479827785526,0.006197289644395185,0.0029984648307122205,0.012016764315592066,0.00868251285015438
neuron_1331_count,0.15378216579998313,0.03105977655570516,0.000696169801352297,0.008399446649099723,0.00042073357110899295,0.018654092755731377,0.040190960165152084,0.002285835589021838,0.01378802379348218,0.01796874467039382
neuron_1332_count,0.0764965959088568,0.060291243936741234,0.006020754850159855,0.000702056670637264,9.226347833253025e-05,0.0007205524270737472,0.0016052688574455208,0.00201284416606224,0.006779254128567697,0.003887533323134497
neuron_1333_count,0.07732526497597522,0.05239132385877998,0.002821358149495065,0.002022658750139676,0.00018247910723796171,0.0037040469928511927,0.003051475209585097,0.0019073883798866667,0.009420862084546441,0.007173323552881389
neuron_1334_count,0.05557351607008513,0.037205583197046616,0.005244447328535188,0.0029745437916259797,0.0007282291743686085,0.0010417434830455284,0.004141175224833225,0.0015929295753496935,0.002892676347307804,0.0056029627129003945
neuron_1335_count,0.020213794296262966,0.01598124960196369,0.0020987077446923998,0.0014996041276383251,0.00013407804826966793,0.0004053291714019736,0.0016764397372224689,7.28046103660434e-05,0.0013753438288397809,0.0013091427162840018
neuron_1336_count,0.1353429601036029,0.0514755751237059,0.0013369738004317122,0.004191735253433859,0.000425778807466989,0.00713632947117461,0.01360601197771702,0.0014395842867289572,0.010771286816876849,0.014828582374602106
neuron_1337_count,0.11347282306613787,0.08006508745146629,0.002740789142368548,0.002603850947146307,0.00043952449068057967,0.002987741237939573,0.004038377445231459,0.002621060536109665,0.011057561581653927,0.011522574260176152
neuron_1338_count,0.10109712412746708,0.024840259194813766,8.901675039306792e-05,0.009464810857649969,0.0006887365075223528,0.018347691155165338,0.02333910523024145,0.0025696089349412296,0.013804333177327932,0.015334824081148238
neuron_1339_count,0.21227984441943254,0.017278531258002883,0.0006815737848934571,0.017336576553231772,0.001855050502072561,0.029269806581795454,0.05185460254588825,0.0032425106126534736,0.01213369366101423,0.028845644856295427
neuron_1340_count,0.10443905762167818,0.05933120159878963,0.0011457320235046982,0.00366433245613753,0.00036024009042187957,0.006036848847016503,0.0075293462676007394,0.0019445244550191157,0.01408061513648777,0.007707617664625091
neuron_1341_count,0.12545817814326912,0.05790508524993859,0.0009446483402126594,0.005521963527768618,0.0002804579446742377,0.012191406956711504,0.013157279532782104,0.0028214646562226275,0.015339542521326799,0.01217107175668014
neuron_1342_count,0.011581494872407179,0.04472640712409798,0.007373802324865186,0.004786920351013725,0.0006225189020838363,0.0033059806453599842,0.006290101576304868,0.0019658432258069167,0.007693529266078001,0.0009941477901434584
neuron_1343_count,0.07937520792583068,0.06370247151195665,0.0041605577782427156,0.002318609544605695,0.0005936221059421815,0.0011884895407272104,0.0029564537205443477,0.002180743996085664,0.00455982806789846,0.0016011973903949789
neuron_1344_count,0.032320467176968265,0.00010000767287948395,0.0010790355719128633,0.0005958566737220665,0.0014141099053041686,0.004634066442447626,0.006760868652523608,0.0046918118845177825,0.0038978052020391465,0.0013943432955342214
neuron_1345_count,0.007927699899059948,0.0010412550035078585,0.00036313570009944944,0.0018317458833326875,0.0009220816718703275,0.0028063360530560175,0.010932616315118895,0.021416520288352364,0.007515744032645155,0.0034607456220666563
neuron_1346_count,0.01634902602386784,0.00012642184144658064,0.002569184516519739,0.00012710138566611158,0.004289688963264669,0.0028026432246655436,0.0076748391808677124,0.024344537324894666,0.021894038413624806,0.0009981056727108202
neuron_1347_count,0.010888471072793601,0.0015249990890286412,0.0007864282023320561,0.0017599871990585936,0.0015837429597722504,0.0018122268756851911,0.013161930286520462,0.03245636416474984,0.0146523213104916,0.0016787660689337632
neuron_1348_count,0.03544140941972879,0.0021904141281135076,0.0009415947563334894,6.418899806218917e-05,0.000646052936555154,0.005294194316626907,0.007488850741839387,0.005235773298624645,0.009279288178905595,0.0024738806445149322
neuron_1349_count,0.014107719700346188,0.006728488781974171,0.00012412454257117221,0.005130807566368391,0.0013134878767629525,0.0017427468300037635,0.009303735406991587,0.023541116482942506,0.011790102517441767,0.00450079954627685
neuron_1350_count,0.06392604598491664,0.035622506681842386,7.0395529011743055e-06,0.00018665478835433458,0.002971628104721534,0.002221994987926225,0.0015744283994137548,0.0020559785859178975,0.0032852970496201617,7.148047892246035e-05
neuron_1351_count,0.046694426378493636,0.00698714245604435,0.0006308878856551726,0.000546535526213282,0.001218900840825217,0.0020872668097407267,0.00689986270155811,0.00799062343688875,0.009694145429450324,0.0012140390929002952
neuron_1352_count,0.023094233669781958,0.011548237810269243,0.0005924395898321555,0.0013132548053384659,0.002326147286325332,0.00025016107271375564,0.015551477209794176,0.03663394105835274,0.017437698712982494,0.0013580064008635352
neuron_1353_count,0.06103021768386552,0.11262554199990887,0.0005937882943277267,0.0012297398932493639,0.0016948147094366789,0.00072026866607015,0.0006788655620779856,0.004406840009446612,0.0011422974686317675,0.00018560152485180663
neuron_1354_count,0.031530915440949936,0.017787116970051323,9.338568431874325e-05,0.0012707650458173118,0.004857844752053038,0.0009937548490527338,0.009730073426960764,0.02183696239435133,0.01806830117648603,0.001752294750686955
neuron_1355_count,0.06743338828728299,0.10544991968533238,0.0022650992048113758,0.0006729350132780101,0.0035570444472082657,0.0006188447013188037,0.00014901963651040885,0.001809793859614845,0.002397872438514248,0.00015659183850541374
neuron_1356_count,0.03556775063384368,0.05072602938745835,0.0003583573694727598,0.0021790463337862456,0.0028680058036749598,0.0019831651943680723,0.0032191640980975614,0.013056711573462429,0.007531352972749206,0.0009031630247104917
neuron_1357_count,0.05835830210635137,0.04057897225966778,0.0010620382374440709,0.00079448187146966,0.004824081603458097,0.0008578887443347286,0.008608392999061881,0.01969986614340022,0.017795278752695,0.0010121978886356783
neuron_1358_count,0.04616715194510629,0.06618775043855879,0.00040836156233103015,0.004780785471212849,0.004877376157836649,0.00024518268889177873,0.01230067620326282,0.036398000610838865,0.01209357257899557,0.0008802593383573556
neuron_1359_count,0.05294301804029938,0.06365270155766642,6.959131865155385e-05,0.0016579497719087163,0.001898914583384731,0.0003559549565051445,0.004692718544421305,0.016681656111303206,0.007707624825904841,0.0006168317076149787
neuron_1360_count,0.010278152982062298,0.05189087919596916,0.0012426120672012937,0.0007401943064621747,0.0004912285329438902,0.00035584365168948515,0.0009552053198764437,0.00040148202384808485,0.0014908577231438867,0.002286017259112729
neuron_1361_count,0.08264812642536373,0.13013326410004863,0.0018769845633001964,0.0025169792662313242,0.00037262875813000133,0.00015739664949266687,0.0013927839367987305,0.004586396610500136,0.0012510941548450143,0.000627623705849881
neuron_1362_count,0.04565873417299654,0.09770750141640222,0.0011369058550092064,0.00911604098394242,5.407458315456791e-06,0.00010671192562442151,0.0038097294987399777,0.010919477205600533,0.0023013679341411727,0.001260877339395991
neuron_1363_count,0.08982359432034018,0.11623355629022963,0.0006816886022884654,0.00467857578730084,0.0008186884049257853,0.0008875735711798421,0.0027561527221887094,0.0041136671247642975,0.003116137445986683,0.0016992891678534738
neuron_1364_count,0.08335640333221969,0.14738755560716194,0.00014464266173240016,0.004525285056239746,0.0024388771104406695,0.00022116079262834466,0.004360773569950432,0.016240371630344128,0.002583928654946062,0.0012239539464996632
neuron_1365_count,0.06614084726982974,0.12787703190949976,0.002637569768087475,0.005436697525059646,0.00010819982227236631,1.5728751747000162e-05,0.0016660521268643536,0.0029880953831940144,0.0005734476781915042,0.0012788729308270755
neuron_1366_count,0.05494297738685766,0.10703655703676665,0.001978400594093231,0.006761265957257137,0.00017675072293955874,0.00043198595772805937,0.004859489771086654,0.008448475287539614,4.0319432252355035e-05,0.0024947419175728076
neuron_1367_count,0.03664692272412602,0.08543342992129602,0.003139448165706618,0.004588245674979202,0.00023438658762682876,0.0013477739496547507,0.0004613255956823787,0.0010329254787484372,0.0030189808549335798,0.0008196073043797679
neuron_1368_count,0.06607018835130621,0.1282347857352205,0.0006112042260903797,0.010795996803258115,0.0007217212319830975,0.004320190320835381,0.004108365354872613,0.0034918026401512606,0.00019797773652613197,0.0009714798205229108
neuron_1369_count,0.013516234048564314,0.060269053840216386,0.003211467149668242,6.710230127578501e-05,0.0003460287512591139,0.005051910975888613,0.000993940110170774,0.0008720116913736621,0.0028119814919611054,0.003483941456385125
neuron_1370_count,0.08206773719265775,0.12454224320460566,0.005299965646838253,0.02027843181578795,0.00468784472483022,0.0005018656573412637,0.008398642729834815,0.004494143754370579,0.00013958176873256085,0.0018109481480936968
neuron_1371_count,0.06382073329485172,0.1268407647636557,0.007343968753568249,0.011579901581425286,0.0060723081479273355,0.0014488489479184512,0.0010191369581183836,0.00047357450731569384,0.008983047395298205,0.001526501832132366
neuron_1372_count,0.09987072940222089,0.16055640920924424,0.0034510404542842377,0.01044165431236653,0.002496995030383267,0.004053059703902684,0.004399413770258133,0.00016818217267988407,0.0035501874844006825,0.00032918062007532105
neuron_1373_count,0.0829260521588066,0.12276107480399887,0.0055577813907987245,0.020630119827782914,0.012650316376633816,0.004484565996434466,0.005309766514020972,0.0002569907361758602,0.006721028932980044,0.0026023678627840816
neuron_1374_count,0.09483856464004453,0.12465195961242578,0.012229750314404902,0.015673757521083326,0.009333423703186697,0.0019916547399912027,0.007772619148818785,0.0008349239654924893,0.007928047540096683,0.0025337857516634157
neuron_1375_count,0.11793363265304294,0.12720791505849074,0.018768738005474808,0.02096281319453054,0.007806690263644445,0.0017246197519902064,0.006305379711684364,0.003910531959712561,0.009354501570619789,0.009818216660035559
neuron_1376_count,0.1277592394456659,0.1264355578923573,0.009876314232500141,0.012699602811208313,0.006396852326995495,0.0062104549716518465,0.010586902064779455,0.00462574189810213,0.008077644629329417,0.007349525156086237
neuron_1377_count,0.08323200930849066,0.08006427040313488,0.005800909925870297,0.004523556885121398,0.004652634457034281,0.002135301858507667,0.009991462712093203,0.0004806399561793871,0.014864677337060622,0.0033191261585059015
neuron_1378_count,0.09341032101716487,0.10993497995331553,0.012097287126503736,0.006017255780774784,0.0072511528239879025,0.0018985754833959895,0.006821572736939938,0.0017730327332210472,0.014242862524366698,0.002432930402829138
neuron_1379_count,0.050375396498619274,0.051452779639775514,0.004682577604696342,0.006524462386984113,0.010697087133247254,2.17885733960841e-05,0.0005957056235693188,0.0008767067333769196,0.009309922330085568,0.0035142890812414895
neuron_1380_count,0.07410653629751257,0.05806364219558549,0.0015407447222033806,0.0030608418558617373,0.005580991480550988,0.009649936875651466,0.025818721544594372,0.00014403656896862238,0.016537890663819055,0.005218733044252459
neuron_1381_count,0.14484880410850617,0.0931893065644327,0.009124748251823772,0.005400312575649831,0.013960863644134347,0.006426626658142948,0.016223642494081966,0.0030963791269182084,0.021771838061552848,0.010225843055064916
neuron_1382_count,0.018290832300483194,0.024196196854249064,0.0008621215507810115,0.0007847603394261233,0.0014027533035534771,0.0005438274731165791,0.00024634756444227423,0.001927859313728849,0.007098930483527888,0.0009017675361010658
neuron_1383_count,0.10232626802945369,0.05155942463189231,0.005877365394435181,0.004309852826092184,0.008842252540170042,0.004510564586948387,0.009983660161959354,0.00598801497938245,0.014829522141809229,0.008195768880591703
neuron_1384_count,0.08697534235596058,0.06986174451063182,0.009580317151500428,0.002093647084852761,0.0018232960038831528,0.002336807239307709,0.009076191175123913,0.0023350206528525777,0.009576735352918364,0.006937790851488226
neuron_1385_count,0.09945006482294402,0.042221477050014194,0.007732070945042968,0.0010000102328814112,0.004096154406347946,0.004407457945671316,0.018568991218932948,0.003373912308611511,0.013049697419844616,0.009008850317504945
neuron_1386_count,0.20341197249568257,0.07543752899645487,0.014804174307752438,0.0012345324216828692,0.007181177923481205,0.010905930961056146,0.039668398895943285,0.0060017808065697675,0.02135709052760547,0.028668634837303808
neuron_1387_count,0.20028161003414877,0.07085313451693576,0.009079582877611528,0.00022194085603819032,0.004654653147230514,0.016551054256985984,0.048586487210187296,0.002673623446775124,0.016350489252712624,0.02381405883451393
neuron_1388_count,0.10422301843314924,0.04323104335403205,0.006880190073560305,0.0007743926516868924,0.001106731162975376,0.002678824993066785,0.018139870744793826,0.0021123285503485204,0.012929944430785906,0.007233886209576178
neuron_1389_count,0.12939262151894337,0.04701379560950136,0.00461575613927076,0.00028859886651308106,0.0016129258473614634,0.005020310124752757,0.028509840236718265,0.001413708933760846,0.01730818820162873,0.009679073741007627
neuron_1390_count,0.12826065687633878,0.04758680621221195,0.007301273941736852,8.20657537474196e-05,0.0014953631696105057,0.006232331239423551,0.01367799019456059,0.007636870371903581,0.012102049745001356,0.01364025306478632
neuron_1391_count,0.09089683038605326,0.04202595624079222,0.004857448410478082,0.0014152358026407602,0.0002567475926884364,0.0049734962426717655,0.013593950220821854,0.002032850410045181,0.0074354191842357364,0.008596918717094115
neuron_1392_count,0.0494397652912197,0.037274391724485295,0.0013756716669752513,0.0006343741956475364,2.6216501592552562e-05,0.0003144457963526713,0.0037375736860331896,1.8524731475502796e-05,0.007115651784592114,0.0021154828836390076
neuron_1393_count,0.12258640055511377,0.05300181518197036,0.006599682351991792,0.001692945868621211,2.952005703679879e-05,0.0018618236092851972,0.01488587718103801,0.004502060391975017,0.011937280453270943,0.010480511328852499
neuron_1394_count,0.21363044695982505,0.041691439846806566,0.0008559505681722292,0.005415214411613543,0.0005136846452637647,0.013485459352723245,0.0394251063075437,0.0024421299201617397,0.013022679217385674,0.027291261748559933
neuron_1395_count,0.19713637946740015,0.039753683864417716,0.0021857875121006273,0.004800920125091528,1.2684879796769945e-05,0.012051551479069667,0.026128054955050425,0.003286561679458816,0.007754528115489184,0.02636954877637114
neuron_1396_count,0.0489595779584433,0.026331975240141595,0.0019416236552833657,0.0005405534901505634,0.0002893219344640187,0.0007937843543549261,0.006684341835331266,9.64279802146608e-05,0.0043612651936033656,0.0037968542699376717
neuron_1397_count,0.18439860104556416,0.041158661151016185,0.0014972623596764406,0.005300128583105752,0.0002672745778917636,0.009564212028869923,0.032150235341020655,0.0021502580718566963,0.008161886776320806,0.021534126487837646
neuron_1398_count,0.04451422912784318,0.030682033261980435,0.0012991321436802324,0.0010210879504888894,1.4797924489739957e-05,0.0012837611583677196,0.0018993068898487814,0.00011267933139570523,0.0035260893870322635,0.0024401744065517886
neuron_1399_count,0.18646072477366954,0.03449128980362359,0.0011989705369641647,0.007666153335466795,0.0006386412845666815,0.009739335746712555,0.027824154152349817,0.0028515724371398626,0.006704951270932638,0.022806636607024977
neuron_1400_count,0.07729451844220475,0.04692294868315863,0.0031514935116626515,0.0021115642002844555,0.0003703704503543719,0.0028581215829153322,0.005875083463477242,0.0018943613087984666,0.006200548985047155,0.005831384958852388
neuron_1401_count,0.17806319168058543,0.03883017675386072,0.00045566556890097587,0.011014005901423124,0.0011790771721549888,0.010759118333584491,0.023434373175780468,0.0022759208391330554,0.006372829099004704,0.020992065785250272
neuron_1402_count,0.19456578120841955,0.040528975330215294,0.00038168221815351386,0.012043930962580288,0.0012862395826247416,0.012017969182131133,0.021043461075790096,0.0035381736275757122,0.006795835974291856,0.0240465684318011
neuron_1403_count,0.15677311101840163,0.005559200525479847,0.000987353100462298,0.01925464349495644,0.0008847266637401381,0.02407715606324537,0.0363804786545221,0.0037946966551327954,0.008939600746648624,0.029925937924368623
neuron_1404_count,0.006178489516098819,0.05443279241086333,0.011556065965186952,0.002171107235757875,0.001137716627546918,0.003553325915841392,0.007382235709156332,0.005684609704444849,0.005722879756922587,0.00027321668114539416
neuron_1405_count,0.02657696610724619,0.01650160923627495,0.004306874403250598,0.00043702621823752796,4.699497558385921e-06,0.004181258473586927,0.0012075086313358512,0.0010476928216120035,0.0019354696551839232,0.0012554781830516923
neuron_1406_count,0.03654530832453011,0.02908620844455012,0.006816570415191139,0.0007729546553244611,0.00021134470728521567,0.0024999286566616125,0.003175700036816158,0.0011713492636472207,0.0007316331808418751,0.002908686171270894
neuron_1407_count,0.15234438449730908,0.03934276463136596,0.00030653043847314685,0.012338292713290178,0.0010505789939382823,0.011358925573224182,0.021889603882474032,0.0017422999029271212,0.010666648903505202,0.015642031641853224
neuron_1408_count,0.058738279590709264,0.03880611725582914,0.0002983339921719761,0.0003929140407797488,0.004117555192209646,0.002128946084786587,0.001624364588093223,0.0034185347217566553,0.0008391812176330934,0.00026519752380283965
neuron_1409_count,0.052895069592013455,0.0013116919728626691,0.0010304738518027191,0.0005282964915089318,0.0007671698812199285,0.0030945358218837232,0.003384054088471228,0.002004607504802927,0.006178505601527981,0.0006082179265979142
neuron_1410_count,0.013903794466592637,0.00035484414612922026,0.0011248722832026756,0.0007062483436369692,0.0001722513851343489,0.0018413284604539351,0.008567489277852697,0.02224575734851643,0.009874711248756829,0.0022016592158241033
neuron_1411_count,0.0706559108812981,0.1482221220474238,0.0020595728454810905,0.0001160251817140575,0.003986766576568275,0.00025517778257004597,0.00021890150538440845,0.00012654562125034505,0.0032401924428214247,0.0009166390234880278
neuron_1412_count,0.02793550060126529,0.02801053999242105,0.001233676252194879,0.00011402917774548486,0.008063055328332777,0.0004316848189589752,0.01064670032075865,0.03383403402355867,0.01691717603584654,0.00035772017015813363
neuron_1413_count,0.036656182289472095,0.006027805726243063,0.0023091996332664233,5.0259072855618654e-05,0.0036104275222671733,0.0017831240481464353,0.00801400853571986,0.01843986369196099,0.014620413433615587,0.0005937252703459746
neuron_1414_count,0.026285456845351093,0.02767149472465566,0.0016654235693312064,5.85277752921734e-05,0.009618365135091622,0.00032244247154208754,0.01121426642468544,0.0327427535066572,0.015503155045123118,7.993690236539645e-05
neuron_1415_count,0.030630111243327568,0.03362739667139719,0.0009259011390772461,0.0004104539817814598,0.006811943085873337,0.00021560985479690369,0.008378279614958253,0.02914339071424263,0.013160900331664643,0.00033187091191256516
neuron_1416_count,0.039869697003092244,0.09262057050277833,0.005115344285518811,0.00026842456753572823,0.002152202240691334,0.00016729257442711382,0.0017378463070286294,0.0015983273507846202,0.002947134062581458,0.00033458494779802124
neuron_1417_count,0.05686954328892915,0.019256891919219962,0.001809961367864172,3.283144371617284e-06,0.006551297930724162,0.0007875773007248385,0.008949143638840404,0.018076014289182415,0.019875168147874878,0.0001258016186058402
neuron_1418_count,0.04278998499093656,0.041236761951935735,0.0007721340773733411,0.0013034114038049105,0.005421078328451401,0.0021747164648229823,0.004992899354417109,0.01987611514998526,0.011554734159396965,0.0003246552622641376
neuron_1419_count,0.09699171087097813,0.10520484624688572,0.0003260266112798827,0.0001889529625174191,0.00707882032897976,0.0011971491288349928,0.0016626131966564796,0.003785976927536183,0.004424934493378545,0.00015869354471740194
neuron_1420_count,0.07746477572881572,0.06264651352468534,0.0006271259633646477,0.0009165100554569192,0.007977993040306122,0.00038535861294915034,0.004869216542403701,0.012808653833451436,0.013682486848678427,0.0012930625783838488
neuron_1421_count,0.1023763801002125,0.10031212045677776,0.0005905485471968692,5.4909073431740844e-05,0.005512246848609924,7.297752693328444e-05,0.0008819545511769625,0.004310206093824924,0.012247633134746402,0.0007924525068876255
neuron_1422_count,0.09129047563452439,0.13421418912243804,0.0002539506009164407,0.000649184278671746,0.0028560390344226777,0.00042719393622186227,0.0019449247132636432,0.00769000239509858,0.002404130586552561,0.0010045423107342376
neuron_1423_count,0.03828938676556924,0.097761899840479,0.0010628307256746981,0.00028919581175727155,0.0023182544459202648,1.9046660780269037e-05,0.001617646651124103,0.0002616243544955694,0.0015007229728579811,0.0017489934645891353
neuron_1424_count,0.08024355940968053,0.1401597561162022,0.00029248922182308415,0.003825705513177159,0.004226814263646905,0.00012794266472032287,0.004737756249925167,0.017991629706753512,0.004560531144947921,0.0008696272525926391
neuron_1425_count,0.0925652373828274,0.14299599380992628,0.0010317770578525819,0.00011017595179696905,0.003146726514974253,6.748282624573394e-05,0.00121698673833295,0.00576055344182147,0.0016791234711258513,0.0015299146282779785
neuron_1426_count,0.10360647189758185,0.16499302424031115,0.0006777638925695734,0.0013980648324293937,0.0007186604854868481,0.00010830088272596912,0.0016420580989505405,0.002926748417518256,0.00021957211272351142,0.0019567812692944456
neuron_1427_count,0.010919314591313557,0.03277735198618931,0.0001266812382109692,0.00021581081198567432,0.0044886225448834555,8.320330308795318e-05,0.0006625499561196766,2.85824780370896e-05,0.0004656241573317635,0.002745764360539086
neuron_1428_count,0.056084617506149875,0.13969862102848915,0.0010140718134387591,0.0022572055521979384,0.0005243882440780882,0.00011115343694686336,4.124686151448908e-05,0.0005107281625401777,0.002909237667834179,0.0018394543715081653
neuron_1429_count,0.04679292371932944,0.10499168550386614,0.0016280782695316486,0.0004421606072641457,0.0008339176224408593,0.0006862274432933614,1.954030117417931e-05,0.0007254611133217063,0.0022821986028074073,0.0022177149924675794
neuron_1430_count,0.08667685326672939,0.16181336163210447,0.0017078921930119284,0.0019478298816783257,0.000718360701505525,0.0009141288844925037,0.00031615549496323905,0.0018180625845245421,0.0023302830936455937,0.0013729784416492054
neuron_1431_count,0.07225875629511813,0.12056835858010037,0.0019155105649613438,0.012471950768613363,0.0006539758337869954,0.000889397738083747,0.0020064913108202645,0.0014711812457063322,0.00045886415939125694,0.001880932673856972
neuron_1432_count,0.07405384752561336,0.12488318567899434,0.007069541496266776,0.001610296210737494,0.00016907729041836655,9.763575114668001e-05,0.0005910382966843319,0.0012785693930296368,0.0024918979453363785,0.0012189592293010351
neuron_1433_count,0.00944675120941136,0.035325791013686395,0.00046620263066846676,0.0012007483012812098,0.00428640126970398,0.0020244637576446907,0.004726008036284424,0.000137324213273669,0.0005771186949519742,0.0035957918308602045
neuron_1434_count,0.007533361032091578,0.03585682940505957,0.002845192428781327,0.0012895418206774478,0.000732999793940323,0.003231068934364211,0.003772025050206091,0.001522889784855084,0.002130404850502036,0.0011531821742055848
neuron_1435_count,0.10746293627464307,0.16428300280333374,0.000686245942937265,0.008014131662895718,0.0002707492119917121,0.004787599541025818,0.0027805537596465035,0.0006532196244405999,0.0007502644928455982,0.0013824094311125183
neuron_1436_count,0.1330938704413762,0.1827647783206125,0.003267244145249003,0.0063824549777457,0.002601681654783701,0.004538188158116366,0.0028737623792164657,0.0001493349520993825,0.003543265190831431,0.0013970026638657693
neuron_1437_count,0.09331180532165909,0.16678194984158193,0.0016273589397348548,0.011510018088223217,0.0018130863000681424,0.0053015737480493555,0.0034984664595985315,4.960103138333498e-05,0.0022496432284618145,0.00016652754908615987
neuron_1438_count,0.0935348025243464,0.13771677842861743,0.004228161116164836,0.007829681720143561,0.001977793396672027,0.006083724567197524,0.0022014319630689547,0.0021983956645888134,0.005669036038129946,0.0018708196121277124
neuron_1439_count,0.13626484256268753,0.1454041275271448,0.003779900784923268,0.01016610764230047,0.004978522154857314,0.008842720466687826,0.007520279547389527,0.0016546833573438252,0.009338898488623515,0.004531407560177239
neuron_1440_count,0.07125517322224681,0.09292111173454898,0.0036000887911624424,0.0032266646709899344,0.0005292708549996528,0.0027078380187959272,0.0033085551032795008,0.004304749423463115,0.010476162543598011,0.0005755099368605493
neuron_1441_count,0.1263829474466469,0.13047478555231182,0.009285175115552297,0.015201988975549696,0.010548434886215721,0.0043614832543743196,0.014700483175690698,0.00010617113064148934,0.008546023774136588,0.0061954937395664045
neuron_1442_count,0.03132402445311441,0.06682317156413675,0.0014612922099310234,0.0012130450608595494,0.0018798806748003619,0.00024785208688337355,5.677728870591599e-05,0.0009337262821040825,0.006589455208689622,0.00032056015858577744
neuron_1443_count,0.07774876936747036,0.08844473147241264,0.004464485697330996,0.007349777387655,0.002228582872828934,0.009497675836489312,0.010941601022669847,0.0009497082924804084,0.009869563906719156,0.006210818074874544
neuron_1444_count,0.1280384417092375,0.09616006202907151,0.01210155426384664,0.008440137777247572,0.009996366448147692,0.006481800173287873,0.021650570622792048,0.0021663838854956707,0.020824416175729304,0.010752891752054058
neuron_1445_count,0.13110191292072126,0.08894851779254331,0.008525623548357286,0.006418504605161676,0.00558529730598991,0.005994503156571726,0.017659455370955604,0.0046184852726907435,0.01536958198611127,0.011442191190960571
neuron_1446_count,0.16109890909079191,0.083888898659705,0.012301472563714222,0.0035758795869814675,0.006104954477312977,0.00502562028078872,0.0275497502847995,0.0036104439116719164,0.01764820599083612,0.017205464683671123
neuron_1447_count,0.12413366921170252,0.07021926905241033,0.0064919408179930915,0.0023429722259508817,0.0025057050578223723,0.00792951968768349,0.02135079251485618,0.0005371907858816583,0.011453145490996061,0.012926085881635685
neuron_1448_count,0.06471851293827316,0.04492799917089235,0.0014234084616728641,0.0017911457860407647,0.003419329332116035,0.0006824146170541466,0.0023947161541346684,0.00229042279011598,0.01265532619158942,0.0034896916031189953
neuron_1449_count,0.10625087959385576,0.06933977927772075,0.0035944762486770157,0.0007869398367615042,0.003327689040742647,0.006826714623086594,0.01738894151051229,0.002291686968104119,0.022668749307832206,0.009034373420592351
neuron_1450_count,0.22338685267966518,0.08546060268811118,0.011676814923135187,0.000127300597462238,0.0027689574489628693,0.008875560768311835,0.041394069601513594,0.00191143223612978,0.02253092667802256,0.028575612117120744
neuron_1451_count,0.08222917361446591,0.041713617888784166,0.0026340840891091385,8.065102716149327e-05,0.0014626711370481424,0.000877253572250259,0.003600746087469603,0.0004920826776918606,0.007069482047421173,0.005461640888378798
neuron_1452_count,0.04568085842388046,0.0452878065859149,0.0016302939600560847,0.00020831940950963583,0.001201765495651078,0.00043467570133186827,0.0009249754374557467,0.0010096169866622966,0.0036981182339318845,0.0003038515535618109
neuron_1453_count,0.05572101645041207,0.03807702339502614,0.005193407719104336,3.074503162623374e-05,0.0001843202985160712,0.0018570959125049358,0.00364405202132468,0.0008738740766400088,0.00360814391432044,0.0046446041499982466
neuron_1454_count,0.10056023807008455,0.06528825272659214,0.008365080781141898,0.0005180809156898995,8.874488002359043e-05,0.0058008806097768345,0.006385684641085972,0.00600789541370645,0.008333597577008314,0.009285138807377372
neuron_1455_count,0.156732455263636,0.041048313459875196,0.0017212203505691248,0.003880146444167329,0.00024683003986891456,0.012736995934513246,0.0358297141357784,0.0021286714765767767,0.014093803705263502,0.01627682749871681
neuron_1456_count,0.11187177617074398,0.05393608410549608,0.005501697427566149,0.0007792382908736704,0.0001430498115399274,0.0008501081302893093,0.007297199063239834,0.003921334210489451,0.005647819464465395,0.008642335754806232
neuron_1457_count,0.2836405280235455,0.08550216123649751,0.004407328728686488,0.0076382742810338355,0.0012475236825246101,0.006588287932899561,0.037298368161750584,0.0023459775455462184,0.0063308406455396815,0.02253233911819047
neuron_1458_count,0.2668855181677846,0.05560001399367423,0.0034218807285173874,0.0070332312292097285,0.0008844369634516645,0.0027517957180572677,0.02022680378856749,0.004131186113691884,0.005103353157548229,0.02753367210976161
neuron_1459_count,0.2185618906638251,0.06049991482669129,0.00511234664655031,0.004083860648519844,0.00013033779405381175,0.004006796170526523,0.0219450147897996,0.0019032197121543054,0.006034217866265429,0.023859773016903466
neuron_1460_count,0.14838994746558934,0.06227783014688476,0.003986455726355226,0.003278202729622877,3.4919266309350015e-05,0.0047024625725727714,0.010720502762331788,0.0036832293111527872,0.011018451646056221,0.01473587699266074
neuron_1461_count,0.03188476111471791,0.036445340126402465,0.004557723186642035,0.0009334195193107762,0.0008351510824237216,0.0017677649248722047,0.002594915527575247,0.0005999915653908091,0.0023966135312191127,0.001695012405769301
neuron_1462_count,0.1520327496391585,0.06255803873967355,0.00411279203963557,0.004487334508712297,0.0001578100605343722,0.004630115727705525,0.012086884098206213,0.0027530540286607452,0.010170887297677483,0.014215456969760287
neuron_1463_count,0.2025407104613433,0.04426339610162433,0.0008252644335226336,0.007653427176150612,0.0007588437259099488,0.006085280455991007,0.0194585708640901,0.00273607690198336,0.004082727328423678,0.020580419227840305
neuron_1464_count,0.07378244853320416,0.040969028309038286,0.0027300989291790534,0.0019441737202837914,0.0004428497381011032,0.002292299225567347,0.0028960137335354956,0.00150745135152789,0.002649802441475696,0.0041938530154752365
neuron_1465_count,0.12358407251276463,0.054823160734793264,0.002023576346853795,0.005000779556342143,0.0004981662714511614,0.004426745487275986,0.007726919437717583,0.002858682623898018,0.009503821955107405,0.010946901282246471
neuron_1466_count,0.05978314140465103,0.050290432605549884,0.00329418460593036,0.0012436075751040242,0.0010513701240774977,0.0013012722712656064,0.0003816448767190446,0.0002965900621605608,0.0027800552701544336,0.004096403121911049
neuron_1467_count,0.1279250608056789,0.06954249326633449,0.0023164755655921618,0.0037174949924495895,0.0007700703306155743,0.005327722599993097,0.006561886544595691,0.002556897539264018,0.012444543474086162,0.012998305325680151
neuron_1468_count,0.1360371812735833,0.06719906962962421,0.0020400451776200826,0.0023112260973411416,0.0005040259018589104,0.005164851526748698,0.005453612385237866,0.0035949036870530915,0.00897399136812392,0.011243479536179005
neuron_1469_count,0.09401912260183204,0.046436291573066266,0.006867630838902634,0.0022772112614403914,0.0007477530881567436,0.00021855142876129338,0.001998946594182047,0.0030847440724992466,0.0014530616445224444,0.007237269830340079
neuron_1470_count,0.053107420289074156,0.029096669560972843,0.004609136655186502,0.001573683460090047,0.0001203531496799803,0.0006878854360731837,0.004406487561931989,0.0018235651876200437,0.001753637692498252,0.005044896168560305
neuron_1471_count,0.05728550237606142,0.056907809850757746,0.0013361590007858644,0.0013070537940408737,0.00017383843503760224,0.00501919062770656,0.0036590563506976245,0.00028508219059761655,0.009781386473598372,0.0037841456407504137
neuron_1472_count,0.0783604329365166,0.04301721925678392,0.0001761522263846252,0.0009161153084527723,0.004531072331686467,0.0025291349646457614,0.0002319583165106623,2.804951954894254e-05,0.0012591713518111704,0.00010248424211027217
neuron_1473_count,0.01721045602115724,0.010930138979771103,0.000689117166154378,5.232046994790959e-07,0.00819704559498638,0.0006750527920515483,0.008653150889522995,0.019637928065738067,0.012657398562740313,0.0002851985542843792
neuron_1474_count,0.059646388109795084,0.02475624965677385,0.0006182903557255797,9.91794363675259e-05,0.0022166817738058404,0.0016801910895657135,0.0021440272872636154,0.0030207476257860383,0.0028906371125490687,0.00011736567437609915
neuron_1475_count,0.022647302847674827,0.0023771856572294137,0.0017469940009800788,2.9170644000498294e-05,0.0013753594202026292,0.0029500331105629454,0.012007121499201356,0.019882342617762935,0.017990463453081876,0.0015545126898475273
neuron_1476_count,0.020326547488188143,0.030361594310084672,0.0019906560482727542,0.0013881441134791402,0.003782659091882537,0.0004192208521889857,0.010511241531051263,0.04122296710533169,0.009342125944987206,0.00010350331026928034
neuron_1477_count,0.027649436219298607,0.012218676479640783,0.0007851845004126917,0.002168101072078689,0.004129592845905999,0.0007644749077079464,0.01728969777767682,0.029921748265292508,0.017298009948456636,0.0006277290893716425
neuron_1478_count,0.06577003342774668,0.008434312896296814,0.0015792438127736098,3.906811046553425e-05,0.0053281182089851276,0.0006403669607564257,0.01331080877591817,0.014201556108303148,0.023763954965081824,0.0010833459640147286
neuron_1479_count,0.03821641377630433,0.01075846976633442,0.0034616279023996673,2.6835269265072705e-05,0.009565814364641989,0.0005269195754447689,0.011574605237370902,0.027130356977180553,0.027344392784406313,0.0008377081979750699
neuron_1480_count,0.06931284304293972,0.03580985377447979,0.004440216405771663,0.0013736726968270711,0.019997461051301055,0.00010945470496069327,0.0058742636173397395,0.015213615920688484,0.027975399474803875,0.0010443878227361534
neuron_1481_count,0.07472747771571092,0.06431685954441735,0.0009206584668154973,7.434866819327167e-05,0.003793800568573709,0.0009983304188143083,0.0019017577949893838,0.003587561752472629,0.0033853161317527122,0.0006197206811837004
neuron_1482_count,0.0937795342334575,0.11044699211539344,3.6530441352020365e-05,1.2106095289421545e-07,0.00661734019953511,0.00047558821102127065,0.0009780164265511364,0.005054648207570567,0.003871475417059525,0.00015156825559995563
neuron_1483_count,0.05643450244029881,0.09305818710544622,0.0014380096831981097,0.00017377199580233087,0.0040603940815493456,0.0002712963311727306,0.0001994378999891984,0.0004934623317747328,0.0005526722525007071,0.0005226785218562825
neuron_1484_count,0.08354057360369535,0.10317395175729976,0.00018145615812960834,0.00012342642678945083,0.0071531972100034175,0.0007576609977964707,0.00044924803987946363,0.0012424274000713345,0.002167927947804252,0.00019911238342504994
neuron_1485_count,0.06002172688689364,0.11513226994027326,0.0010380733643633178,8.937504442281356e-05,0.0021116613709152576,2.799227520464912e-05,8.39190040840829e-05,0.0008620082569936738,0.0004517520644690019,0.0022675160524256235
neuron_1486_count,0.05973773329896162,0.09545021327280445,0.0014555267499408858,6.236677414682553e-05,0.0041646171329827175,5.99445155369787e-05,0.0009924110597272183,0.00137765510135315,0.0012595361491732626,0.0008123335794462463
neuron_1487_count,0.032110362139089584,0.07033021261903133,0.0012306538366563275,0.0001918318218745722,0.0007579099150792981,0.0025036211044107796,0.001502809744538878,0.00230285310517911,0.0005911029956453625,0.0013738489539753835
neuron_1488_count,0.07804956131710894,0.12174193213866014,0.0007330209020912082,0.0014244544792414299,0.0019256346248392314,9.436785888145525e-05,0.0016960706925710951,0.008121074029696543,0.0017826644972742788,0.0005987724152489108
neuron_1489_count,0.10052681082683199,0.1266221701706189,0.0029546550585951084,0.0028705552104352494,0.0018924716850605913,5.638332411794962e-05,0.0016695882118530556,0.0014946595372660187,0.0012558836810267343,0.0027098548472176097
neuron_1490_count,0.10372647662601289,0.1550997737318185,0.00011579763440760366,0.00015455627048022863,0.0044417009914001215,8.208498013951605e-05,0.0009493376933614774,0.004800539006808151,0.0016531693545070933,0.002379110473756659
neuron_1491_count,0.12003973058160602,0.162192170792758,0.0004311572679163416,0.0003528413330399303,0.0024838588241753307,0.0010339069808015522,0.0002995339120897486,0.0015417014026295056,0.0004653978781024564,0.0006999942809424176
neuron_1492_count,0.10819658053079254,0.16036182329954077,0.002420470963383839,0.001114400471726635,5.967361687265853e-05,0.00048454759720436766,0.00012412121067608317,0.000699750503455384,0.001125331853433744,0.0009045199986613076
neuron_1493_count,0.10369496195465144,0.12610257515507,2.4170992442372214e-05,0.0016494880740238888,0.004470707163090122,0.0006550390219783424,0.0039521823222320035,0.009202243474545305,0.007737822380697909,0.0005907812723035602
neuron_1494_count,0.10989357648048004,0.12197776534363985,0.0016225446422635792,0.0045810846945910574,0.00031907009676810337,0.001070567938836392,0.001384380083933899,0.0004286031989252717,0.002234509171078751,0.0027199920443885424
neuron_1495_count,0.0964645030673906,0.1538639241406441,0.0007045060872003621,0.00029103715539220525,0.0016270339906537291,0.0005534775583036292,0.0007146769025442347,0.0028935938006152614,0.0005559868614077208,0.002749058858829513
neuron_1496_count,0.11107257594246928,0.15873459357267072,0.004041345616383495,0.0032336436553013007,0.0005597092934761703,0.0009319919374410485,0.0016956318989024624,0.0010212641867643098,0.0004451729878439323,0.0006114942748053406
neuron_1497_count,0.010623884518725148,0.03947122243853646,0.003923499431554907,0.0005316981697859385,0.0005725976980712148,0.005458734206358212,0.0007157982570772364,0.0015641986912854422,0.006329243133422854,0.0008733815058617495
neuron_1498_count,0.08373053803376287,0.14513313164249259,0.005562013701623104,0.013479261392629172,0.0023496666624921517,0.001181126253991395,0.0007848512432752815,0.0010244952767844394,0.0068009955144380935,0.0015528180173943126
neuron_1499_count,0.050166630776742105,0.0822411153962776,0.004809533151110969,0.00043340891325478054,0.00044081580180485233,3.6193551937452675e-05,0.0004789988845324382,0.0030282747797428025,0.007902004094563583,0.0005187542563384385
neuron_1500_count,0.12158003896615277,0.16715720349870677,0.0031588288601230585,0.005252246956237709,9.722293785490409e-05,0.006462400566051421,0.0004133863596761378,0.005198274753379771,0.001668257872869755,0.001054941397577825
neuron_1501_count,0.11357041706649845,0.2017278302871538,0.0007794363714689473,0.007234494649188364,0.00011925023331049419,0.0023279567651209587,0.003169560653586631,0.0012163056036214454,0.0012379275900595808,0.0003467187660769321
neuron_1502_count,0.06898281633907849,0.10782301037542241,0.001928061657610964,0.005006319527376804,0.0013484029734288187,0.006738760539064893,0.004124711143189991,0.00047000033479160583,0.004434069378159204,0.001721482034224689
neuron_1503_count,0.06654794927215492,0.11809103187338008,0.00363471804033131,0.005557379383849967,0.0009848431431167953,0.0015413824120731473,0.000734820370068728,0.0005518151225437189,0.0063433968465135965,0.00041546584784883135
neuron_1504_count,0.1040378404619077,0.11296958390690923,0.008464997381301534,0.01263838596318384,0.00835910435003806,0.004915082167736826,0.013453915116368106,0.0004931028945490551,0.013066122775926226,0.004289225585865447
neuron_1505_count,0.09166647614986773,0.13042960665971512,0.00949775671141985,0.005504434638409578,0.0016969663945186758,0.0011127953268737362,0.0025291642401929423,0.0009696974577150207,0.005337695241874239,0.0007964277939878847
neuron_1506_count,0.08722175120604503,0.09035222696430223,0.006075345541682695,0.011030089829394185,0.009679688261270677,0.0032415871703851823,0.0022479761234761794,0.004723890863083335,0.009970516988127995,0.003926858343655956
neuron_1507_count,0.07735893325713218,0.07735502489329063,0.004204883646390489,0.004863627830790855,0.005106785469591257,0.0013883039129289065,0.0026003753479353388,0.0018787817153106678,0.011423131657051978,0.0019236027136104623
neuron_1508_count,0.13909063788387968,0.12925691615058907,0.011235545972555619,0.0029589407509359247,0.0040596123721374985,0.0021373536681270275,0.008468179043236546,0.004499349914324595,0.014542943150884141,0.0024163244289961625
neuron_1509_count,0.12007616946415084,0.07085883516609615,0.005884692405457269,0.0023815299081207733,0.0034523563859499076,0.007888000985328172,0.02845858938460749,0.001846041141288092,0.0194984543285186,0.010017161958522203
neuron_1510_count,0.13922363162827733,0.10331434989603988,0.01003069677719376,0.00439533087770335,0.0024604071207631126,0.009548390930062683,0.02326248571916363,0.00596239454854363,0.02037423570403278,0.01215674450781859
neuron_1511_count,0.1166293931098111,0.0751515913916731,0.006430942062536929,0.0018557422280717217,0.0025626481297129702,0.0009920133118963177,0.004738913448239131,0.003530155864193543,0.00760208027314474,0.006069424422751227
neuron_1512_count,0.07415183814417381,0.06586210583876254,0.0034249532833147966,0.0005499051557334503,0.00061066581636747,0.001264823727367607,0.0077364398506769155,1.3413762561317465e-06,0.009894733862625002,0.002658420762092103
neuron_1513_count,0.08121170300438185,0.08339101686248293,0.0026666591649991828,0.0003281420625218263,0.0011692999935588172,0.0009415467286826504,0.005771789863366662,0.0006242254381191616,0.016110628916267522,0.0010264846614570153
neuron_1514_count,0.18934610918365713,0.09103610571373319,0.009835573797360747,0.0011351185921962686,0.001415139778852173,0.005990714228690734,0.027853107986526057,0.0038223749410882107,0.009919854108081397,0.018149181911544965
neuron_1515_count,0.07347003410073052,0.05202845184967472,0.0037651545995932498,0.00041709161834931584,7.142228398445468e-05,0.000294208036514791,0.004464879436433276,5.33080801294189e-05,0.00691638313878884,0.002115272217839227
neuron_1516_count,0.08692090551403564,0.05311025550640949,0.005313380216510177,0.0001971698429895294,0.000461971241908294,0.0010989505072890489,0.004808171225202093,0.0013542154840522902,0.005762668332155815,0.004517916852500692
neuron_1517_count,0.09071800354230683,0.06732896904522465,0.00447710282603167,3.4762716669405926e-05,0.00033024993888741347,0.002095763111213178,0.004935808203053255,0.0013582688813212791,0.006474721082284231,0.002891931301812291
neuron_1518_count,0.11551979868053883,0.0553508659272926,0.00477824095167452,2.7266415522359325e-05,0.00035125179417706993,0.0007213512655758758,0.008017576789840039,0.003800671780485529,0.012095960783010104,0.008585908555962043
neuron_1519_count,0.1555517607643225,0.06525637152973562,0.007484179471251781,0.0006528895768626759,0.00030021006686205623,0.002180625214290008,0.009705292665870002,0.0041253649504623055,0.009305672593474493,0.013686304180269726
neuron_1520_count,0.13505109214958008,0.048966359006878846,0.005869847513094717,0.002458970148752855,1.852981259370455e-05,0.005984385378829449,0.01245909073173325,0.006782256762703498,0.009256837230761553,0.011813893780234425
neuron_1521_count,0.16196980901621377,0.07415380850599929,0.00948341213790839,0.0014490671081171837,2.7294434121581538e-06,0.001357768944336958,0.005499143771489162,0.003949712852473489,0.00565453469492426,0.01168637483707273
neuron_1522_count,0.06250183834998925,0.044984115886802595,0.0027593076110100576,0.00021269293444962575,9.117794775602168e-05,0.0002948886723321831,0.0018708398192611893,0.0011595802558086819,0.004387880126365935,0.003841707783088545
neuron_1523_count,0.2875475687521539,0.05976503747881601,0.0013851926562584542,0.01195388080300254,0.0016659961446807425,0.014887862925672873,0.038600536357766585,0.0033550485952512227,0.006382035119273308,0.03148443998358444
neuron_1524_count,0.2561781308730331,0.04384879936657948,0.0015460602821292732,0.00840722747178245,0.00036396251813239355,0.013834806021442353,0.03523447198974522,0.003557462205626777,0.010477760675459927,0.028902276068980937
neuron_1525_count,0.12497323941639829,0.07351528346236375,0.005478775132607673,0.0009263002388135849,8.6229453838578e-06,0.002727182866614407,0.004201577468735701,0.005284009563158304,0.006253755138250286,0.010481958724937485
neuron_1526_count,0.03862517385755169,0.02820813003539567,0.0019630545388997535,0.0014157813501245817,0.0003919912701194749,0.0009196713641655939,0.00021544700378311066,0.0007237694469618746,0.0001721329761565282,0.0023811585671666058
neuron_1527_count,0.2789172212317578,0.06021690645685554,0.0018104147186528002,0.010154697541453539,0.0013032805304175922,0.0024156558978062,0.01726697506972004,0.0027710949441580243,0.002006523903602807,0.022046460317993274
neuron_1528_count,0.2699551404939473,0.051426804936751946,0.0004236468801875233,0.010565171947094748,0.0016428634743515455,0.008617523457827764,0.03473117253924664,0.0022762441447326393,0.004308227816415433,0.027755048926634676
neuron_1529_count,0.2406667258668615,0.039264568844127615,0.0003232306101826343,0.015571959997213211,0.001844025270133054,0.005565573406698755,0.021661799353414446,0.0025728609381057213,0.0035093307354213607,0.027121004817890648
neuron_1530_count,0.1110613177103782,0.06425543324462207,0.0028635940961143844,0.0030549461964671856,0.0005383583134502233,0.004243213243565344,0.0034287319187542853,0.0028922696187747357,0.005812165773596306,0.008945152176410176
neuron_1531_count,0.3041826551760674,0.03577905292922688,8.834970497193385e-05,0.020478289472860275,0.001609870605142824,0.009486552845934235,0.037439778148069036,0.002127612842590082,0.0036174164995897568,0.031373371126891314
neuron_1532_count,0.17504538921878482,0.07662672958298386,0.0036899851545334414,0.004363427661465809,0.0011156655900858535,0.005441743507067762,0.006204338775135605,0.006637937837066635,0.007323364774574667,0.013729481264082244
neuron_1533_count,0.07754885617662335,0.01820889593512507,0.005337559717123023,0.001313354708036285,0.0003489726148718734,0.0005182446675147563,0.0017181660827423513,0.0027228382216485728,9.879338693334454e-05,0.007411331899204936
neuron_1534_count,0.0794079603393979,0.07961015150395517,0.005148772795677846,0.00036925458866222775,0.00018792384539813512,0.0018042647768456987,0.0013720394314603417,0.0015023174479732553,0.009634439258385516,0.005414578323203412
neuron_1535_count,0.041434529434651965,0.03249162900670062,0.0030874421999067467,0.001897018515488104,0.00022203830987655056,0.0004018696136440236,0.0017080396499280677,0.0010272290070179844,0.0026826654531801886,0.003221947865945523
neuron_1536_count,0.0706926705093611,0.03277170320368514,8.5709627476711e-05,0.001925274240780709,0.00509983102968084,0.0025880929984885767,0.0024440292874294625,0.0024149469599449164,0.0030286094828797933,4.702297622727206e-05
neuron_1537_count,0.07069883066083263,0.0637160267417001,0.00038609535412025735,0.00013172591699216717,0.004057453529709439,0.00047133739603771353,0.0008053490814771518,0.00027525627282166086,0.00048556717422104136,0.00025621682081682084
neuron_1538_count,0.019721390584593934,0.0006725263970906153,0.003110425037124484,2.7706031815075485e-05,0.002234790601543881,0.001801368858408689,0.007190727957842785,0.019468912517952658,0.013876449319814327,0.0007223408635697696
neuron_1539_count,0.04135176322751477,0.003193439134284194,0.0016119147031501725,0.00026553201117710066,0.00227556747549542,0.0015791788727497862,0.012022917181829934,0.01686571968808523,0.018186719305784582,0.0007662144672613558
neuron_1540_count,0.05062946949655717,0.025039386463038937,0.002042304873244454,0.0005082635864856778,0.011204476667044716,0.0005682346317566807,0.006763894814442048,0.015828136995389402,0.01925913535033605,0.0003567202513643595
neuron_1541_count,0.10893476268476426,0.02094024382425176,0.0026547871016469812,0.0032736199141030833,0.012428167623507874,0.0015626309180550094,0.002983767710377165,0.002101621549211591,0.02496312414505851,0.0004257633958895399
neuron_1542_count,0.04661384651986589,0.01520070319606856,0.0022341395417475075,7.433223809049164e-05,0.008490080303849845,0.00016853465381223148,0.006558270546872753,0.017127891827954142,0.023023279640890404,0.0012647333966999373
neuron_1543_count,0.0742545067504517,0.09607238776532023,0.00043000009215013024,6.348297407013283e-05,0.004132039437430665,0.000304993617988622,0.00047883845712011486,0.003642483907675159,0.001595913762115729,0.000742493159634542
neuron_1544_count,0.07653337924055362,0.03864895584692854,0.0022447412556228664,7.308258464917752e-05,0.007243298158782274,0.0003207586178691404,0.007256944621827563,0.011245182532146791,0.01837885589921469,0.0003335273360495773
neuron_1545_count,0.08418127190725752,0.03522452287121133,0.000881734045226866,5.990002307996924e-05,0.00808071304409698,0.00048668995488966235,0.005180682129279475,0.007590880100703662,0.02075331689734715,9.02462199695326e-05
neuron_1546_count,0.06766574487141325,0.10085204220034305,0.0023596965891886854,0.00023359055406267822,0.002754760239943317,7.428002829872765e-05,0.0006302041912233166,7.067688384651029e-05,0.0008159475916944295,0.00013123939138696278
neuron_1547_count,0.06851372181206228,0.06935096661762483,0.0020970720207394884,8.908753135466346e-05,0.007893237803513739,0.0006409557752531346,0.002837490671307133,0.011735667930512339,0.008895827687337265,0.0001652673824083066
neuron_1548_count,0.1290365728436433,0.13190550593243608,0.0004273186080867644,0.0002215732227729356,0.006126325849538372,2.5372565464549385e-05,0.0002891887269616811,0.0005661921611482823,0.0025473421728120504,0.0005408784675418237
neuron_1549_count,0.09154310618178502,0.1203230994491315,9.969010341131287e-05,0.0003423376571415025,0.006264116795521066,0.0008268614306489487,4.489903683770665e-05,0.0007579315387347945,0.0014687749162978665,0.0003463099072406623
neuron_1550_count,0.07082934533697685,0.06478917288549987,0.0023181755994171917,4.1222414846923136e-05,0.015434686233028475,0.0007225804056740399,0.007967839679546868,0.01621168107862153,0.019822264170580833,0.00021729803413434758
neuron_1551_count,0.03598676780823244,0.07970815396932648,0.0014233275025037108,0.0001610611862408462,0.0035854463790782054,0.000659413848384964,0.0012902317169867714,3.6288708697837274e-05,0.0013321671039546665,0.0028102974196597477
neuron_1552_count,0.10323749680783784,0.14661503185746574,0.0016634509027647322,0.0006085278133223558,0.006856741383000603,0.00035421029150384427,0.0008353605547858009,0.0034154834296995437,0.0018516874202721724,0.0013629468274475413
neuron_1553_count,0.04358759467255845,0.08421232024969924,0.0009745902349136588,9.1670936445437e-05,0.003911180925543052,0.00010711904758748422,0.00037726372029531045,0.000242358805281416,0.0020495499949053676,0.0011501576163922937
neuron_1554_count,0.1167104152129442,0.1474003904338608,0.00017910147788561788,1.9586271838642998e-05,0.003577348691144261,0.00018446168028821153,0.0005208653849934942,0.0007790923160637432,0.00018447848420645105,0.002504734713114194
neuron_1555_count,0.06751097686444493,0.12749750745119148,0.0007338768196264826,0.00010668761084041758,0.0014188130818168707,0.00019375934112117119,0.00040999781154143697,4.856092812486647e-05,0.0011730798244588524,0.0009425830632530489
neuron_1556_count,0.1101358073318954,0.15397535058152673,0.0001305197922136503,0.001202645589626461,0.005094929624995616,0.0012595829362449795,0.0009730078641551031,0.0019835795046956317,0.0030399908681184654,0.0006021010186344042
neuron_1557_count,0.10496653177419013,0.16564226964601803,0.002030617369332695,0.0008976883452133204,0.0019532839586308623,0.000359841915512301,3.7900427462395016e-05,0.0006077763163920731,0.0003429135737969143,0.0008433126567418073
neuron_1558_count,0.1207611316106845,0.1828613243700008,0.0019070095292130426,0.0012029323543652076,0.0015426180650626592,0.001796711296194721,0.00029985697534081444,0.000894287148181171,0.00016380723331837176,0.0007668710039998262
neuron_1559_count,0.07396544639401786,0.14790705721663527,0.0001526346206801605,9.479948892588438e-05,0.0019636801148117597,0.0011236809674647387,0.00024089184681473468,0.0022033810200288786,0.0014022470532736656,0.0028971508809162508
neuron_1560_count,0.11225200707943184,0.13812234361329523,0.000663243182903922,0.00011848161007762159,0.0008106475497910819,0.0008151095681787519,0.0001044052517155912,0.0017431398382187976,0.0021120070509796293,0.00039166688612910297
neuron_1561_count,0.08340139812997532,0.14223420223282804,0.0014798089239948242,0.0006628213677609025,9.487424945640345e-05,0.0011638628167445209,1.9772023810361912e-05,0.00014996258618498576,0.001064852596473917,0.0005786204277913459
neuron_1562_count,0.10897764143855482,0.1432605098011744,0.00405380124799417,0.0033846226698849916,0.002877702262502016,0.0023715987123209964,0.0002499374476126696,0.0036564572026050596,0.004309701645881153,0.0004335378475902943
neuron_1563_count,0.1136822426598133,0.16108749953054233,0.0032497395830072273,0.001956479085060525,9.218669157755755e-05,0.0018073367136761317,0.0009691242122362668,0.0007546274522199498,0.0018203584920767207,0.00025002360094464673
neuron_1564_count,0.1106242102880548,0.21007058580736554,0.004164941384638465,0.005728160761748112,0.0006613362201818955,0.0029390866987870842,5.451926229975163e-05,0.002577910298639678,0.0030668258963960915,5.1087120972578316e-05
neuron_1565_count,0.11118787910161304,0.17315913927862076,0.0009512064960298001,0.010382631012070376,0.0007440840467907942,0.0062223970399019266,0.0018895895187090034,0.00020785776176319298,0.001637562809430712,0.0004590309626746024
neuron_1566_count,0.11648166410460312,0.1710490740471733,0.004410962943514715,0.003913941767065651,0.0004320641513059671,0.003435676852845203,0.0001436611821047703,0.005573709052335042,0.004765328440244111,0.00014977766016818252
neuron_1567_count,0.08847106012049244,0.12851334571134942,0.005182960985126432,0.007915426750737267,0.0006937162157776063,0.004833378932942327,0.002727002787865661,0.002958686064870285,0.007072594432650556,0.0022497819111534367
neuron_1568_count,0.09368490619356151,0.16287306209625685,0.009178288485865632,0.00727496859532574,0.0003821471259361168,0.0028301933079175542,0.007248796754070225,0.0009257684389146446,0.010638119416384179,0.00020771468903684268
neuron_1569_count,0.057964935492013286,0.09076046094235962,0.002624024698368317,0.00508710735496936,2.2775840507009964e-05,0.003722529753759335,0.004542860214786289,0.00025651382495134323,0.00531032660983035,0.002429487676255459
neuron_1570_count,0.08709429438263633,0.1357877027890239,0.0038512730418882313,0.001994552152113707,0.0003258657256383587,0.002586511360032774,0.0033720059436808114,0.0007124391988915582,0.00720779528857108,8.58391584533508e-05
neuron_1571_count,0.13250019951634795,0.14004302983350078,0.010883454096381556,0.00697703890095594,0.004192680037960667,0.004220502624478602,0.00912282900493977,0.0024590860599867023,0.009574374276856104,0.005427174176556686
neuron_1572_count,0.10844257793480191,0.1339060698794708,0.010710805864346973,0.006115475086391431,0.0038940781930680637,0.003451172783775096,0.00338024243168384,0.002688878186416291,0.011807784894109802,0.0030719084626008343
neuron_1573_count,0.11165629153462281,0.12968139553576954,0.0024588025383700945,0.004570814403917843,0.001309493292723951,0.0027387012577221245,0.005940747025355499,0.0005583501965352906,0.0051397662353792825,0.0013430623418542453
neuron_1574_count,0.14071503687235642,0.1274338842006164,0.009734534037578069,0.007634991825746645,0.00393176601764076,0.005796933056462714,0.017951970941893935,0.002218046266824064,0.018055981970470994,0.008710919663570627
neuron_1575_count,0.1581523545417516,0.143734402351175,0.014507941755871057,0.002831870492496974,1.757338739025974e-05,0.0032716649234302286,0.016577326284591576,0.0005292261105400535,0.008411725087025118,0.01415978028196098
neuron_1576_count,0.1151908802568257,0.07049216465421645,0.009343393575577619,0.0005566974769712872,0.0003589669087647601,0.0005865887635060733,0.005760284735173898,0.003799899626571235,0.006121992407635113,0.00753240030626115
neuron_1577_count,0.16620608641142257,0.10045278418127321,0.007991411694951489,0.000268712755460988,0.0005239000342414698,0.0023793369797240477,0.02289734964835552,0.0028678856511746426,0.012840710988323623,0.009428326601807271
neuron_1578_count,0.20296614667118265,0.10878755605966034,0.010842500109522979,0.0002680861703879857,1.4780831641122115e-05,0.004446982816587376,0.031401324830798466,0.0023024150543247413,0.012355626074709192,0.017101790502367334
neuron_1579_count,0.14266013307909658,0.06549567714073343,0.007699989937564669,0.000508841199922342,0.0022074044298858037,0.0015265490050337255,0.009771782595185852,0.003420005588862088,0.0061287774904989,0.007482519983545821
neuron_1580_count,0.07981383416217522,0.059319375241282446,0.0052229162558845785,0.00017655470433606667,0.00010408994578573936,5.378098905480357e-05,0.0029667807182429465,0.0013935585198890169,0.00808908607892847,0.00293240412742371
neuron_1581_count,0.10613116116893404,0.06779355525509001,0.007063273726346367,0.00018368191893455843,1.6065644565363977e-05,0.0024666218820624947,0.0032803311455077977,0.005784072835343414,0.007018895227238309,0.008574775384516273
neuron_1582_count,0.1920748852765353,0.07429660023585535,0.006756391919070445,0.0020402205721513494,0.00017094807270758537,0.0018155215684870635,0.020035119846156288,0.0012883361977784336,0.0068472345013963765,0.015459215367699133
neuron_1583_count,0.2850582745028711,0.08095131004256614,0.0048504883643629565,0.005080328279384781,0.00036351357973640926,0.0014461490395411107,0.01968227393126344,0.0017737489809516206,0.003388933716971479,0.021935836929912286
neuron_1584_count,0.26007575236666297,0.07735382463488524,0.008766361679254278,0.0032420841934602262,0.0003142085886316051,0.0021624262033387263,0.02042789722029939,0.002831958969759442,0.0038990663044182403,0.021222592136835902
neuron_1585_count,0.014410613611855328,0.028397480238170816,0.0027093486051391596,0.0007047439526594555,0.00016584954700678018,0.00024379522000508077,0.0026634156301857687,0.000771569778402822,0.0015029067284142005,0.0009126623414533639
neuron_1586_count,0.16201783792953145,0.0788995100496381,0.005195740233197119,0.0011371169980574289,7.610321692577693e-05,0.000968104654340704,0.009636650606413819,0.004573649430169094,0.010334105839136479,0.011084199253623098
neuron_1587_count,0.09882878154157981,0.04339924961746572,0.003949730428415017,0.0003357524908419382,4.188369916654968e-05,0.0009740007824133902,0.0048710800732267995,0.002597187519714418,0.004713846119332454,0.00507478246701986
neuron_1588_count,0.16121570726875578,0.07491688048899778,0.006980479284351443,0.0029964450428526246,0.000331180887441173,0.0019084764409844288,0.007583367643652028,0.0033315877301262897,0.0069826729643175794,0.014705651036168305
neuron_1589_count,0.14231644475633082,0.0571915888046208,0.005375866588791009,0.003705521956664376,0.0011483509513076987,0.003988144511379056,0.01084463858993727,0.002734072412878305,0.007749685838836534,0.014983116029932728
neuron_1590_count,0.1630846229556732,0.08856116490432858,0.007768200304677481,0.0021610143869051773,0.0005058974565852366,0.003029023225338358,0.006856976411389923,0.003484624975645244,0.007266970884591661,0.011783870264115315
neuron_1591_count,0.2811071480376505,0.06534325566800378,0.0036135129257489837,0.009457637949390682,0.000633492130801671,0.004729530638051996,0.013845784468262623,0.003270130713020951,0.0029542266665003106,0.028639148394272923
neuron_1592_count,0.26007629957932515,0.04102745202138969,0.00012727450849129597,0.01202810968389291,0.001995224385342144,0.003008312515261534,0.020998069359043706,0.001603079667352774,0.004674717871403715,0.025023508578080625
neuron_1593_count,0.18748920085929222,0.06675040715238145,0.003191947618796674,0.005750988556200383,0.0012176967920056458,0.0045849457692298395,0.009161932211375123,0.002090696569244932,0.006759421860762893,0.018223634794752988
neuron_1594_count,0.10657594730570716,0.0601653406485137,0.009038438938742066,0.0018620415149814273,0.00032853841767768906,0.0005372473831278951,0.002105351084771053,0.0017480079423001435,0.002230737416751803,0.006925628868891892
neuron_1595_count,0.18033135347473428,0.07889359026158135,0.003464291858287054,0.0044683534324391275,0.00043450137734219775,0.004067748668278547,0.006226419694928535,0.003798780048706693,0.007961129432676878,0.014027825843063058
neuron_1596_count,0.1361546602666985,0.09560325736405761,0.008290549369759675,0.0012032145580693487,0.0004372094432398329,0.000385555535747345,0.001476422907375893,0.0034080202800622628,0.006133989825323045,0.007491771529680294
neuron_1597_count,0.17648904242041913,0.08707179380212332,0.004319021855821281,0.0038575586572337783,0.0004330106650727965,0.0013863825939836004,0.0034045529203631172,0.004027285511952972,0.008077532766220266,0.011893025279271219
neuron_1598_count,0.06998335085805059,0.005826385571683981,0.0049691145415167795,0.0020340802262165253,0.00035091515531213147,0.0007773263551032888,0.0012942507859425873,0.004681572904237069,0.0011063516877588588,0.008007461806241477
neuron_1599_count,0.17430437047372369,0.07193728042371361,0.0013516730045259537,0.005193380756064098,0.0006218514712914465,0.009256823603023573,0.006520240512743379,0.00522376785062361,0.008902797686946365,0.015056058092506791
neuron_1600_count,0.003397961770636511,0.0003232560302736413,0.0024939363123290814,0.000825305954652418,0.001199172170449403,0.0016578880021213792,0.011261523164443857,0.03611236064819695,0.01490160162689759,0.0004139231286415402
neuron_1601_count,0.08052990530470669,0.022547820003820593,0.0006598396880533527,0.0006841777361739666,0.003777199212629173,0.0010762089499314637,0.0016425273534646997,0.0006547622536186501,0.005516861747482567,0.00029815857904317254
neuron_1602_count,0.10060983967666648,0.006668759604565172,0.0006982478612786872,0.00133349107556964,0.003735249607412075,0.0009348570451874899,0.004657977311108348,0.00034313124740563937,0.013869137252540131,0.0025714902481593846
neuron_1603_count,0.030490018938308133,0.010598082552864319,0.004251567020740858,0.0002025135870108762,0.009383506052253382,0.0005448392230111392,0.007545237006757501,0.01987884064383888,0.01883933834529329,0.00031053751077470297
neuron_1604_count,0.043459099271315,0.002060828661593992,0.001798700902329694,0.0002137438965467628,0.0010824305030566507,0.0036109436726350433,0.006139708964893277,0.0029805232289225048,0.010018857683329746,0.001943488612983088
neuron_1605_count,0.07509456671745116,0.004210570171223019,0.000719747531950617,0.0007229288100520821,0.005707204747076568,0.002620028233924522,0.0033879309791798526,0.0012493577889176079,0.020317851132011108,0.002007991521633591
neuron_1606_count,0.07476734920220826,0.03781714932269582,0.0017576940313083558,0.00039621482037755645,0.00870254461027177,0.001079960011757225,0.0033144481168078943,0.005602264592576976,0.012753094737426904,2.0260882003603643e-05
neuron_1607_count,0.09297422257198568,0.03702534923831885,0.0007369487409674535,0.00012794117048652368,0.003298831248251685,0.0008045733525438893,0.0032396520488249467,0.0008777777222633808,0.008715872631956972,0.0010204148094614292
neuron_1608_count,0.08111945789137623,0.08227802795285674,0.0006253318414244091,1.0328601739520394e-05,0.008360276376283803,0.0006036214548062538,0.0012895503881246925,0.0027949111567052293,0.004266514597745526,0.00027045848070036786
neuron_1609_count,0.07507487147884767,0.02417570089723431,0.0017569831871215337,0.0004289428858131501,0.011582783121703036,8.138349060766818e-05,0.004447777635071183,0.006722153642743561,0.02666866289646426,0.0003329912932995543
neuron_1610_count,0.06073596955768121,0.0563106778689314,0.000904643290144079,0.0008234746192295559,0.0045816971927731265,0.00023709169954110564,0.004814314475092452,0.01683468123667592,0.01258439330195496,0.00018101603928359633
neuron_1611_count,0.08762383996989523,0.1329807109859221,0.0005304300202423635,7.986590632202192e-05,0.0037608266838109125,0.0004651040630109036,7.686254629245444e-05,0.0014736225535943032,0.0009963363829038514,0.0008055066683041699
neuron_1612_count,0.07977815822751905,0.11021858141449092,0.003606160607531751,4.610868418542316e-05,0.0019791305567312886,9.275885736363069e-05,0.00010914914374001491,7.28741936877799e-05,0.0017873802937877093,7.786647648098596e-05
neuron_1613_count,0.0734789133485021,0.09036229768508008,0.0024119030607938907,0.0004589530213813739,0.003829698824919743,0.0007318482215358316,0.0010006439650243407,0.0010558940491381744,0.001203828775384795,0.00039485617866898484
neuron_1614_count,0.018811812430588847,0.05217795154857097,0.004260514407574585,6.328721899769019e-05,0.0010420721131211633,0.002432775797719215,0.0011643443724304592,0.0001225630749004305,0.0021704703846221994,0.0006752759489890986
neuron_1615_count,0.08896137741316834,0.1426074869531339,0.0006116203442678401,0.0001491060633089722,0.003451227037676252,0.00016086326676770582,7.230319968232679e-05,0.001678618818681834,0.0009372838089031026,0.0008758217394082349
neuron_1616_count,0.0899378008836624,0.1700795146981391,0.0002833022040288867,0.0015666060880621044,0.002658992820154929,7.059956211488374e-05,8.741010958697969e-06,0.0017321068049966568,0.0002689025476735399,0.001864881947956417
neuron_1617_count,0.10360587754981421,0.10916566075229084,0.0010595472984271047,4.261984666777217e-05,0.010198125112482706,9.760074934327644e-05,0.0021424626388211535,0.004425723682329026,0.008950965556320953,0.0015364071757101958
neuron_1618_count,0.10809216617632617,0.12401313419555007,0.00048806707270587085,0.0005835964780012588,0.011486780635751648,0.0005858054359998734,0.0002585674196664573,0.0028426469408444482,0.008484720677035082,0.0015229859359187532
neuron_1619_count,0.1124832981736425,0.15783381470938956,0.000530554633331121,4.415761802441676e-05,0.003921044149705684,0.00041645625133951425,0.00037626858084877264,0.0011359431112860988,0.0004965065754044488,0.0014942033245166388
neuron_1620_count,0.05468224018998738,0.11714428926004739,0.0018521955829036846,0.0001600095075032894,0.0027558771727323253,0.00029593573865385227,0.0003899139832324322,3.560297500825732e-06,0.0027613926080700887,0.0014291582842814038
neuron_1621_count,0.11889949035624722,0.17222217669465512,0.00027530929684610114,0.0027564617386850315,0.003435241874307819,0.0024048131864992175,0.0019856343938959437,0.0037147980829036545,0.0027985420068371986,0.0007150532174871071
neuron_1622_count,0.12689461994941703,0.18170732327457467,0.0014186004166358741,0.0017481908483645142,0.006328048907437218,0.0031919679873162743,0.0008860635285006212,0.0004541607501030087,0.0003096184773941982,0.0006711796646526672
neuron_1623_count,0.024214119043874202,0.0588331326410796,0.0004679207271408633,0.0001879019533281897,0.0006890307896105403,0.0019190973643410936,0.001249845019933549,0.00034541748318674386,0.0014477982335443507,0.00230070762612105
neuron_1624_count,0.01944913328742365,0.034772928215293805,0.0015807840851598913,0.0001318003893135836,0.0016215076093879788,0.0029863641530335737,0.0002573937628238803,0.0009148836188332441,0.0038702226321825437,0.0025771844734912147
neuron_1625_count,0.1224000281724793,0.1799639235281525,0.001267830212317935,0.003730219831709944,0.0006999139619287137,0.004329596900143853,0.0005553345700617471,0.0005748075590260027,0.0004560244810874175,0.0004438023001557779
neuron_1626_count,0.0655271209932341,0.12339254200275765,0.0002455458956847501,0.004709339332428224,0.000984473992287578,0.004807412729127783,0.0017872176884949804,0.0012948882297404013,0.0010642370384216157,0.0002538150742984859
neuron_1627_count,0.005470478553936913,0.031126491122298476,0.0009610605469415367,0.0017409723786374655,0.0018650721996291524,0.003071423258620195,0.00367923202311235,0.0019005786477798159,0.0014742070201556375,0.0035245109174614347
neuron_1628_count,0.1043669379810107,0.1550578910671221,0.00856672217426556,0.00892519319349469,0.0008936498304271817,0.0013350208081734719,0.0013731959222397783,0.0019076436288530882,0.0035293111063335048,0.0019505587929830974
neuron_1629_count,0.08270638610479022,0.16292963644951472,0.002515263157860808,0.002245631397810064,0.0030840120460899484,0.001603255279613875,0.0005075744362676882,0.0007746895126951227,0.0044952034242683875,0.0004798007154527429
neuron_1630_count,0.043426767512645265,0.08951543912427251,0.003338299232557143,6.012951325826913e-05,0.0003794344078115004,0.0008660036999130101,0.00021404583884755517,0.002888354902611183,0.008316264970781917,0.0006900181321174998
neuron_1631_count,0.08535710218227635,0.12268412187764885,0.0006530294777730775,0.008676894283856484,0.0012949527695147768,0.0037754200868369905,0.0005950967647816857,0.0010128867987097452,0.0004944610651052544,0.0028990507037882363
neuron_1632_count,0.026523674498660235,0.06850874537853999,1.0849800680362348e-05,0.0002657945382640329,0.0009453216848377584,0.0003535848353738019,0.0014561116051214351,0.0003955276845427503,0.0030208219439990178,0.0028481475215435953
neuron_1633_count,0.09595585291934355,0.15144732271393402,0.01212093348972551,0.00750335555683157,5.0642050063893834e-05,0.0029852813864179595,0.006000898425957496,0.003639133236616292,0.00851936078761062,0.0021562321460018435
neuron_1634_count,0.08991893186451443,0.14015638898182953,0.008592644996837234,0.009888058311464769,0.0007462658707360903,0.0016858502674480455,0.002696447324917535,0.0015015995138941383,0.005120288768588513,0.0031921845650728572
neuron_1635_count,0.13572075443704554,0.1568479859616983,0.012663439311892316,0.005726085565122614,0.0009428460954738031,0.0011468701886868903,0.007809787211804767,0.0005525563428743184,0.0029470416019318907,0.0044387504109959786
neuron_1636_count,0.08818692638737229,0.1102276520469562,0.007122855609208813,0.008303910009275363,0.0008436872239096782,0.00491614017285906,0.007169114719196165,0.0004032848197492861,0.006397245508298406,0.005227866526833949
neuron_1637_count,0.1478613204109498,0.15574768674001593,0.014493400627094838,0.010084966877593582,0.0015451846968543605,0.0027552540889052776,0.01058138299000462,0.003380010373007683,0.00907794502905282,0.00743517024051113
neuron_1638_count,0.10780897921969987,0.11343806593052308,0.009056517812391515,0.011148482958398306,0.001552196406525045,0.005728977363485911,0.014972351993429903,0.002410515939016672,0.013963564582851154,0.007768080680692652
neuron_1639_count,0.04886412112793952,0.058861808601371746,0.0030019922629016607,0.0013756029786385487,0.0007028435336073786,0.0005174665954478571,0.00025240005021996345,0.0012490828659922695,0.0052333788222810596,0.001194138121437125
neuron_1640_count,0.09374904874640608,0.0737457733784776,0.008420229303617188,0.0007808038729405047,0.00041873726146053267,0.000754818736871346,0.0079949739312965,0.0018850331065286552,0.007037569877054395,0.005122514734144393
neuron_1641_count,0.01369803339739055,0.018947510160469146,0.0025297104155410713,0.0037135203468643234,0.00012133992568284747,0.0006721451845937074,0.0021030296645704674,0.002420027567901687,0.0006250991477056479,0.0003188011160097535
neuron_1642_count,0.05017332334697945,0.035025125559766224,0.0026557791625848037,4.89236999925756e-05,0.0009985772901720605,0.00026843671187750696,0.0002473501849148251,0.0025012735403615767,0.0031252430934811393,0.004127198186422001
neuron_1643_count,0.11607769482473862,0.07454748901674144,0.010212845829644088,0.0002983922542371606,0.0010962882887586532,0.0003495010666041201,0.005323674338031124,0.002260526097825323,0.007374006564571614,0.007957683179870112
neuron_1644_count,0.0970833122833202,0.05536742590768254,0.007601813103464444,0.00029573321854566535,0.00013414947309603985,0.0002340613269050289,0.000735529181381412,0.002825485906258765,0.005133227775209838,0.0043563887532524145
neuron_1645_count,0.25062385313653124,0.07778378540599556,0.005583462709156217,0.004178142237802281,0.0006153425311977677,0.0077923225450017425,0.041864208644823875,0.0007931236283487617,0.010751623530746546,0.026788325397947274
neuron_1646_count,0.2287758588618633,0.08270637855755372,0.009876430300519434,0.0007108423538624923,0.00043152481895973593,0.0024386386557003203,0.0106473993021408,0.0059011005208292056,0.0031497949033063508,0.01851553131836224
neuron_1647_count,0.13227620188606087,0.06623707632812145,0.006488419896183761,0.0011893764510562156,5.8423272897469535e-05,6.183470152065253e-05,0.004557029421426315,0.002836037871016786,0.006330199390033729,0.007858185160754011
neuron_1648_count,0.09855009264769315,0.06405453777394471,0.006103440858388293,0.00017655206782495915,0.00026054962960234823,0.000578852572962035,0.003949381660107623,0.0009427535195347045,0.0034382936287638624,0.003981953768345717
neuron_1649_count,0.06455048095413975,0.04478691328777068,0.004333359660994081,0.0002729665398087458,0.0001480872150940154,4.5509256848430546e-05,0.000758752966344891,0.0005258615750325102,0.002347390345484413,0.002498851505955021
neuron_1650_count,0.12370246369846566,0.07653132736331833,0.006564852327306178,0.00039019377715457035,9.451005168014618e-05,0.0012708977082032495,0.004628160668237964,0.0024716175147906083,0.006280856276586644,0.009167987468802583
neuron_1651_count,0.1943718845368925,0.09214769236801709,0.009217008709041796,0.0007294547899703826,0.0005332484676600384,0.0015876089022345378,0.005653668917549669,0.004842208772307219,0.004406637465406704,0.013750324084494434
neuron_1652_count,0.16853469771440927,0.08041222652605709,0.006960682991015307,0.00135144044436784,6.930187925472796e-05,0.0017917293135302978,0.004642236919364523,0.007390995087810839,0.005499260029718518,0.016780067146715122
neuron_1653_count,0.18225876655056034,0.08242301137229047,0.006607341571132838,0.0020195001894936643,0.00013480560304583895,0.0028460571270108523,0.008338910257730994,0.0034264701401694395,0.006164945556059072,0.014851958417365654
neuron_1654_count,0.2155202826570914,0.07533744686822111,0.005280996634798897,0.004395413681773333,0.001028252265754967,0.002449792227439955,0.007148958102717262,0.003575362357366753,0.0049178087866610445,0.018705568538548586
neuron_1655_count,0.13707457783045865,0.0723975720186828,0.007569575272169726,0.0013835767028735416,0.0002921887510612779,0.0013115098656940813,0.0032161924250083546,0.0029108906929818865,0.004312064624150541,0.008502930032168551
neuron_1656_count,0.2884286936754725,0.066812671677528,0.0026521482846818684,0.008963784259512927,0.0015761120302097073,0.0005388252136872482,0.01850768976128188,0.001224188317750518,0.001073858083768607,0.02187475282630985
neuron_1657_count,0.2681081101110462,0.06107946154377758,0.0015158315989209567,0.011096212921033702,0.0022451197416463037,0.005204732933486167,0.01638897771654596,0.0022661452480604617,0.0024347330108620974,0.029922125526574125
neuron_1658_count,0.18538539717494493,0.0715832330610047,0.004862643590905713,0.004780188302755707,0.0002791992139991664,0.002554287879531214,0.007915203068136235,0.002431554590354379,0.007762479654897958,0.016789423364321293
neuron_1659_count,0.1853751124154296,0.060677922341143414,0.0018767776588342125,0.005839333108983234,0.00014140610817374964,0.005004455768605573,0.0100441523461086,0.003359559673517941,0.00838671680017812,0.015071334684811838
neuron_1660_count,0.19176324517129723,0.07779752666046341,0.005217785499893254,0.005465063849368727,0.00043725764416074897,0.0015040722555894476,0.0032656429655824673,0.0054405908004944645,0.007266051378742186,0.01411630206243604
neuron_1661_count,0.06138149309004545,0.06564455107975678,0.0058985355126090835,0.0007311872510951524,4.47738238508633e-05,0.0003798573908068738,0.0007623468979142357,0.0008858588626392133,0.0031742956639539896,0.0018375318241460048
neuron_1662_count,0.0875085444158456,0.06845580114802358,0.010895319053770669,0.001395281164529018,0.000130493430586966,0.0002574449763278301,0.0026300303142065065,0.0035390898525669845,0.00025706037824763453,0.005465035084744947
neuron_1663_count,0.12643366487962757,0.07218636257953698,0.0014031579544229907,0.004058751220569139,0.0008162646302581379,0.006158005998825107,0.0062828559540753365,0.002835517690228495,0.0098920750352567,0.0097577521412405
neuron_1664_count,0.03325154274728251,0.016699942454529326,0.0033360769559118084,0.0013012495417602625,0.014492135089868893,0.0007872481502208505,0.005918515573808479,0.02007538730150997,0.02065359432841779,0.00021756404282537167
neuron_1665_count,0.11171202781737141,0.009800812222505784,0.0016962082646759004,0.0031859365754483213,0.00887059535434083,0.001137347602494558,0.003086169622934218,5.5944501566573476e-05,0.020521240109339867,0.0006875348690184302
neuron_1666_count,0.05170583397716044,0.03389371091450177,0.004705131764501595,0.001296945751859166,0.015925111795712474,0.00030247965068336095,0.004513236725080513,0.013332538281010678,0.020748825001576515,0.0005081873471340856
neuron_1667_count,0.07529359644568948,0.020846293943733357,0.0014021191328939565,0.00042119166615768935,0.008527104907812388,5.156277719961348e-05,0.00488623017330788,0.0110353808950239,0.029625766087944566,0.000548039391352121
neuron_1668_count,0.08299849669785567,0.006893073138200687,0.0017142751189693911,0.001508375285802832,0.00716564756729339,0.0013563182903743067,0.006676588328764652,0.0053782335088474464,0.025017585616991772,0.0006960583639474688
neuron_1669_count,0.057227824811408895,0.027143444706695136,0.0033346625398066668,0.00115014279998827,0.013425163513042696,0.00015417234758106219,0.0028320346604214577,0.009955808886309911,0.023368385810554823,2.6740146220058988e-06
neuron_1670_count,0.11028810655564006,0.014883146862741906,0.0026755737713958887,0.0007104211705737558,0.012004634219924717,0.0006271522001267396,0.008729464072228021,0.00357938315208782,0.04101824564587528,0.001338684902768842
neuron_1671_count,0.09660279002912997,0.052189632537402,0.0009098118638876801,0.000886452451982541,0.007274700846636131,0.001534629763799221,0.0013895593939180113,0.000828835436256354,0.00514385814983237,2.6871415101509515e-05
neuron_1672_count,0.09124718246130711,0.02448328561114539,0.002056989833187039,0.0005833765067476612,0.013341454891208485,0.00014240906520743887,0.005801704894652551,0.0031950739534536837,0.03272090158178806,0.0006671545209434478
neuron_1673_count,0.096491804719151,0.09306628887084634,0.00022747422448856887,0.0003365365766629779,0.006049958830103827,0.0002739043212601957,0.0003888422995381013,0.0012019826539072034,0.004372501994422538,0.0007979050517631543
neuron_1674_count,0.05751809260312865,0.04725202042253268,0.0018429315200150544,9.555542459583569e-05,0.012182853220684367,5.375571114599534e-05,0.004421056778038286,0.01029468643368718,0.01732621693718292,0.0002918782768322101
neuron_1675_count,0.05295536330198339,0.09559488522886331,0.0017869033344317664,3.159215574960591e-05,0.00503132967303372,0.0008658305707198253,0.0012519553503229988,6.520318754993305e-05,0.0019777237259376787,0.0004970970455303678
neuron_1676_count,0.05438938860865006,0.10222199828613646,0.0029691572412259212,8.425635759085883e-05,0.003594320972467667,0.0005452871232100149,0.0009546458985387439,0.00010876648354730956,0.0022539763189049836,0.0007116954226873157
neuron_1677_count,0.08626323871656885,0.0857369426774984,0.0009013360345098442,0.0012333728158559001,0.006913672956736325,0.00013750746301977555,0.008354415135661306,0.013696829723722104,0.011616533167832649,0.00015093295118847033
neuron_1678_count,0.05304514451428091,0.09935175398696544,0.005123620746323859,0.00047014656234399543,0.000591724453456309,0.0005906118751180627,0.0014427806854856937,0.0019279277890457205,0.0017764842216665688,2.7135464517622897e-05
neuron_1679_count,0.08595784692336367,0.06885471445715288,0.00045954692607351987,0.0017886484414594596,0.008674830326777377,6.310495390749859e-05,0.0005552341883255617,0.0010748058896975533,0.006421253366159126,0.00022531608610351986
neuron_1680_count,0.10975630618358892,0.1455443932733431,0.001068689891753457,0.00013173783364597608,0.0015778238801640587,0.000478059445840711,7.33079430459034e-05,0.001537212284087118,0.0010046851940170437,0.00028914652618350356
neuron_1681_count,0.12104630616159148,0.1437532504235502,0.0010403596298408906,0.0001290638467638574,0.006299773206795832,1.098940244353649e-05,0.00024698759205802646,0.00030242520515585784,0.0026541591702230072,0.000821296068159158
neuron_1682_count,0.10662821076888959,0.15382626009984235,0.00021691546062111745,0.0008368224298764652,0.012348043742176032,0.0018018842640941252,0.002807929358410677,0.006236726158269548,0.007992514506426254,0.0008793483191482911
neuron_1683_count,0.06195811202216367,0.0822790553733076,0.0009880898436008447,0.0005338730945149885,0.007900977710440772,0.001002379248372813,0.00010930420111209763,0.0005538716610801776,0.00010041147574760311,0.001170494483243155
neuron_1684_count,0.12457642507159417,0.15184338777343995,0.0001543766186112138,0.00010149680715361344,0.005468945342069008,0.0012979570713508894,5.8899556115028e-05,0.0004412751084582854,0.0006656367219037007,0.0011517041788803827
neuron_1685_count,0.13290385142053876,0.16964683427498584,1.7462389651465597e-06,0.00020216585699420675,0.013287773029865196,0.0035654335816433236,0.00074759626243227,0.0007946326745283429,0.002904479590355828,0.00042742449137210883
neuron_1686_count,0.10864989186792506,0.1832390271805996,0.00031129608631912803,0.002791919238703741,0.006750812633639018,0.005748684746997995,0.0016998025652673887,0.002064435008888907,0.0008607224342385318,0.00045874902023098317
neuron_1687_count,0.06984099282226358,0.1262883153415998,0.001280956629541953,0.0005575262309521281,0.0005024917189269569,0.0011689338692652054,0.0006681262538078686,0.0009880795797662448,0.00180203392426833,0.001076484786428824
neuron_1688_count,0.12865567574561404,0.2199231185085624,0.000624071574241998,0.0006053058110862403,0.007578549463868038,0.0033931105024180563,7.652111417443333e-05,0.0005593791154573603,0.0017482410073924037,0.0017495590388720943
neuron_1689_count,0.04660458338408709,0.0955354517154498,0.005057296328335695,5.734054299463137e-05,0.00111021680025062,0.00020779134409695636,0.002210284602224208,0.0012387572937485256,0.002835384100623256,0.0009497671860258664
neuron_1690_count,0.057534464320250084,0.09960793960722181,0.009359010554992511,0.0014112768402537897,0.0006160315804654651,0.0001795375398191074,0.00048460046515134015,0.00118481647785155,0.0006860413600051057,0.001651480620113676
neuron_1691_count,0.018123516103813152,0.05531020812085888,0.0007982150812481698,0.0028134809637370105,0.0005762207948973395,0.0026823504227734205,0.0030541512361888165,0.0013235338122530738,0.0022785863090613386,0.0010480281613660485
neuron_1692_count,0.11937978568710864,0.1698992010189555,0.0016124940183922139,0.0016329069807059365,0.0003407912647150294,0.002404099277222266,0.0017668545254050684,0.0016621699358729883,0.0058031063103195085,0.0004790305990395576
neuron_1693_count,0.09384018270104189,0.17777328840555223,0.0011416059267973476,0.003512943549689944,5.119609629347134e-05,0.00599318095580581,0.0020267667586135185,0.0002160791882755593,0.0030136865915661518,0.0001404812005058034
neuron_1694_count,0.10659125556002896,0.17858908886356467,0.007485599204047538,0.00582622780689368,0.00010967239438467412,0.004760520245118145,0.0005558681138489452,0.01093407898953877,0.005826756237347318,0.0016410125610462935
neuron_1695_count,0.10378436547453014,0.17205160736192604,0.00467277622091343,0.012051969708491317,0.00010487369649256985,0.0020052633517998845,6.223757879980727e-05,0.0033809639081668064,0.005511614508930535,0.0007047947917791647
neuron_1696_count,0.09399464274799402,0.16194949205438694,0.0031561390596931485,0.0026500731405422404,0.0007636907372250042,0.0018022775086252059,0.000500452141876077,0.0037940699464989944,0.009668689114748066,0.0010799454656698522
neuron_1697_count,0.1263430657463408,0.17991816861801324,0.005435847828766195,0.012256614935552856,0.00033233514149710744,0.0015709517180668674,0.0009899049230141007,0.0022015190254407145,0.005094125108497542,0.0007309286617053073
neuron_1698_count,0.059244247957789625,0.10293793271050775,0.0022274713601288416,0.00560528708069933,0.0004128196507734959,0.0024720393285631026,0.0026344667184290474,0.0007796964031982073,0.006248860836705089,0.0018196603508920106
neuron_1699_count,0.10340257676358203,0.12143238817118993,0.008660071564243518,0.007074399085782182,0.0007982659109985087,0.004498391516285394,0.0057618838629688585,0.003918940330038048,0.007757687160099641,0.008306185749376652
neuron_1700_count,0.1261589197081838,0.16336447802473736,0.010985799103288424,0.0052767851534660445,0.0008841345064024703,0.001711805168195961,0.00568216192489264,0.0020910015361664605,0.004035825639938137,0.004409642380395894
neuron_1701_count,0.13443304481952476,0.14064834360186076,0.011623351154816552,0.0027331024502055476,0.00026382533533365546,0.003578538939907387,0.009390919562097602,0.002271756876975374,0.011047042716461564,0.0057353694218929205
neuron_1702_count,0.1390083595927475,0.08893683615796807,0.0036398721800589423,0.0031547561200254773,0.00023934031925295848,0.004677817990444366,0.015323515399300547,0.003336568246929718,0.008972610207951995,0.007744629495707742
neuron_1703_count,0.1521042289263056,0.10851070073693311,0.01648609937710252,0.0049500899061406325,7.577347394530434e-05,0.002257949372336303,0.010622669473520155,0.003374024809271889,0.007034038108989969,0.016569308849923525
neuron_1704_count,0.19590370605127774,0.15063556781397774,0.015864077489541453,0.0013132784159226828,0.0008644422515492502,0.0013940768948670912,0.013879202938485255,0.0014717565153091264,0.007045549042380042,0.017469259560774594
neuron_1705_count,0.09461692618883608,0.05815734822520016,0.006898524162472906,0.0006076679545195356,4.257735599907074e-05,0.0012037031009485832,0.0014940676357701223,0.003461345938194714,0.0012532261709329168,0.0066552128147649645
neuron_1706_count,0.1535467463595717,0.10565406091242108,0.008873308317313464,0.000419098965745119,0.0005520432472764488,0.001306594233334988,0.004754492507906154,0.0030251771649127263,0.0028090621606121774,0.008672510494266303
neuron_1707_count,0.0768548506489452,0.0655828577333725,0.007067187530174754,0.00031973041095216623,1.477282894728595e-05,0.0003690290834518009,0.0004039060865192491,0.0013654975438363408,0.002703881802083072,0.002580788711755204
neuron_1708_count,0.13300037433895692,0.06980503412852132,0.006503749714056727,0.0008611322167190148,1.0977198637194055e-05,0.0014458594792317557,0.003827905693628224,0.0022827227560183252,0.005333370991616786,0.007882123582732062
neuron_1709_count,0.2608210054420234,0.11423373292945335,0.016867789161764166,0.0002732612249065954,2.9622981051232854e-05,0.00014244422314023224,0.012317485502720438,0.0031997820492230544,0.0007940725075553309,0.016221934893516643
neuron_1710_count,0.10271233919401562,0.06841260526694531,0.005497199364300494,0.0014407493023780894,0.0007513500885664368,6.927682091591777e-05,0.00148768442578346,0.0006441585815653225,0.0035734138998121667,0.004790200709127342
neuron_1711_count,0.1563322301423319,0.08429154010206938,0.007593828103205136,0.0012910089784534604,0.0002214215731188244,0.0002875542246076877,0.004608049260350813,0.0011094900489891923,0.004730051840147541,0.009158197358036718
neuron_1712_count,0.158409757212513,0.09054978064871264,0.007892789392070831,0.0007710762054086266,0.0009725101146976604,0.0008954502363084961,0.002692187852215512,0.0026405588584013304,0.00486366716516607,0.011340223420136505
neuron_1713_count,0.057760371980073916,0.030979507895633883,0.003305823444872791,0.002290015863346085,0.00038630822889971876,0.0004333005928921518,0.0003778838623928332,0.00014727934013562306,0.0002571089723384526,0.0016561877862178043
neuron_1714_count,0.12156004100604065,0.07459118472019949,0.008890735598818367,0.0008297104964760053,0.0006286860772974833,0.00038971707418800766,0.0010331123830297148,0.001451624817413802,0.0026742880323965892,0.006762733239040919
neuron_1715_count,0.1535115799929739,0.10392794106213957,0.007529100335038549,0.00027893052114718805,0.00042361064278222983,0.0008601865497881826,0.004769124066325084,0.003060080121841016,0.006610789116182111,0.010522377599431101
neuron_1716_count,0.3335093017533649,0.09598990449299252,0.008881009033808743,0.006211509095158212,0.0018611391400984237,0.004987173283445827,0.013961799994476817,0.003323486073720648,0.002264724879290775,0.02735840975168176
neuron_1717_count,0.20262997355456608,0.06606301979574888,0.004966210222890295,0.005749870675821077,0.0013330684280950245,0.000709220979279429,0.005415620169081335,0.0013170549484270988,0.0028381418737284496,0.01592130545458581
neuron_1718_count,0.1628386901891602,0.07665451372296961,0.007891873597622057,0.0011216085950811194,0.000677940901724506,0.001057823306968634,0.0038792539122121245,0.005377007930271106,0.0024424198478021075,0.014134177957320665
neuron_1719_count,0.2493711359229058,0.04874595298724663,0.0025115138412289545,0.010257895123353941,0.0009168093191111622,0.0050790566741668805,0.015523771407804463,0.0017994382460961508,0.004141291285575395,0.02599738541849829
neuron_1720_count,0.1795964393633952,0.08019336021092605,0.007407719010646144,0.0026334474431971566,0.0005836409586991997,0.0006945204587617861,0.002311793202555472,0.0037590516757942463,0.004402769401071482,0.017311706842554564
neuron_1721_count,0.15455678836338665,0.09591543076671488,0.007171481682328201,0.0011341023218919034,7.751306360495938e-05,0.0009198727849662504,0.002063562532913031,0.003952679312810466,0.00512551764148203,0.010648584666267433
neuron_1722_count,0.2072439499533249,0.11029209351039665,0.007641120617084815,0.0032460821381006255,0.0008747546263663808,0.0008761932853666447,0.001169691591444158,0.004197405584542763,0.0040796433395213424,0.016006064256890468
neuron_1723_count,0.16596538825218285,0.08532626670535837,0.0058491561610548096,0.003343199648349615,0.0006834589503221418,0.001338952897992584,0.0038810060441716032,0.0023176079042638922,0.007009374782198929,0.011240959224887895
neuron_1724_count,0.1359459456674272,0.0973294059129367,0.005793355239481754,0.0008808152224272052,0.00014600346740083984,0.0002586541303790501,0.0005134310862078151,0.005197316508162318,0.003267383785031573,0.005760941892448371
neuron_1725_count,0.10460169261633284,0.09848053688917227,0.010703260645578735,0.0008066100041042023,9.53889018284913e-05,0.0006979938956665141,0.0006054162797275072,0.005461026894870463,0.004085973680060986,0.005336572502826813
neuron_1726_count,0.14384030596188044,0.1081964594256026,0.01648765930761638,0.0015417221901041361,0.00014255336735900792,0.0007193873865624814,0.001397445914030914,0.007078176192493513,0.0024937084588753586,0.007347402040275126
neuron_1727_count,0.18764930707308924,0.0933827816375227,0.004517806399974317,0.002856254274820981,3.4079114556080994e-05,0.0007013735118482738,0.0006814314838423019,0.008600858062969882,0.0035584062711844985,0.010233829819677548
neuron_1728_count,0.1212522899125254,0.003258391902376173,0.0007466081088127671,0.002723501334283618,0.0083534791185889,0.001749591614044043,0.004751167603971193,0.00023998614424514033,0.02775597082946185,0.0022229428134460105
neuron_1729_count,0.06349563291058813,0.1150190774331824,0.008573632960501648,0.000813311421437788,0.0013968629536014639,0.0001355818750879076,2.9996788841422754e-05,0.0006657719434648747,0.0009180737949620772,0.0005339780063882502
neuron_1730_count,0.10074459534166302,0.13929920805770868,0.0025428142511555105,0.0002238237119644819,0.0037494056803481085,0.00026463195277218394,0.00021659952198882417,0.002964427632200811,0.00047752119476396696,7.148154590749713e-05
neuron_1731_count,0.04262778532328765,0.004130948281057485,0.0037928621313989136,0.00021713286942236058,0.00591707198957353,0.0021205188998317456,0.007058540099395244,0.01952098162874727,0.025567954619111252,0.0005513109061616346
neuron_1732_count,0.11628522092919633,0.06163410898741847,0.002366035941555388,0.001072191010184461,0.006533185105227539,0.0009822203090269458,0.0007025354508937223,0.0003527954708760668,0.003594056786548734,0.00047445030496829146
neuron_1733_count,0.07951720513792493,0.0037207814918921653,0.001673703523566359,0.00027181254445772,0.0067338261218751055,0.0008951758353493919,0.00904403576696608,0.007655973926757334,0.03644248673117512,0.0014671572529741175
neuron_1734_count,0.09395411965015724,0.011683656158496064,0.0016460290126091674,0.0007001280949279522,0.009901257521493775,0.00011156124401527558,0.00844906341029715,0.006089214109797972,0.03593135664346239,0.002943541171610095
neuron_1735_count,0.12265048148928137,0.01884985757763119,0.0017022393298526499,0.0009497483332430931,0.007712950293897153,0.0004228587192356397,0.0050933451717493985,0.0003319094322378341,0.023069063179088273,0.0012112963377865459
neuron_1736_count,0.06888752644913981,0.03174544767454768,0.001745121402690529,8.17776841631093e-05,0.012850684504540466,0.00018085405689866052,0.0057757867292676235,0.00859410072935049,0.02656810923096936,0.0006406821514818931
neuron_1737_count,0.08690796619781094,0.024038391889886004,0.002573794995146657,0.0008127780088571374,0.012454540341880482,2.598747001625627e-06,0.007068469915492634,0.010420849104370467,0.02750399691115679,0.0016131487664576213
neuron_1738_count,0.11158196752546556,0.05623677149903572,0.002729901401748825,0.0005131323445137139,0.010663834181026843,0.0005602364298373536,0.0034210758347349088,0.005305906713992871,0.019104657219699325,0.0004767610801304136
neuron_1739_count,0.059422082712623364,0.07532482499052978,0.0036011621869049062,0.0001300392295747934,0.0014743777902242947,0.00030294988407886074,0.0007068932047891129,0.0009670980025879589,0.0009213989274603623,0.0005041126797417853
neuron_1740_count,0.12531146861075587,0.11631740572046134,0.002521741381416094,8.427837325739702e-06,0.006254151781648801,1.6350878675228e-05,0.0006222537030264493,0.000169130043151609,0.0037436544482839784,3.1619654864216765e-05
neuron_1741_count,0.12106751341954902,0.13972759559615297,0.0014615874204716127,0.00023194502177408503,0.006659220100064936,0.0008410421040252573,0.00017835064791101637,0.000720949764415002,0.0006841454279539229,4.849898846339242e-05
neuron_1742_count,0.12722486283780765,0.09116809873288023,0.0022282652876991094,0.0005914632282454403,0.019343583049038146,0.0008394646689635285,0.003208482160069949,0.0070914592733092585,0.026008597462039235,0.0011698035613723502
neuron_1743_count,0.10954044340399607,0.11525158047237874,0.0005588753273182857,6.0217405351716165e-05,0.006471618158645026,5.803669421888032e-05,0.0010806280611189156,0.0034399742191262087,0.003622929717070622,0.0007791393777296014
neuron_1744_count,0.0808284529020922,0.13977679043284505,0.002804679538727664,0.00016395140652039966,0.0011906647909288408,0.0002962985375062812,7.299591652307116e-05,4.970695467251818e-05,0.0024431303198872364,9.181796545992219e-05
neuron_1745_count,0.01618210864416475,0.033746940410236445,0.00484424436299024,0.00017691417517924982,0.0005686346297514647,0.004505165259388634,0.0020249315679137965,0.0012527307756063678,1.0297365038835734e-05,0.0003356682759105261
neuron_1746_count,0.14130781862269193,0.14234566404133275,0.00044502219777414753,0.0003997038650232678,0.008434439645901404,0.0006770472334491733,0.0003917250199839198,6.630291706504268e-05,0.0021224994805419395,0.00039395009107680637
neuron_1747_count,0.14013785525178776,0.16739472519157728,0.00014270314562747632,7.702640345977601e-05,0.004178471119595094,0.0028841449633656494,2.4074482713224658e-05,0.0010553451178965355,0.00036345219896358714,0.0018944169779159976
neuron_1748_count,0.11736276918898253,0.14455924826391353,0.000839430216840048,4.3616909484924665e-06,0.003240512789345243,0.0020963709259709876,0.0005229439848928302,0.003736729817659011,0.0008464871177372643,0.00028501426345824143
neuron_1749_count,0.10370076454143912,0.139856165761557,0.0003769165381606078,3.3517282192593346e-05,0.002266948820014575,0.0010113489177590723,0.00016852644336443762,0.0009003726902765338,0.001067405292935461,0.0011178205080022534
neuron_1750_count,0.03418500657588476,0.08097922788360054,0.003032721005130065,0.00028915111917078747,0.001119883820090959,0.0018480367293651247,0.00016808451798343282,3.857414716236952e-05,0.0018476725076421036,0.0028583999796847406
neuron_1751_count,0.0849363844169741,0.16612780001001182,0.00037110022705081486,0.0035062080983740487,0.0017099379268827007,0.0016885737986189753,4.946678073010531e-06,0.00017104858698899347,0.00095421694092164,0.0005245521704907354
neuron_1752_count,0.04979458294257712,0.09961679953147964,6.721595169430824e-05,0.00017151137777614983,0.0022395361171414115,0.00042945699706578057,0.0023590148148577884,0.002960862416386635,0.0038978758704713984,0.0033002605884254604
neuron_1753_count,0.049942042278761006,0.09837556632696931,0.0003187469920003672,0.002718595289094426,0.0005417268928774137,0.007457828590040197,0.0004901846177407763,0.0001172440358482886,0.0005321940347078787,4.023934675184519e-05
neuron_1754_count,0.1297275141390925,0.18516133851500946,0.0027319727383958367,0.001004533737305545,0.0017185979131092363,0.001266853196721058,0.00025847946443495473,0.0008288244466220472,0.00019025239573362308,0.0006231999969586195
neuron_1755_count,0.11170331540672238,0.2286212643731665,0.0016783417315250695,0.008665495694468658,0.0005241643626831098,0.0025661416611201943,0.00026391586140416846,8.204544716049287e-05,0.00041759916290868074,0.0007190929669314405
neuron_1756_count,0.09975269764232556,0.1728493756191513,0.003271999217625235,0.004392797565992888,6.19363137349645e-05,0.008835068149887132,0.00014584088800599377,0.005512531887824551,0.003812783004032025,0.0009879820399511293
neuron_1757_count,0.09356662525609047,0.16875866938240702,0.002179914818218512,0.0014765886348089598,0.00048253677695825337,0.001507866418635876,5.599239186362205e-05,0.0003653294621734724,0.001889077952026065,0.0017031250308947466
neuron_1758_count,0.07799166083864725,0.10210939339583214,0.0022605298030494853,0.0021866703161367435,0.00028029529259800384,2.2451293056446235e-05,0.000125673670135711,0.0011893130672073187,0.001604477212623242,0.001482966093954225
neuron_1759_count,0.019290416284440885,0.07268939757353998,0.000522843586062768,0.0004827631735096413,0.0009803399329570174,0.0004196170990149587,0.0011199656188706532,0.0011429308754884668,0.00294893343279843,0.00339311508188464
neuron_1760_count,0.09212426822949199,0.15466697200937363,0.006152441883896395,0.004281456750337677,0.004212723598396272,0.002912002733863911,0.0007175922319383743,0.002002764824513146,0.0032060068425115093,0.0008798954293638642
neuron_1761_count,0.10095041678077257,0.1416446391090945,0.0066214080192390015,0.0021522711003541944,0.0007354488503359419,0.002746641264629035,2.5066278687716967e-06,0.003644496046058869,0.002838345516188001,0.0018316645044595438
neuron_1762_count,0.10990016071948383,0.16013260451114752,0.006432269967314615,0.003341958516566844,0.0018399712011803182,0.0034899482412296956,0.0006769375340047734,0.005489432466932967,0.006541265129909227,0.0015500635988300211
neuron_1763_count,0.040337479318074465,0.03466783914003976,0.003912071371176905,0.001389473624433566,3.138807555189008e-05,0.0009294289661539584,0.0008799219080365631,0.0020579679864022003,0.0009044774468887976,0.0035030711402362705
neuron_1764_count,0.1346039759935641,0.16758741711164807,0.01069991374499471,0.003921805378796592,5.589415611723222e-06,0.0033017571130129902,0.006295471286407728,0.004606922134178029,0.009355352339384199,0.004090732369428786
neuron_1765_count,0.13165271130913217,0.0964857051810113,0.013556612011651287,0.004531373113105475,4.318548458816891e-06,0.0003702896049788372,0.004667902596851771,0.0017014151140868523,0.0035752411332860903,0.010584911212562859
neuron_1766_count,0.13562855756153083,0.14326968398989012,0.015189894128438713,0.0030200527165097774,0.00028958140134192597,0.000968367470319486,0.0040627628913114736,0.003624247447102727,0.004671992597711137,0.008040343627865598
neuron_1767_count,0.18423134804706934,0.15457237072180346,0.017004665002094008,0.0029419852850729386,0.0003417474827046747,0.0004695342886675141,0.0036029581755544354,0.0026180098330656626,0.0037941649240991054,0.012860589745246578
neuron_1768_count,0.11841751817041243,0.07590093109936,0.005311376449680653,0.0005401003395949814,6.66271772561608e-05,0.0025128972359936344,0.0027972149111291436,0.0021189244915455624,0.0027585752163463567,0.007850776271362409
neuron_1769_count,0.18188690313623046,0.144065807238833,0.013327865444870371,0.0010126495203589617,5.1616434957461096e-05,0.0029528008471685213,0.004611491119463539,0.0015773403580534133,0.0016089334585888543,0.011250491272027485
neuron_1770_count,0.031677846760602826,0.01857042678666969,0.000548795849500453,0.0015276190794411629,8.569911572177055e-05,0.0005932393282106832,0.0002213230004917536,0.00019934735057035508,0.0012844197494101817,0.0005676692914272489
neuron_1771_count,0.07441867510311698,0.048820208332786275,0.005229903060323671,0.0008938893751676922,0.00018867471955233954,0.0001950511480657538,0.0029257266348182084,0.000841066628279246,0.0013458530364042869,0.002107356608693267
neuron_1772_count,0.19661023434162803,0.09241566148332545,0.008676060568258842,0.00028147410165042797,6.355245705986362e-05,0.0006954262404662986,0.004184687577887709,0.004951243091944786,0.0019919648621575872,0.012197032471531338
neuron_1773_count,0.13660331364805556,0.07656584931959615,0.007503751103574416,0.0001511585521638487,0.0001549051631971072,0.0011555832741257412,0.00507318353804382,0.0009103960294019053,0.002697894165785565,0.006738304085625278
neuron_1774_count,0.07089755591848561,0.045027380925153015,0.0039340080567273825,7.811595570138621e-05,0.000385905827918513,0.00013150519862792148,0.0007300292457905894,0.00028333607991934406,0.0022286663672074075,0.0028389319699990666
neuron_1775_count,0.11927518877672558,0.08825194707754291,0.007722067501132898,0.00033258597080959053,0.00015303731426942468,0.0006430017069445348,0.003538973146153722,0.002294219013030875,0.003840308162285623,0.008137942531715847
neuron_1776_count,0.1191226858666207,0.06986941393578994,0.00528386520909329,0.0002670392694573884,0.00018143077115643515,0.0009119464257844045,0.00404066074909136,0.0028693054495191675,0.004708592436770034,0.007657368862427197
neuron_1777_count,0.10287243604043611,0.06293175404589987,0.006445265658869388,1.0546785678963678e-05,0.0001091365422576044,0.0007811232516277602,0.001024811471727647,0.0014180116235961715,0.003908797601724703,0.005823133760007003
neuron_1778_count,0.11393217457480737,0.0739755583525308,0.004212156690882138,0.001404806758045031,8.157316832216495e-05,0.00038161597640391846,0.0033044214772831957,0.0008307109423878745,0.0014644528966687338,0.002792560385629486
neuron_1779_count,0.06433956569178689,0.03490894605292727,0.0012129178109611567,0.0003001877619412496,0.00013136830254583363,0.0003789170081225147,0.004024878932903143,0.0003825787377500032,0.0005318790564475817,0.001458539940778449
neuron_1780_count,0.15342212199468272,0.08865491386612498,0.00808189090732539,0.0016759931556179185,0.0003285963112092342,0.000798436190056595,0.0011384250996942999,0.004113556220601243,0.005899505548259777,0.0129363561827395
neuron_1781_count,0.18650940860672732,0.10013862185618433,0.009333383031546488,0.0024947108195653017,0.00022666104350534556,0.0007744996678864594,0.001889916781761397,0.00424646452207799,0.00465101268837001,0.01108169300088585
neuron_1782_count,0.21065775932701797,0.08120037917606168,0.008022980925656509,0.0021016690724467574,0.0007030143743987395,0.0015397906247881059,0.00316838290125597,0.003150594339314708,0.005319477478315467,0.020044795253929965
neuron_1783_count,0.09383377624433284,0.07317067800712682,0.0027723398992527543,0.0012220493747178065,0.00020558613596108333,0.0020576247865977115,0.005318520942733409,0.001442550240035468,0.0024008218447521684,0.0031670133153552035
neuron_1784_count,0.2542675822348538,0.049710065611049986,0.00012128020824689854,0.013609956286311231,0.0029718421410734053,0.008602802641134027,0.02591328375963886,0.0023120208186365385,0.002536295198458015,0.022413222749998768
neuron_1785_count,0.1764031762384261,0.08719151713843931,0.002948695600116638,0.0006971250869566986,0.0008174404194226971,0.0003757402385228103,0.0027439941986679116,0.005840798203923983,0.0038271366786618646,0.013648551156699246
neuron_1786_count,0.04927930117141631,0.030147063261110232,0.0036259112932064234,0.0010512423366450746,0.0003326669919889863,0.00012835797384001986,0.0012759361525124598,0.0008582016804903683,0.0001486653065806351,0.002298868422285591
neuron_1787_count,0.25357202068886153,0.06847415038741317,0.006746166274590196,0.006249618582215018,0.00036542180471541875,0.0008433366584796723,0.0014777965785004645,0.006136612535517123,0.00018785711574764111,0.023504570355297835
neuron_1788_count,0.0756465045431717,0.055678187363757986,0.007166439539025439,0.0005751095465890556,3.323685554987429e-05,0.004769029040114434,0.00148784104949529,0.0024240040265815846,0.0015759414564113366,0.006263331284076065
neuron_1789_count,0.18440860922536667,0.08840357555427092,0.007824378596193102,0.0025767487710119732,0.00017365067939081012,0.00033436183667045344,0.0006664600946733965,0.006967349757305771,0.0018631261134915006,0.013407719612509791
neuron_1790_count,0.044803206778758646,0.07339244250184046,0.007999321159912393,0.0009985679230330828,2.052006788524021e-06,0.00013911187113144555,0.0014376058158764062,0.0030024392741085544,0.0004062394150759589,0.0019355601719731655
neuron_1791_count,0.15073163876565074,0.1130734049828826,0.008722710666703395,0.0013208872291710395,0.0003312243423791274,0.0002744419071435151,0.0009111720708435472,0.005126531512345683,0.004310445766380809,0.006707088688509652
neuron_1792_count,0.0961587978180436,0.04053386623794536,0.002287351211453993,0.0005492805687107652,0.0034498614965316338,0.0002930654520807152,0.0007564510185995611,0.0007862872216845666,0.002081733075958568,0.002138388124493105
neuron_1793_count,0.07935782762828977,0.04141939924482746,0.0036561407694990083,0.0006260498118150389,0.004462409100072555,0.0010766647500015415,0.0002590753091569597,0.0012115004735956739,0.0028145546436334247,0.000637548752634309
neuron_1794_count,0.07569543393384129,0.08395908352500345,0.0024726392011950177,0.0004822557337743529,0.006472831857599469,0.0009192243833022438,0.00011995969339313839,5.717977935804346e-05,0.0025263164013779767,0.00014379420785076355
neuron_1795_count,0.10470423026216388,0.10745511286233347,0.0020145065961683466,0.00014771912147248933,0.005453248024891305,0.0004396190241158001,2.3753228010869355e-05,0.001593108256802006,0.0005849822875882114,0.0001353064806562975
neuron_1796_count,0.08642166419825664,0.045933022689531505,0.007879266606518338,0.00936048385823586,0.04054261162000397,0.00020808837390405913,0.0007201812644294613,0.001856532227992043,0.028703779260227075,0.0027363839904116713
neuron_1797_count,0.11060005327253777,0.03783044926486562,0.0007953120861564859,0.0006673172631118315,0.006983019918326047,0.0015477960967786256,0.0010729725543717206,0.00040449256957051163,0.005445060963927974,0.0013304817087774097
neuron_1798_count,0.06574300947061365,0.03845640691731189,0.0026016224524876147,0.000755535576038871,0.012030887128717069,0.00017970106783295322,0.004631909096107285,0.01170033305248612,0.02431928580716715,0.00020674866480499543
neuron_1799_count,0.09544351472965515,0.0473226031268241,0.0005156505711917583,0.001037817028788142,0.007158974166578028,0.0016454366444621088,0.0013257608200962882,0.0011659212513572166,0.007242982286907354,0.00010979590401108787
neuron_1800_count,0.10464759985115768,0.05106667542864529,0.0019355402654947869,0.0007699138951199943,0.01407843800497692,0.0010578358231334573,0.00305473813427027,0.004287749236945811,0.027515030368477522,0.0003058877432639065
neuron_1801_count,0.13068648819211415,0.11176697615527295,0.0011527230347481432,0.0005794690311114441,0.006623397755251614,9.779628551520158e-05,5.621934467303809e-06,0.002903656411393528,0.0016881879080265852,6.517604014504128e-05
neuron_1802_count,0.15064928644667147,0.0641712547387536,0.0021326360990497756,0.005420772554662855,0.030334989741574392,0.0017104659797628,0.0020900155108555113,0.0016350074817141624,0.03630835162642468,0.00010824340610625892
neuron_1803_count,0.0232159703418766,0.06086272744834981,0.0041729362024387345,2.3488036429097046e-05,0.0008316053041014897,0.0007106182490094828,0.0010346253747426475,0.00046993459578961033,0.004000519957265393,0.00019628727564838938
neuron_1804_count,0.1359841432574478,0.12557491007492222,0.0008352125952224392,0.00024278310227562015,0.008460298307047004,2.7648148470907786e-06,0.00015072297439801437,3.301190846570143e-06,0.00354158556365311,7.118802699260327e-05
neuron_1805_count,0.015278241112451761,0.04381312628452576,0.00681350110198211,0.0009829625652878204,3.54269099910624e-05,0.0003645127765867385,0.0017840250803999556,0.0020049616528378424,0.0030425039892843717,5.770679007470556e-05
neuron_1806_count,0.02801940722260294,0.056322372462532216,0.0035965781009274916,0.0001035133959932967,0.0004057725471648347,0.0008783811299042689,0.003421763078882867,0.003421950589874139,0.002179004065756742,0.0008991761827689647
neuron_1807_count,0.15075043249906528,0.09241366487234534,0.00014046129162314375,0.0009103689497449406,0.013351956925427344,0.006054641481192016,9.690020524966841e-05,0.0011975885597780601,0.013789505234199279,0.001060243064199256
neuron_1808_count,0.10786905120336271,0.12979938754435077,0.0014367752360731657,5.730704799537865e-06,0.0032700807734997797,0.00010312370176434119,0.0006700379179994491,0.002658671112083469,0.0006235776709318415,0.0007198698904776236
neuron_1809_count,0.1456716273930767,0.15017131380313908,0.0004998823201591666,0.00032437322916966,0.006844374052286342,0.0015434699866189727,0.0001273363898063912,0.00033085052113384847,0.003020747056948686,0.0003419957397621295
neuron_1810_count,0.13235481673482324,0.15743213370620673,0.00039084101361819105,0.0007277631432904587,0.02059259531436633,0.005965252496858156,0.00014042155239256046,0.00032623520579973947,0.009098929533709554,0.0009468293035539074
neuron_1811_count,0.1124366778897033,0.15252210847500136,0.0008066206707392394,0.00010187520221454759,0.003945267491049502,0.0013982341332681378,4.8924441721515805e-05,0.0009590146116084733,0.0005011337557855764,0.0006895019442667034
neuron_1812_count,0.07746609605916177,0.11769268069419028,0.0019603118476360128,0.0006498823747473313,0.0019977357966428945,0.0009444813992634492,0.0015286405977146082,0.002123788319903709,0.0010698543945630024,0.0004956652493611205
neuron_1813_count,0.1448687698528329,0.168954333804282,0.0005504401867235768,0.0002782103143196338,0.013305713529971439,0.003454041316267635,1.0006329491339932e-05,0.00029109064585197165,0.003962054816679814,0.0005448041272774692
neuron_1814_count,0.1585205153912188,0.17133648999826812,0.003197270494171421,0.0008042402904794334,0.008680300716919692,0.003113159371844934,0.0005276103532901484,0.0028908327240214637,0.00218611376982494,0.0007324387853344019
neuron_1815_count,0.17913569523762882,0.175037444372317,0.0019385446952205551,0.0007238256964181324,0.0037573816335662105,0.005724435710099708,0.0007361348837789349,0.008063380119194788,0.00034093171482470555,0.002959243196293565
neuron_1816_count,0.03694737233910411,0.06871703497087853,0.0010520013024411246,0.0012888152033027796,3.0863639063706365e-05,0.0007579807655517662,0.0003982326682737368,0.0009126771536679713,0.004549629332426877,0.0012284657127875978
neuron_1817_count,0.12288815952856819,0.19916788216062936,0.0020464458942070496,0.0019972172166899393,0.0031940853426182525,0.010375654657467301,0.0006647481076258767,0.005066244536104526,0.0012960806853212492,0.0016020839041848874
neuron_1818_count,0.10443896074122669,0.15977955626158413,0.003840071475979444,0.0016677891298833014,0.0003673671995578845,0.0006623674786237835,0.00021230378404293697,0.0021416190885311798,0.000805051630480929,0.0008977444620915861
neuron_1819_count,0.12364601066010134,0.17197722002331844,0.005513044323169729,0.0009272934950056537,0.0018779993715758517,0.003299160844733362,0.00027742267311601024,0.0053781879360406334,0.0007732202328269502,0.00015074548781177782
neuron_1820_count,0.0864215558445589,0.15512313051091398,0.007407760334272678,0.001047633685344579,0.00105129721245565,0.0014499479478441955,0.0005462229622316128,0.0066146900638055645,0.003941346104499345,0.00040055259788361933
neuron_1821_count,0.08844948641867745,0.1728529943815847,0.0011891786324058178,0.005492861020837701,0.0005232201808285687,0.002522455290390385,9.009819737402721e-06,0.004164407226360578,0.002862912293189142,0.0006128667389053294
neuron_1822_count,0.1362966758792275,0.1937197367086741,0.004178071077795192,0.0037201427313134847,0.004172696386801622,0.004371339366364212,0.0006237290402698881,0.01280571514273883,0.0035384648557786266,0.0007874064441028327
neuron_1823_count,0.10581888348411886,0.18182952099427713,0.002202630426710303,0.005208998407181843,0.002070517417451255,0.004589905599483579,0.00036943294547153727,0.0048376977017008105,0.001986962783854032,0.001041322195342755
neuron_1824_count,0.12034004085371622,0.16089021356442104,0.005290113843643134,0.0053246067733580815,0.0007152341328232059,0.008067882946191172,0.0009377663983416301,0.01096632893609592,0.006685329733519353,0.0016352953635733261
neuron_1825_count,0.08922450132659598,0.1255298133092406,0.014273852644726498,0.004360367952566439,0.0012291164592669532,0.0018793263321482644,0.0014004920493590443,0.010105744337904982,0.0005660197036047934,0.002404230841612027
neuron_1826_count,0.11881041989034144,0.17865462137371096,0.007071491451275551,0.008242198109327789,0.0016806891489147165,0.0021226550851976903,0.001880717636748245,0.006117646768474205,0.003037666278138264,0.00027786580370313396
neuron_1827_count,0.1250053236773116,0.14891174202382015,0.01513063080675886,0.008771489248975653,4.343124471265078e-06,0.001823597694058647,0.0004067450050251487,0.011414367284203544,0.0012708351489255677,0.0076835500514347566
neuron_1828_count,0.12372968504480325,0.15960527736613017,0.01377979455838245,0.005018327893134243,0.00016745713257144447,0.002060805632732185,0.0005910324520309491,0.005584509305080802,0.004657314138354407,0.004450873245044951
neuron_1829_count,0.09267788095530341,0.08557322335600695,0.006641086533401876,0.0031903531680637434,0.0004411461460128753,0.0002937678925451874,0.00043108143004630915,0.006175270831132451,0.0015470175851694315,0.00263021679628736
neuron_1830_count,0.13007305044427336,0.12612029858563126,0.016559225154151896,0.004864274244985596,4.037025408651102e-05,0.0026227568517434158,0.0033014923819446734,0.004780811687941755,0.0040334792920019985,0.007781533630582996
neuron_1831_count,0.17695992830438562,0.18293706385676695,0.02231400002913335,0.005782814323854149,8.524861032865698e-05,0.0015037528924027217,0.0029394494777879657,0.004321096034400562,0.0034304545161436065,0.010343976144173761
neuron_1832_count,0.14899320884464792,0.14717583557011904,0.015982396114101072,0.004770540616391997,0.00043421262085661244,0.0005308279340882141,0.003957285848350582,0.0021491884326276453,0.0031616295631737776,0.010928586531089024
neuron_1833_count,0.20444914551932797,0.12004983696650973,0.010583025579445057,0.0013274706095922385,0.00014406292846895138,0.00125342745404379,0.006763067658595828,0.0029861707985851665,0.0023750273208140507,0.011111052377035899
neuron_1834_count,0.013531902705239855,0.030308078613062502,0.0012463170622801908,0.0029447166029933462,0.0005610212479846177,0.00021205382913258575,0.0019297025183493393,0.0022842213576715403,0.003803955433491591,1.7910944517245987e-05
neuron_1835_count,0.09468273663022292,0.06221520009891113,0.008430493629862451,0.0015706178809376213,0.00036609017509319115,0.00017816493142960247,0.0013831878252033164,0.0029430631907097077,0.0013976114094757762,0.0036789135458989916
neuron_1836_count,0.09489304948517915,0.031612920739145345,0.006754626963536042,0.00013882113028606223,0.00024959563213836425,0.0003111804448780054,0.004419496380696705,0.0013915582232628364,0.0007807311256910338,0.006918854218229992
neuron_1837_count,0.12357656888027471,0.07641057982286786,0.00573249574879986,0.0008227987911401911,1.8032712438123977e-05,0.0005018550977839674,0.0014093602627014805,0.0022236771706396624,0.001979600611581693,0.007730109390622367
neuron_1838_count,0.15095025123623018,0.10157954635131977,0.012774457841969428,0.0002726279043129311,8.485685254123326e-05,0.0011544636670841528,0.001438740729996963,0.0021438268326086918,0.0035344549476829523,0.01015914456972948
neuron_1839_count,0.14695821347870114,0.09791400125454003,0.013621669238226178,0.000710029044801289,0.0007922780106054267,0.0006334934047273963,0.0018056841591949369,0.003270410171467543,0.0011965582776785992,0.009923786898734577
neuron_1840_count,0.1095721519932801,0.07614793484864008,0.009123095867725403,0.00017919288679305468,0.0014434420164326188,0.00029668359221897943,0.0005190325222432859,0.0019543583558639874,0.002029365884392155,0.006600802958260828
neuron_1841_count,0.27150088729632255,0.10843775409211037,0.011656943729922889,0.0031966324752047692,0.0021338627332117555,0.0007852314974566904,0.010809322732176788,0.001881443506013665,0.0017411505033657695,0.018461356308443422
neuron_1842_count,0.3511471494405668,0.11375095000001462,0.014215041501728504,0.002027906182236104,0.0006147426836769845,0.0009270729604929969,0.006801110053606806,0.0071619670612422595,0.00066487919745053,0.02531744122601265
neuron_1843_count,0.20023734839964732,0.0847751120766081,0.007868569609276593,0.0023671361545661122,0.00020570194408227153,0.0014142985839716293,0.0016989273171749489,0.002370764047064461,0.0038952728275974957,0.013675661594554009
neuron_1844_count,0.05371099630671025,0.028213681852798267,0.003968612747627928,0.0003254464918872272,0.0002995005905751095,0.00018718235692127654,0.000942869650731832,0.0023421669311919392,0.0006631774542457461,0.003985065521743766
neuron_1845_count,0.15772200631605732,0.09167691106916184,0.012128041063672088,0.0005639888403792268,0.0005640293397764212,0.0022711791480742195,1.614584846105745e-05,0.004023207661037365,0.003697320617706175,0.012240163819021863
neuron_1846_count,0.23697805953332923,0.06804422048462644,0.007112264356288006,0.006931460926621585,0.0008998925102850566,0.0007857808287828408,0.005766472937805904,0.002217258039971713,0.0028476442232735558,0.022621755034819863
neuron_1847_count,0.30661313961457143,0.06701250784415316,0.0029090339390879655,0.008677468730937152,0.0008645833473081149,0.00039890862343470177,0.010351947248924062,0.0013086298214624419,0.00018130833466293867,0.02573711183095402
neuron_1848_count,0.2749377191927485,0.07509006484431874,0.011029707153277085,0.008231013691607343,0.0008858387151867222,0.0012138340663446507,0.0022492050905810745,0.004668116333620388,0.0019637472612983077,0.026491345848559972
neuron_1849_count,0.2067404292789594,0.05502385264842516,0.006226573956068938,0.006488427513262507,0.0015274680516675632,0.0026697743852258024,0.0074482696347983185,0.0037595238370469117,0.0035071667423774086,0.018563878657139224
neuron_1850_count,0.17532256107337446,0.1166735462907573,0.013913035333384727,0.0006626265881095605,1.1200431271884146e-05,0.0005110809501271199,0.0004383162439788226,0.006217779211048449,0.0021347686601973573,0.008252550354117663
neuron_1851_count,0.1589433550348593,0.09675871739336353,0.011361002176968879,0.0013296684367732287,8.834412150547188e-06,0.0008807463464706212,0.000569875210139798,0.0047314341188626555,0.0025135271808358443,0.007071663785664144
neuron_1852_count,0.2077818331458126,0.09287542054565848,0.007654245910679758,0.0025035134916428572,1.0783924486062243e-05,0.0014835316441551526,0.0021653582390903058,0.0069019467424884795,0.0024406074863796423,0.01151432216688239
neuron_1853_count,0.20160738168783052,0.07413079013584259,0.005175864481024035,0.005058335157752891,0.0011421164378579984,0.003005589962900207,0.004463550315950089,0.004505068928674749,0.005504329331336953,0.017732244162463592
neuron_1854_count,0.03147838048691825,0.03870756669175174,0.00645861690408607,0.0003887904351503029,0.0003222132096592279,0.00029182541362557726,0.001651384325934922,0.004476401906194961,0.0006984921597276861,0.0036379905432434457
neuron_1855_count,0.032555074762098984,0.019959070095485032,0.003334009692352119,0.00019343590345503262,1.0732658700106346e-05,0.0004219026623867167,0.00018236734125571781,0.002216240783869535,0.002113446114076073,0.0019926409258739968
neuron_1856_count,0.09101203486142975,0.025104696314014546,0.0006843001704772041,0.0005596875117662402,0.009349048560973724,0.0006828675419964705,0.001314956348990936,0.000899542812455148,0.019888190082373164,0.00107779520049648
neuron_1857_count,0.07911161854370685,0.021385641544524936,0.0025488831453551603,0.003038304454215955,0.016280222047283827,0.0003784947749370486,0.001967954422563166,0.003677809362189699,0.03170471705750838,0.0007588318767906572
neuron_1858_count,0.11387211364052813,0.017349093716678532,0.0005955184052052892,0.0023900279450791845,0.013530744930027552,8.369821837860957e-05,0.004864861064751008,0.0013129732579229662,0.03523581585053853,0.002377154695005136
neuron_1859_count,0.09697136828966535,0.10086707710646356,0.004094704822511508,0.0005073028327814109,0.0037256708567420527,0.0010991063508455825,7.429163059629652e-05,0.001725411242316413,0.00013218468593391257,0.0014838366884520268
neuron_1860_count,0.10538850845975595,0.03822169242351914,0.005038917724356662,0.007460273417111682,0.03381463587435653,0.0011976235027334192,0.0007090918268084188,0.0004653795741033761,0.03212352092797863,0.0006341824977527215
neuron_1861_count,0.14447644883230928,0.006201546938398139,0.0005766603840237691,0.0013980875150014609,0.007448423265113441,0.0013185828699887629,0.004923064564145416,0.000832598217118282,0.030955586676363417,0.006404712449151889
neuron_1862_count,0.09343319714796089,0.011997906001034828,0.003923325434746459,0.0016100354057946367,0.01302799090639338,0.0009803556869246721,0.005169503570669011,0.004933382744167852,0.02843686459987954,0.0001293384546114506
neuron_1863_count,0.17947280494953313,0.031405687660179815,0.0012503303599466949,0.0015910501710546879,0.012124209473475478,0.00037177010996761184,0.0033545313699369153,0.0017530057614975683,0.030895819242913958,0.0035484488507878317
neuron_1864_count,0.05855539113380451,0.098384928476999,0.006963609967508076,0.0008409372585179431,0.0008137344754849188,0.0001101923501165402,0.0009751956430022468,0.00308985566344553,0.003027899708000055,0.0002866512048240472
neuron_1865_count,0.08513362035475006,0.09966221534659567,0.00454276959967357,0.00023364912584990932,0.003327544603732635,0.00020547301528825793,0.00013995464693037415,0.0020120544984527713,0.0010295464603984252,6.745913206234215e-05
neuron_1866_count,0.16305920111578065,0.07933352064616586,0.0010889319142412452,0.0015007856353519144,0.015120633280237675,0.0005278692111849292,0.0019168410984632608,0.0002154402114829413,0.02030330166883343,0.0008763922535004768
neuron_1867_count,0.16761602267536235,0.08286528329829362,0.0012024457910794597,0.0010880284234189262,0.015627502892236092,0.0017075263313434293,0.0011637646526845673,9.714656745521324e-06,0.02070413832690847,0.0014805728789963092
neuron_1868_count,0.10915254607490693,0.06920782600694456,0.002396237679400965,0.0035015029127647354,0.023792300111102005,0.0026206616994000967,0.0009599173643396811,0.002505123303931059,0.0215613605194485,0.0004647254287757363
neuron_1869_count,0.1287280805458419,0.10407471797596826,0.0029842804344201584,0.00017326545513226058,0.004188314024683511,0.0002338782196733764,0.00021832301523702635,0.0004821593674096507,0.001746841786722837,0.000812985749707805
neuron_1870_count,0.1760410967858445,0.11689912008590506,0.0008144651015555299,0.0014212520042881371,0.011771093639024524,0.0012324010368650468,3.5727099258980096e-05,0.0014048035586617241,0.008037566236539048,0.0010072541894845938
neuron_1871_count,0.15559950530701117,0.12465265329062283,0.0009735345721370199,0.000958052542290564,0.002242228452767822,0.0006457692970490633,0.00033685722093025096,0.005298283661411614,0.0011700400182287022,0.0006576748282125615
neuron_1872_count,0.14111856531432607,0.12465282357416446,0.0016330814226419924,2.629323314903712e-05,0.0022377784470390266,0.0011418447609492788,0.0001834934586772783,0.0024560067495362353,0.0008732393356848237,0.0012654083320804976
neuron_1873_count,0.15634532591668115,0.15055497111867816,0.0013682377041311262,0.0003224495772907159,0.005226274506232524,0.0004268336226761968,0.00028701880925302223,0.0014489497294728829,0.0016454679446666447,0.0005966051047406953
neuron_1874_count,0.15785834524480413,0.11478489780020251,0.0004959064140473753,0.002134748897548125,0.009427116877334857,0.0017525270145708899,0.0003881162873574078,0.0005144391754023526,0.010308735509777414,0.00031837537639543573
neuron_1875_count,0.11854142941805682,0.1328553527789255,0.0018064871231063366,0.0006226321888128661,0.005530406741267702,0.001573945297645974,0.00047547291194952393,0.00257939603655441,0.0012564252654226372,0.0004993402309614405
neuron_1876_count,0.153529233198395,0.12529127188787945,0.00026269332867724215,0.0001028359839424797,0.008494504711770795,0.001731387974012108,0.00021070462280217,0.001401219210060218,0.0053984933745870115,0.0012114172814297539
neuron_1877_count,0.1161888692632777,0.17644662358953286,0.00022643831417864212,0.0003773711001717672,0.011645538937131161,0.0016864692726361319,0.0021842417454280144,0.0052624237216935404,0.0034479741965543417,0.0010979332129321812
neuron_1878_count,0.16706045740694253,0.13699382927964407,0.0010448480782535088,0.00031965203317445116,0.0025703068156034264,0.003270087782099751,0.0005423683571376473,0.01037060084988313,0.00012740884348821056,0.0016374037738750742
neuron_1879_count,0.13073477312839535,0.1383738477986543,8.508790485269887e-05,0.000124670748832466,0.013748933673248101,0.009590017601207798,0.0002113800640463296,0.003394629203749208,0.0018080382722389932,0.001023644880246765
neuron_1880_count,0.10038021317140394,0.1211088421164094,0.0035372511288920896,3.2847246223147684e-05,0.0030220133878249983,0.0013007045916539998,0.000689049816039608,0.00769381423577474,0.0001418218380851452,0.00027230055449194374
neuron_1881_count,0.13915011816196976,0.19760770045680098,0.0027952941887722446,0.00025932845219544566,0.010573088473315659,0.00403637677043573,0.0013048223044619146,0.007979643061116343,0.00011986231807739958,0.0007276742434136913
neuron_1882_count,0.09455947285404265,0.19566306261240146,0.009676991432499005,0.0018710249418496666,0.0018009210801553724,0.004923257050093055,0.00204202288346729,0.0075179524600150205,0.003209113062524055,0.0007237442823629179
neuron_1883_count,0.16292287629636598,0.18802420826502375,0.0011542411734462056,0.0032371836182335523,0.004762718564573276,0.009822100717781501,0.00046087711012083275,0.008173460915306671,7.440905662101961e-05,0.0023030995146485628
neuron_1884_count,0.12969958052045122,0.21582107047500704,0.0011561573403234202,0.004011784940647294,0.0034532733226746645,0.00775839444868668,0.00017877403299786966,0.0033507278655814238,0.0011851648138837961,0.0007367302350796004
neuron_1885_count,0.10075767616838215,0.23006344680558016,0.005515468321033314,0.0061293844771987405,0.008138485438086734,0.0044142209362819165,0.0003156123515734629,0.004628004199525512,0.002914365796004341,0.0012205168962024894
neuron_1886_count,0.06606720896591513,0.12516528381078737,0.00160989618415152,0.002747614398340148,0.004944395186570118,0.005662307720405574,0.0012017674099742762,0.005034717628130625,0.0012657652749943071,0.0013095581772024339
neuron_1887_count,0.06619903924169518,0.15571748772813976,0.0036930166549102306,0.0044285147612920794,0.003360952927032035,0.004060145375960646,0.0016432869076373272,0.007711894545426562,0.0037707153397143756,0.0013658732198633186
neuron_1888_count,0.10802489875534246,0.1502890202788391,0.0052538299105667485,0.008923448313851945,0.001385655949807281,0.0025261674426552486,0.0004443771765944059,0.013909477604382506,0.0021927760283133035,0.0005468590504170128
neuron_1889_count,0.12215699702289307,0.20219247781826294,0.009301065935198943,0.008255596168775872,0.0014377887504670485,0.0036169834182189775,0.0001656025938725804,0.016469303966651944,0.005198008068811336,0.0011898981379162045
neuron_1890_count,0.10701102987887831,0.11255835949558857,0.007959427221353343,0.005408695811592652,1.4139611251535317e-05,0.0021066463491191748,0.00026585338789577185,0.009871525243246984,0.002594012109875518,0.004399799248585731
neuron_1891_count,0.018436535221836976,0.029157435374223398,0.0009051959163645608,0.0034629530335581644,0.0003753423407490339,0.0002849270083560841,9.205227500164604e-05,0.0023623047101543025,7.075492804979556e-05,0.0005024766870336409
neuron_1892_count,0.09987426463492233,0.10810640893342446,0.013561558414531286,0.004037273752784724,0.00011469325205108218,0.0008737369348960321,0.0009467231440918357,0.006374969392191808,0.002558611216750162,0.005518539466751668
neuron_1893_count,0.06986649370079981,0.06467421865639661,0.005113661462747221,0.006462540175680327,0.00014822930130564162,0.0011711902193084558,0.0005053217546731794,0.0026353114151219034,0.00010591167527420828,0.008219213658434511
neuron_1894_count,0.09454873804916508,0.11668582988814274,0.008827649044929234,0.005280329112223134,0.0005125811006809339,0.0003924124419401945,9.151401906143386e-05,0.0014665617915609191,0.0027305160427576122,0.006521417947346439
neuron_1895_count,0.008387610414345208,0.04201707809111699,0.0004709687924329183,0.0012267820735109665,0.00013747693118217443,0.00018408213720672408,0.0021358734640633506,0.0024919696580085627,0.0028761733412817764,0.003269382604324607
neuron_1896_count,0.01663763667701443,0.026999125305588945,0.005844673903314241,0.00025006224724780524,0.00036468529017344,0.0012210866759004638,0.001619133409736167,0.00273602908775856,0.0016321917089180342,0.0005072383503396663
neuron_1897_count,0.19798136731870838,0.13021077428424654,0.019751409979026247,0.003621007768396349,0.00021949548500663565,0.0012099376851095432,0.002900369893916649,0.005173251252037478,0.0009958483652555937,0.014269085025973113
neuron_1898_count,0.15998599414654846,0.0949063037010626,0.00915719157363483,0.002076059305044845,0.00030648678866773346,0.0004835616286353074,0.0016488518576264904,0.001964616905627381,0.0007487445804919383,0.005552404058892034
neuron_1899_count,0.08636281540798646,0.0899075513532625,0.009571122756768469,0.00020728061345394802,0.0002680609273485249,7.01019156750856e-05,0.000443696089189434,0.0025930935773833125,0.0019426529830592204,0.002048639151731986
neuron_1900_count,0.1047639244228723,0.09344155453028888,0.010023876318849767,0.001160250023830571,0.00021330516512930477,0.00021341794030837503,0.0007322083926982054,0.002372775740556138,0.002095648576526346,0.004006788218020203
neuron_1901_count,0.11191796197773551,0.10866995901197249,0.012268383655232445,0.0006470891183581635,0.00010515816715380615,0.00016131281571811398,0.0010400363772489415,0.0022958768432456422,0.0029365036254545077,0.004368962596779949
neuron_1902_count,0.24394154351947644,0.10058871100304773,0.014155450396795555,0.0014024787999916497,0.00025814317712642525,0.00224962149859044,0.0017463600808152735,0.003836876397250631,0.0008379391649872186,0.015426321232545934
neuron_1903_count,0.10563763706136473,0.0701391216024122,0.00935285607578941,8.418208709038604e-05,0.0006196400058761861,0.00039467356588972474,0.0019004313412074522,0.0008868567541817952,0.0018349344663602107,0.00664721468365518
neuron_1904_count,0.08535035249560652,0.07229129764744294,0.008567695130310901,0.0010359121949611617,0.00021565544881521018,0.0005108812083116157,0.0003090779983844459,0.001653132830001,0.0007890029646008142,0.0021268913247464265
neuron_1905_count,0.15056090255975996,0.09245532618592814,0.01014141224378974,0.00011375085834573664,0.00032064969737250246,0.0001248521909963895,0.0013619647812145273,0.001991798181628913,0.002060948197150643,0.006793853768110494
neuron_1906_count,0.04951130292352819,0.04780805326347527,0.006402141272257522,0.00021718457274239825,0.00034613802481528975,0.000389602734075286,0.0014592361359996656,0.0016991548779001046,0.0009476312905512046,0.0024521632547204082
neuron_1907_count,0.030833110166889673,0.05685509082771502,0.007409927738379785,7.031624433084718e-05,0.00017693733620875035,0.00017923200738489183,0.002091880846110887,0.0034075716971568035,0.0010604821558804906,0.0021714282222189876
neuron_1908_count,0.08041797557822528,0.06533161444873264,0.0056736574455628075,0.00041367282608999016,0.0006384880638877505,7.108023684337678e-05,0.00037372933548339687,0.001583511413165404,0.001685503707277495,0.00258997490196175
neuron_1909_count,0.31310688636519546,0.08907349415505872,0.004219900747853569,0.011762982544406969,0.0031273173348069228,0.0021690721023027437,0.013050842201087973,0.000961151861701693,0.001627021312099415,0.028317641657266177
neuron_1910_count,0.20978382539576124,0.11178919898977793,0.009124086652133198,0.0007574713207149329,0.0006750944197385922,0.0013463393847892875,0.00019787853118484033,0.005758540159526773,0.00276465628221588,0.015036108184813352
neuron_1911_count,0.2203276017002343,0.10843866588450629,0.017182197905663193,0.0012103440609382114,0.0009469214739708659,0.0005903591761063217,3.8487446154427665e-05,0.006781161256386614,0.00419892738586591,0.021436908775977606
neuron_1912_count,0.3791644530383402,0.08708813994926357,0.010834587514166924,0.011754787077751336,0.002210941776338779,0.0032971850000013195,0.001250507277583822,0.005420333213092134,0.0031679722611612643,0.029976401056595228
neuron_1913_count,0.13823668555256596,0.09357385407550015,0.0118581177543082,0.0014028822122832347,0.00020884257020540534,0.00022243717106722096,0.0008194994794832705,0.002705845730332654,0.00409013016000305,0.007027137888943491
neuron_1914_count,0.10110250478171252,0.06656324133604141,0.007061778355000187,0.0018372379926655117,0.00012841518590845247,0.0008949981286724314,0.0017687041183532008,0.0009997245140328202,0.0020464856675382753,0.001778414917138163
neuron_1915_count,0.2697029105129153,0.05833272711462337,0.004881238202155122,0.014794753781356418,0.0018926127309155522,0.002671734903138963,0.0014179115167695273,0.0017352152693794268,0.0008733131426653662,0.024247194477071438
neuron_1916_count,0.10237025988995749,0.0638976200654777,0.004735273975147829,0.0012724229682641642,7.646732134251183e-05,0.00040414462321849845,0.0001760128555001446,0.003569621972307903,0.0019428997939285285,0.0018638059321142639
neuron_1917_count,0.2641121242840445,0.06479294369006405,0.006789148247041438,0.00926773117093177,0.0007355283307047822,0.001059855807113163,0.0006802160041151709,0.005804808124944091,0.0002208709107551013,0.018691341947788237
neuron_1918_count,0.0635449706557359,0.03900753496266865,0.006191646654236112,0.002876619096888043,0.0003544668484160786,0.00012313524903501648,0.00014537799393723712,0.0025007595903730508,0.00040899089944470505,0.0032097013084097454
neuron_1919_count,0.08043860178524409,0.08252862839325226,0.011159549912075531,0.0011328532639145895,0.0006076889328526106,0.0006467619229060459,0.0026989587612169692,0.0014473292759564008,0.0019284455817107776,0.0013730878267557318
neuron_1920_count,0.13548376970613582,0.011008670616535168,0.0002826148544173056,0.001265614778672171,0.005242979098991643,0.0019275622582852273,0.004353303909866532,0.00015645134958667428,0.03765860730597147,0.004541269799020697
neuron_1921_count,0.10579262929927466,0.043585789951412435,0.0009377407018034741,0.0017879449992877564,0.017713812485255026,0.0006682404470811885,0.001202589439862279,0.0016576673385013674,0.024864988270054234,0.0014397986078204354
neuron_1922_count,0.1317821305594914,0.02383531193626122,0.001297392048655143,0.002353226372999999,0.015362747597395504,0.0018594699697962631,0.0018647227988981135,0.0004301106509459231,0.042084052049717185,0.0013409630878071545
neuron_1923_count,0.13012843581970512,0.11486437710145991,0.004039788046337776,0.00010479373018829844,0.005996334342679502,0.0017357583582034864,7.031003099238452e-05,0.002088306495244982,0.0009644480994377043,0.00055297479491624
neuron_1924_count,0.14819670518397166,0.02987048167981894,0.0007037526872988427,0.0024074535863262622,0.014814397502921212,0.0005224077510592451,0.0022053543063654743,0.00026559116573513647,0.03241202964506548,0.0029708239728958863
neuron_1925_count,0.12383258035632433,0.007723160964497551,0.0031405930792188647,0.0032614155809046336,0.012837503967570885,0.0006512633543753361,0.005427335441596834,0.0003562700706759847,0.03996024377568802,0.0006346198599579897
neuron_1926_count,0.15741446758141614,0.09157626239842373,0.0004069735404879909,0.0011761676579704443,0.007505064518398816,0.0003303156359945607,2.5932082567743653e-05,0.0027881155195734406,0.0035068544857673467,0.0005338505022641667
neuron_1927_count,0.12922333214915016,0.06269180318201067,0.0005032939910975896,0.0009476495726652955,0.008566236919579293,0.00016663685465395216,0.0001865806079342138,0.0007653186735538872,0.008837783688505588,0.0005258698454631144
neuron_1928_count,0.17719813207897694,0.04100726794292597,0.0002618448094862443,0.002650798109353647,0.013848208904960455,0.0014670455470939432,0.0009837837551862627,0.0011764763306959629,0.03512898824184507,0.0031404871321820543
neuron_1929_count,0.20866826198087457,0.052087450267402385,0.000326746467780626,0.004092607663984865,0.01655868583476705,0.0021053263461309896,0.00019100027775324074,0.006135747255585362,0.03487110892605659,0.0033492999563179485
neuron_1930_count,0.1333619110759891,0.08615871799069677,0.001137907795981172,0.003033130732455813,0.012376483027372057,9.604930554369317e-05,0.0001330402893519149,6.626559111201592e-06,0.011609664318350046,0.000510900439797804
neuron_1931_count,0.1583646375408464,0.0584852062477455,0.0005532471140137925,0.001690287750566774,0.01568146971498996,0.0012897176769865876,0.001774703910437124,6.305655432968689e-05,0.028147252860323657,0.0016550295244814328
neuron_1932_count,0.08063966178311649,0.1213288835244673,0.0036230040406141223,0.0002047286083856712,0.0025860990226011585,0.0007716938649514251,0.0006280713828634606,0.0017869512581452016,0.002972182927919953,0.00013103146354105383
neuron_1933_count,0.19862932351184964,0.08815337922517502,0.0008629048442681817,0.0037693491526554213,0.01839021997453147,0.002771343551316127,0.0005348214721168608,0.0026564221126144996,0.023597143241367788,0.0011972210897970292
neuron_1934_count,0.18975580082581794,0.087859926231353,0.00013440709356530613,0.004947760071213246,0.013547325937414409,0.0011346394467021508,2.616135467113428e-06,0.005208258377760268,0.01663266355368513,0.0003095057279746873
neuron_1935_count,0.08275538510831598,0.09346789610390038,0.0016699932561391496,0.00010247080504928625,0.002835627337363464,0.0006863473189533135,0.00027498883798313285,0.0011163183256756928,0.0014432917711012204,7.172459078861465e-05
neuron_1936_count,0.1349121624865757,0.10699277466141408,0.0021288634518758023,0.0002161112768198671,0.0011206514654390834,0.001128795205553739,0.00032309342865005815,0.004082013015113024,0.0007264082160586068,0.0019221296855830225
neuron_1937_count,0.1843966923973144,0.14950718992773346,0.0008940276484095773,0.0014078710073088668,0.018463906935832886,0.007232112274631067,9.408522513831613e-05,0.0014603391433243747,0.012461952626089803,0.00035806409940040973
neuron_1938_count,0.18885322450058586,0.13532566750094915,0.0012409368433080048,0.0020731247626302116,0.01800886312851123,0.008163006564795447,0.0001372340391520467,0.0031120230229631438,0.011864657420106436,0.0011105093458182724
neuron_1939_count,0.1695866056610747,0.1403922702528302,0.0009526762485488199,9.400126573067165e-05,0.006771855691072609,0.004210515513797801,4.766580099470645e-05,0.0016154284715618195,0.006046632802980158,0.0023394660235256867
neuron_1940_count,0.2051147292769239,0.18290681913902596,0.0025270223428500577,0.00010492311138087505,0.013943125824183875,0.010859849015759926,0.0003561563835479953,0.013821085561768698,0.0028151137904396245,0.003034384943155548
neuron_1941_count,0.14799297166524802,0.16359111028607776,0.0012738631020892434,0.0010456396294222688,0.0125279378102775,0.0036360387042029124,0.0005349502782021221,0.0039404766683937414,0.0009756685934267234,0.0007010926192455441
neuron_1942_count,0.18259552484460562,0.15549982113404093,0.001818828267421288,9.28708665867751e-05,0.004657666989653468,0.007033579705713666,0.0003738699461328914,0.012540326860795134,0.0007793328717329712,0.0032539154378721444
neuron_1943_count,0.17079878019320033,0.149531175679124,0.0015432755198276082,0.0009360614323050062,0.010386028724893206,0.007215491989082848,0.00017942683666622578,0.007496920295579662,0.001079751419376395,0.0012019350149187827
neuron_1944_count,0.15234477382497083,0.17301743147512721,0.0014946882810532441,0.0005183037264934135,0.00749281230563538,0.007005177514626544,0.001108319603250165,0.005608353036732017,0.0003192897967246918,0.0023642697828682863
neuron_1945_count,0.06432747950003735,0.09943684083622842,0.0018967466641330796,0.0006539602688888299,0.0017308756719514318,8.311868213346611e-05,0.00605859772216609,0.004232910020019916,0.001973084962409704,0.0007737844599341633
neuron_1946_count,0.09791880558635115,0.13467161479384007,0.0024516733061781884,0.00028324945919179674,0.003007725923410434,0.006780319874198755,0.002648072361078134,0.009763346365181502,0.001193692430364452,0.0017309365941791319
neuron_1947_count,0.1365817895637057,0.1538562995335105,0.005721930715631214,0.0007600231297223148,0.0016070139010726792,0.001443481812920814,0.00021603172456711658,0.005114099506772447,0.0003439954674147507,0.0021928201145119917
neuron_1948_count,0.12876879207452424,0.2183791624595079,0.004778543320932277,0.0029937580137672296,0.00702842648215294,0.004677163886415099,0.0005087078935324708,0.0054126549821474496,0.0011142603155885125,0.0012878926037921045
neuron_1949_count,0.1074886175364945,0.15162073432039352,0.0005222451322208013,0.0018624924996435768,0.0017891719473952794,0.0020826590517345756,4.756773760228273e-05,0.0037698688072644593,0.00242290192890169,0.001682266828932924
neuron_1950_count,0.11491305830309817,0.19261686390474048,0.006459766600655746,0.007284954867865699,0.0005644830343977791,0.0014561491558732,0.0007288198066229268,0.006316376227909766,0.003273029629949936,0.0009574549151882064
neuron_1951_count,0.09726722857821121,0.17208598773013717,0.006717296199517657,0.011494692040417295,0.0028504182840020653,0.003037830934094439,0.0001254532159759205,0.013396200993297178,0.00421607771802681,0.0005692634214374418
neuron_1952_count,0.14377118899343108,0.18315791725822106,0.0031587208580110687,0.007140171190395256,0.0014433985412464767,0.004042513037938754,0.0002528889483024571,0.0089821210685775,0.0009772987636530103,0.0002951324686067628
neuron_1953_count,0.11216011968410242,0.1596319840024737,0.009599662107285328,0.005032713181797932,0.0006993970712937045,0.0011623044611524802,0.0004872773686865582,0.006943441038095008,0.004105357395093073,0.0011307977301975997
neuron_1954_count,0.10123981978496138,0.10596135687087324,0.010066100472563705,0.0060953041809230155,3.311906671198562e-05,0.0018594187214029181,0.0004615162409007962,0.012579404046787868,0.003950740707150263,0.002109170305365206
neuron_1955_count,0.10130783317621245,0.1801693351798398,0.017637800519562027,0.012503964084491087,0.0008716362714450872,0.001666800121801204,3.985430828740838e-05,0.004303051297383148,0.0006863522681684591,0.003054367512452104
neuron_1956_count,0.04970751893740616,0.04830581418898741,0.0029049582615088138,0.00047306151193823864,6.090797819462211e-05,0.001288886622534272,4.1703056099737625e-05,0.0006956738045904888,0.00038199060432913927,0.0009096648008422841
neuron_1957_count,0.10797548891557976,0.1196246442285103,0.009805303278100128,0.0026454888361502754,0.0012234383390985586,0.0010049534212258765,0.00030017401730471,0.0037596082748518195,0.00026464586054109236,0.005739076026857373
neuron_1958_count,0.091622006445334,0.11318434181471901,0.015383533750850026,0.0027354645511864853,0.0013906548230407552,0.00048217839794027426,0.0002727690501099934,0.006664589921941522,0.004357587591648393,0.006191896714166464
neuron_1959_count,0.13900065603775286,0.15671004197174634,0.020902838887387545,0.0072844730963684615,0.0010272339320113663,0.00011807524720337109,0.00030319762253794465,0.0045037410806429215,0.0015577259773374534,0.012089823993252855
neuron_1960_count,0.19330874219641025,0.12270100948076845,0.01806458648806078,0.0037242171958905695,5.527928933719606e-05,0.0011184104318677842,0.002180535868134943,0.008001121349639456,0.0009613277881722511,0.008665651997745341
neuron_1961_count,0.1757337759754362,0.11849285522262723,0.01921357095377997,0.0019803203581872098,4.098676546412461e-05,0.0003185603620954377,0.0006190185567745074,0.007106823436240736,0.001088614565450962,0.014470216155477875
neuron_1962_count,0.11458041431807703,0.08373312109653736,0.009289770858863997,0.0009614459681193226,0.00025124966429269924,0.0006878384159712675,0.0002652173636828962,0.003820771864869933,5.457180362839018e-05,0.006406508288956905
neuron_1963_count,0.06531376304449235,0.10042159122758096,0.013650564260615713,0.002477377096090881,5.122144538503761e-05,1.3796688148074929e-06,0.0012805364008502962,0.0032537398448409804,0.0003454784440257786,0.001771690745199228
neuron_1964_count,0.10944389830946774,0.08137427229986668,0.011462848835052303,0.0010067689970426393,6.169767291980743e-05,4.625501990793192e-05,0.000355104224998229,0.0028439243081978607,0.0009788932265507241,0.0056157464610050375
neuron_1965_count,0.20085398194358461,0.10719688969845945,0.013624756766093732,5.9676569312110844e-05,0.001304850123390943,0.0017572423409331767,0.001348581749837657,0.003662226956823611,0.0005505647637596717,0.015283290194902918
neuron_1966_count,0.15974297032165968,0.08703221484314122,0.014071718435763672,0.0008510506743457131,0.0006255654050980192,0.000701787547052319,0.00025936950085033057,0.003050048179407766,0.0012936383718583772,0.010121105216893106
neuron_1967_count,0.1835981032178801,0.11088917686743208,0.0148094866608324,0.0005252425937677047,0.00046002695549684364,0.0009821771640409465,0.0016704826558897878,0.003461210957681017,0.0011882602128272697,0.011775812608564126
neuron_1968_count,0.024102537645838282,0.0476927674127626,0.006379566295770322,0.0010505407278039863,3.764145943777118e-05,0.00020960918593916633,0.0025105111618091945,0.006323737885971819,0.0023088750366432476,0.0010095393141782787
neuron_1969_count,0.20103351428128924,0.10121948596624686,0.012798983553229407,0.0008366369321651697,0.0005505488065734787,0.0015093181291973498,0.0004805137282895579,0.005039014537502995,0.0024029168975122864,0.013537942284501045
neuron_1970_count,0.043455717803263835,0.05855485523946129,0.008825729872607255,0.0007623703342233765,0.00014173804852993504,0.00015393440903614143,0.001604146231968924,0.004675767531449271,0.0005483214256788681,0.0011878821695325316
neuron_1971_count,0.19794457657768433,0.08267450474293689,0.015664013289898096,0.002927148009525385,0.00143587371971678,0.0035607559355491855,5.247153117476314e-05,0.0030912291694793065,0.0021057769344574946,0.017429008120738193
neuron_1972_count,0.2029609296753776,0.11521729668888503,0.015770813039171036,0.0014222247380665382,0.0011041461308850878,0.000998029611170119,0.0001577347473290156,0.005650931856419794,0.002406409168086876,0.016593961420169945
neuron_1973_count,0.19006722978847013,0.1017572955331589,0.011842488455706374,0.0007914179942115178,0.0005818731363879098,0.0025075259308204173,3.595188822167741e-05,0.0053798156134197,0.00197218774712769,0.01399732647876635
neuron_1974_count,0.22910909003091476,0.09709315296855611,0.018529297472147002,0.0017069905768497887,0.00044907502342354105,0.0015411611305234533,7.180349899185007e-06,0.007670067666474101,0.0036989423552330064,0.0187568580076473
neuron_1975_count,0.280416871589363,0.06530279963356986,0.009378469507634532,0.007025017220058653,0.0017691131667496168,0.0019548114607933972,0.0007245505973140186,0.005874567024865156,0.002671058256533538,0.02653827104345953
neuron_1976_count,0.1662211533124405,0.08770336377971777,0.01871311040001325,0.0007282389724801407,8.898314604021329e-05,0.0015591978277936028,0.001286925148828652,0.006244284111897883,0.0010492944215749053,0.013245230321602436
neuron_1977_count,0.22464950437653325,0.09376665870774772,0.018507814018119545,0.0012583405021528507,0.00020008732203989285,0.0015680160222181195,0.0003140781385750297,0.010197274677439097,0.00047261946595307525,0.018742377183740028
neuron_1978_count,0.1286493239637361,0.08734801629236222,0.0158861353787587,0.0008334170271147674,0.0007758290204625644,0.0012707961120210576,0.00029314704615686187,0.004740859149965124,0.0025279882415521968,0.010850840351381591
neuron_1979_count,0.18764495738158965,0.09564958761322809,0.018479214637942484,0.003864736934568312,0.0004347123588592447,0.0008554503694146003,7.437900873361134e-05,0.008204487756603845,0.0010393051888423557,0.015394903835012297
neuron_1980_count,0.14053254193692974,0.08449516971669122,0.012677940503585436,0.0017419913972402503,1.7511642850968098e-05,0.0010572676334088963,0.0008045797261216278,0.007117398439686347,0.0024013625433582514,0.006841460322194161
neuron_1981_count,0.13519199246401634,0.12615824792733213,0.01792864290808345,0.002281938231919023,0.0006615848218479133,0.0012173563406403937,0.00235939177302711,0.005174157923096258,0.0026475786254629395,0.00683665538227006
neuron_1982_count,0.10534455272396974,0.03674667116911222,0.012200026929732176,0.00252166485579044,0.0003783105444353082,0.0009907653408269418,0.00014296563241581167,0.007625696073921218,0.0021802613040822517,0.010441083190068385
neuron_1983_count,0.12484425606779145,0.045093075329759896,0.00844593600768824,0.0022701091103788235,7.396556486487975e-05,0.0003958700055133324,0.0002833191376002244,0.005854705687201811,0.00010093086232505332,0.005836313478900512
neuron_1984_count,0.12923227062002077,0.01659421098638053,0.0012351583562356314,0.0015642612056653397,0.0032240309658101846,0.0005199549830613489,0.001213616039121783,0.005203569250903116,0.005462205617628377,0.005039102647499127
neuron_1985_count,0.15170799290684428,0.01407010210033137,0.0009156534692309273,0.0019740597165632534,0.006147832511184739,0.0016020901795988371,0.0008068506361239465,0.008524469767882958,0.009932714458609895,0.004934692274415092
neuron_1986_count,0.15345280907112593,0.02720821605574983,0.0007633312154109485,0.001122582830359032,0.011065683180045693,0.002566877907963075,0.0036511216536646157,0.0015260113036539222,0.03273184540471702,0.004458861562512073
neuron_1987_count,0.11788472510408313,0.05722633768497401,0.0018413755813383621,0.0015385801140014345,0.007222125025869851,0.0011839677338447152,0.00024200049511709405,0.0007716531917623393,0.004871455635322167,0.0007439963412254579
neuron_1988_count,0.10974592255883853,0.008786302923983233,0.0005326400513832978,0.0008795681785649066,0.008591110689218515,0.0003190610220403572,0.006044868165605538,0.0022422928477293866,0.038280781631910316,0.0019942613385884253
neuron_1989_count,0.09077683922439417,0.033187914180998895,0.0010612095163816983,0.0037409930671011976,0.015273830480746028,6.0263402979649286e-05,0.0015797983881213028,0.0014302668130947126,0.02647707153762406,0.00025353378336995247
neuron_1990_count,0.13938467488811346,0.03848434407194837,0.0005101278858963328,0.0022083436672923687,0.017246117805713182,0.002286495294355609,0.001962108793663271,2.576696463190667e-05,0.038188753461458586,0.0016097958253462746
neuron_1991_count,0.15356244493255772,0.08685168351233785,0.0025198434743960232,0.0007452955063689641,0.006376060776806539,0.0011107825150505485,0.00012930457225943277,0.00291252054015137,0.003481014228602426,0.0034675346347484565
neuron_1992_count,0.13322876293496688,0.0956851511818606,0.00298175964852556,0.0004796665001825899,0.00537433282736606,0.0021974558309552847,0.00032113661722815885,0.005725113578965171,0.0008899980808883511,0.002390833086599063
neuron_1993_count,0.14820486528016208,0.07440303321660924,0.0022976157923732497,0.0039023490998942867,0.02567421049684354,0.0017635854275783527,0.0006476451082356172,0.0006586128159405819,0.02927190504321886,0.0002290373139304286
neuron_1994_count,0.17724751259554933,0.07083547523550193,0.0011907446293162975,0.0013907070653430345,0.007541183289060338,0.001054424890490173,9.49534267794868e-05,0.006250154274582455,0.0206222077880774,0.0028010710319404594
neuron_1995_count,0.15333217514216788,0.05457031235723106,0.0012921081297750658,0.0034742907140102863,0.02031996444076012,0.0015467986012895375,0.0025535826354321917,0.0008554491472588382,0.038770602113588876,0.001417064634622281
neuron_1996_count,0.14245016932572624,0.10200808277184933,0.001260949478584933,0.006359335415102328,0.03125408376210695,0.00624883492503174,0.00017727471308805892,0.00020566560534568228,0.022968746649755692,0.0002518519717244808
neuron_1997_count,0.16070763580348196,0.0865434429818118,0.0007148107445406754,0.0017080046781452543,0.008291579934464069,0.0018708295856189258,0.00022792714278765296,0.003591302651773237,0.011520730791862208,0.0021166518182509676
neuron_1998_count,0.17410279725527494,0.0957541974683182,0.0010643544814212015,0.001984315525580052,0.01650121726513723,0.008806298006428098,2.1202690056469544e-06,0.006690779688243512,0.0144487707116909,0.00425051407926081
neuron_1999_count,0.08642261644298582,0.06696215912785827,0.004863389768092856,5.168506582667754e-05,0.0027047504376013325,0.0009329355688551776,2.9357834153973146e-05,0.0033679038306149017,0.0005230915653822842,0.002299461127205301
neuron_2000_count,0.12697855769064978,0.11263605910776156,0.001870777340750182,0.0005076571651894679,0.005190574152631348,0.0020209253556806375,0.000534314349447073,0.004956057733794088,0.0007740770101805593,0.0005269805775420557
neuron_2001_count,0.05753797336589851,0.042152915145715245,0.0007002352201915304,0.00026181133951965613,0.0007585469195634503,0.0006151295989827894,0.0006622705679777668,0.0038564979301169353,0.001728717359624275,0.0003083435202069192
neuron_2002_count,0.16646813925611942,0.1464856442261033,0.0019982208742431416,0.0005250064309865847,0.004812819543601625,0.0033685657554437115,0.001149262820235468,0.006952397635455937,0.00046287895759085027,0.000746819843290991
neuron_2003_count,0.06900772977644534,0.05966439381088137,0.0006071241805663732,0.0005715930277889799,0.000940312463429873,0.0005623804361661999,0.0016964335987096762,0.0054405232075226476,0.000921973505221458,0.0015598800501524638
neuron_2004_count,0.09697167867285131,0.08867071021885123,0.002877943556515751,0.00018190945074681364,0.0008808763805242641,0.0032467414803686104,0.0002064797495387946,0.0074447301635990545,0.001231251951700981,0.0010081000166396563
neuron_2005_count,0.14526535998698578,0.1441190979860154,0.001964322909375066,0.000431954337429645,0.004812404718298656,0.002296220121320136,0.0002576005876926985,0.006081149514571581,0.00019216117644048087,0.0011677231860196848
neuron_2006_count,0.11313862333138422,0.11328666628990663,0.00129040437388684,0.0004998237795541437,0.002835079030572056,0.002706766874705835,0.0010560946958343975,0.006082060594026814,0.0011008973034311777,0.00029460292120662415
neuron_2007_count,0.06854520773567542,0.08858334183788896,0.0009645683412725179,0.00026121255249521693,0.006118205323488286,0.0029526224785413197,5.175897536154614e-05,0.002730276237082281,0.00231440477736081,0.004591161299671333
neuron_2008_count,0.16734387690427127,0.1340367981788454,0.0021544621201090436,0.0004533335867960911,0.0040775442091076294,0.006982092928383338,0.0029371974711562276,0.013109946202358766,0.0010658232337977247,0.003291605982120749
neuron_2009_count,0.12600289324390426,0.17822953020085985,0.0007201537981286858,0.0004348987319023334,0.0069061928642758785,0.007574830642201838,0.0012618688543758784,0.006986964279729974,2.558095518066057e-05,0.0005409148450676946
neuron_2010_count,0.09971287239701501,0.11697101022933773,0.0029097335625854204,0.000808886332818639,0.0020727410634939943,0.0032034150980830844,0.0012548117674278207,0.009469411832143212,0.0010468295332131776,0.0026823807515443457
neuron_2011_count,0.11807256718758224,0.15326025350020428,0.004655815415771335,0.0018157477730337199,0.0046516765324311,0.00843193757734123,0.0022381588521726697,0.014509849247910836,0.0008982752035683814,0.005240865182404221
neuron_2012_count,0.1312790125473421,0.22479774683008413,0.001222850134337164,0.0032100889396606685,0.004986732159475947,0.00770573732689836,0.0013618442126998587,0.009851288041567235,0.0027940698918783244,0.0006206109933035268
neuron_2013_count,0.0946282330080456,0.1793613087303111,0.005520419029709928,0.0062421979966935034,0.002005961627097312,0.00930517274896786,0.001625301441821405,0.014632274333454695,0.003645890633597479,0.001344957704219999
neuron_2014_count,0.14299489960231299,0.206053499234579,0.004949684273668091,0.004089795962379128,0.003674006170926253,0.0047140203171405284,0.0011228210586796128,0.006698056546570255,0.00022301970765234262,0.004113887514132573
neuron_2015_count,0.11365279280178878,0.18296341755022605,0.006679674944592033,0.00899463258822937,0.0037925806357051936,0.004353512704392888,0.0006242722620570032,0.012694748255645247,0.002594857244454414,0.001035229073329015
neuron_2016_count,0.11746622521483674,0.23752907617294672,0.00507697729300665,0.00705307061529932,0.001872327036749423,0.0017245415219504408,0.002535673421234258,0.0034036906367644337,0.0020795172559828212,0.000737786818663988
neuron_2017_count,0.06887942627098431,0.1212452123351746,0.007036056932013729,0.007492955638657525,0.0005013256331585537,0.0035781583205924047,0.0015346073055220108,0.010618016817340967,0.0026934659330788494,0.005553446466103604
neuron_2018_count,0.09006858910052318,0.17317279880177183,0.010318127515035067,0.003992694963621382,0.003943543170038602,0.002043189194940287,0.004128038955054716,0.012044959010196948,0.0014104255384391022,0.0034353132635351336
neuron_2019_count,0.09289280249786755,0.1527184832118309,0.009006424471287883,0.005974066007140386,0.0023618295344374415,0.0013704807397317068,0.000209587110813321,0.007403040714820619,0.0026411740916774534,0.0046264280578122985
neuron_2020_count,0.12728959845507304,0.11544284482862957,0.018171689752390432,0.0052131765063542085,6.473655554611966e-05,0.0004806121561410164,0.0002717864524993466,0.012385386250050673,0.00039648221880652854,0.005312831688504258
neuron_2021_count,0.06840810597398284,0.07374149930249987,0.008758828149597858,0.002917793473936909,0.001317165852098262,0.000721161957470861,0.00013913403568489077,0.0035518523863435937,5.088127555239635e-07,0.007806460760473151
neuron_2022_count,0.15258443530712243,0.1318030977891366,0.02084961196825795,0.006311458521406799,0.00014938106465546726,0.000909393526888215,0.0008744331337418934,0.009467671937786803,0.0004785955098612427,0.010765108009651636
neuron_2023_count,0.10662398623894681,0.09530417531663588,0.010885871460547245,0.004511920546178903,0.00012883871190415026,0.00021873885705379686,0.0005830514414709963,0.0044123267144369,5.596686883114219e-05,0.004588722906966589
neuron_2024_count,0.09935326949786474,0.06993835190666337,0.0055446853298146345,0.004793632214106822,0.0003387673217702357,0.00014296473315125909,2.1107013157551193e-05,0.008754643315683139,0.001836613032157243,0.006618878931785525
neuron_2025_count,0.07621979490843797,0.05607018082495485,0.0010193964056741736,0.005242257938747913,0.00047544350625683407,4.028188769342319e-05,0.00031793257992588817,0.003244534246801309,0.0007243518678933213,0.0026134059806026955
neuron_2026_count,0.09139639609881245,0.07707634316683207,0.008195138995430049,0.0008252413367963,0.00014281674180375951,0.0014918208244488682,0.00036195809722144694,0.004565158453712095,0.00042496602784710194,0.0013486108357168083
neuron_2027_count,0.12999698556037956,0.11134522076320372,0.009607900862174487,0.002889845690378652,0.0009624332851712256,0.000563662556691609,0.00013149381102533966,0.003040564260806386,5.037065776937058e-05,0.004914673022476258
neuron_2028_count,0.16706674056491966,0.10242975997903508,0.008716934571022197,0.0021260412407618917,0.0003157340680920006,0.0011352777062112757,0.00020049159834015923,0.005660145274142402,0.00019081214711447018,0.008256670755479131
neuron_2029_count,0.13826098802134737,0.11066036358678155,0.011316443319157904,0.0008697990072190735,0.00025334279190063376,0.0004358378940743455,0.000629216113562335,0.0031761404139925703,0.0006280099489822839,0.006296206186727535
neuron_2030_count,0.2269763055805127,0.1831024714020198,0.024418923034304624,0.0012381978216507057,0.003697596250448465,0.0008071308364340848,0.0005956760950704323,0.0033456028673789356,0.00026670997750441634,0.017556367153307897
neuron_2031_count,0.049320642932136505,0.041961474073213906,0.0059346480324289075,0.0003749060163360891,0.000239871637141403,0.00010927793119304245,0.0009603400947353399,0.0010393372372001324,0.0007565622377777928,0.0018175913640997767
neuron_2032_count,0.05088948687818419,0.03998666739077357,0.0032383711889313327,0.0008948138351012134,0.0002919487468070678,9.981699907161013e-05,0.0010634889089381136,0.0009947839473068258,0.0005962641028464484,0.0009590825769205044
neuron_2033_count,0.29406314119188287,0.11065345026886689,0.012587228176429599,0.002394630155714235,0.0007657309334019591,0.003426739140759978,0.0005035116658042623,0.0040168254631982245,0.0028875962931533064,0.023150730941091976
neuron_2034_count,0.19377808243639083,0.11363565564628272,0.015085614962288149,0.0005278731076019151,0.0007060172980305687,0.002909502636593446,0.0005262166866245206,0.0031070183111420596,0.0033405439818863193,0.012953965903084563
neuron_2035_count,0.2554526019971214,0.10072126627129785,0.01646672905670646,0.0011501128152367548,0.0007559021734319972,0.0032214002915018775,0.0016689025580537559,0.006782227274185204,0.00202157485813698,0.023879047265791042
neuron_2036_count,0.32241448627962743,0.0726215467952695,0.0103806170459812,0.009054045767931812,0.000996111514877985,0.005693983033561015,0.001618800698198277,0.004518826036510867,0.0015923990794737275,0.027508171181418642
neuron_2037_count,0.16056859933558656,0.12229109979423508,0.01888423899911705,0.0023253133822299958,0.00017456941325360957,0.0010586417911684076,0.0018301201594925418,0.004244715331126719,0.0013149856616937947,0.006614742935473469
neuron_2038_count,0.10263483195530718,0.061271342807394796,0.007164441134400387,0.0008348937257722355,0.00023674949923723453,0.00032419614686751957,0.001729421500845433,0.002949465155684554,0.002483574346037507,0.006334402528995725
neuron_2039_count,0.03300019902992751,0.03226019889167624,0.004018576680422409,0.0004223397810165317,2.7454997169283884e-05,0.0011590157412210735,0.0021015437987500565,0.00015943884211512115,0.000817503395055914,0.00045109673059039613
neuron_2040_count,0.2260056190726563,0.0928893146928548,0.0139424185763692,0.0026738164197853027,0.0002326491161471541,0.0011436945488370806,0.00021017028886406025,0.00615597073594925,0.0018641342082588823,0.014349115068734583
neuron_2041_count,0.32867517236760274,0.05996225175022804,0.011552722399901988,0.010221037510881187,0.0009123164040214689,0.002809616312093876,0.00017910987384873837,0.009142978189338818,0.004231912817563237,0.03192333877755295
neuron_2042_count,0.21428341917905264,0.08142935554716618,0.010274439222226123,0.005052748320715811,0.0015475779344056827,0.0022329259426415553,9.805479545222078e-05,0.006340566095836005,0.0007222241482658787,0.01818816394663192
neuron_2043_count,0.26318743037013853,0.04925101818777325,0.015620817722281327,0.009329150442599132,0.0006426198723923915,0.002013921845092831,0.00016158281399033213,0.009313210357071,0.0029154496185822935,0.024910740716415455
neuron_2044_count,0.18101887399231978,0.09544347002417439,0.012450177431629267,0.0027281987509131522,7.722079451912087e-05,0.0012212438631978208,0.001846363318200546,0.006277739768538432,0.002938855175459415,0.011996447553905693
neuron_2045_count,0.05827303628205906,0.038353046636504975,0.006266119771631273,0.0018869715413550297,0.00019386669956256999,5.995322613588884e-05,0.0012955362629189573,0.00406324698883442,0.00028251560153840687,0.003559867048158018
neuron_2046_count,0.11904101883629559,0.1450256904508082,0.01939639984471228,0.000706963862945633,0.0005515324011682982,0.0007680282712534785,0.003803257119264679,0.005130397640100641,0.0022462594869373624,0.0040630004183924776
neuron_2047_count,0.24338160126016578,0.041491320377127563,0.007503768886193876,0.01134500288951669,0.0010395762975760094,0.002864356704158383,0.0002612964416364794,0.007437862627368841,0.0023105801570477494,0.022276188551819565
neuron_2048_count,0.14233751654423726,0.017144995375045546,0.0008093060131568793,0.0011732401009561548,0.008219515195473107,0.0018171892925790516,0.0031343934986379288,0.00010848184148932495,0.04544027610691184,0.003698834952166219
neuron_2049_count,0.11301564357788182,0.04635638784869123,0.002015499130205503,0.0009521725184311811,0.0049259834808210445,0.0012691753875365176,0.001067631556895203,0.0006914917233745155,0.004272019103375296,0.0020626568416867233
neuron_2050_count,0.1321072643478745,0.009166640080088037,0.001149376688681713,0.0005156429848424643,0.004548815911613054,0.002445560140286924,0.004123074599009131,0.0006136959945153946,0.03407887924585329,0.006431655321218914
neuron_2051_count,0.10690947964978251,0.09987504884730994,0.004201158640619346,0.000533544153220736,0.0039696208179352405,0.0011049549076013014,0.0005244584433792693,0.0035475406057719344,0.0021807808472906753,0.00038526165323591634
neuron_2052_count,0.14942595050502758,0.03734040394797691,0.0005041898819673294,0.0027343823729824163,0.018691554285642772,0.0012621554005547778,0.0019301838526409251,2.326793315296502e-06,0.04214038459631472,0.0014036729125852937
neuron_2053_count,0.14313289579136484,0.019382190144746084,0.0016863029015309894,0.0013309634618453997,0.006203701610635874,0.001052769749878852,0.0020003153076518093,0.0024797407051501963,0.015588502024299053,0.005500176366211244
neuron_2054_count,0.16060293158827912,0.0361723827349735,0.00183623334211757,0.0027118676971027676,0.017027361921871653,0.0024068705437673282,0.001888279055873604,0.00026896182106766683,0.04308431524681278,0.0031185241951641185
neuron_2055_count,0.18971181051462452,0.0679057080889646,0.0025953825805718964,0.0005946359744286034,0.005520359704551191,0.0010642702465284634,0.000513761195063505,0.005770631995910165,0.009868151237317282,0.005176028427237793
neuron_2056_count,0.19734761953679203,0.05326619339652644,0.0006900205882014015,0.0038697116529162467,0.010524009278642332,0.0003680178294685494,0.0001682461182647265,0.004282589372363511,0.026179707591954954,0.0009513719778201299
neuron_2057_count,0.1523166991975975,0.04417488954556534,0.0007274726884691808,0.0021822265265178456,0.0168927372308679,0.003021475693788675,0.001252093066534194,0.00010083569766298865,0.03677497515256145,0.00271286664879853
neuron_2058_count,0.21140765158402186,0.06874078291828986,0.00047744520901849344,0.003932091456866148,0.010485876589730547,0.00037041076913060626,2.3654738613274398e-05,0.007958373482403754,0.023067336298432398,0.002423298623937
neuron_2059_count,0.19786978354918006,0.06792878734331911,0.0005588131750145654,0.004130009412070285,0.013801529305234442,0.0007089378669275573,0.00018114307548287682,0.0030531330629400763,0.025057590950127745,0.0007224043200896035
neuron_2060_count,0.18073598776737942,0.08955251187126181,0.0011579214801369607,0.0037153141333696807,0.009582810101925604,0.0012544439264183666,9.491111050558432e-05,0.003418283543341602,0.013908004904372051,0.0010291154922135726
neuron_2061_count,0.2583909865072719,0.09445210332027915,0.005668797613980862,0.000978660694710292,0.0057134790573918764,0.010794567230875685,0.00032248434501996794,0.022877723587096555,0.018291856222663466,0.010888124125521842
neuron_2062_count,0.22699955387414728,0.12280819412473917,0.0028814052936350157,0.0005723843183016025,0.008987448613771376,0.006363712132061036,2.9239617300596282e-05,0.011178798548160743,0.010966419531702062,0.005318266129408326
neuron_2063_count,0.21443699305067976,0.11327895199220175,0.0018621211842298827,0.0007477391830900612,0.004303810570401356,0.0030727558371819036,0.00042964252103464516,0.011848177409701052,0.003324557462735578,0.003873844960748052
neuron_2064_count,0.10897298963568885,0.09545851027620228,0.002377185037365344,6.02109332978008e-05,0.002227447105795262,0.0015464189863571773,0.0005286893830551906,0.005396243793695757,6.814023008822273e-05,0.0008577544672818786
neuron_2065_count,0.10784282307229903,0.08155233829628178,0.005170504936863933,0.00010285687557078571,0.0017954038968900563,0.0014645337571978882,0.0004577634751070994,0.008322402537836393,0.0016256967409762017,0.0034958320593992953
neuron_2066_count,0.21497554218009424,0.12324242529592569,0.00392492305853101,0.00035031582261101264,0.004289829204767559,0.01038438069638098,0.00015784775757997057,0.011376622220765784,0.0072213973632428985,0.007257403314898318
neuron_2067_count,0.1903891102816605,0.14655278737767616,0.003346567342956866,4.211418318170526e-05,0.006200803938393951,0.0103295283533269,0.0007773809344128156,0.0095819584786382,0.0021100484869521763,0.004548570350253363
neuron_2068_count,0.1617084363083378,0.12302778034037332,0.004845478467459724,0.00021819495867352393,0.001348923794602129,0.005152318800316934,0.0014304107743015326,0.012934545875358264,0.0017380229279457381,0.003952300443440027
neuron_2069_count,0.12209324112873143,0.092953540373994,0.002181125692037107,0.0015169627676998691,0.009179129903339543,0.002071660411985983,0.001631295079823538,0.01371567821015883,0.0012580811515603496,0.0010244566968013154
neuron_2070_count,0.19413156524685987,0.14930638508486266,0.002143382700604282,0.0007743222024758425,0.007323522633009408,0.014830598506080345,0.0018958070992080994,0.024162419754899328,0.002410594413150516,0.007674006849943633
neuron_2071_count,0.2031907195844066,0.17553878486307456,0.004172318942771022,0.001250301836569991,0.010534321687479115,0.010430286666366556,0.0024933352042751794,0.020388582601434543,0.0016597324193465234,0.0039475390459856805
neuron_2072_count,0.18023780576793524,0.16029245527289895,0.0005716870409389514,0.0002497025939125659,0.00810608926711004,0.004730384859105735,4.765322024953382e-05,0.00731976637622668,0.0019991698611032116,0.0007704566513654053
neuron_2073_count,0.20722413271611145,0.19569721468478446,0.002915944930905724,0.0006825406710464915,0.0028532727697006613,0.009368507405545207,0.0006474359324192928,0.013270297678733237,0.00031872782710256915,0.0034043460495375086
neuron_2074_count,0.11312308162863097,0.18299697983858265,0.001479637098380164,0.0016814465676127863,0.0030831535767736895,0.011052656984100961,0.0022872446936827995,0.011221954564284237,0.0003561229891950908,0.00046505407862839493
neuron_2075_count,0.11071157432970857,0.19192220849730623,0.008515781139979098,0.0031625946659663423,0.008176430364159,0.006740751053277212,0.00412014400071007,0.015635805416421858,0.0017493236704095062,0.0012791809572433276
neuron_2076_count,0.12092047120411456,0.17033940601733133,0.007415635656078418,0.003493414804609539,0.0006296324682437161,0.005406543613571228,0.001085484948372354,0.0125876501006381,0.0012453821003464288,0.0014225156779496609
neuron_2077_count,0.09284014321259493,0.12455782961976661,0.0006973042186968481,0.00048780661726098226,0.0026742246062474023,0.0004886839628614366,0.001713474388953494,0.002769885376147266,0.0014249850613242826,0.0006167649925801159
neuron_2078_count,0.05869726684929652,0.11501363903474349,0.006684375118910561,0.002511022525953574,0.0010310082133758204,0.006063569313570764,0.0034579974587987394,0.00994430387143068,0.000733084095077198,0.004551682360714467
neuron_2079_count,0.09156819351931031,0.1840944980127177,0.004377331625158631,0.002219146919690475,0.0045568735387956985,0.003078135068607636,0.0021943054910807946,0.0065846918406349125,0.0012951635819727254,0.0007139635910660413
neuron_2080_count,0.06449214058963304,0.10859774034679426,0.0002021708253044617,0.005823369743690986,0.006592988830226354,0.0014258238269836652,0.0004894750710853178,0.00634991081170945,0.00015761352573011918,0.0007882521648500881
neuron_2081_count,0.09326409174454672,0.1567232108567551,0.008238151604648053,0.008141361438053135,0.003309329374743951,0.003391571436351791,0.002033498526075622,0.01527748310411535,0.0012114337709616153,0.004349852458824001
neuron_2082_count,0.102263086822941,0.2151376447602676,0.013439930241794143,0.008569868073728726,0.004369294901284758,0.0009652099614438497,0.003963080659944634,0.008657614882498693,0.001789949413291806,0.0019354445417644802
neuron_2083_count,0.1387103081680787,0.13717970141115604,0.015746385174929406,0.009240065814497087,0.0005929001957675033,0.0013709231765597595,0.001114024447270389,0.020761290339712607,0.0005903314676152065,0.008081766037114135
neuron_2084_count,0.11998234358400761,0.19108392017137515,0.021547303829243483,0.0034978261730554752,0.002847212694223951,0.0022558033601832415,0.004755694679662824,0.01232788329897748,0.00029279388743720224,0.006592005461680234
neuron_2085_count,0.15042646629044315,0.17608253719341582,0.020159963882753887,0.008640261936717478,0.00046024221593576886,0.0005144096175301888,2.8983683013086617e-05,0.008715352185903719,0.001296212382775469,0.009439168579887747
neuron_2086_count,0.12096462543484282,0.09425426203944079,0.011689391190887313,0.005661050437502424,0.0006627306831098363,0.0002355626593698902,0.0004408060628018377,0.006538829481035055,0.0005351508354675065,0.008216054945889173
neuron_2087_count,0.0999702391149295,0.08506125953596641,0.021887435595879204,0.008813776750167632,0.00021065403768813062,0.0003482093259038997,0.0006701873026275125,0.018589689137487278,0.0008619466931632392,0.009477279522978707
neuron_2088_count,0.14987761692372945,0.11514922041143413,0.02221812705480264,0.0029295851719853896,0.0004303917955061458,0.00014457238963101618,0.0009619231391205171,0.01301483781011245,0.0008689371307178933,0.008836021858862439
neuron_2089_count,0.1421638644062804,0.1085398253690153,0.014300999239748799,0.004129058011292756,0.0003119014024743211,0.00028345553134078924,0.0020071000846384013,0.0051419783031539865,0.0002524334393285898,0.011225531473757697
neuron_2090_count,0.13505099449342037,0.09086596591883242,0.012951276788265284,0.002834613959270371,3.480716899091716e-05,0.00026323070403879746,0.0005672159896355326,0.005218816372101739,0.0004280205969289727,0.009589735355871862
neuron_2091_count,0.21008777215331917,0.11678259502850563,0.028877108177029487,0.0006657505524534212,0.00039231073180072754,0.0025944821537387426,0.0010303570777585626,0.007959218417547168,0.0007269350411475599,0.015396263528686616
neuron_2092_count,0.22421869567814706,0.13446232897189442,0.024316888299580217,0.002720906938792074,0.000722375045546883,0.00233086019743799,0.0019134763676757482,0.0094029530765809,0.001711228197685273,0.01549547236432225
neuron_2093_count,0.08433126316262818,0.06720289500652984,0.0041282940968554865,0.0014595356568484624,0.00013496899327105185,7.389705991788387e-05,0.0006006207359516872,0.0038742864773522387,0.0018180559844661257,0.002153874489861471
neuron_2094_count,0.08026098266598386,0.07772483906325328,0.011389988151926891,0.0005925948184861141,0.00032621567705309884,0.0009038402428055356,0.0013605022359347817,0.003304218563251436,0.0006266759099838697,0.0025892560177863504
neuron_2095_count,0.13265419994475366,0.10183281419962964,0.013972413624197183,0.0018094982679650387,0.0001301931823068968,0.0003341670975756418,0.0019006271496471196,0.004649917149872541,0.0009149122797438257,0.006414301882970513
neuron_2096_count,0.04312505762219458,0.03117993549272892,0.004018738995167675,0.0007948825164696949,0.00027987338956819013,0.0003004180719751435,0.002007321783952777,0.0006010421779967662,0.0017327002494116409,0.0015481122764734769
neuron_2097_count,0.2297263008142012,0.102939026338462,0.023555685490981068,0.00043103598683802164,2.0255074609678517e-05,0.0014115572004199245,0.0001618071641704133,0.006654838630327217,0.0034337722788749603,0.018030524424614128
neuron_2098_count,0.12354476141902368,0.08894643311104364,0.016340649746320435,0.0014217837434324747,9.252244528134331e-05,0.0012642218841113773,0.005093389822132144,0.005455712874195204,0.0012874902520969393,0.0073976792228260604
neuron_2099_count,0.1813048003033016,0.10054685561628476,0.016612104796174573,0.001446110470047171,0.00021921716906174796,0.0010453860802890833,0.0007344643311595969,0.007100946686608808,0.0010178360499812616,0.015201311366848977
neuron_2100_count,0.19024526594575003,0.11650070554080258,0.024597115147705934,0.0009502939634578392,0.00042032946002370196,0.0024771930768712203,0.004672730949455979,0.008777559228352272,0.002460329789585998,0.016586063523445563
neuron_2101_count,0.21861854296095384,0.10405836120997913,0.02467227800262961,0.0011956400281311545,0.0008762692729614129,0.001698763614865706,0.0003462407961742301,0.008683845963726317,0.003564996547436668,0.01892448640707689
neuron_2102_count,0.1391848871561357,0.12171169928555409,0.013817116461167303,0.0016272220666917053,5.177168166240833e-05,0.0021337078262105673,0.005634811793315861,0.007796147238350606,0.0010560124358129017,0.005358140648005674
neuron_2103_count,0.24278260603760904,0.08488073816196828,0.014527282671253625,0.005096011329484514,0.0016851779364908843,0.0032869356325564286,0.0010423071707409276,0.006771278790894307,0.0022112085708438887,0.022655099391421685
neuron_2104_count,0.17916717380185335,0.10390571705947321,0.01726842415512153,0.0010193212002363701,0.00013669889310104905,0.0015547630491207325,0.0011369146364385713,0.007163706684708476,0.0021500815328715905,0.01242358868913905
neuron_2105_count,0.029959337984184174,0.016799842943206283,0.0057894359149120896,0.0007139744001661008,0.0003765450054110161,9.381023510196974e-05,0.0005497862157727625,0.004286421441949045,0.001955935767902782,0.003104616075445635
neuron_2106_count,0.050134951691510526,0.07417367203193903,0.01271060001995504,0.0029083307906923248,5.988592324407014e-05,0.00024255769051715823,0.0027992888665565874,0.00459324926589167,3.7014463378863636e-05,0.003427870617480823
neuron_2107_count,0.20011282231828303,0.12024818563788386,0.016701353979498054,0.000998984715217418,1.9424696509729757e-05,0.0011391783717815337,0.0030813033527368403,0.010723394113371587,0.0017101311281866663,0.013710506849058723
neuron_2108_count,0.09306237362999593,0.06573192530934865,0.01053056949092631,0.001803841763199171,0.00016313783504779214,0.0012693027591300175,0.0006105844497228969,0.00326301355305373,0.000927118123887646,0.006766734155572697
neuron_2109_count,0.1192334871701391,0.08073292741015087,0.009208625662069522,0.0011756556333254488,7.077191422274944e-05,0.0008376303278462751,0.002258440831352883,0.006123602367912491,0.0019320778944854275,0.005130504263285561
neuron_2110_count,0.16402267269773244,0.13223903756049896,0.021340038765849514,0.0011853300412159387,0.0005669555976345782,0.0027168284181578253,0.005332061430693022,0.008881643515850676,0.0006895236797022988,0.007840592359717069
neuron_2111_count,0.215163122619409,0.06880238230963198,0.02048088314301441,0.003465168347619091,9.836933957183772e-05,0.0055658482845231325,0.005404761736207721,0.009022594502482578,0.0071470279409525245,0.019825995391782633
neuron_2112_count,0.1262546447212014,0.023525040552334564,0.0008856692659119404,0.0026772057374461616,0.016107382811778648,0.0009303341965128664,0.00011761875117470566,0.0029585351717274846,0.038763780312440516,0.002028768324918495
neuron_2113_count,0.11376749453758075,0.003085206256134145,0.0016359543238308669,0.0017868442938539716,0.007031362287659382,0.0016778045725254903,0.0035131646057335875,4.16994838041609e-05,0.030514114540480808,0.0022198053436172926
neuron_2114_count,0.15488822674580532,0.00740910934775163,0.001035453540071618,0.0010428751091161505,0.0037551790630994744,0.0019778444400818038,0.0022398679670457763,0.007172583897650929,0.02183234016415471,0.009314772213269318
neuron_2115_count,0.0974604441170009,0.07768853691014735,0.004081847789260198,0.0004774204335467932,0.0013908757476060497,0.00045951953113830026,0.0005659852087749172,0.0021056006292331664,0.0032970611941611928,0.001718873663926944
neuron_2116_count,0.16147403283735318,0.007093629841383932,0.0004766127337809921,0.0014699068486181271,0.005370466494077401,0.004477117694094174,0.0028030933776593617,0.004865640939573812,0.03610453374138739,0.006613678034976672
neuron_2117_count,0.09079757865280284,0.06544268928514502,0.0035419041950927946,0.0001241075356476877,0.0033039081102737913,0.0014529867782525248,4.100069836933829e-05,0.002744246150818294,0.0010651385089930354,0.001366270593484896
neuron_2118_count,0.2313742638196809,0.04314442596821774,0.002844958158672632,0.0004699190395632963,0.005029022818610639,0.00466331813951263,0.0007675587474064299,0.012185693595063288,0.02890954354657954,0.012723094220842626
neuron_2119_count,0.19596324967047338,0.027909617216175103,0.0010519136311539778,0.0017065558984214954,0.009422244707126104,0.005381225431282936,0.0016107970436066293,0.005139444252496357,0.044022968763236525,0.0058520604988841415
neuron_2120_count,0.11948257738762005,0.05214443261205162,0.002723723509000766,0.006411938519809146,0.027617232698228855,0.0017621127850429782,0.00015667384489909814,0.0015093146250695424,0.02620275808438366,0.00011568053729514582
neuron_2121_count,0.20871146247901984,0.07570597142124721,0.004339060072069745,0.0008520536041288669,0.00530890199459768,0.0011004848943185833,0.0013994633742490555,0.007242925970794387,0.007702881506573139,0.006306286624227199
neuron_2122_count,0.18495210550822544,0.08665412913779935,0.0014989473138626239,0.001074234997267002,0.01140445688945807,0.0030788561411560222,0.0008446894142579205,0.007733227323408309,0.010686828051638411,0.002772789626966976
neuron_2123_count,0.18770114790470138,0.062274257621405676,0.0010214197542768918,0.0013512465315279332,0.016014342572171353,0.004608815724024697,0.0005483845427472836,0.005190621912903766,0.028701165470556178,0.0035715533979672615
neuron_2124_count,0.1286336874888074,0.10367799546270531,0.0031921343247513917,0.00019454087148698175,0.0011750954751982706,0.0007093021601309903,0.00017532082661003007,0.006124169644488801,0.00012311570909666596,0.0021757062669546592
neuron_2125_count,0.12696327976728938,0.09475932747386184,0.002035978443498468,9.770034879076888e-05,0.003015880860398279,0.0015692348781858254,0.00012256279755412918,0.005733283347433796,0.0005295212124003033,0.0020935875674837554
neuron_2126_count,0.17422587960571723,0.13820632635072871,0.0020180583559919543,0.0008513417773075953,0.0046873329855096485,0.0030584685687413127,0.000994354768177004,0.005311788406032407,0.001399835132371189,0.001984339132576826
neuron_2127_count,0.22087956092821098,0.08473481139192818,0.006179807566614501,1.939596232799004e-05,0.00564103722045519,0.012141511695607315,0.00011264403354931986,0.015297746708123228,0.017067622422221457,0.012609207991962412
neuron_2128_count,0.05905667122183644,0.04194487145327577,0.008286426387512993,9.563016091087076e-05,0.00030241535990411725,0.0009107627494452618,9.392155258384756e-06,0.004326122589252662,0.0007779871508410835,0.00418569125651122
neuron_2129_count,0.0578989857031511,0.05749692737503959,0.000805373811772668,0.00030743613972946814,0.00021275633817557406,5.297709654679003e-05,0.0014900198664322753,0.004362427850269185,0.0008048123822577587,0.0015325784610818738
neuron_2130_count,0.15094774686922785,0.12328044484725978,0.002384191237647066,0.00033608742767872284,0.009535507386911266,0.003944239430188526,0.0008938607257192588,0.00838706022905042,0.001792262325055919,0.0005837860532042147
neuron_2131_count,0.039198418547347805,0.038568540229069526,0.000119817889639778,0.0003456301776020073,0.0006496340329175329,0.000167716395930711,6.779106112148568e-05,0.0014624587177407243,0.001540222007795914,0.0015942452062758204
neuron_2132_count,0.17624953229260945,0.1336661963700609,0.001646182341626102,0.0010158208147059283,0.006636830077438184,0.004416678835296672,0.002979898344810078,0.011068108160552814,0.0016118685957940563,0.0021089571231214
neuron_2133_count,0.05443734436638968,0.044152435011192384,0.0003470868689988859,0.0005545253113254534,0.0004873806521842345,0.0003068184042801063,0.00019677009000000395,0.0017240487958995383,2.892600919643959e-06,0.0016846178291742408
neuron_2134_count,0.1943523106915638,0.13894731545919492,0.0030390570463279393,0.00022059151386565404,0.008808408367721204,0.004090358114231606,0.0014949383028021908,0.014953941270832147,0.0026782970664708944,0.0028186345390157977
neuron_2135_count,0.10522360585615806,0.09115238282888496,0.005637401233194832,0.0008474822798268363,0.006649304100765238,0.0009276137618686175,0.0023152806107867435,0.01644173504207974,0.000827959836095747,0.0005455429740926906
neuron_2136_count,0.16072769310746782,0.12830244221386988,0.001342757921824509,0.0024544166423596074,0.004220114916463215,0.00900363830495695,0.0017872361365220794,0.018872181855496176,0.0004936960779682257,0.004741791467331693
neuron_2137_count,0.1738123096980758,0.18316396473027752,0.004572484041114211,0.0008518207846929492,0.00701954966778523,0.014670567938934481,0.004283368779285958,0.02508135545271692,0.0009336394483661341,0.005232704844123109
neuron_2138_count,0.14973402657361304,0.17875283306643336,0.0008240150119376184,0.0015655480324398736,0.00483625920775807,0.005370555795668905,0.0016258571046889221,0.00947165685669997,0.0005935576156401168,0.0010689829201917696
neuron_2139_count,0.15101382560948373,0.19807115303452588,0.0006195166813044613,0.005107351120070269,0.003839358672757226,0.007301549549210681,0.001478110804165194,0.012145817243123344,0.0012481883373074987,0.0014721381290605622
neuron_2140_count,0.13342415026362336,0.14538868120094472,0.0009738574568743212,0.00040989367262695905,0.003618120519536451,0.003659140059308251,8.432413684806433e-05,0.00544032358252311,0.0013654221741521526,0.0006228593198706715
neuron_2141_count,0.09818150403070597,0.16205153438773412,0.00841079715848192,0.003754212888554251,0.0025111433907169523,0.006400585902888417,0.006474957698891545,0.021265614250208925,0.0007200049112193862,0.0047649407452595785
neuron_2142_count,0.024988175607875474,0.041708453795697265,0.0030965842688951556,5.395758390453376e-05,0.0001773208391959635,0.0006891370226092489,0.0014194096712968184,0.00032368879293293994,0.00026779330721135586,0.0004575118246975144
neuron_2143_count,0.13549867762838888,0.19581716470534816,0.009697270068579997,0.010516672219722592,0.0022156133607199036,0.0029987319540718538,0.004646291131804321,0.018381198401388257,0.0005329682157554433,0.003914909123313881
neuron_2144_count,0.08201785876327286,0.14171799872316052,0.004526182155895182,0.0005102964250962693,0.008795377491509479,0.0009972911484282775,0.0014459379267967795,0.011064995672377134,0.0018217258596043354,0.0005752662720444233
neuron_2145_count,0.10292133562394085,0.14217913054327957,0.00839287439552,0.006057212211035876,0.004584665024697607,0.0029094130541483312,0.004089735135682483,0.02344008000551112,0.001230120326630179,0.006862993540057739
neuron_2146_count,0.1166131840340266,0.16565192491745556,0.005309722253701271,0.00935999876026973,0.003343663486747743,0.003315712113969249,0.000987427136180715,0.013415538426608281,0.0005771913698029213,0.0035869118154190777
neuron_2147_count,0.11670097427823958,0.16542151919336484,0.003640667029660337,0.014262082921905603,0.003196515029325296,0.0026440346892432492,0.00010093451113040233,0.014173992275732225,0.002255305266380195,0.0015837404865633835
neuron_2148_count,0.06714447946861216,0.08612622002690226,0.01144847263721497,0.005257372141315185,0.0007389801597110675,0.00023415485932256307,0.0005740771628673855,0.004738920023009192,0.0006574666358412544,0.004371990209868747
neuron_2149_count,0.045895844505469366,0.05001119116966454,0.0007926482376866585,0.0023041535119744244,0.00031339178305085473,8.807191808455662e-05,0.0007813947055741281,0.0017541223177968551,0.0006609828873000469,0.0002538685028104647
neuron_2150_count,0.032661859259685455,0.05148901234207878,0.004987781269495645,0.004771491681204373,0.00012478037996206497,0.00028349939220816134,0.002790905116861697,0.008804818747320087,0.00017118785585188648,0.0005590694210727259
neuron_2151_count,0.13282901646065906,0.11262759613454792,0.014666256778391451,0.005452465110381666,0.0007438270068171847,0.0008536103874588474,0.0008380329783930687,0.010109981428899725,0.0006187444304496508,0.006323783545716548
neuron_2152_count,0.1519069483098861,0.13899422359516764,0.025491040995136216,0.005690038389941018,0.00018516042354193088,0.00108554705979866,0.000742709014082639,0.01024003356537398,0.00046167705186517076,0.009690476817268673
neuron_2153_count,0.1722777598751498,0.15443016645477373,0.0438366247161972,0.010860705554464195,0.0001795603918302198,0.0006510654013726623,0.003057423022015726,0.012834050441218395,0.003206659971966827,0.019585766111813355
neuron_2154_count,0.08875795924894173,0.08545611894756691,0.012527663207043904,0.0029353220979786987,3.497710227779935e-05,0.0009893103885029453,0.002126359886776903,0.005727439097715219,0.00012257724000090588,0.0036758771334930163
neuron_2155_count,0.11403305909084707,0.12110926075739598,0.015281099510904284,0.005849935400464107,0.000349070733706219,0.0002222437365495645,0.0004486390570290627,0.007065955289727338,0.0002656971626228879,0.008121846600119942
neuron_2156_count,0.1562219311248506,0.1046354894211548,0.013843264034514469,0.003962666285411448,0.0006658564111085251,0.00025893744389866337,0.0025080025991157454,0.011868024045909462,0.0008159080256939337,0.01068071865269779
neuron_2157_count,0.2318388322042434,0.12384700058073111,0.019320705130671426,7.979915283673651e-05,0.0006740654781804828,0.002734334988588362,0.00047291839491716506,0.0048489273644549,0.0023117714738030704,0.016795534622083344
neuron_2158_count,0.13313385005175268,0.10121709672006893,0.015197958345281648,0.0030257360056321347,0.00010836508758216594,0.0013878932881160634,0.0042443172160224335,0.007166640330399002,0.0010844058998467632,0.00792729447624374
neuron_2159_count,0.1740553952814381,0.0876102541597254,0.012862616676295527,0.0005768538669982653,0.0002586766201585662,0.002769656488220709,0.0015014865849759078,0.0053420511151887895,0.005528239824102096,0.014927132178578731
neuron_2160_count,0.17491754793248593,0.11075876708129742,0.017755114614413772,0.00047870770472796444,0.00010598309373998152,0.0018524785842851804,0.001348309819351301,0.005168091627022982,0.0021566527321353716,0.011788675578573451
neuron_2161_count,0.1480240579868337,0.07844133152096514,0.015805179944160974,0.0014738659409886182,0.00019231749769002028,0.0010054619891301658,0.0020676518008019146,0.008377135610706424,0.0034613005179161046,0.009604515821079046
neuron_2162_count,0.14704813800777966,0.09719817013324261,0.011563055832676555,0.0019588959697971857,0.000597438315776461,0.000555601541950234,0.002629065863884228,0.006310252814665802,0.0018696157431086653,0.008079851065649596
neuron_2163_count,0.2515709099806775,0.1011306605026143,0.012781946775820868,0.0009549553585718358,0.0002555405409529355,0.0022579726252873467,0.0005972913184070644,0.0071157723119043975,0.002407508471151131,0.019138673862194214
neuron_2164_count,0.13351665620276185,0.09992025565068621,0.008923921765105286,0.0016478640164471967,3.724192285601744e-05,0.00020739227264043696,0.003609516337945415,0.0052346475512946924,0.0006114323159244171,0.006418871700505112
neuron_2165_count,0.32781401952515915,0.0885833104791193,0.029050230261026766,0.003817218351592308,0.0010931674680655888,0.008715857197967192,0.0013739452476391328,0.009080631191002858,0.007774056282596441,0.03310403638497554
neuron_2166_count,0.2978633649884053,0.11040031795147526,0.05659617768433542,0.0019477200508300442,0.0004005579752635619,0.00585792358588583,0.0054744002328262625,0.013595151708334807,0.015069617739836533,0.04072810112570838
neuron_2167_count,0.3304383214261675,0.07238126021078387,0.03605214286168637,0.004991147632242031,0.0003290051243762752,0.005982840970234424,0.000953746830473402,0.007651942530790795,0.01480751371626264,0.038762048619720185
neuron_2168_count,0.06266814417427496,0.027611895975379577,0.01095227084404645,0.0004973282093505369,0.001348032145505662,0.0002965606145116039,0.0006725216965771663,0.0065564422802930344,0.004115719739513763,0.005986149887739222
neuron_2169_count,0.1554774810626443,0.10583393692944792,0.01848551064257435,0.0008679732028589737,0.00010199661687177591,0.0019585430060738776,0.0023387628387710677,0.00731877437929139,0.0011755652852382774,0.007686869747426717
neuron_2170_count,0.030861855330513187,0.040608361069892684,0.004112541696331185,0.001004185310280849,0.0008364976596658916,0.0029581736176207303,0.0003201468582687394,0.0050158896007846294,0.0003521834544629879,0.002820436464411524
neuron_2171_count,0.20294178976821314,0.11220399129410152,0.012719150830292625,0.000396694536083703,0.00010770600123476224,0.002294445004877556,0.0033838349059226933,0.011837469489059588,0.0008889837068644132,0.012389029077282593
neuron_2172_count,0.08305741867089178,0.027121402941803527,0.005876461751202246,0.0011259746499164558,0.0035733004590898093,0.00019415794832364133,0.0018332213667374697,0.012648313988249907,0.0021982124880410535,0.00969580256640384
neuron_2173_count,0.12714685489128116,0.08575509739743081,0.014750764866076613,0.000872327702045865,0.00020637909243527257,0.0015177426005432417,0.004269331084890728,0.007565846979203136,0.002557815881818115,0.007394536370644883
neuron_2174_count,0.03810845460498955,0.00452935053853209,0.003133229812854299,0.001071537954077358,0.00015128223647154892,0.0012535409533666253,0.0009992831124599599,0.0032599183092535382,0.0020000936640218268,0.0035111127025004227
neuron_2175_count,0.09465451947734471,0.0792966507293868,0.018481475967655134,0.0010112328783874573,0.0003859278929144033,0.0018915463655777495,0.004101792612921491,0.0043648544289401695,0.0013397473040615243,0.003913207163949245
neuron_2176_count,0.13295710548886197,0.004642097019269889,0.0009774020299096083,0.000962681073738085,0.0019345527005978289,0.0018574598764654268,0.0043405099536663605,0.0016096961939879653,0.03491066384450178,0.007960256474344965
neuron_2177_count,0.11102776662659991,0.09381604257879636,0.009109857674806723,0.0010595586279767287,0.003166242917006075,0.0015186107548036572,0.0004354773318273313,0.008602963550530085,0.0015724658923668526,0.001989428899913666
neuron_2178_count,0.16038953551653945,0.009897631608882573,5.575792325042579e-05,0.003250764301241278,0.0057850334826017105,0.0009435811164432047,0.0008372023863985056,0.0024618856844835293,0.025036372893924574,0.0021546126497173565
neuron_2179_count,0.0933581764776256,0.03136867396294424,0.004109732609656969,0.00016248763002640437,0.0017276486568320627,0.0015784429104090704,0.0004072643147526745,0.0049588743367626476,0.003776777470272612,0.004542879472321695
neuron_2180_count,0.17797816708435454,0.020924157960640732,0.0004542972608144735,0.0015174092780492962,0.01348712587544823,0.002712200506641109,0.0008912666400535708,0.006046763520328402,0.046865558828267484,0.006122239709212059
neuron_2181_count,0.18996631553268262,0.016245415831325244,0.003049888397976118,0.0003376062286362478,0.0023979884973205495,0.0026364628743380386,0.002822082026390317,0.011670698198969973,0.03353017626222238,0.012579178800150151
neuron_2182_count,0.16994706517442631,0.051247338478042914,0.0008850072442753917,0.004447803622767976,0.019990640635877563,0.0037494346941710985,8.511255731578817e-05,0.004500442649483828,0.031957530154910485,0.003115416998428669
neuron_2183_count,0.18343027193424427,0.030994741736311615,0.0013381193268408482,0.0005556007531952283,0.00646410698870746,0.00307282399788307,0.0007334340584125125,0.004602725382287801,0.03654365603019513,0.007993618126097668
neuron_2184_count,0.2095727372363108,0.05751252249847846,0.0032120209159758398,0.002456618140880107,0.012664096128033084,0.005790890585951655,0.0007026768155384416,0.006144309615712329,0.0331777508397437,0.005665991828914724
neuron_2185_count,0.24781176981835362,0.05058620753069529,0.0033524859773262153,0.0018832195683705262,0.008938218040991833,0.0030554968310044714,0.00030787266819139007,0.014011287156085517,0.02835520088629505,0.009292862807137967
neuron_2186_count,0.2512795273063327,0.07146201408272898,0.004636125855105658,0.0006186654272007652,0.00627110235035748,0.0021637520669103225,0.00058322794749361,0.01740482093727394,0.0212354594731249,0.00656890169983157
neuron_2187_count,0.17950432418900278,0.08466217197906598,0.004376947203871481,0.0006545336535189808,0.006704964893054305,0.0036591965795485445,0.00013412345992770214,0.010702993391057014,0.0062727877063519025,0.005508269616834108
neuron_2188_count,0.23043751375879634,0.10757458831954336,0.0035715994596079645,0.002014306947318384,0.01562897939054103,0.010210387486905212,0.00022457001916280014,0.013507473059808123,0.01885927444047543,0.006096171075349682
neuron_2189_count,0.17680056526421065,0.08906684687512789,0.00555786842250236,0.0005516845994648131,0.004714710661553864,0.005387844408928165,0.0007787961819026475,0.014053556387164379,0.004012887715420962,0.005916897330650844
neuron_2190_count,0.12599268219273557,0.0756571761789877,0.006302210727885629,0.00021906574077451774,0.00092963117556168,0.004593449198750939,9.370446218548694e-05,0.011332949527639982,0.0019620123330610327,0.004666513751890464
neuron_2191_count,0.15265755310761067,0.09900309441873978,0.0017699355583914375,2.0195639133750026e-05,0.0033795906074671755,0.004536688486306985,0.0011260143674142152,0.012101962151203155,0.0005031426111009902,0.003772870065088106
neuron_2192_count,0.15849165599491524,0.11272826438826566,0.0019134410230183738,0.00037021227293038486,0.0010334790768650633,0.005354804892994058,0.0014043519548850546,0.01057017159281981,0.0007078304038537538,0.0031651215986908815
neuron_2193_count,0.21459191734308342,0.1245672038822544,0.004225100133430783,0.0005705490589513612,0.006226101991689131,0.004709156845611788,0.0007192457482601174,0.01703058317211248,0.004193557123703673,0.004500770459978633
neuron_2194_count,0.059173501129564404,0.06201512949936078,0.0026590783754163946,6.866464680028474e-05,0.00041858777987715916,0.0010729081903804866,0.0020343495694168726,0.007736525229462228,0.00135906149447617,0.0013964715885075186
neuron_2195_count,0.23576859298505853,0.1373554747001847,0.0030757715302417235,0.0004583388437394871,0.007913825879020578,0.007911381718574265,0.001491716056607719,0.01735608543616493,0.005199695821018847,0.003972197960961502
neuron_2196_count,0.238010891536371,0.12189709011057007,0.006829707622317632,0.0003076871762409507,0.005718647539494796,0.005657198558299922,0.00023524042370008137,0.02379345147679439,0.010542440669659564,0.008333300079889847
neuron_2197_count,0.024573480020820552,0.0503211450060827,0.0012721824993260774,0.0018042512157330193,0.00039688024910336343,0.0003825651244692093,0.000497111235684989,0.004471294571886919,0.002375596040400799,0.0017621438210293373
neuron_2198_count,0.221933706300514,0.16516236746568413,0.004946758073744978,0.0002920865017980532,0.007510731520667169,0.012656681702153214,0.0016419959154381492,0.029180585787555224,0.0022286136268718088,0.004991187001248107
neuron_2199_count,0.08998061337847693,0.07268296142784277,0.0021040165986185196,7.596445004833495e-05,0.0011451150468362106,0.0018525996489463098,0.0021815240354526033,0.010773536880734964,0.002497593109237403,0.0016196497640725786
neuron_2200_count,0.1897363567707938,0.12521960615801167,0.004429063667728786,0.0027038369998128864,0.0011342433864059004,0.008733473947950751,0.0001357603023447989,0.02400173529166512,0.0004804668520895436,0.011540741867076931
neuron_2201_count,0.18533208912167654,0.1737838740827728,0.002454675937324617,0.002426598658871071,0.006037015461923423,0.014999344891525379,0.0036063807104535633,0.030311677130770154,0.001923323759957983,0.00860290164610597
neuron_2202_count,0.14872256080968413,0.17276455361849352,0.005245464330379097,0.0006521459682120138,0.009632832463712146,0.014517688624932967,0.009166103205061532,0.036501386462273494,0.00018649107902000538,0.008432020149013397
neuron_2203_count,0.021145070815207768,0.05089552843575007,0.001105282547995207,0.002422976310112927,0.00016352038329669279,0.0011964423991594666,0.000768975117177662,0.0024674422316819863,0.004162450936524321,0.0008843682886802012
neuron_2204_count,0.11511623595929041,0.15475685889564839,0.01149169372398598,0.0035072039234497615,0.0051093683283995606,0.002830382621878756,0.007307665602151528,0.02406513090157414,0.0005907799886580752,0.0055666314698703465
neuron_2205_count,0.11875034078728397,0.16188206008595124,0.019831292134727813,0.003414554587666374,0.003984099799640373,0.00519750112110149,0.011217894189670535,0.03035798563566469,0.0017740762701216918,0.01187915751062954
neuron_2206_count,0.06878342076232064,0.07898653427954508,0.006401835617302135,0.0027054828011990675,0.0012067091849851629,0.002431450350135568,0.00569445841046471,0.02238450030763356,0.0012044601976591296,0.005075846809726822
neuron_2207_count,0.0886019617010439,0.1496184930598794,0.012564560193235735,0.0062605848775012796,0.0014970923965897352,0.005067152387229282,0.007871028650218118,0.019057982767697337,0.0016638380976344395,0.008903665787609122
neuron_2208_count,0.10511199921038192,0.12076511942586399,0.0069779774103980105,0.0045063113916863975,0.0004582598578968429,0.002285104896889642,0.00683141920495247,0.017579097194605556,0.0013736123242951877,0.004438639080261299
neuron_2209_count,0.10606251723209159,0.19707947020829414,0.013554765989368764,0.011311968488165666,0.0029214023315366003,0.004378134224829008,0.0013730829380936595,0.00921825718004822,0.0012294485321022487,0.0012919729526147186
neuron_2210_count,0.056240956297633954,0.0816112304928609,0.0009286671116666562,0.0024672068891781265,0.0006926443744662836,0.0017492098707747664,0.004150242484644365,0.0034301862041222764,0.0006878726934944467,0.000784300664460268
neuron_2211_count,0.1136641901888055,0.164812840878822,0.01764788944163352,0.007712654762127263,0.0018046473375627967,0.001214087072099513,0.001955459927384849,0.019897667096692412,0.0004785895407212141,0.0062877065924504955
neuron_2212_count,0.028569800450156658,0.026640521997761374,0.00012000785222329204,0.001014669800386574,0.000723312390094915,0.000879131164198849,2.565099097888939e-05,0.0012510050439264783,0.0010591757139428726,0.0008259742682695283
neuron_2213_count,0.08669428689530873,0.1718820365851294,0.02244330657779965,0.012678862679670805,0.0022405385517150975,0.0034202972528311337,0.004008212257357029,0.02560755716390134,0.0008887376546368939,0.005340594514204752
neuron_2214_count,0.1252572267235165,0.12211310102318804,0.01474948535838419,0.005372094818711447,0.0013906703359489146,0.0005187527210967682,0.0016667647985288692,0.013634156940173073,0.0021807130617673906,0.003708802343180259
neuron_2215_count,0.15763074524912854,0.1705179874497154,0.028089111042251147,0.007484156829398736,0.0005180482437102465,0.0012751003220679187,0.00033175690396528186,0.01044272797901484,0.00015342713768275087,0.012208360882541902
neuron_2216_count,0.14766648057750867,0.13409667094669253,0.028550525320429898,0.004580217658939047,0.0004118632988978077,0.0005401390966330907,0.000757085186442491,0.010059499186214002,0.00041458196659579366,0.015456964379335594
neuron_2217_count,0.14459700352428426,0.12253778131064838,0.032931267063656955,0.003727107953797777,0.0001867722314695952,0.0011565606565460233,0.0029013782526414386,0.009780902789982782,0.0014772275587519278,0.012690883644326426
neuron_2218_count,0.2016685419229043,0.13468129962618836,0.03583689061145398,0.0026373979921747726,0.0003748579497001997,0.0026982336520300146,0.0013812485778374982,0.01238387946704965,0.0036220253008524272,0.02088534744949183
neuron_2219_count,0.13187200964353157,0.09906021796539416,0.013316506797517863,0.005890878212295517,8.346362853888303e-05,0.0005768710417014405,0.00026010969562159994,0.010025577197837435,0.00021837685405222407,0.008962612490055533
neuron_2220_count,0.2505093129649185,0.1428198607137851,0.04407870636606481,0.0012000696868084727,0.0004066535749177036,0.005060615817394629,0.0030654376920966897,0.009992277794121984,0.005608927813854109,0.024052800362186808
neuron_2221_count,0.21302926010802353,0.1114874604412043,0.03165027562198436,0.0002820149275238734,0.0006315637216958818,0.004724003821863422,0.0012991724270714246,0.007514577677828295,0.005337466871228304,0.01992001002632056
neuron_2222_count,0.2614383746159114,0.17298320466964157,0.050578761730632915,0.0015953685308756523,0.0015385025422433377,0.002564179003148759,0.0013198264507208284,0.0074349370833631245,0.005305955519983932,0.021749292287169292
neuron_2223_count,0.2185417126424552,0.0917194768001576,0.019825791373795643,0.0008696587431649902,0.000139612922808844,0.003509139885449375,0.0009182760515274897,0.006975762683374083,0.005315146027397091,0.018219448346593947
neuron_2224_count,0.1835829031778261,0.09381829009395734,0.017090387539611715,0.0005046650578220795,0.00023241115931901465,0.0031349586428643245,0.001476844753870457,0.005912442760109535,0.004380248736502626,0.014183009680652087
neuron_2225_count,0.17128963123161844,0.10346747771988024,0.02410119919673842,0.0019521006037679992,9.897375664610593e-05,0.00194292853541388,0.005396021117903063,0.011613557692023171,0.0015861326917520555,0.013698191000617185
neuron_2226_count,0.17186788455908977,0.10818497039697475,0.03175559402887415,0.0008386202156554952,1.3840275489518123e-05,0.0030418968735580615,0.0065138870061958315,0.00979711421396065,0.0035935967583447387,0.01455369035573123
neuron_2227_count,0.12675646402444257,0.08204200974451634,0.008098536178156417,0.0020588728503298237,4.6628928441564896e-05,0.0007534961507418498,0.0026580975312119406,0.004395423723820437,0.002069862142292353,0.005095277217003716
neuron_2228_count,0.10392513195942968,0.0659489967530151,0.010021760335616012,0.0009347445658783576,6.609248569171885e-05,0.0010923276219074254,0.0009571882423999416,0.0030702139119756673,0.002019017079778647,0.004720558027178308
neuron_2229_count,0.14683044199122497,0.10536684511834796,0.018072422329172028,0.0007330324350942503,4.193828694949633e-05,0.0013251117753208357,0.0016499815111555988,0.006830849529091937,0.000480616531415721,0.010578376152185945
neuron_2230_count,0.15516480215595435,0.11469836081921078,0.018043166911865458,0.002021416228216475,0.00022234476659646965,0.0017359090457969607,0.0021611751133551946,0.005843478693294164,0.0013600532218666864,0.007519917035556364
neuron_2231_count,0.12331632744574234,0.09137963288543755,0.015456624491574311,0.001815052166864159,9.715074046886662e-05,0.0004916233763534467,0.0030794434456965225,0.008596901339215021,0.0005561156111903512,0.007414346320588357
neuron_2232_count,0.20317230136351383,0.08332604486663409,0.029447449319211255,0.0011567288304711772,0.00043907930121748345,0.005548367957242464,0.0046185124420976345,0.008246061035276336,0.006865120750480173,0.025799949021580088
neuron_2233_count,0.08545167639758426,0.06869640958687268,0.009026262269940404,0.00047632708232922885,8.273539404145356e-05,0.0006293483148362578,0.0021931034838564324,0.0034348619525627552,0.0008101076901996162,0.003315448867784572
neuron_2234_count,0.17680495421044556,0.11446732122673023,0.021527037361035548,0.00074052093466042,0.000506071624551878,0.0021067257381700635,0.002668159512374542,0.010116423662129406,0.001068360059947513,0.009457960775793847
neuron_2235_count,0.08997204355846082,0.07266436384247227,0.007846177218862008,0.0015143213389434314,0.0001790149690713283,0.0011425231021985963,0.0038741877574316325,0.003939693887990099,0.0005200542620593307,0.0024789218481334127
neuron_2236_count,0.09969042215853832,0.08939980669229053,0.011407760153645419,0.002199179894154392,0.0002762086591221751,0.0009984715923535559,0.0038827671176667397,0.004864772943371787,0.001411969100216591,0.003487257547829952
neuron_2237_count,0.24242099225224412,0.08863144365349998,0.02205419609319817,0.002469715530528202,0.000512659035288951,0.006093173360182461,0.005580931664056203,0.008949468320750359,0.009479943107925312,0.023449879568001694
neuron_2238_count,0.1366353271900229,0.13900629957103175,0.016061766297608124,0.0013561215642801522,3.8255758828168764e-05,0.0022695095334186108,0.00832793001067468,0.011391916554775297,0.0006961539529778153,0.0053820126949063254
neuron_2239_count,0.04780969038295099,0.030466828323707288,0.0040928592758598375,0.0002762527753570245,4.2065617205635326e-05,0.0001776054257138504,0.0001572036800126758,0.005820227195637868,0.0004909192701993345,0.003518495466976364
neuron_2240_count,0.14181015293724245,0.024589827337816533,0.0005143697509782594,0.0013484834738469332,0.008259807697051869,0.0023179941597817957,0.0023386733648835534,0.0009455878211367778,0.03468021174292493,0.0029436795781821526
neuron_2241_count,0.11839302019923421,0.07981973642422108,0.0044333942800281675,0.0003904171059450215,0.006929526833513763,0.003355169280220203,0.0006629064537257076,0.0072714718840995105,0.003445968592751444,0.0028560420525719846
neuron_2242_count,0.1745721100263932,0.04063997370021555,0.0021833852956270675,0.0018085418911882138,0.01624085220448282,0.0037523387221499727,1.8682775284627196e-05,0.010999796018512795,0.032312048625792456,0.00469708639649629
neuron_2243_count,0.2004520127298604,0.01434186962498743,0.0029304910656232086,0.0005603811765659168,0.005940897203417499,0.0019682437289267225,0.0013017757222800429,0.017106588614258803,0.029761725339094963,0.011207048779648732
neuron_2244_count,0.16035773862104807,0.007866794080652481,0.003030947132473996,0.0004233533139739315,0.0024446748602945448,0.0036639230834584965,0.0043470324137866445,0.006341090300231861,0.03906801048799263,0.011932811093195564
neuron_2245_count,0.1923254902724448,0.06075412149517187,0.0030734701022226626,0.0007765110565347531,0.003170161515708189,0.002383822731351376,7.446955340005123e-05,0.013985273479818705,0.006384291673338385,0.006222854968082239
neuron_2246_count,0.15259183807620208,0.027415339786350357,0.0006749050062825057,0.006788260957790407,0.01504627363376497,0.004117727822085505,0.00021786788769085318,0.01136339925321958,0.032844863312268296,0.0033494684155496793
neuron_2247_count,0.22982360014948972,0.06008357096809805,0.0038551475613075245,0.0021795086808175587,0.006070001199726872,0.0007567065048543556,0.00020576854454658865,0.016044587208723343,0.01995602647684354,0.00665810680276939
neuron_2248_count,0.24838681111153216,0.05322243699113555,0.009514412638816194,0.0004003168727776075,0.003203890171865613,0.004266396472774964,0.0007539600089216756,0.023098420304531214,0.02202443600591736,0.014726827402515477
neuron_2249_count,0.23662522580867648,0.042225179103223875,0.007433554572770687,0.0014250977284358812,0.008239147769846716,0.005265585736594587,0.0005308746558733389,0.019834714637891437,0.02791805946734245,0.01170288920674678
neuron_2250_count,0.11165995781505901,0.059463951797471215,0.0057434200114057435,0.0006326160954311568,0.004143282260490037,0.003606201329024422,0.0004212513165959275,0.011082265065885256,0.0027244491490280745,0.005374276457318541
neuron_2251_count,0.18863889900870295,0.04767968152269758,0.0024523255631631324,0.0027220241102124815,0.01245685065049476,0.008792826420892269,0.0003420355348009718,0.013198702660522005,0.027094930325447825,0.00929820807715169
neuron_2252_count,0.19239398853552692,0.06852279048242135,0.001663797185645289,0.00224009520627802,0.017177264239618642,0.008706572100205562,2.2314648498601014e-05,0.005583502149295885,0.029656251751020324,0.005630763831576235
neuron_2253_count,0.03281807345728702,0.03394422979102259,0.001510698006169875,0.0004151725402443407,0.001090502549666507,0.00021627134553924184,0.000816913401147314,0.002163739975369526,0.0015636146943276974,0.000997408822724239
neuron_2254_count,0.26095002564477204,0.11521804555550022,0.004897476390665692,0.002177398530075765,0.0068766596629261795,0.0047885688022540895,0.0006347522824925282,0.02731069609993053,0.009101669216359895,0.005958564577063397
neuron_2255_count,0.2249637235797896,0.10904605775862392,0.0031799170758175094,0.0012707054974947021,0.006352191845071964,0.0065024556234817565,0.0003824589375888022,0.01914980736750517,0.004521596739271119,0.00645204356330225
neuron_2256_count,0.20167449600358453,0.1604784917719534,0.008065271347576966,7.545852509082112e-05,0.013627315041567792,0.017870921905709714,0.0018231240172340776,0.020181628024085047,0.0033660743920081934,0.007922471770421616
neuron_2257_count,0.0579596582434348,0.06298281448247825,0.001857241005837236,0.00021213622727401724,0.001319061923733128,0.00032012918957441405,0.0010591465429928629,0.0035299162399162892,0.002859661983180793,0.000984284026887337
neuron_2258_count,0.24749025158064544,0.1276830145558729,0.007921206642312079,0.0024457371453414714,0.015040410907717572,0.01383888352750512,0.0023007377637256216,0.035386940897288804,0.007963176311706455,0.007564493581233289
neuron_2259_count,0.26568750432616395,0.12307555628606029,0.0030224722726700654,0.0008230478132081505,0.00576018590977026,0.013038939403720876,0.0016933342097803991,0.02992988096616614,0.010379215399961464,0.008823627629721373
neuron_2260_count,0.21782678767465902,0.11213680737618184,0.009662084692360254,0.0002813137506638627,0.007642527900040552,0.014176852790938776,0.0020296256376525837,0.03559528575563281,0.003541122316858533,0.014403180010531952
neuron_2261_count,0.22409546577362152,0.1417157069785575,0.005350115568115932,0.0006765470040881322,0.0026063686648972392,0.008443884168130383,0.002513609156405354,0.02375475715547705,0.002097165883576297,0.005781034320633288
neuron_2262_count,0.20028842812059924,0.1412038582069215,0.004949943838463158,0.0006444403135904934,0.004265105386929029,0.01840836949185387,0.0013889001012583682,0.03803694863666618,0.0011375579193431476,0.009468467378121445
neuron_2263_count,0.16094070364384877,0.12242350648808642,0.00409729221866012,0.0001547893569707453,0.008037167636606599,0.010264225401194302,0.0047690066747098706,0.0292918245377764,0.0029041593461097345,0.007029542417510207
neuron_2264_count,0.09311128570444605,0.09153185230136329,6.30621451790667e-05,0.002426551603207573,0.0020610205475976966,0.003645205124198171,8.285948231544842e-05,0.004905957148819008,0.0013866362317175745,0.0008961376115127727
neuron_2265_count,0.1387423447614612,0.18125613228908682,0.005403822520867171,0.0035024989010563543,0.0037403493538600424,0.010321374482788623,0.0047291655295644275,0.025437542619558537,0.0002541593302028515,0.0032573614962310496
neuron_2266_count,0.13467072789947546,0.11792618258478552,0.00961036679702705,0.0002386179140626693,0.0028254250402777806,0.0075370847851021355,0.007462865055412549,0.025555139593540915,0.0008802714989485511,0.013008506574242476
neuron_2267_count,0.14096547366877632,0.12687292836748093,0.01010680641182135,0.0014786104103645357,0.003580198423540508,0.014136138744762106,0.007322196844218712,0.04695541502591563,0.0012357687035778747,0.012442177750227629
neuron_2268_count,0.154241479714431,0.1414862216917008,0.0058060592715281426,0.004590673039459585,0.00021154302577245515,0.005412805785763468,0.002147870121435781,0.02265755502733212,0.0013369985481402266,0.007142931290385887
neuron_2269_count,0.10820821333229935,0.14829222392201724,0.013222669423664055,0.0011389473525322234,0.002659410239106881,0.005876847117243435,0.016041427280273954,0.03562122936974202,0.00042737336845752837,0.00882703119940785
neuron_2270_count,0.10548169139962021,0.11224170437335357,0.009554130701043412,0.0024724436894116505,0.0015449645548869656,0.003187147256134948,0.0026890799490418976,0.024273239295948157,0.00019848116379894698,0.004276745388582179
neuron_2271_count,0.10655004337664914,0.17165682836382434,0.013078870469330553,0.0061882069251615185,0.0052939592878141,0.005015131429026029,0.012098986823516636,0.03007315422380738,0.0010361130648393433,0.004542085528180938
neuron_2272_count,0.11241888989637924,0.1439244234681505,0.00943843577586495,0.006256601073109651,0.0004612714706239973,0.003243029650859132,0.002876358168072482,0.01601165333822349,0.001691110823145759,0.005313576648653895
neuron_2273_count,0.10974239246923298,0.13274328207108654,0.005780556548983323,0.0027278755745202485,0.00037087602770342204,0.001738981449715453,0.002765831285276077,0.011038846831622803,5.653974481774392e-05,0.0015681778169071778
neuron_2274_count,0.08527068850782343,0.11699744126360168,0.012769792773075897,0.005966913418808492,3.468494721919034e-05,0.0014139110832730555,0.0010160800211909266,0.014566106938170925,0.0021517664859080528,0.005048509724559662
neuron_2275_count,0.008895856278163956,0.03265885391298638,0.001241693237647484,0.001667032240359136,0.001299101619128001,0.00035814767865268923,0.003396866663214043,0.0022872347462018624,0.002065127728916349,0.0005289748591306761
neuron_2276_count,0.07302754759034594,0.09712441792969403,0.00033053238165628787,0.00425568599034639,0.0018056122288909147,0.002736572606307365,0.0014867703978222284,0.006048223493951066,0.0003230514737179273,0.00046597531643984176
neuron_2277_count,0.13381069762469153,0.11881857062052753,0.013866764597467357,0.004061474427496617,8.746780663683711e-05,0.00032764604115102835,0.003586086142001968,0.010945423658112588,0.0005983226630163286,0.007553838401883131
neuron_2278_count,0.16874097112016415,0.1695426941804786,0.02166457795444031,0.008678485634815478,0.00021478324046913383,0.000233221074560507,0.0021635449566912365,0.010854462111268934,0.0009924051755336068,0.010806571036675108
neuron_2279_count,0.13618920422511455,0.11797578041274984,0.014602348633184742,0.007040177750299997,0.00025655090199910857,0.0008855586876505457,0.0055224587869673325,0.011825468337076692,0.0004357710831102875,0.007223839766949944
neuron_2280_count,0.19236264028650046,0.18764385399528927,0.04010588973559476,0.008884259369490832,0.0010810822993544446,0.0008760742982035236,0.003310547414760334,0.01617969065986055,0.001315592102169652,0.019025537885299315
neuron_2281_count,0.1471079735640369,0.12113836251479407,0.019085087157421507,0.0024224444958742195,0.00033686068597859904,0.0014107420755344346,0.003046806677902948,0.006322742365944337,0.002318390115526158,0.012776463198358817
neuron_2282_count,0.09409151216339992,0.07851451829230374,0.005910458916749531,0.003949765076171133,5.846494167333592e-05,0.0009842972511025592,0.0019089228670467612,0.007731042754863415,0.0007111985184873847,0.0075232568184065915
neuron_2283_count,0.043107142942865086,0.01830733074802942,0.006707703689799945,0.000663784955723291,0.00013799607575606249,0.002291545707457633,0.0012773656921398306,0.0032472650973803738,0.0013450053581091775,0.0025903551642876693
neuron_2284_count,0.1810693316813735,0.13331139923536117,0.02587824322572002,0.004067208694023765,0.0004819174668935517,0.0015607389935415258,0.0018176775280273373,0.007998619715422678,0.003087517709903162,0.011860034468058056
neuron_2285_count,0.17746105801134798,0.1168966973083447,0.022030461746065877,0.002123452619731979,7.613548208473212e-05,0.0009613939972694004,0.0019727437226525063,0.007676094554342899,0.0023373382626184075,0.013572656185110388
neuron_2286_count,0.23308228635335948,0.13081977506917775,0.0326505620814148,0.0015529207962301037,0.00036365358256016354,0.0032389122285423413,0.001264099815380653,0.005909859785091842,0.0026676315754100323,0.018874494295103933
neuron_2287_count,0.1560205661990245,0.0989730383562833,0.025462407004179982,0.0008697004832979825,0.0001118026807376063,0.0018702426848764345,0.004829916595044614,0.008396450223987106,0.0038419874221116007,0.014377131869795098
neuron_2288_count,0.04802568896040398,0.031710879682878536,1.8783140440773892e-06,0.00026629605078068094,0.0003039456735129185,0.00022026841047309044,0.0033029265773101,0.0034047592865477337,0.0006214475433890653,0.0011476249138020183
neuron_2289_count,0.09672390934994199,0.0918078484901238,0.006092207676397232,0.0011717692242701576,0.00016102060528407243,0.00027474790384222555,0.0039592264803066865,0.0037650931923505007,0.0006656170679092566,0.0023285121510046095
neuron_2290_count,0.057630844572631165,0.06516455714866837,0.002775530133839497,0.0005992771007176032,0.00026282422664582325,0.0003206688118901164,0.006411059402558872,0.0038545283971069128,7.090512466298871e-05,0.0008838236598503
neuron_2291_count,0.19210112805953616,0.09850379347354021,0.0243994372259181,0.0012307536365960964,1.468949485932471e-06,0.002430391125048611,0.002782706383347232,0.00987661622407597,0.0040560993627820376,0.015877465654450543
neuron_2292_count,0.11315958804348394,0.07048644547300997,0.007068091607274951,0.0009686319257369257,4.821028897654053e-05,0.00044230891720459936,0.0026019714625529627,0.005319993039351913,0.0019664547911780947,0.0048955043148785765
neuron_2293_count,0.2700878316595919,0.07314364263951853,0.030603027688085566,0.002129078335959725,0.0008553983267523893,0.0067136984324595375,0.0027599030699890226,0.010727455627258145,0.01027839082181825,0.02849131473664958
neuron_2294_count,0.32532934685322606,0.10193729611543934,0.05176763199998369,0.0013629630393953967,0.00046520037658539723,0.005266239665785329,0.005845885659832496,0.013928398563109526,0.018991466954520836,0.04402180022691157
neuron_2295_count,0.12194904785994856,0.10671038532803648,0.018273585267253145,0.0018687201922950487,8.992275410897176e-05,0.0009227943121742042,0.006160293906337988,0.007139264188276498,0.0022247928388704034,0.005906020337818188
neuron_2296_count,0.17985237554528433,0.12852452291200123,0.020691397976807413,0.0004065965739227708,2.7984664759769795e-05,0.00215841939130269,0.004950616987232696,0.009933758510752608,0.0010682223269165804,0.010419402444482403
neuron_2297_count,0.20673762373634963,0.12705456793746583,0.02286121046554508,0.0007265863533897094,0.00030957542103437173,0.002308537873357955,0.005616955783128236,0.009547039246321942,0.00305697819771953,0.0112411409133968
neuron_2298_count,0.03908245669794566,0.018448129262807533,0.005768754655976101,0.0015579037487319057,0.0024062976512699667,0.0009438717050842295,0.0013733138457753674,0.010719767077833307,0.003210800712452576,0.0026759513498489755
neuron_2299_count,0.25612508048677973,0.0769570668060065,0.021222215804814912,0.0015155008120656122,0.0001893165596523437,0.006000961959014048,0.005822277511746965,0.011508198726861693,0.008322287413977517,0.02823354684556177
neuron_2300_count,0.10515581701993529,0.09548656142669792,0.014725347359951915,0.0016463506238010711,1.3759755260775702e-05,0.001761811225644224,0.006699136159022165,0.005631021318039255,0.0009922733364891962,0.005616509497690041
neuron_2301_count,0.2379672266636409,0.05661420759234319,0.021079664979176543,0.004746020945681037,0.00047513094791244975,0.005980053698659733,0.003693075819836973,0.008805278930206918,0.012243222264674697,0.024849537144612438
neuron_2302_count,0.029729221452096513,0.03959710844743189,0.002197119284660369,0.0027870545969019313,0.00018702978353661148,0.0007710552984708068,0.0007170416027356442,0.0015476633767639927,0.00032110832193272057,0.0006141818572400528
neuron_2303_count,0.24249862515581133,0.08596738195057399,0.027976879808535887,0.0022806133163085426,0.0003518684960252677,0.005233935413255321,0.006616664677938491,0.011398685222690899,0.007039502770134598,0.022950487143795606
neuron_2304_count,0.1512970412533126,0.041626724658748865,0.0009492320327285919,0.0018506477523753534,0.014579614406484698,0.004081059910864597,0.00032468572864924154,0.004308562971650373,0.02960065432253134,0.000692357234621653
neuron_2305_count,0.1151786690062983,0.003351733308758424,0.0015382820453469538,0.0006215496917217952,0.001954953638998183,0.0013607013979911719,0.00286612776284053,0.005606291694985076,0.013556227904401738,0.0075812627578018335
neuron_2306_count,0.18374147226884952,0.0070597841161901195,0.003930970812090026,0.00025676591702028127,0.003271030471698161,0.0020267604324680673,0.003085076377236866,0.009569112479881,0.042929904775434374,0.016799996604513964
neuron_2307_count,0.19576256654603483,0.015637253190552883,0.00387509698355773,0.0002676182343804264,0.004875967856258337,0.001519460445617772,0.001373085547858529,0.014509738204062372,0.03730237075158693,0.010179018140105675
neuron_2308_count,0.1548928753985956,0.020745541517968966,0.005349302548528036,0.0005850031910522892,0.005250836369091967,0.0037963657630061334,9.824988227940222e-05,0.020283198099272107,0.027799626607694,0.011717095414127188
neuron_2309_count,0.10279006997088547,0.05146964651719338,0.0052523070307891676,3.400627930316225e-05,0.0012055771542377296,0.002484803907354196,0.0002080823337719806,0.0075477818903665755,0.001707335474285806,0.0037130817493039522
neuron_2310_count,0.1990582787401448,0.031208130311508875,0.004558251693968229,0.0015986514503109027,0.0063842545482764995,0.00516647517440922,0.0017196887512412537,0.00823090952508037,0.041858031525014244,0.015047960976436264
neuron_2311_count,0.19985763897431771,0.03347129806813037,0.007746179176811627,0.0005409345759616775,0.003337711015687715,0.00825124127961785,1.8890228022243587e-05,0.019992138859210015,0.022936440243171707,0.014703096215948994
neuron_2312_count,0.23526586626179902,0.04732046100425616,0.010919063244828345,0.00031853304193268234,0.004726931125445991,0.005852426615671612,0.0007959783089865891,0.02348183344077827,0.026617053249749528,0.018055156612399578
neuron_2313_count,0.16271511324514334,0.06963239056128276,0.006256779532801043,5.941187311616844e-05,0.003033175751872938,0.0041352081796193485,0.0010469448403734264,0.014122372503404979,0.004299850548195129,0.006567591271844871
neuron_2314_count,0.2415482267947505,0.04760337030607009,0.011670602221771131,0.0009291247240145965,0.0035128564463846046,0.009922820580796243,0.0005819483526460383,0.02876716187182811,0.02353578573609949,0.019065750730142994
neuron_2315_count,0.16308287032303367,0.06514941967525212,0.0052795446289379405,0.00029113039151457273,0.0028221635112534588,0.005828319042042736,0.0005192944237022764,0.016175926131944823,0.004113567273907642,0.00875144174776439
neuron_2316_count,0.22517969978000854,0.09837135913544467,0.004554391553239362,0.0004834360245417769,0.0019532719113231622,0.006220587808224744,0.0002750564211962906,0.01726267379597586,0.0030120561165683235,0.008352932953029954
neuron_2317_count,0.17177813333151176,0.06588809747282051,0.01027490080428213,0.00030998165688081013,0.0005113845993640464,0.0035078874411090255,7.18721281312935e-05,0.019432212941752597,0.002573956315042078,0.009722400285312585
neuron_2318_count,0.07293534117781651,0.034083910046875054,0.007705167907003353,0.00016398383908135684,1.1995428682316312e-05,0.0016516016189380284,0.0011194185164215935,0.013731961951030228,0.002740523361717574,0.003288154351431271
neuron_2319_count,0.15559861477705358,0.08018367305388191,0.0060984128515919125,0.00047037682550600535,0.0019193247169295297,0.005398093866865301,0.0014877905755446875,0.01936530665356323,0.00182984888934579,0.00536365357953885
neuron_2320_count,0.09596907287006023,0.046893843476086744,0.0048317709963639766,7.440650117545092e-05,0.0005477123225184274,0.0005575274354824352,0.00032369397400778405,0.012012195605817996,0.0016879532692411579,0.0027578850323949035
neuron_2321_count,0.16285763784715845,0.0667286764067436,0.005272996262563535,0.0015924182733985538,0.0015638300828977707,0.003911785693967988,0.00014510706809216407,0.015443564543818025,0.00342098673377388,0.007089508693648591
neuron_2322_count,0.21707134986138435,0.12195155200485772,0.006423881617243984,0.00025011487342595923,0.0019591973250025624,0.011111102210372148,0.0015881983694746166,0.031477034270044585,0.001921898259295226,0.011559361166016718
neuron_2323_count,0.13915169919440715,0.08966167090663213,0.00421572719812837,4.733424224513715e-05,0.000624548533868452,0.004421418349368975,0.001912206426540726,0.021402275072910537,0.0008426379428769191,0.005906874110976956
neuron_2324_count,0.21714395133467804,0.11977144446221327,0.006809243387417438,0.00010798478271823765,0.00208097657394498,0.01370776207396869,0.0014974811074003266,0.030848331899206577,0.0011492174789038499,0.012398528083914478
neuron_2325_count,0.13709971814645275,0.08881600602203565,0.00097864065621266,0.00015057409583287083,0.003739094113206033,0.006277983018580444,0.0003188746912358726,0.0117368096254062,0.0016808300309860656,0.003814920763582308
neuron_2326_count,0.10570483584228985,0.0834183042923837,0.0028869420642777463,2.1555820616150478e-05,0.00023374350680298653,0.00450194376215679,0.0016352377478581481,0.011953491191799406,0.0025500215472080943,0.003411112696853548
neuron_2327_count,0.1610279902690828,0.11465102300747579,0.01675201433611144,0.0020476697378149777,0.0008251533944865358,0.016213855787800616,0.006520409147439309,0.05062387091679049,0.0008648348328613811,0.02164018164007296
neuron_2328_count,0.18516455321227612,0.14723667737758428,0.0178658888897877,0.00010981224455982978,0.002505694823418607,0.018333564949224015,0.009052073971576105,0.048435477510263586,0.0010121018432381096,0.016055611573411427
neuron_2329_count,0.18512993071165834,0.1898746009224695,0.00982584168616546,0.0035158646157476617,0.00361280906898246,0.013332268840456907,0.0076504505907672715,0.03539882268008007,0.0009710852842538115,0.007905923951834468
neuron_2330_count,0.1753401026048221,0.1580881118665389,0.007290088831992697,0.0033414090447948935,0.004133241189751849,0.0051161086771559575,0.003552251525871561,0.02536110047410947,0.0005373397763911852,0.005527896756826564
neuron_2331_count,0.13301307558781075,0.14305963370235344,0.011018046116907626,0.002578799169978621,0.003122438062189467,0.0028435239942312465,0.0011664415174548332,0.02226872760589778,0.001339464095511382,0.005992742939005494
neuron_2332_count,0.11567125357943285,0.12153923129466554,0.0019548302326391175,0.010843815847107724,0.0006206901336103165,0.009419483663812622,0.0029595180942083646,0.02027938343184449,0.002379047755033472,0.003862960856736125
neuron_2333_count,0.04948013002440108,0.04328318513239539,0.0006036107851870011,0.0013814967980385964,0.0015966806589455818,0.002096474910317534,0.00037787986617610417,0.010346077781897528,0.00030782622051842706,0.0019004326836911311
neuron_2334_count,0.10436246402242658,0.1535071064191152,0.01201432551848007,0.006428070351218923,0.0014197524396773985,0.007620359530618626,0.01299834207256624,0.03441767959720046,0.001422664752242616,0.007100809794160598
neuron_2335_count,0.08095263585826884,0.11214215527763097,0.014472595178454825,0.007780737176290492,0.0005129755516322075,0.004414420380159476,0.004462778257107454,0.03294799115486047,0.0004842757567704685,0.008370241597076444
neuron_2336_count,0.10652662940346824,0.11133916085906517,0.008497238492507928,0.006558115036708334,0.00010474743873394032,0.0014835172935180052,0.008875721823140031,0.025068580877102842,0.0016126939703255717,0.007777201010903886
neuron_2337_count,0.10139394477202698,0.12969363505123738,0.014127030255605716,0.007471925142972263,6.116850716506549e-05,0.001122748484988681,0.004950635759439076,0.0217620783710486,0.0004373364246354778,0.005898591776698457
neuron_2338_count,0.08959003829966383,0.14336994274477907,0.01853708846873832,0.010113321686790341,0.00012499276992054484,0.0009603699200405567,0.005044123950716205,0.017259644712587244,0.0004959464682242187,0.00643736742572841
neuron_2339_count,0.09637299845225336,0.157021225881357,0.02038855107812411,0.007444769674394454,0.0018910037478732725,0.0017444396005469945,0.01109638039965069,0.018654477901045463,0.0006643003326382169,0.005778340198343043
neuron_2340_count,0.10497219484114098,0.11243903908653224,0.00751226338904025,0.010396816976069215,0.00029443947726719155,0.0008997087533425749,0.007360621935750156,0.014197048423835165,0.0006501908183653236,0.00453238572275811
neuron_2341_count,0.12912507888845554,0.13713682208061453,0.015360793145328441,0.00896848013577159,0.0016589013541663568,0.0009532122847962857,0.0027622151232898767,0.015507947164219688,0.001281948806759664,0.005381604188933402
neuron_2342_count,0.10877145718327727,0.167739033824016,0.03187341546459564,0.007949330320820652,0.0022068885556979848,0.0004351676001143282,0.0036439930237173387,0.01586569357874333,0.0006115953347949985,0.012630430396228187
neuron_2343_count,0.032644961757132496,0.024764427239482287,0.00028075844293890505,0.00042774660563534884,0.0003498910357647598,0.0014785805377107442,0.00010041285801672345,0.0028264788735612887,0.0010602169721242137,0.0008121482059819593
neuron_2344_count,0.12201542517039599,0.17937228990930193,0.028681917776192944,0.00906171033247645,0.0024739173804385825,0.0006741785993696851,0.0067651561828692,0.011948491679380002,0.00066679732912912,0.01368836716490636
neuron_2345_count,0.17312376832050436,0.14706065689646158,0.03462481877059648,0.008555224988588045,3.5150459393606666e-05,0.00014420428201036275,0.0071494485371860345,0.019667858870833166,0.004093277848826446,0.01912973508081993
neuron_2346_count,0.04583983072149702,0.02800853885719668,0.0009933218664000733,9.314713146541952e-05,0.0003189940798912017,0.0002472559804670097,0.0005105073951038319,0.0024218963499812573,0.0013195196436218692,0.000732936185645715
neuron_2347_count,0.16604001950023195,0.1551142594231014,0.04625668569229324,0.00767263363261575,0.0006488049356490957,0.001050609129654101,0.00999038304610439,0.014506738510694867,0.003526274246513264,0.022383720484241795
neuron_2348_count,0.11552793523457869,0.09203821612446947,0.02021101000222468,0.004752128640759093,3.6140421975284836e-05,0.00172644078702296,0.0031297929455044032,0.009764942779102337,0.00213252229897129,0.012697259430959978
neuron_2349_count,0.16146118050372413,0.1082170527464269,0.030068349262426686,0.004634321133200857,6.52132606991573e-05,0.0032164952095464702,0.004516332842962184,0.011211930091132957,0.0037538259646269154,0.014336322751777347
neuron_2350_count,0.12385320270012029,0.1142575480732414,0.012403911336897375,0.0019017252155754533,0.00044253903653701174,0.0009275219342561002,0.007847013670474232,0.010227061247472302,0.0006601487303419737,0.006750903044649398
neuron_2351_count,0.2576186029918074,0.10255099443680654,0.06372530347579602,0.00037504691710921884,3.0387102629485414e-05,0.006064702953257041,0.007540656164834708,0.01626007035985398,0.012610025488469442,0.03424722556771162
neuron_2352_count,0.10917050060959593,0.08753027305278901,0.015298429273367081,0.0013117336810181575,0.0003237266796184248,0.0012102776172960572,0.006263415547450107,0.007814743013454473,0.001056222342117774,0.005426307460087182
neuron_2353_count,0.17897566965964481,0.09212696747461019,0.032650915722693435,0.0012935934043501567,7.097668036671473e-05,0.0037032344812136103,0.00815993905113166,0.011746111998683445,0.006497446468371436,0.018299398193862143
neuron_2354_count,0.012508689377806775,0.02115758435321359,0.000792147854914025,0.00020984018433294407,2.3585799842100116e-06,9.498349800985632e-05,0.0011292252459404982,0.0015465784532345836,0.0009861356096138151,0.0001595505964627252
neuron_2355_count,0.20211171639498854,0.1127744824217837,0.022555920820280517,0.0013609105658195647,9.291924279281158e-05,0.0012082623144838364,0.0028225087670506396,0.010374753391421798,0.0030751761105144507,0.018432916324358062
neuron_2356_count,0.06679869354634221,0.056726360613150145,0.00028444264043927213,0.0013360275363038486,8.448713641982016e-05,1.2144496151531275e-05,0.0017058581811752113,0.006377472192849169,0.00013721097954140895,0.0006213253147792598
neuron_2357_count,0.2244593336017816,0.07394570355082505,0.03559647278097558,0.001076046918434239,1.7259461026970877e-05,0.008581494340524617,0.006827748440611847,0.009738057322185384,0.01589126731317017,0.028471647858468924
neuron_2358_count,0.17790177279051891,0.1242925347116959,0.02031668886120272,0.0009917419388841033,0.00020792198432809193,0.002242890364781411,0.005520682497826411,0.0106691318354689,0.0018071619803793158,0.008971996525093673
neuron_2359_count,0.12500859708565326,0.09947889950333857,0.014521115677485819,0.002622144465420917,0.0005473615998634537,0.0017426967146820654,0.0058520001900227575,0.011014877626960337,0.0005508858840611586,0.005001630570247204
neuron_2360_count,0.1933559182813398,0.10356503293978744,0.02249309207809426,0.0006362011852802819,0.00023532493789284702,0.0031483000270404182,0.005618464590861572,0.012460884187786833,0.003190935347770797,0.015775523410809955
neuron_2361_count,0.0997183693419737,0.10395079275894512,0.0195919428302012,0.0022302108229913242,7.723351596696719e-05,0.00030155424712229213,0.005376483511144781,0.007941238020871683,0.0023666810495716253,0.005282735413358816
neuron_2362_count,0.29934838449446155,0.10365878408280996,0.044748561323049885,0.0020661972387813303,0.0016278227568417777,0.008475636257708447,0.00470221088368894,0.010292988199206918,0.017573063785626078,0.03474978445635518
neuron_2363_count,0.2137522186058039,0.06519564905544684,0.032663192333905355,0.0011219204453314646,3.7615618427023524e-05,0.006559744469015964,0.007963974595305803,0.012949913837854682,0.013469274336037174,0.028430083064355613
neuron_2364_count,0.21414028387245743,0.06278938979530813,0.019996452689996905,0.004215858258307857,0.0002917780178921473,0.0028050357505538595,0.0016872390140372784,0.009640748800685717,0.005444107639765286,0.018664966658678103
neuron_2365_count,0.23681911375779863,0.024816558535875374,0.031360709841072754,0.0051271107876961625,0.00031000799833283584,0.010196835123690129,0.0049594399749739865,0.012661521493632588,0.02650908678857139,0.03473358251707609
neuron_2366_count,0.12440105495083023,0.08133692978890572,0.01417444886774527,0.0011216252851041254,0.0002758993924382707,0.0009635585834632783,0.0009792637322709394,0.008975673273993137,0.0018291503089097189,0.005111813093048818
neuron_2367_count,0.09950381002538623,0.007515699441689439,0.002077726683709074,0.0014134574721001705,0.0013085361823369016,0.0005471494601054462,1.825821042258165e-05,0.00964843065337561,0.003187924783929897,0.010015179528817485
neuron_2368_count,0.16385487440495855,0.007686849319942526,0.0016834516523284472,0.000910737668961251,0.002700759546843935,0.0007143123341684862,0.0016261673108409064,0.006410199832411388,0.03803990878388254,0.007229748157107599
neuron_2369_count,0.16788117409085423,0.011347150046597199,0.0058919818051585485,0.000801843497335461,0.0008657328111101974,0.003546610830039598,0.004423571947287777,0.011919264311493621,0.035954283164551626,0.013226099515960807
neuron_2370_count,0.18910669320655932,0.027564592435444193,0.00256179160946729,0.0008048533030579896,0.005885935245277189,0.0013630309216070106,0.000932890998731329,0.017372126350605865,0.01184111911811428,0.007835497871118188
neuron_2371_count,0.19961940943379008,0.020524445449807818,0.0057866372395016935,0.0005405663208947024,0.004686286462384864,0.008535670807935186,0.0017737066344762284,0.013623927937631841,0.04128902422987202,0.02112543172234127
neuron_2372_count,0.17278068275747194,0.02844643666966537,0.006226311289020486,0.0007699262603524746,0.004576220375868238,0.004486969599567098,1.5558904814945668e-06,0.01997168191671017,0.02786250379743177,0.015630114938455855
neuron_2373_count,0.19539153500553885,0.057450055298800096,0.003080272046647542,0.0013805143608134895,0.007245783623832866,0.0027669189774036096,0.00010237384149418662,0.01478060808224009,0.010239040438943081,0.005901220573837428
neuron_2374_count,0.19110126473897407,0.05786893417306793,0.00916579101350952,7.293683341309874e-06,0.0022746174670400104,0.0037694354495181187,0.000858876241678623,0.0293653538885493,0.005264403482970165,0.011786892275805982
neuron_2375_count,0.18908417907708774,0.05223558666829972,0.0034519152390491206,0.0004499942126263926,0.003555817682915123,0.0017707048700557268,0.00011018315232207664,0.01061584590336799,0.008916838283754301,0.009634562291653638
neuron_2376_count,0.25239058283877386,0.027098694413987864,0.007828513182463012,1.9302696595194842e-05,0.0019747180917757817,0.008118703433530036,0.0004869338154022927,0.02216776057223198,0.03697343484897042,0.024114184025860394
neuron_2377_count,0.1880985935860712,0.04598598130006412,0.003075156899611832,0.002371239285584366,0.008156925425866712,0.006082999897428894,0.0004288448106587357,0.014906283277249896,0.020376026352252233,0.010405097297584265
neuron_2378_count,0.21391992472164875,0.05956722926253488,0.008936215101191552,1.946562612604617e-05,0.0016467247097362095,0.005600800330632476,0.00018991212370392946,0.02684739697434438,0.007348129908849241,0.015515828698930645
neuron_2379_count,0.17372772956720844,0.0709127681631789,0.0021519357169216824,0.00031445821068601387,0.006271702571337641,0.003436892956349455,5.9273022289073676e-05,0.011961256862039568,0.006348440509054816,0.004850283041341788
neuron_2380_count,0.22349904075204027,0.08853305164402014,0.0036394684038817474,0.00029313863642077553,0.0024673097609462444,0.004909169690059972,0.00042310504817881425,0.020090032622952503,0.003681949839655488,0.0065445953451416655
neuron_2381_count,0.16802908911046635,0.058812897219664956,0.007424043427399468,4.022079461203903e-05,0.0006636588974016783,0.003956632278879088,3.0196115036871217e-05,0.016934935171634052,0.0024031231762749947,0.009812590359226686
neuron_2382_count,0.2984356101079688,0.07567048614824451,0.0103432625158736,0.0003731820460737313,0.0021493790837268448,0.009628166950505071,2.361174162741764e-06,0.037718318804484646,0.01959713419220037,0.019273019165743616
neuron_2383_count,0.1285443419250425,0.04250039349438356,0.0058022279745326005,0.0002180681230838609,0.0004194591160066666,0.002895746286525301,0.0006474663526810087,0.009932817794124055,0.002795255376340889,0.0074131866994752715
neuron_2384_count,0.06989713248814786,0.033838023462759305,0.0017146292312516832,0.0008510978372067522,0.00030656519581679677,0.0005811895336100704,0.00013599494692259845,0.006055497635161177,0.000743197349031572,0.0029386908015770633
neuron_2385_count,0.08620196267915692,0.07029658198382405,0.0011341837847208824,0.00034498158830738486,0.0020672056578486843,0.0028779676695288303,0.0005380286757314945,0.009475377373333635,0.0018448017225694592,0.0016173024762878782
neuron_2386_count,0.25201906926638257,0.12378576270825806,0.004620548852157957,0.0004702607058034141,0.0030349308188509505,0.016710924828783114,0.0023133389521616463,0.0354974792773505,0.0038416774276449003,0.013653026616754674
neuron_2387_count,0.23398568861476945,0.10688016598863151,0.008748766522856666,0.00024737049463363636,0.0026448111096223706,0.01604032168108631,0.0026447349720983213,0.041120011601561646,0.004009848872981017,0.014341323420561686
neuron_2388_count,0.1978405446338441,0.08779464040573898,0.005757427622023081,0.0003101228615652041,0.0005610043044769891,0.00734526675341271,0.001555292610307825,0.029514158191627365,0.002104662338257292,0.013285946662236078
neuron_2389_count,0.06972930728106551,0.036383784261582106,0.006915588061449096,0.0001725031861803234,0.0005154478381255555,0.0018104079315729021,0.0020908934010276624,0.023325485434435925,0.002201564653427853,0.0033744817296793538
neuron_2390_count,0.18435778290538507,0.09551170523997782,0.007889842907842795,0.00014168066823104595,0.0009776881626998857,0.012121812143699506,0.0016859272712832635,0.03219380236324035,0.003054861055742833,0.012844773899462356
neuron_2391_count,0.14359832633316638,0.08743753206177199,0.01455687711034756,0.001242470984061425,0.000852683765810474,0.01808353980224535,0.008990227825829852,0.053426058749543565,0.00022724194555728047,0.027407495056993025
neuron_2392_count,0.190720503406287,0.11928317946725214,0.01942840584826673,0.0010132055198267403,0.0008733422029583264,0.02062783136238991,0.008534192100253954,0.06154670908142412,0.0008406249462283247,0.02603363438195261
neuron_2393_count,0.07018089921518894,0.08588331967048296,8.971283656001531e-05,0.0017102122822199896,0.001195246202102998,0.0033388677068600034,0.00048614567612113163,0.00589922050970354,0.001826631626639534,4.0445842283729806e-05
neuron_2394_count,0.18788925309318774,0.1638005202291315,0.010528153862924078,0.003508268139645186,0.0021262030645402344,0.01405046320021408,0.005997612844472228,0.03750328714696166,0.0002284438011356402,0.011906964585750718
neuron_2395_count,0.1670672867153455,0.1265593800036919,0.009720218709640377,0.00589083493793497,0.0011535826457224245,0.007430627582418629,0.0053272884103937115,0.03445875150280733,0.0006130020311333837,0.010238505722242316
neuron_2396_count,0.05291127090310475,0.053848513900247474,0.00010084433716724085,0.0021244017568832346,0.0006627098052971007,0.001789026285207924,0.0006697460714622759,0.006235875609240181,0.0007189787881766762,0.00179036809284824
neuron_2397_count,0.09132202624777905,0.14018570047504636,0.015873227886089955,0.004662861389521239,0.0005003609756486539,0.008981725548249192,0.011501341517789476,0.041073850566926834,0.0004876290256097711,0.008389190092963059
neuron_2398_count,0.1491906873657357,0.13928274426739143,0.006434914350298908,0.007886829503724518,0.0005082268048314884,0.004498213687113416,0.003280275361015862,0.024559712541573575,0.0006413230962708481,0.007028803434755482
neuron_2399_count,0.11213308159905774,0.1371199700494885,0.012995335917210957,0.005880105197252329,0.0005982213597047654,0.002583536535083107,0.008422809437257928,0.029602347094836598,0.0007703773164674001,0.004247637713464668
neuron_2400_count,0.10249511321931618,0.1321462862617685,0.018620110735635062,0.006714344822118995,0.0014021830401066554,0.0027775328813712252,0.009432270776306942,0.03292528448012835,0.0005943103860527529,0.011929932008946792
neuron_2401_count,0.1175951441240129,0.14023388821411747,0.012941638477731068,0.011284176526611941,0.0002863931596202643,0.003996444480889566,0.008907027895018987,0.031767907203053475,0.0011751596443874837,0.013249512016337853
neuron_2402_count,0.1050618424981383,0.12899324753256913,0.02449231899020901,0.011634410527301867,0.0007342264888240309,0.0036635272127802376,0.01658718914040415,0.03560531221424493,0.000592889885758981,0.018637986854975017
neuron_2403_count,0.12710957603562759,0.12593810893406077,0.02256811438471626,0.012390178675420874,6.456521943496146e-05,0.0006676220373086662,0.005959277848669876,0.027037281028473803,0.0011296565126571786,0.010790152109789522
neuron_2404_count,0.11089857183322865,0.14306937148635077,0.012457459371300286,0.012398802906939538,0.00013713684995712763,0.0019194631314483554,0.006383037801556288,0.01936655999923971,0.0007697417293568015,0.006675123974034858
neuron_2405_count,0.10016609488255276,0.1532740442343551,0.02644739960378706,0.018994601451698845,0.0013817836843504835,0.0011608075805049703,0.0038105835888873757,0.024319480997563384,0.0009178468630213349,0.010318399942082737
neuron_2406_count,0.12778166205296687,0.13768735945745658,0.01717924064281877,0.010922646822547677,0.000620256457648221,0.0005174722765225424,0.004466569488960327,0.02232340535711816,0.0014204126755232504,0.008666221839719351
neuron_2407_count,0.09081677736708565,0.07405288454850409,0.014349699415342337,0.00498802816718593,0.0006462126199770907,0.0013762559658412957,0.005627540037115304,0.010912837394935496,0.00041863526330840773,0.003402903593918351
neuron_2408_count,0.1342392883668509,0.09679010999001342,0.00891533537081965,0.005407929941051805,0.00016565530220445223,0.0007543314728486097,0.005443789491606059,0.014157408778659605,0.0013974987991121346,0.006488393756415987
neuron_2409_count,0.1031911767908826,0.08458594535807237,0.01922776124062947,0.004837460145116879,9.292477136537119e-05,0.0010514868898808018,0.0016404257275696027,0.008959745919417395,0.00023195269079524967,0.008014076661275488
neuron_2410_count,0.16973961871269155,0.11972252799787883,0.034494709958152736,0.004511345494749769,3.3754803445830255e-05,0.0012641784426955863,0.0024212070645682135,0.014777193422632548,0.006045818763449597,0.017828227926185367
neuron_2411_count,0.08660243008977977,0.09376131900159104,0.014071095028529976,0.0032052494369639306,8.894909125983265e-05,0.0006794128132360661,0.00784859631101241,0.011970533138271455,3.12896561616453e-05,0.003171516577282797
neuron_2412_count,0.23080774512233881,0.1285872223228877,0.03672174483784574,0.004040724796039424,0.00018448160564900687,0.0018352976259250336,0.004817276685995069,0.014668583501473514,0.012463046002394812,0.024596042831276227
neuron_2413_count,0.17636177060881533,0.0993387723947542,0.033176270463763896,0.003214405170375252,5.69706664532532e-05,0.0031105583428889007,0.008204779022834938,0.016614017616913904,0.006489996359392111,0.019493967025268413
neuron_2414_count,0.10031763630721005,0.07326036623751322,0.017405165898885133,0.0017110917955301327,2.4118280052200236e-05,0.001723903653976122,0.0037534616048176747,0.00653777963137326,0.005613445355535186,0.012507443034492013
neuron_2415_count,0.15893647380267506,0.11906565258607218,0.028742486328697386,0.0031129201766313674,2.851539384677833e-05,0.0025645705696789173,0.008862591476758538,0.01124871642733112,0.005171223109905927,0.01505962086252606
neuron_2416_count,0.17960537937198173,0.1131795665292149,0.028512379635606128,0.0016310838652562679,6.227704717788694e-05,0.0034539295372771547,0.0047082943573056035,0.00962289473112865,0.004039098101935645,0.01770346930486548
neuron_2417_count,0.1264914563654851,0.08098998173121996,0.013945031123266893,0.002158954583618991,0.00033390089043864105,0.0019001417500202934,0.007024648344862661,0.010947043935250686,0.0009425798629757211,0.005212215024190857
neuron_2418_count,0.30176814846105654,0.09767343970981882,0.057073988328516956,0.0005556150137748948,0.0003808597998291134,0.00899987941962263,0.006312039936339428,0.020311417916144367,0.021179967247497142,0.040013650000828294
neuron_2419_count,0.15243104851054587,0.08344623210340196,0.0184199823192836,0.002910736263110607,0.0006825851572311754,0.002214622822911086,0.004836091818711696,0.009472909095665505,0.0028281980527295712,0.009464766984679643
neuron_2420_count,0.19005336678817064,0.1003092579056524,0.030624706186345427,0.0033802923687295122,0.0004699989361705778,0.0043950688007279096,0.0073261680387264605,0.013991647649587866,0.002547703190379936,0.01383209333682231
neuron_2421_count,0.192590113887052,0.07962840417515402,0.03000877151240494,0.0002069772684296766,0.00023047594002535698,0.005140148823159607,0.005415563126794511,0.010032912151717255,0.010537137020053891,0.023864135497679406
neuron_2422_count,0.24332666395472397,0.09223814961630275,0.03376055895360405,0.0008313261403987953,0.0001326117075763954,0.005864735658479885,0.004386061531126806,0.010937449600640414,0.00947604782115491,0.024384898135346098
neuron_2423_count,0.17401115280804047,0.10399177170610671,0.017154100829887067,0.0002918961608343526,0.000103175133849393,0.0027770108370687857,0.005038430395798522,0.011099622834375364,0.002843281186893802,0.011689110671029526
neuron_2424_count,0.17403555422229816,0.07463752136395119,0.026045861542632984,0.0004545013220534522,7.855017267351095e-05,0.00485590414773418,0.005770197125400091,0.009129127320145397,0.010003180010273657,0.019836816963692216
neuron_2425_count,0.11950696549970935,0.10975322409535548,0.013414487349428114,0.002549615543519783,0.0001717716611822056,0.0009359686722705193,0.0073229772090029205,0.009069360538899743,0.0002069234462572663,0.005367863892809688
neuron_2426_count,0.20221784408534293,0.11264360572415671,0.029915202230774096,0.0005298221358035634,0.0001849468024268299,0.0026652552686469225,0.0074947475918862305,0.01754624087078023,0.002226920645009279,0.019542588288886373
neuron_2427_count,0.1973942331061087,0.11103498577356108,0.034644362501742326,0.00046279210653159177,4.513461839931359e-06,0.00436664744538711,0.008578551491924824,0.01548373121400888,0.0031096843705361726,0.019348738181545685
neuron_2428_count,0.1454097845213936,0.11906548203558803,0.012020113653715706,0.0018345680614979057,0.0005774921432386265,0.0016566339798820585,0.005440662019569338,0.008808189558985727,0.0011859687776083518,0.005068817858491302
neuron_2429_count,0.047906150209771216,0.01863389220037862,0.003197637709267922,0.00038654919752422953,0.0018637326873721972,3.687188719237854e-05,0.0014127418776124709,0.005145179029153485,0.0027743075405572484,0.003246645285340256
neuron_2430_count,0.11332231058461607,0.010554909888437195,0.012460034122552026,0.0012349737820536184,0.005494028215820318,0.0019044092701979033,0.005318784879707265,0.01772810432756504,0.007019264010789655,0.013206419134962982
neuron_2431_count,0.12484504466169188,0.10808044798641839,0.017912633712541343,0.0020974435707468778,0.00023326535502682898,0.0015643062575185149,0.005743995485879311,0.006974431075584486,0.004216601583646746,0.006351226347160333
neuron_2432_count,0.2195714306570104,0.0074734114660422665,0.005459555169173749,0.0006003631251015398,0.0008121655892812003,0.003876878308051071,0.003126574943728179,0.019938167282390562,0.04755968731125498,0.01962827064060188
neuron_2433_count,0.18956568830723058,0.02860646088847041,0.004038064494143755,0.00013582888727972382,0.005516665074161757,0.004864576526235245,0.0005144134359731656,0.01783956202466648,0.0380829912322421,0.010077344488469475
neuron_2434_count,0.2104218617329393,0.013294406841592749,0.006275075820878627,0.00023472616488349248,0.004737614624374609,0.0031883897299350705,0.002674168903804862,0.011727228821372879,0.05742373562263753,0.014499044336595018
neuron_2435_count,0.1803639769318908,0.005876025761729575,0.0070252240700408725,0.0018854453395219864,0.0008182090526843693,0.006524609324475489,0.0033921923267115003,0.018676655103762402,0.029853968218398433,0.02426889241511053
neuron_2436_count,0.22916210379863663,0.012275107529806761,0.007684523792582901,0.00048258140372040535,0.0011113347567585398,0.0025484011073588636,0.002560812918106982,0.02308053666963071,0.02978618483267069,0.021869395560745575
neuron_2437_count,0.2091727329021782,0.014319108334052547,0.007361964494442222,0.00027728836164844957,0.0009352059227501468,0.0025709256243123396,0.0012871775797107174,0.029483782309951065,0.017642656236912885,0.01963699140689787
neuron_2438_count,0.24511657048182273,0.0455222527067439,0.0072109086534032085,0.00020684513870728762,0.002615702279174535,0.004846371645559247,0.0016231898306703386,0.028437037487436437,0.01820136605342955,0.01531443931956808
neuron_2439_count,0.1883668704101106,0.028280920235371584,0.006275218793748601,0.0001298654276600756,0.0014103493383228853,0.0035541049096991864,0.0006431136365684965,0.024739751006365898,0.00909821836002004,0.013511998877830708
neuron_2440_count,0.18760977798815026,0.06955678107261534,0.00839541252477953,0.00039909744955720066,0.002374782011863155,0.0048003289423552,0.00023734894639295886,0.025344644627047913,0.0036157900598888792,0.010900912544602584
neuron_2441_count,0.24718987160805614,0.034784283622276285,0.011537978478154964,0.0006293742909553382,0.0012888538197423118,0.008001469858320398,0.001228766117659031,0.03641666316579406,0.018258137824534462,0.02560546162126999
neuron_2442_count,0.20636480484897307,0.06941808110247724,0.009839385390107272,1.6442462165078373e-05,0.0015116044696581836,0.003963299510909117,0.0007584807819696893,0.028625498235887642,0.004702215035632054,0.01582795880541539
neuron_2443_count,0.1883589050724143,0.0682912749659047,0.009034375490379262,0.00044176423279997795,0.0009580327071337137,0.006382183204565482,0.0011253272859157145,0.02558589966001401,0.0028882967675701397,0.012870746220908821
neuron_2444_count,0.11481072695774516,0.05675496976597677,0.007110887606238764,0.00023284952924605262,0.0011808266285044354,0.0029248171690280794,0.0001654975741479216,0.014532259276655676,0.003492861139033611,0.004577347056811169
neuron_2445_count,0.20009253823201767,0.07902270511583989,0.0050132058737279855,0.00015569989274529135,0.0003787464891960527,0.006450574137043877,0.00014114047666603617,0.018524933831657195,0.004132582618052445,0.009542608468873032
neuron_2446_count,0.10811322765012607,0.056826444650263236,0.008903625184817326,5.217778531169592e-05,0.00013180661596170345,0.004580591767335648,0.00020153288510452085,0.014527270555716912,0.0014460253374362266,0.005441391825866483
neuron_2447_count,0.044487653505427244,0.03205364126793794,0.0007253251411754973,0.0006907216764033691,0.0017564842963068601,0.0005744189204671506,0.00021007956100269108,0.002856017877731293,0.0032151423114797732,1.3095492698097675e-06
neuron_2448_count,0.211507701387754,0.06811035276584396,0.013232254671823401,0.0010469371762960207,0.000560806094545982,0.014955493918907548,0.0004443949521527966,0.03880042840065928,0.00222320478905437,0.02303689701382397
neuron_2449_count,0.24202586403103898,0.09617594749478386,0.004624840577051946,0.0005220678098876398,0.002356087214027032,0.007248871779318336,0.0006264718737074484,0.026507996953912177,0.0057779362148624586,0.011319276357801333
neuron_2450_count,0.24262520660878864,0.07182235762612954,0.013146613473211485,0.0005610015569265311,0.0007293630061226573,0.011909397289806209,0.0014838981148039415,0.05115579320286659,0.002234089736948648,0.02535802038688098
neuron_2451_count,0.1867928889769733,0.08687622295846151,0.00897927272502734,0.0010414975208406854,0.0008809900768080199,0.005069180416710235,0.0010451856927917273,0.029549551849993166,0.0018463925971268225,0.011248952009720273
neuron_2452_count,0.1985012446000107,0.07763688978788988,0.011812525137677193,0.0014694533856422151,0.0009752137156155069,0.012088230788900742,0.0016738249286853656,0.040919761267621646,0.001054114728399016,0.020602774143382102
neuron_2453_count,0.018862962907087756,0.022617122747121545,0.0005745450329920875,0.0030984118159647286,0.0011289813940510507,4.9630298879143817e-05,0.000511995044507647,0.0038450312849377874,0.0007038433530276861,0.0008507041267963294
neuron_2454_count,0.17262516486943943,0.10718077581162888,0.015932057378296546,0.0007780407319785132,0.0019131312163028144,0.013826282383531507,0.00796486091449232,0.05169650530906528,0.0015495878326162865,0.0198587579067505
neuron_2455_count,0.16487508816751112,0.09586611896899633,0.018053297992478026,0.002511874967695414,0.00034302400710284515,0.013537321037571798,0.002385526617762458,0.04810797232141778,0.00040986679885723215,0.016769892420126734
neuron_2456_count,0.0777817982984169,0.09467006257066354,5.522876737313687e-05,0.0006265021749349408,0.0018925025584673391,0.002619120843854409,0.0013585598562916787,0.004156337880383144,0.0010077533224124233,0.0015081807813755732
neuron_2457_count,0.17842250558778974,0.16391753891041194,0.008193366453772014,0.001512219819263333,0.0031534520885835166,0.019741191993071158,0.00886790227130907,0.045292253847824676,0.0006550652040262818,0.011127222592606248
neuron_2458_count,0.1389568900586388,0.10503477765451938,0.005754580726163867,0.005144046599446853,0.001285458187298344,0.008129705502107828,0.0019187582940653133,0.029788109838063875,0.0018496295128558188,0.006132852813432482
neuron_2459_count,0.15598333665440675,0.159180560203522,0.018526746973702782,0.003921110167841593,0.0023855479365729806,0.012344444705948393,0.007885009605496276,0.05710987499697809,0.0008092634175422761,0.009489360917517495
neuron_2460_count,0.14289401717134625,0.09616497828929493,0.0023377824740981185,0.007956357260559474,0.001219663690854203,0.005257516798635613,0.0011827871231632411,0.023614232290959894,0.0007151195025888457,0.009748224843599315
neuron_2461_count,0.1646327543375373,0.11728172825743743,0.009905757849312968,0.011158610569967364,0.0012550268463848852,0.011161796517383832,0.0026645084783737186,0.05157114555313341,0.0013868311333527193,0.018195171278951927
neuron_2462_count,0.0350609287944563,0.045189601509633914,0.0030550714907561435,0.001269130025855169,0.0012748180076067178,0.0017726742264414473,0.003910978516005005,0.015961566371263156,0.0009581498788600283,0.001043790833745735
neuron_2463_count,0.08520057363190006,0.1292507159511638,0.021297784177767967,0.013668601659619584,0.00010816760384062263,0.005585135264340603,0.009253571536407212,0.030744668914927054,5.968603379474498e-05,0.010865524511460889
neuron_2464_count,0.14083221747952956,0.11095087449339461,0.016446665280697367,0.009965749419363179,0.0010973824915137265,0.005231448831720241,0.0017273477119191943,0.032892166702552905,0.0011735361343745317,0.014863816774767974
neuron_2465_count,0.06435503077655688,0.07771690939162612,0.017064731301351693,0.010716433206253081,0.0005813228872182195,0.004546053597255677,0.006085975187105248,0.025630241838309142,0.0005178742953742968,0.015331201544902764
neuron_2466_count,0.058833459486630296,0.0754265227357152,0.0167770624310333,0.0067094559216597585,0.0003176798383674184,0.0011785296103202884,0.005613769088650182,0.015675441412965826,0.0007382049787466108,0.008403091579040997
neuron_2467_count,0.12024911052747808,0.14644641015954962,0.021954694327629157,0.014315450193385315,0.00019593130729022527,0.001840253871840003,0.009189967275529731,0.02476676032438098,0.00010145496254377966,0.018356602438947878
neuron_2468_count,0.05975313024358746,0.072616772103338,0.00028282962636091134,0.003732464618929003,0.0017257079272655108,0.001286876339219048,0.0012251142867266314,0.005496564816975316,0.000633635636938505,0.0003885262221164122
neuron_2469_count,0.13257454981513986,0.14171485602423606,0.029029039473094667,0.017745580065284733,0.0001504286521614483,0.0006791499128153793,0.00875735566568274,0.02859427338246079,0.002016982530592893,0.01854112133018948
neuron_2470_count,0.021139249476942616,0.018267939838165874,0.0012220600861751838,0.001078570336687205,0.0003344079850952919,0.0014754227608524857,0.002306044518581459,0.004130581377886591,0.0003460796320503322,0.0021175071845410134
neuron_2471_count,0.033548264777414405,0.046103845042977744,0.0006852418452693862,0.001650914153771923,0.0003198836444230839,0.0006269414667596138,0.0006236684804300899,0.0029454414593529524,0.002680162993959388,0.00023636663662828785
neuron_2472_count,0.09744264636199554,0.08649603958018826,0.03218949601208837,0.005325919447686005,3.510447391878377e-05,0.0018101489129190712,0.0053524812025446955,0.018456381650492473,0.0011913534250044197,0.008350660025649312
neuron_2473_count,0.17170084676098316,0.1772354513379394,0.057388150060846216,0.00932126172936941,0.0002966115045873359,0.0017064546377186345,0.011643143879718348,0.01581682888528131,0.007489977856411437,0.019649934132900462
neuron_2474_count,0.1737039457121924,0.16843395112024895,0.05729852358873255,0.011403227973774854,0.0007500317709561999,0.0010042270660836697,0.017829140132492552,0.020029139268811225,0.00830474233699205,0.024582773805056038
neuron_2475_count,0.14523268557293628,0.11464228345982569,0.03271667436087927,0.006165990874920056,6.706246204597988e-05,0.0024704549614012333,0.01299423910673543,0.012767467362422638,0.006093754904091378,0.01325405405731997
neuron_2476_count,0.10611049684123783,0.10351512242226915,0.006949367661491165,0.0029702843693931585,2.013334280641366e-05,0.0005033435147977772,0.006927040299086001,0.009079667058986482,6.1458195035273e-05,0.0034153801957161334
neuron_2477_count,0.05857847944017501,0.05932935479128326,0.013095908474269335,0.004676985045955838,0.00015029469900381808,0.0026134662253291287,0.004927466468433589,0.005334586805972229,0.0014894253344818163,0.0017749150137975032
neuron_2478_count,0.07661025212912265,0.08664243793034127,0.015323144248718765,0.003682252597968824,4.101399759785188e-05,0.0008088735012276999,0.005478591524523173,0.007461380056548103,0.0001900240194048601,0.004074181370745625
neuron_2479_count,0.11206824473850821,0.07817045484453325,0.01696171722812509,0.003825303168266743,0.00035707968670067175,0.0023071509459141847,0.008208631402591343,0.011994503114308427,0.0009309878050135466,0.0073714486028896645
neuron_2480_count,0.19393607560558052,0.09661090473094394,0.042192404030404,0.00056483114376513,4.710093696525062e-05,0.004568927231256577,0.007478550208142851,0.01146438789283434,0.010861985900351145,0.023703801297806484
neuron_2481_count,0.16491276691106926,0.11188064426342156,0.01917350322747291,0.0035366320666317813,0.0004655746664149422,0.003825960337347986,0.008920141137969309,0.01181966714130335,0.0024000035003305144,0.009977043083831141
neuron_2482_count,0.16427329974435412,0.0866306502424366,0.022737013769811895,0.003103262477724862,0.00030473821381271117,0.002117766756224805,0.0030778143534267374,0.010141085473166833,0.00424352760759332,0.012429959769438559
neuron_2483_count,0.03516350906898766,0.023481133048768695,0.000986197539238563,0.0005854987270568247,0.0007028565727084726,0.0006468784948004489,0.0009669019219571504,0.0018012673010158308,0.001346723471160289,0.0011908637868715338
neuron_2484_count,0.1267684296904623,0.10974004869387496,0.018715418116547616,0.0037037154716197673,2.2200467059001715e-05,0.0023452605746416555,0.009069796313006667,0.013687272132795442,0.0015455414973845755,0.00909936423308666
neuron_2485_count,0.272583887752861,0.07207166959999506,0.06634755489638519,0.0013949616897078222,8.129467192947212e-05,0.013754678313847066,0.0070341976034831305,0.018371716946447986,0.0297538746099026,0.03512655203229427
neuron_2486_count,0.1770172376599587,0.11030288468673008,0.02641278978665411,0.001876824659299836,0.00035709944190381697,0.0022445506930926923,0.010383954306175364,0.017734298455911415,0.0035877629101794192,0.017202334248313272
neuron_2487_count,0.12061880102915709,0.10697992860953948,0.02084731266403439,0.0026908158541745497,0.00012628607471358577,0.002242557821431304,0.007482865862495983,0.009562020456596307,0.002068579715972605,0.005883119169277119
neuron_2488_count,0.13841090443938284,0.10406178625303272,0.025173243578016813,0.001945313498963007,0.0003744369700658251,0.001927963870171169,0.005818688172714782,0.0118540002291109,0.0017032131451524789,0.009490891776488972
neuron_2489_count,0.1975111546371427,0.06782080095857296,0.029462830162675008,0.0013613997388939071,0.0003224898359746285,0.006818147470436756,0.007673552587337276,0.010387270977563881,0.011218380883164666,0.0215017631264528
neuron_2490_count,0.16374884535754186,0.11273689995991082,0.03258378729647768,0.0016043715529432713,0.00021426752610515486,0.0049748363043741264,0.00646192693985255,0.014709280085407506,0.002104031196182587,0.010851152775268089
neuron_2491_count,0.1932428647261626,0.06754078719044643,0.03957864971542613,0.0004943692737884482,0.0004159305603930008,0.00623927404135903,0.01007906023619927,0.014462146874540852,0.014966539444115037,0.02706190126868853
neuron_2492_count,0.06863714520516935,0.010710634905328694,0.015390685979691059,0.0003158778267037289,0.0021821483365216006,0.00011827964157041073,0.0005237485777364274,0.017633542970727112,0.003689808064261387,0.0086555957856266
neuron_2493_count,0.0702459589480728,0.044830291920078286,0.005595975519075605,0.0009766939249804332,0.00030334215677252363,0.0012005271296323602,0.004512015409585013,0.0037529892413597915,0.0022075931567797774,0.003997031962374779
neuron_2494_count,0.09003116795870149,0.09403902702699413,0.020544593567257713,0.0013299337236090253,8.385042590460835e-05,0.0017739204200088524,0.006438534663765275,0.004864163052110855,0.001607910158257393,0.0027832338116155174
neuron_2495_count,0.19843909819043964,0.046494606055154125,0.05344467203376074,0.0013212392436619605,0.0002066229941153179,0.007612080848751951,0.00861854193735187,0.020538510391658146,0.016193597710021476,0.028871312325365106
neuron_2496_count,0.19572249192411126,0.03707000115131534,0.008635696287750613,0.0002155865813937615,0.003173631026542993,0.002544688834973781,0.0009959703442833736,0.024845969152744063,0.010850554879411105,0.009682562895609217
neuron_2497_count,0.16710722701948058,0.011371822516796304,0.004852587221337391,0.0012873612535460634,0.0011785462146480484,0.004191545326134728,0.002095606054035401,0.014223172011443214,0.036174606435943585,0.014946862340695297
neuron_2498_count,0.1303651758754636,0.009657017527268198,0.004806989398237246,0.0009010827565410426,0.00140197302849265,0.002284811985694135,0.0009631538239141951,0.013965106512528802,0.03357759776066713,0.012953811980937771
neuron_2499_count,0.1809077281523127,0.024925098921902797,0.007795044563809542,0.00015525187596813388,0.0004464057126015615,0.0029351849048916204,6.849860295338401e-06,0.03115581833075573,0.006163572902938369,0.014792560241128225
neuron_2500_count,0.23506353604025804,0.007135492156584142,0.007148543902333798,0.00047561686019052113,0.000939379081610587,0.003050530585567597,0.003349788168931077,0.028268534027787784,0.03934802720842018,0.022760663247282112
neuron_2501_count,0.17291716780406421,0.017790716534899484,0.01642399738175493,1.0572455851779426e-05,0.001248111289013117,0.008145676751621117,0.00017781430479933517,0.03308366768412299,0.021055469668974022,0.02882795555953295
neuron_2502_count,0.19869484093762754,0.024890860796970005,0.008977065230727263,0.0006914366945178952,0.0005381766384978965,0.003273931529337179,0.0011391075541230646,0.030442577275931332,0.007033906786671394,0.014852696339638385
neuron_2503_count,0.17872919108905577,0.02390807517202992,0.007428981132207899,0.00024211556127419313,0.00035477233038333153,0.0035807038119914023,0.0008546935214305378,0.0240551491488582,0.006064000331877109,0.017689724235848317
neuron_2504_count,0.21653449656286727,0.018969048037525735,0.00891866805475365,0.0004576746359344873,0.00015770202108704792,0.0071977080275553995,0.0009052023502876989,0.025489083478305183,0.015451664434945195,0.02567512151603095
neuron_2505_count,0.14048651749698995,0.059556858113378186,0.0042959502327915705,0.00012293691693731745,0.0018113842573528952,0.0014987565979893563,3.173887048879678e-05,0.010041087745723015,0.0010726747618335676,0.004764082371996214
neuron_2506_count,0.20534813729328347,0.05756282705124477,0.013879386674238284,1.4612093946737544e-05,0.002390372936824328,0.005078239724743895,0.0004152082613805737,0.03205842478932078,0.0068441817336383215,0.013164543818644125
neuron_2507_count,0.0994427184759644,0.02926618694455145,0.007304068811885958,1.8818695539279257e-05,0.0001503377275999659,0.003754750555866007,5.053410917132094e-05,0.017017353318936057,0.0022427777579552763,0.008707274387484566
neuron_2508_count,0.05390285160665255,0.04939250735677098,0.001906411719194331,0.0004390129075830659,5.755711632812657e-06,0.0001757732533795111,0.0003309194805693007,0.006194179685683759,0.0012134850987206092,0.0015739715687375037
neuron_2509_count,0.18676436349150316,0.07396566210934946,0.009703257497292284,0.00013941936099388322,0.00044521128933090737,0.005890611871451651,0.0007233124475125689,0.025147531554554473,0.0031570779390133305,0.01183618493134822
neuron_2510_count,0.14194658333467688,0.06174741233880526,0.006820621743623197,0.0001377348256631246,0.0012024342232649435,0.007267251509096531,0.0009634678419071924,0.020771613563698568,0.0007029264858392894,0.007475605997027013
neuron_2511_count,0.14138536194941614,0.042888820386129706,0.004897538801905056,0.00026231304322334517,0.00019279824869610678,0.004283512327898892,0.0006689828460208439,0.019843872512265825,0.003596532263840454,0.010299591037673292
neuron_2512_count,0.2782226826773528,0.06671791679302927,0.008942447290228472,0.00010426301579614244,0.001013254566834525,0.008620117858689866,0.0001301325272027535,0.04426431909178338,0.009851755031279733,0.02665335014559156
neuron_2513_count,0.244564353375038,0.03896377233369969,0.027598768692119108,0.011299577787014778,0.014301722586328044,0.026420481489198774,0.0004434712119165199,0.0722239405691423,0.0030037784693661626,0.0662329000706641
neuron_2514_count,0.2417112334039408,0.07826219094110393,0.009896982743617139,4.0526487477043904e-05,0.0001663469023155061,0.014109789180383678,0.0011900278244219957,0.04501690314234216,0.0031262489938241322,0.02009146150641171
neuron_2515_count,0.09168851938025807,0.05145456017733821,0.0005041442055059436,0.0006480242626581041,0.0016311252845017665,0.0028586699067250088,0.00029825216421881405,0.010131458956150557,0.0031400367888080837,0.002643381880849373
neuron_2516_count,0.23003560430717498,0.08755016110858341,0.02242469518259481,0.0016912991801026657,0.0009473191295310754,0.020887012408187702,0.003223391885013617,0.0638744322559941,0.0005771153193030142,0.036293049605583605
neuron_2517_count,0.1463939428115028,0.06845382589656054,0.0035735053156510863,0.0022531139082095017,0.00015273858402411675,0.006338729680406829,0.0003261019048752048,0.027032877841817737,0.0010318115715235122,0.010106725866950647
neuron_2518_count,0.21460079058675763,0.09407034911966289,0.020985537980855798,0.001134572152836029,0.0007443238987636467,0.014715154100669259,0.004093555276883064,0.05497965010963496,0.0011762637267410808,0.033170297749272964
neuron_2519_count,0.0945990703674707,0.07229636966160513,0.0015492800757251207,0.004572292434581314,0.0004092458041569363,0.005019737154171484,0.0008267459388900701,0.01394990700805998,0.0015398317615429487,0.004336928437471549
neuron_2520_count,0.1452378541760187,0.07210832589106098,0.014969980817481451,0.001783303838243766,0.0006395699046706955,0.022548996788305936,0.009594830355601297,0.06090979931074439,8.099648694125366e-05,0.03452600997787603
neuron_2521_count,0.18245927347949661,0.10295059498329368,0.020291524769840114,0.00614424900218806,0.0019454631415411691,0.019516874097416953,0.0017898285723174229,0.058166505479006925,0.0007953385525078342,0.031272092297822185
neuron_2522_count,0.14532065651717815,0.1200418150317713,0.016596870627861873,0.005016408158280299,0.00043405013521593486,0.020879812573933662,0.008470184226218938,0.04577466043024361,0.0010086943503733684,0.02076252316756448
neuron_2523_count,0.1553064036183602,0.1268692635833843,0.02376161549573229,0.008147470656002485,0.0005307715056999127,0.007930822320410383,0.009267075329193568,0.06156375349368565,0.0002652235659168032,0.011275316832619647
neuron_2524_count,0.16982815186245448,0.12828154820302837,0.010040080944094781,0.00917480152763063,0.0026444395545281224,0.007251702725443537,0.003807493129600506,0.03804518275906685,0.0011223707329230115,0.011127173500314572
neuron_2525_count,0.16826582997175146,0.1351800197040922,0.014539038414420904,0.011501888004720781,8.903791965328162e-06,0.009799246626831029,0.006107027873819469,0.05070472428794029,0.001162824184863842,0.017215965748471826
neuron_2526_count,0.12035852926504564,0.10571122055165413,0.008518099485209138,0.015154912548036609,0.0013647506053895454,0.004604284639677873,0.002348659549399411,0.02971536764825121,0.002031074733149514,0.011577535118805105
neuron_2527_count,0.13558996345201826,0.10204012760036113,0.008940434628325444,0.004695685222847572,0.00039696190510248855,0.007405597057871027,0.004161203451210821,0.03521166090639488,0.00025137819701327203,0.011459271028287699
neuron_2528_count,0.12234873186162781,0.10549914429833193,0.020404662371605736,0.005106739364232914,3.3877531674639076e-05,0.007664769764004042,0.010271879232625902,0.04925760095462564,0.000637183707122669,0.015538274797725807
neuron_2529_count,0.15678203844006938,0.12541278176942772,0.01464783993298846,0.023190235464676134,0.0037910093700312536,0.006524993837174989,0.0015816437789784935,0.03146780867568791,0.0011804218761817522,0.018278383419116834
neuron_2530_count,0.08071374308916207,0.10916784168991622,0.021202763756164505,0.013175880390918271,0.00036462739169721564,0.0021432784039889866,0.007000116146356095,0.026086935166812583,0.00032035114510142824,0.01143985180049202
neuron_2531_count,0.11767470272152541,0.11442045542739876,0.012330616562084784,0.02676467081340013,0.0012653994298283885,0.002292812636076093,0.0022344420844095866,0.034388806607782346,0.001036252040741495,0.01729117243920926
neuron_2532_count,0.11263599386098871,0.10498930587031194,0.024090570827982244,0.025214041001393614,0.002976742874366528,0.0014471925076755196,0.004343712771906774,0.03545681999746236,0.0004372155757710024,0.021938646114226162
neuron_2533_count,0.09202937367084904,0.07521169867254818,0.0052831525810684565,0.0070511272804233,2.8433162040515138e-05,0.00017021145143741173,0.003268351609974511,0.00751550830353221,0.0014233232248551247,0.005298163694108932
neuron_2534_count,0.15989427977178372,0.118660274628033,0.03698436939855021,0.0143601392594436,0.0013419810509255649,0.00013762410502347715,0.011823967382600317,0.04005372041125185,0.0011378769001983528,0.025575336648088656
neuron_2535_count,0.1245778769849229,0.1455646098826173,0.03564347376729353,0.014821532969393342,0.0002706904022388972,0.00022786921846006808,0.00783399907370444,0.022835473479044882,0.001461535709484851,0.016868626660696523
neuron_2536_count,0.1415469623854982,0.10940490422740173,0.02066764762436904,0.01020745704565433,0.0009012145306958597,4.3029116106148985e-05,0.007103576107179724,0.01973423047145377,0.004051529833322638,0.014555372315085593
neuron_2537_count,0.16651013015163396,0.12530620578836704,0.043758845336290625,0.012355307039510058,0.001002547719764716,0.000245307365848128,0.007009383025013943,0.019909685163112034,0.00971852782790246,0.02134330171998927
neuron_2538_count,0.09756009563811996,0.07960367042991356,0.014561253962102727,0.007885790741294273,0.0001370973855830829,0.000964761739282876,0.009851413996602554,0.014387102232649385,0.001067492251463395,0.006393705337696044
neuron_2539_count,0.1358046824850928,0.11599344562974145,0.022556592811708423,0.007091290504187345,0.00019881330432053486,0.0010558232991297808,0.010091551435622459,0.015902125492032335,0.004603232104030748,0.013681894065586078
neuron_2540_count,0.1371256134873182,0.09694229295673026,0.030561971068846283,0.005901388320633,0.000405917667151515,0.001840720705763771,0.011985696641999263,0.016814623318322494,0.0036890722178346477,0.011837556686729325
neuron_2541_count,0.0853533511620713,0.09020266340206223,0.014191622850491734,0.0036648774952315055,0.0008778925144957359,0.0007265764039456613,0.01176607078950069,0.009961569327744738,0.000504356522904612,0.004070671658861137
neuron_2542_count,0.19135657152791646,0.10740559831201155,0.038672190532752476,0.0022006525203395605,9.166158740583268e-05,0.0031763545461930692,0.008076972512924344,0.01457782975607333,0.010545464532409246,0.01986690141506728
neuron_2543_count,0.16245044931872282,0.09904146389625429,0.037124160136550094,0.0027712401406293843,6.099143245938106e-05,0.0035278213842674447,0.007485248855028326,0.014347202757292565,0.00670804681040886,0.017336267119743093
neuron_2544_count,0.12383490974592598,0.11015407951662332,0.027464908867612048,0.003626054701852399,0.000132250555510075,0.0024228358583416112,0.010322955121381136,0.013050771392851351,0.002101501392126337,0.007987281868892637
neuron_2545_count,0.1519113809254058,0.08789371512810212,0.013652653916146146,0.004844690192057799,0.0010841808244343304,0.0020947404799481865,0.006676061555271111,0.01139628363031675,0.0012219382513344917,0.010096010433661443
neuron_2546_count,0.03965961453599469,0.033955300625433525,0.0008757291571732549,0.00117165698445899,0.0007939090365230231,0.00018375612479009512,0.0015212107914433538,0.002591208108759807,0.0006876219610990279,0.0006866715646256212
neuron_2547_count,0.14129873673897375,0.09549368886964774,0.026740588341788288,0.0016868336086737143,3.46872787100206e-05,0.002678730328189702,0.007472848790231024,0.013917388135567185,0.003251161531661377,0.011615560778885009
neuron_2548_count,0.19075811667423181,0.10010579131328104,0.03408245785124264,0.002444795084586046,0.0003892698493704813,0.005108439597837577,0.00898691906186977,0.015453028916010136,0.008787058667699271,0.01618852150887108
neuron_2549_count,0.22506044758265303,0.062015248013383345,0.042716251200626415,0.00016951091396361778,2.8704949850864685e-05,0.008163510706584186,0.00750196853757433,0.013795059190251646,0.02581751907366507,0.0315255956406309
neuron_2550_count,0.16159972521616936,0.11147243628143491,0.023399426532737147,0.002987741614252075,9.440820189764859e-05,0.0020754290299326156,0.007397473944957239,0.013428166194736565,0.001206066909141209,0.012404780640885793
neuron_2551_count,0.2156982072487454,0.05775937666734954,0.04642336644183939,0.0005613194973605722,4.209058626902275e-05,0.006692082149300178,0.0076837703113365186,0.017184425436231943,0.022797654254951158,0.03077195407025926
neuron_2552_count,0.2096337277118212,0.046853344700598015,0.044554114869341105,0.0013208155531170933,4.0409691512486526e-05,0.00905065034315005,0.006064043577078092,0.01477944067646525,0.025666069629662752,0.03157342573406187
neuron_2553_count,0.13148445501968073,0.10375160876939979,0.009533378687861652,0.0022755639824016613,0.00038838990461588334,0.0022471151071200637,0.0066215566613919,0.011498510501908837,0.0008778171518141697,0.006172981525764065
neuron_2554_count,0.17644553971634336,0.10987554295180166,0.037543949053249204,0.0005218413787204945,0.00030354344128701374,0.004325100382496068,0.008384175628677576,0.015179027760514135,0.004028204349156038,0.01526472883181755
neuron_2555_count,0.10446080393462619,0.09018289971836149,0.023045835621100297,0.0015677054368995608,0.000470129385926641,0.0034676946722963717,0.008349292333709034,0.007378625906679356,0.00409011473911515,0.005322170993980944
neuron_2556_count,0.20663276727596602,0.042353317555789985,0.05615315771203397,0.000683170467781621,0.0002158203468347877,0.009670530550761086,0.012324403275619678,0.022305311142285095,0.021451853964327153,0.03770316627343631
neuron_2557_count,0.08376492109761285,0.04157907676866021,0.004749366591985674,0.0016732443175080172,0.0005028939140500214,0.0009223250824322159,0.004275221410737544,0.005455152061311912,0.0024782392781654526,0.005335555238738798
neuron_2558_count,0.05816453684808448,0.05713907782250202,0.0021315520032085984,0.002665026115103511,0.0004196974786565954,0.0007776217809196794,0.004964776357165905,0.004220351356837217,0.0030804826692569925,0.003375880742204764
neuron_2559_count,0.17923547759671543,0.058702374154473935,0.05569544885480515,0.0006666007777921118,7.871052295077433e-05,0.006814365737586897,0.009205645595667389,0.015082138955529373,0.017509015667018415,0.026906746887274513
neuron_2560_count,0.17234729352909695,0.007594475599967392,0.005717012926455059,0.0010882137840621843,0.00047583943895289187,0.0026888254330716677,0.003781945332637912,0.01865477596993685,0.034917553921063854,0.01408767012739881
neuron_2561_count,0.07037134823289035,0.03506202395109152,0.003060120686653574,0.0004129074635384287,0.0027954172148459307,0.0015045865791586122,2.9903895198387168e-06,0.010593655803578177,0.0028156169755625595,0.0011760281016072252
neuron_2562_count,0.19346227834127916,0.017411472087963675,0.005868544362811548,4.9590398158815994e-05,0.0008656294363092905,0.003999451101990348,0.0008901417425221762,0.019958578927117512,0.03419049891229464,0.014248822544263157
neuron_2563_count,0.0682650383063005,0.02286311772028672,0.0028930162422128036,0.00025703797297331964,0.0006029249934203056,0.0015352483240683584,2.372730289251207e-05,0.01304946917712467,0.0030353494584169647,0.002362734141202089
neuron_2564_count,0.21933215677470544,0.005533834423717403,0.01856394073391665,0.004436898144214538,0.004119784479022771,0.008746325944779268,0.005063543841635244,0.034322747348529525,0.035316312457837756,0.039502923081338764
neuron_2565_count,0.18918541030472055,0.0065689171351201725,0.014365422418750828,0.0031454367159374705,0.0006637689889560563,0.007860923257222652,0.0041593662498020725,0.023990915960381345,0.0223245257075127,0.03429660233413495
neuron_2566_count,0.1891800650575896,0.011423405579211912,0.014424902322406286,0.00233676339079808,0.0014563099863476626,0.007022341176470215,0.0028753878541815034,0.02717773821151749,0.029507825579830935,0.03183339098968484
neuron_2567_count,0.16553301619096533,0.006215661066558478,0.008605595285824434,0.0012535488344659063,0.0006450461856943182,0.00508723430764383,0.0033124351830939036,0.021507186665253558,0.012409199110522184,0.02536146367610584
neuron_2568_count,0.24686617564572383,0.01448950718062382,0.01946632419716053,0.003261084515950023,0.002458572618849299,0.009021949662069415,0.0016329339139139337,0.04518273381786356,0.030161634796596837,0.04078206954542074
neuron_2569_count,0.23634964703718458,0.022676303750600355,0.01647445268641866,0.0033328956807812324,0.0032789150198835187,0.008938428556085856,0.001707897675653755,0.03994633040142356,0.017106668328403976,0.03400458554322072
neuron_2570_count,0.21872886482616402,0.019982273793988217,0.009191217608613939,0.0012715154296499241,0.0006751574171189045,0.0123353721133381,0.0025946085862324705,0.02028126209090829,0.03428798626093818,0.0288995834000204
neuron_2571_count,0.22535751616127772,0.02143551139634045,0.02480695339210115,0.002266435080597401,0.0033264512095826215,0.018807630605439316,0.0007865223038346584,0.05636450888707156,0.022495933582911243,0.04382409046766442
neuron_2572_count,0.2330464368595878,0.05790941888797754,0.011455087683796758,0.00012876811135423792,0.0012705537423207524,0.008920776488541768,0.0002647186668374036,0.038468512849247044,0.005205009963086489,0.020714784189476143
neuron_2573_count,0.18900113423640724,0.05903107436378391,0.012494117096289059,0.00011833425838608108,0.0006793192703618521,0.004456806449387771,0.0003932342818119324,0.028484474970519452,0.006189377078902145,0.012204425602167487
neuron_2574_count,0.26119195021784397,0.06987669062889468,0.014818714945963055,0.00021960772796731677,0.0010676401592050883,0.01254222817312202,0.0010487446078157846,0.044045734210147014,0.010113972972202692,0.021228246151620764
neuron_2575_count,0.1913671705240447,0.05541839485363734,0.00666016870459582,0.001091192240525292,0.00034309924028044433,0.009258176509031546,0.00011058921049565944,0.02746545116840232,0.002373422770705777,0.016493791840537675
neuron_2576_count,0.263397642383417,0.06840560391466496,0.007513742187496897,0.00010488762098941843,0.0006907633804096279,0.00953537345960316,0.0010396059155759405,0.04139272952893114,0.0095754336620337,0.01885861648673362
neuron_2577_count,0.2462055603583186,0.06942463037831426,0.018796548489181913,0.0005332204732166161,0.0015224985382019298,0.02768008482054192,0.0013803995699987748,0.06026594200407176,0.007340467944285042,0.038708144487327095
neuron_2578_count,0.26099542444324547,0.07400571787292773,0.009400860948937953,0.00038382811434389125,0.0005638538439314243,0.00676933688660894,0.0010642450242158985,0.0405669554503572,0.005367819534537327,0.022042969620426844
neuron_2579_count,0.14641579274591832,0.04162591625382492,0.007291501780747001,0.003503885324053199,0.002667100001280405,0.006975523506422235,0.0007173693042718586,0.03338603225310455,0.0019853040911851916,0.01655088494715684
neuron_2580_count,0.25939297516329,0.05987962604296135,0.028701224753003324,0.00402013621828938,0.006296756468497838,0.015161595877646775,0.00025695181967299446,0.06277791722313655,0.0034221053978707866,0.04668310200252654
neuron_2581_count,0.23061476120475388,0.06846410864881108,0.011154927720207347,0.0020214890769770857,0.0029572104864633367,0.00964561755449396,0.00013508549617968942,0.04703095802559076,0.002498454048187007,0.024952507122330478
neuron_2582_count,0.18396779903210297,0.08212500830197841,0.005765184463375102,0.004577784766609139,0.0009901975902852338,0.012978482384210191,0.000767189552762948,0.033321085793203115,0.0015868000702944397,0.01520531622358226
neuron_2583_count,0.07360850766646905,0.06003731661695133,0.0014625010569451584,0.000886149340976701,0.0009461577380814618,0.0022355617376373857,0.0011742243146393681,0.009691035395067361,0.003470743297856932,0.0008549080572441518
neuron_2584_count,0.10401946699718465,0.0531065447389335,0.007095672399481313,0.01162260559393985,0.00578961227158125,0.014626631237319124,0.0017199686350195358,0.04254433707799263,0.004387589239522781,0.019108560318665757
neuron_2585_count,0.11442007237659457,0.060101092244231186,0.006744644707241329,0.009649535414544455,0.004316339837592956,0.009017712701659228,0.001119789207738281,0.02949978675421129,0.00163109176086014,0.014792415257197614
neuron_2586_count,0.19127052427376226,0.06451810472298583,0.02160299953679501,0.010520436955013993,0.008942385611633158,0.019749387255292267,0.0013197131869842268,0.0673019091995912,0.00037203063896347477,0.04197685841156151
neuron_2587_count,0.12284227680613857,0.06744769864527009,0.01124639312576857,0.004279319826186685,0.0016685564886929297,0.00406073840460907,0.005682455641238496,0.03801736334301578,0.001593766046173336,0.013613286768037192
neuron_2588_count,0.15688851456321284,0.09864923460753247,0.020945798705769028,0.009118220162784879,0.0019866915252993583,0.014424651124695098,0.0054178546407119554,0.06072101928068577,0.0015227335155166867,0.024142407719316555
neuron_2589_count,0.09199497929985986,0.05506617612238482,0.009466659128744372,0.00498905511163826,0.00024104034057275021,0.0013848121807830092,0.0061688782893743535,0.045176929429212975,0.0013500230769054496,0.010609911142080042
neuron_2590_count,0.11317526869374761,0.0747354710285128,0.014133513741787021,0.014285271915845332,0.004511831734465961,0.00536731457184509,0.002045998771655143,0.030496914662972108,0.0012296941537083758,0.02041832294168419
neuron_2591_count,0.15646033119759775,0.09941415762157615,0.029440197206091867,0.0126947985301194,0.0055152437725460995,0.0074220518526850465,0.001902112189121015,0.0457298647242963,0.0008818021505328857,0.030411974725378127
neuron_2592_count,0.09092965179414952,0.0732431056855243,0.010167443114996004,0.007696519096255468,0.0013288475669655311,0.0014472927703069877,0.0028182727965360005,0.02102637408742636,0.0016999943599285035,0.007761452017767463
neuron_2593_count,0.06647785866399702,0.09811308908783323,0.02099179045236854,0.014151560365546281,0.0005967370550523639,0.004955472221545333,0.009881009084304199,0.035297015614274646,0.0002008822493644001,0.016391148221430063
neuron_2594_count,0.06897848765823847,0.06888308564799211,0.005905785202167113,0.009235564390297796,0.0005759573573449923,0.001496545976225564,0.0026877580965983874,0.019882560017308412,0.0011524868707378857,0.004388361165236304
neuron_2595_count,0.11532101446209986,0.1020891573236273,0.03269252327595873,0.012524168951331835,0.0011523537276894626,0.0008730473108969662,0.008795317963564989,0.0353802511185565,0.0006049666713003072,0.01576270028794427
neuron_2596_count,0.09048233462457522,0.09801291302478624,0.008878695964379443,0.013274255136587351,0.00012504219716181174,0.0009892124766720245,0.0035947936794903587,0.014807840290562924,0.00046670658950537583,0.007798102321320374
neuron_2597_count,0.11652433844136498,0.10237189375692171,0.010570119171591175,0.013008239604450383,0.0009776514362369697,0.00015057176836087705,0.003523352945672069,0.015547829158235882,0.0006000631380466553,0.00875184379613192
neuron_2598_count,0.1028737327197993,0.09690398350052509,0.013218697031366064,0.013575971385543673,0.0011521598407953845,0.0001696653539240544,0.003925529357133917,0.013988534235358605,0.001466203620822979,0.009724713271415747
neuron_2599_count,0.09934035952149073,0.0733611781695693,0.011563704797423302,0.01155619025563609,0.0006636239418239334,0.0002296572387148442,0.00888717410186101,0.012421099278318234,0.002347583645418233,0.007494759182589468
neuron_2600_count,0.12147269310889586,0.09154329344454495,0.023941937310783312,0.009494000789170537,0.00010486981636710808,0.0011631135672904719,0.008905275340007221,0.013935500559251301,0.0024162707029485204,0.012003967756290854
neuron_2601_count,0.11027977586663545,0.09033093382224072,0.014672326392597593,0.007011321610486482,0.000455682695052282,0.0006472677228951118,0.007708110557712408,0.012645734099111294,0.002552078750591734,0.01004405010438783
neuron_2602_count,0.09395038875349046,0.07168287546617058,0.0007765957371455648,0.0042448288582340385,0.00038059294917385834,0.00028827651196861037,0.005535471923970137,0.00397521116723798,0.0005268325382198364,0.002010079192909301
neuron_2603_count,0.11260209992519812,0.080118317427406,0.020235843085900568,0.007655893171862868,0.0008118359401778352,0.0010170824714846004,0.012801121647207508,0.015227416910037608,0.0027300368015355653,0.006939254823471776
neuron_2604_count,0.11919745978436219,0.10175576332837538,0.013219601618300006,0.0077997684745138435,0.00030381398579481383,0.0008956458809175755,0.009002165242642829,0.01347311287298096,0.0024524543036247813,0.005351985525053123
neuron_2605_count,0.11748660088446158,0.09564042832773181,0.025168031726775106,0.0056046177015773024,0.0001939696213121532,0.001468829116006709,0.01033318772884724,0.015299073749147019,0.002170649764442683,0.007696549322168483
neuron_2606_count,0.0780768467722896,0.06124247628248122,0.005674459057306069,0.0040423312003285625,0.0006366723788424171,0.00024212439099299913,0.00571096566341598,0.00826239963321479,0.0008145562563061145,0.0018045256969408258
neuron_2607_count,0.11763128194914757,0.10736708669631076,0.011717548590761961,0.0040300818635170405,0.0007094782024979649,0.0011902948453212138,0.004629331119618198,0.008932329296378508,0.000533573937815942,0.005373868146220921
neuron_2608_count,0.15234003311628122,0.1027905632308296,0.02480038491437092,0.009058389506412162,0.00038412970915508923,0.001166151470234883,0.00519460516476699,0.015597608942057903,0.004617977317337776,0.016340078164967894
neuron_2609_count,0.10546938236885459,0.07781561796827532,0.023184326429921437,0.004741355411633556,0.001052260745841825,0.002012764797903629,0.00910726120191338,0.011897211824043921,0.002214820841512321,0.007983578553917098
neuron_2610_count,0.24542802009866305,0.12439583507613206,0.08428505732290911,0.0020518678662548515,0.00013038023889454416,0.008250492872892798,0.015234554383087406,0.023346989596562534,0.02511370244151176,0.033373392451291006
neuron_2611_count,0.03496404423918155,0.064529215688953,0.006122325242900455,0.003182658127048623,7.80687037817289e-05,0.0011740782935020233,0.007550843076330083,0.0035359520481690228,0.0008104259555384158,0.0005009099455074901
neuron_2612_count,0.1763508219994026,0.08065252460671962,0.04144629614887074,0.0004877577503211855,0.0001524744768121554,0.005163496505789705,0.009326837657775061,0.01534832727240018,0.013751376690935332,0.022323157629441925
neuron_2613_count,0.18164058373246805,0.08125985475467057,0.0439618875357205,0.0004422519035687158,4.3666066956549393e-05,0.006015885369724243,0.011708900367374209,0.01460155612665516,0.018688289253080678,0.025376155836345574
neuron_2614_count,0.23780434460511501,0.08887518779886308,0.09234759349999722,0.0013693045958693834,0.001005408891411208,0.006395137580580634,0.016859973678546844,0.032400929048231455,0.035423259803489926,0.044693865306826924
neuron_2615_count,0.19564626705830107,0.05955851790082681,0.051646681986984216,7.406586101085626e-05,7.922015787738702e-05,0.009625401816148738,0.012420743032007714,0.016521587725939035,0.027376226201718604,0.0303474364828666
neuron_2616_count,0.1723686044023134,0.06814912310542726,0.04996014462550302,0.00313120176462775,0.00035982078433846945,0.005970549021753313,0.010423498512185714,0.02169294077407491,0.011987340696861831,0.02218401840193411
neuron_2617_count,0.12474213272824422,0.10418043943305852,0.022660557545611304,0.003254857403149597,0.0009786837428651454,0.0021817308858031806,0.01045998688983353,0.012878230758713943,0.0002362889754729241,0.006234626888959552
neuron_2618_count,0.03889843610099501,0.016388392839900373,0.006073945329582817,0.0016268027540788169,0.002466346186518694,0.001245842419990869,0.0013572867324170498,0.01047289597637971,0.002253890231081978,0.004639316212370917
neuron_2619_count,0.1532551614063349,0.11202142614609553,0.03267507907774003,0.003535845573012425,0.0008693024224126489,0.004221872712025239,0.010798898228622594,0.0187824411809894,0.002428878928942682,0.01076989935818111
neuron_2620_count,0.02092359081644283,0.10171888827389164,0.003984793534629841,0.007946396967720412,0.0010812571964632684,0.00048704473107725847,0.0018812298875769745,0.005444763886498001,0.012755583750889133,0.0028279046583667153
neuron_2621_count,0.11069355085726831,0.10803012416974153,0.02640590666445375,0.003213553461114481,0.0010251243669720522,0.0028447294917181287,0.011623212545920025,0.012795520075312664,0.0026807911798480727,0.007205305983264687
neuron_2622_count,0.11089603899823237,0.07765572730111853,0.015494460289078485,0.001688420674266538,7.953071596652475e-05,0.00293260310534299,0.010644854548050517,0.00979470606641572,0.005757944267265117,0.006947942810088856
neuron_2623_count,0.12882688928189256,0.11536540746316123,0.034572108182037015,0.0018687003434649865,0.00019521614658097632,0.003664122463519673,0.009653609616390293,0.017791764998087253,0.0023155407585334553,0.007910579906614791
neuron_2624_count,0.18852753393662358,0.0159933105187441,0.006267377548161021,0.0005803921652829738,0.0006010695432317071,0.003529724811497638,0.0011645972898811918,0.01987871085270862,0.03167450463628718,0.018585460133395765
neuron_2625_count,0.13316477091892615,0.003222135863033819,0.003007679721080299,0.001057363039505238,0.0008895892705557129,0.00039422072229077995,0.0009790324964015912,0.009669100850293225,0.03214300560025807,0.013564455942121176
neuron_2626_count,0.1578048720637625,0.00857672565528178,0.014069317715959956,0.0016408736678319817,0.0014085789924153276,0.005582325500541538,0.0010865621695817888,0.02865485891988502,0.03168048068903814,0.026049502739546024
neuron_2627_count,0.11713800419924028,0.027618912799000972,0.008917182918004085,0.0002591709382733492,0.0005577637544103009,0.0038703993903206543,0.0004793509340657084,0.02440031904027369,0.002228986973854364,0.012621144128849085
neuron_2628_count,0.1792782225044156,0.01911245687551265,0.013334697203995952,0.0009396820160623709,0.00018000602577922416,0.005358095257902665,0.0007300358174877133,0.03313306005674055,0.00840941174200855,0.021154238102926326
neuron_2629_count,0.16271174181429715,0.003522405004354738,0.013885327480639226,0.007751654234214603,0.002707561888792391,0.009962891944604188,0.00450368289913719,0.024665398460834806,0.02374317071745055,0.037094460063678086
neuron_2630_count,0.2119411862361653,0.036463296396469586,0.011651961327919139,0.0003017231652311953,0.00032869693164030815,0.003576117609155549,0.0010257253866491102,0.03087549813668422,0.005972247863619683,0.017506684974981424
neuron_2631_count,0.19240456622515617,0.024257613360231856,0.01308734872372369,0.001644037817405606,0.0008626660903506959,0.007720374887480903,0.001830304880645749,0.03725902610739332,0.008351667525231324,0.02397364169240296
neuron_2632_count,0.2431051262487307,0.037871983650378305,0.014974604384614551,0.00015902343570185773,0.0002337544288073404,0.0052342103291250705,0.00021523869334434936,0.03920576513133833,0.011413317440032891,0.024017096163656965
neuron_2633_count,0.2345178275866467,0.012889528898801919,0.015633171612165583,0.003240077874620627,0.0019979691518994917,0.008668488053669668,0.0036302188549521483,0.03895069137890783,0.017290369933548932,0.037083756468768825
neuron_2634_count,0.12695550284929696,0.04883122636882084,0.008478444471844204,7.784078098044527e-05,0.00031340350464302905,0.0032232219498909906,8.785147342505796e-06,0.02159255653331532,0.0032066282782871845,0.009254609209127934
neuron_2635_count,0.23065305492298882,0.02556615227290074,0.013833463651169053,0.0023739141951330534,0.0018218492040354209,0.006933830240848038,0.003345796800176895,0.037620192209796816,0.008790028290211985,0.03268685742266014
neuron_2636_count,0.20985314443541395,0.047300758594784414,0.017871697979990234,0.0011235892185480385,0.0007401962423084097,0.008036771163592457,0.0003981906295511357,0.04419265391354224,0.0034584066033153567,0.025074336643196832
neuron_2637_count,0.09285315562143509,0.03426622056377057,0.009626494170336078,0.00037451715689080026,0.00019447401975731735,0.0046373329545662395,0.00021632283097168265,0.021501441738065064,0.0017174999172212616,0.008957151059241275
neuron_2638_count,0.195659684025724,0.05216872746321291,0.012249673644763301,0.0004902074532695637,0.0007547948450266043,0.006794237368133144,0.00010856902407692728,0.03321839227562584,0.0036072399340901923,0.01940211636789939
neuron_2639_count,0.27842773577859786,0.055207833585942195,0.018866374131083052,0.002120448043844189,0.002014314546440653,0.012070026399408323,2.2905130310811714e-05,0.05553357596264949,0.011897240335532008,0.039771684811857666
neuron_2640_count,0.16922545254457064,0.06398486113673654,0.007603851567084666,1.5047332633044393e-05,0.00011891200893746588,0.005887626768369125,0.0008945234024819691,0.025649346354409894,0.0013205721133975929,0.012345952529023471
neuron_2641_count,0.06319777064418004,0.03594866606678973,0.001273104675453756,0.0016662362793505546,5.5433642894645203e-05,0.0008627705175418415,0.0002228890617185543,0.010207360434856483,0.003849202715032335,0.0022247958763326227
neuron_2642_count,0.10834706962071472,0.05178235125635733,0.0046801724982155485,3.2630604098450155e-05,0.000186446092430936,0.004360728908186687,0.00015029582572728337,0.012809440254621954,0.0026854175604307563,0.005687055641287159
neuron_2643_count,0.028892881803210556,0.017453979470712547,0.00014532560511089528,0.0003603262713095757,0.001043760694882847,0.00029793113694093383,0.0039974168370711625,0.001783338296247398,0.0001744958099148047,0.0021698362896317106
neuron_2644_count,0.23717219062881711,0.06984674999743715,0.012828008523750989,0.004085252526273467,0.0035574331337727694,0.013635426882609727,0.0006584883173064316,0.05253147499140107,0.0031581203264936172,0.027547644888839914
neuron_2645_count,0.15289334040828906,0.034731470043816146,0.011359466820870107,0.0031085535551270346,0.0027145919534629394,0.008847988476527069,0.0002557047522472539,0.03991029694298692,0.002404554923468999,0.024132203721199466
neuron_2646_count,0.1921672064009817,0.06478873662714735,0.027484919728177196,0.0034573911400532092,0.004094684068014227,0.02328260778339193,0.0024712374320014704,0.0657357632563437,0.0015362923349068296,0.046203667724413144
neuron_2647_count,0.19294260164446797,0.0561956122169239,0.022660110691811716,0.0038975013426328434,0.003130527081287568,0.010999143597648836,0.0014437591181935515,0.0560076642889939,0.0013947659095235095,0.032194472880503866
neuron_2648_count,0.03463044152205746,0.028741232455921167,0.0006042398087749458,0.0016561065642861396,0.00013423300132708914,0.0006448216595847153,0.00011505654460498165,0.004484963616901094,0.0020836803884534925,0.0007058108667991744
neuron_2649_count,0.0942492525377841,0.0624338410006669,0.003529147163877845,0.0014455127273560013,0.00046046685725733075,0.0033322429306975945,0.003519688028803064,0.020974226236122814,0.00255907210171585,0.004701020470414881
neuron_2650_count,0.11478804272513063,0.05985087722076954,0.008863510830541786,0.003936655249055218,0.0025827409173757674,0.004736934519093579,0.004170430819742756,0.030018414130693907,0.002653871427502008,0.011945693625771886
neuron_2651_count,0.1722197073760263,0.10225465330218358,0.022884258945005856,0.009320481745049111,0.0005039638773800398,0.016161409718609326,0.0037437596804926893,0.057720355471565066,0.0003840230445838434,0.0297101582408488
neuron_2652_count,0.13612944432852428,0.07112439364328965,0.01276516215690815,0.008201533251955474,0.004116922421563647,0.006136083041776166,0.002130286681402603,0.03171272436032371,0.0016991769856394435,0.015160756533313627
neuron_2653_count,0.13943590900794461,0.0821778154800688,0.012179103046748185,0.008396023142200094,0.00427627347269699,0.010237832438855649,0.005114541427676957,0.038055690345631055,0.0017336590454206068,0.017972216025271798
neuron_2654_count,0.11063377615300757,0.06380077243253685,0.02063571187107345,0.017464446845593493,0.008004688236927175,0.003350736925673198,0.002995914553415177,0.0324878167671893,0.004075784967001166,0.028497689241385932
neuron_2655_count,0.049890260379073056,0.04441983930663285,0.0044596220721794325,0.0030041837435088835,0.0006507351241121177,0.0007365062518789687,0.0034919427350545325,0.017074605623878275,0.0025392863871400023,0.0030910546060732708
neuron_2656_count,0.09984671872838702,0.11734414509788807,0.019269654978457715,0.01225965539985703,0.0006368475457421644,0.0046693548502846,0.009527842452179358,0.04206325694704402,0.0012659621531296399,0.012900852435276736
neuron_2657_count,0.07269786360244612,0.07140892624081954,0.006389612368300289,0.010250469501148496,0.0022656834236190887,0.0007494102592468244,0.0036449529833935262,0.019261932733755704,0.0012284093649706854,0.005238784657916516
neuron_2658_count,0.06558692463849206,0.06970224182600215,0.012177163554874457,0.013994908247355192,0.0012070044172760482,0.002294618311900476,0.0019298940348567578,0.023067593714174134,0.0016346521682907948,0.007148275878783236
neuron_2659_count,0.08416623995284517,0.07471872116010472,0.008840904941626884,0.007797193274950327,0.00032336694186889565,0.00036250475835435635,0.008094164389705373,0.01612349392435239,0.0009521593606316241,0.0059399816894304125
neuron_2660_count,0.057695660223184425,0.08130291835287409,0.011547724319350763,0.010295539988133068,0.0004685475775227689,0.00048099549667234356,0.008459582143368699,0.009108128515880123,0.0008222377921359124,0.003712631962260439
neuron_2661_count,0.07970976890151155,0.07305386975930292,0.024958892374748853,0.013165540437451079,0.0013174969681183368,0.0022225673650529028,0.010800843720016294,0.02508470145617489,0.0017486198144240853,0.022742022649446303
neuron_2662_count,0.14172098150569623,0.13186488354891082,0.031187900105750677,0.021530607197166735,0.0007208637635981521,0.0006278404863371972,0.005290643536114761,0.03066110318901577,0.002573032688128425,0.020258685728953243
neuron_2663_count,0.13274005005469444,0.1533926174168542,0.039287531251195745,0.024841810341664897,0.0010324992601760744,0.0003935797478349899,0.010305992433406352,0.02340643724744572,0.004533050852324992,0.017732440769946053
neuron_2664_count,0.09599789996012054,0.07816018755859047,0.011725941324444461,0.010063379208258866,0.00031780080469204393,0.0008147682120870289,0.005382662555439059,0.009592168832539466,0.001008386300072309,0.0059880954520175195
neuron_2665_count,0.09804311041547437,0.09428770563573297,0.013748508156170416,0.012863489727550997,0.0010803509862810923,0.0007076104722400049,0.006986449779475393,0.010552517443526574,0.001802763480155227,0.00385515772821049
neuron_2666_count,0.12197286802164928,0.0906233690231795,0.021706396887203425,0.009787043882453439,0.001504877926646716,0.0004748243233315824,0.005988908051285727,0.015040625206521968,0.0008588325984314922,0.008480485380294916
neuron_2667_count,0.11074206479189289,0.08660192090704114,0.025601699470731848,0.00646692507850935,0.00032254250329694784,0.001272280028360235,0.007710232389891172,0.014555734323702121,0.007254993804514678,0.011109148157432386
neuron_2668_count,0.13513964652846977,0.07563516281958257,0.04072276151629886,0.006559596476137505,0.0009365541648126315,0.0011188450060930638,0.007179941189161515,0.01890736820531458,0.014009212194237453,0.020520030147026094
neuron_2669_count,0.19825577823444254,0.12789226807060866,0.07065894735551581,0.011118897462572275,0.0005815084111043395,0.001593095281087746,0.01783672017033852,0.028169337237245268,0.01995741818399971,0.030072079246697803
neuron_2670_count,0.04140824922451676,0.04843074877231157,0.0026890468725325814,0.006135140965966172,0.0002464057671053675,0.0002713925642191285,0.007354315773847701,0.006162844259336622,0.0005194627107683886,0.0005441370695145643
neuron_2671_count,0.1595381206028033,0.07596560326320276,0.05035432522724256,0.0004925184135472667,4.8963061243362336e-05,0.00724382947761807,0.011913428049640365,0.015895716853237485,0.015587508866619318,0.02450481554232055
neuron_2672_count,0.1574754148458397,0.08720939847373299,0.034997790999370976,0.0034929644991644956,9.873258764083685e-05,0.002004638759961576,0.005037693771720822,0.015592091650134407,0.01087363503235439,0.0176135934718043
neuron_2673_count,0.16003401473222328,0.06292892858332241,0.044143504318054805,0.0007762661131400853,0.0002423955761664421,0.005598483264068713,0.007998458037253117,0.017325622472556063,0.013785866435336774,0.023869320806386582
neuron_2674_count,0.14414426980274794,0.10705639934954025,0.03286067033684403,0.004265178450198123,0.0006566428144527126,0.003958159811375837,0.011818922050255379,0.015631597579799678,0.004010878867600348,0.011442750558655235
neuron_2675_count,0.13531915415534454,0.11895136246130875,0.03405181134847077,0.005132287047544676,0.0010799691959221536,0.004204902916756237,0.012842112366502373,0.01702813882143943,0.002128013537767672,0.010226148928586809
neuron_2676_count,0.028058834133390567,0.059687941517285,0.001431845481795594,0.004111281358967862,0.0017584890816252433,7.137096854048855e-05,0.0032077844009057357,0.004008980776311694,0.001539008514674818,0.0008579360573203812
neuron_2677_count,0.22050363007768586,0.07746182017899819,0.0746608787478604,8.654311537068492e-05,0.0002154009527238135,0.00757423085823157,0.008722801653071072,0.018819171399328358,0.022533689508575927,0.03360572702584383
neuron_2678_count,0.1834748328137667,0.05480672701349287,0.06403081420860285,7.330270487926772e-05,0.00031475012310430185,0.006963089776295207,0.007095407434750456,0.020876553456875266,0.02522380930165806,0.030778248339318123
neuron_2679_count,0.23606750684103506,0.061305841379923454,0.0899275755335685,0.00014356636698513447,0.0010612641726483996,0.008539293545753238,0.008539853256871288,0.02735060667356584,0.032027092965895815,0.039550915901686995
neuron_2680_count,0.16648060354927963,0.10553427916625951,0.039608832924218684,0.003090232982795482,0.0005712555806686413,0.0072119645809963495,0.011528161630417394,0.018436291737805366,0.004606072652648681,0.019538955875149283
neuron_2681_count,0.1960355992246801,0.08770460865589763,0.04162834263146514,0.0008349850273260268,0.0010689594240369318,0.00566048935081221,0.010155088866672907,0.021069111232934187,0.007424825128174481,0.01966518321897072
neuron_2682_count,0.17634311945951453,0.028369185502034017,0.04911354842562243,0.0001888465324522276,9.210392335108532e-05,0.007855599523097292,0.005050863879056025,0.01806036629250564,0.03130077392044736,0.033860684046408615
neuron_2683_count,0.14418133498215313,0.09047486398417881,0.02551994958187359,0.0016893350476219066,0.0011160213230965096,0.003007564352133431,0.008058571729736369,0.017552239113081416,0.0020300859921065575,0.010753270779472426
neuron_2684_count,0.11260290847032031,0.09007124577546058,0.023928141358145152,0.003559077628053686,0.0012803534371012663,0.0034686659043803095,0.008983072207914056,0.012185653954626993,0.0010753629880109507,0.004328444693155298
neuron_2685_count,0.06807006766547113,0.01599046766254203,0.010443394040901555,0.0005488958225695752,0.0014855223715228155,0.0013590784566331268,0.0004153578475938006,0.008356243175023356,0.0011302256637785637,0.0025340430106315717
neuron_2686_count,0.12903082173201486,0.08928817738710601,0.0341175694193135,0.0018472216910447418,0.0012125366626887998,0.004740688465025407,0.012648141793964396,0.015185039242528287,0.0021667567624525336,0.006016674070918875
neuron_2687_count,0.13455141870025003,0.12134033882815562,0.03631191067606668,0.003447601877999057,0.0002825428267640307,0.004556567866603328,0.011042499071807169,0.016988321323494135,0.002628117822749394,0.008653863200561836
neuron_2688_count,0.137973333301214,0.0039634682937649875,0.007623805052440716,0.008731319409648317,0.0043218213634131225,0.003513933721741219,0.006196686335904637,0.01850694651859107,0.026618137195966896,0.020969965439999905
neuron_2689_count,0.16536788515536519,0.004739267079410117,0.012615910586420684,0.005342807300689964,0.004095569709495702,0.003549640952104277,0.004892128681048234,0.023791927731443396,0.03360572039190593,0.029661439631851028
neuron_2690_count,0.13035624345421107,0.004678567330540499,0.015347796812387737,0.009173716512837778,0.008093360439401988,0.007053170112011009,0.008629331439853179,0.02217368236667905,0.016249172553740504,0.03796374596149718
neuron_2691_count,0.19126005737622845,0.0035081237639858834,0.016382865085069934,0.0010224763978106503,0.001974377880667939,0.005780460748367057,0.0017960756822931953,0.031156362470072918,0.021964977420384904,0.033451012792125506
neuron_2692_count,0.19691461759164028,0.014394323060623673,0.013758858931230897,0.00045286981424588757,0.0019407819716469408,0.002023416622327079,0.0039027686782169193,0.031483423240003444,0.007681655789753515,0.0240054334048673
neuron_2693_count,0.19073468557884532,0.0023514824899023255,0.018511988173525534,0.008896057648739394,0.008693734230655933,0.006379887177885318,0.0034220426181552632,0.04409893710253593,0.012892855672883341,0.04793048770457442
neuron_2694_count,0.20452703907954678,0.012729285413404692,0.0171626248353568,0.0030205241746982733,0.004398761715796742,0.008886378676564874,0.0010657860440936653,0.037285494755724874,0.020312350003318227,0.03582668108394421
neuron_2695_count,0.18535950805024085,0.04011424492690416,0.014024720726669257,0.0006030482095293402,0.000439729439544595,0.004395562574207285,0.00100475360612537,0.033213551916383005,0.0018703117742071493,0.017560499417616823
neuron_2696_count,0.2901872843305951,0.03821773044630254,0.014932801114555,0.00014927063468389264,0.0011835354720113158,0.0072074630538353085,0.000869811556462867,0.04195424748013227,0.02691213295672555,0.029708843991087544
neuron_2697_count,0.25699748832821334,0.020741996000419066,0.013852848551890187,0.002301957432856945,0.0024178836246796405,0.005794436004479896,0.0028639770902499258,0.04395195724838133,0.012943217033373408,0.030306272785425442
neuron_2698_count,0.22516232024542404,0.02932276268816761,0.017245300360122506,0.004359372380408143,0.0029757758003698814,0.008418842851054625,0.0010633296692894659,0.0451683636194698,0.00795363775922274,0.03528726646531702
neuron_2699_count,0.25569743533367806,0.035183632264786824,0.01184705793123228,0.000702423086084196,0.0018137566059576067,0.00712071531337527,0.0017252393814365767,0.03904456464350445,0.0093503369200576,0.025312111717198105
neuron_2700_count,0.2186065374264728,0.045554911823203564,0.014354070949071554,0.0016813742289637224,0.001587305897202785,0.006596698169868687,0.000588288834556536,0.04100160392965865,0.004475921152229251,0.02395436922114201
neuron_2701_count,0.1489783203658104,0.0347213692819022,0.0094844217756071,0.0014632992732300266,0.0011494419658859348,0.006036129681827054,0.0014908878790619202,0.026139470874193882,0.0012534434685859256,0.016866684325513956
neuron_2702_count,0.19699269433849498,0.053960948536559666,0.013208458950654867,0.0002116875172037836,0.0009582682223970886,0.006488991492905563,0.0002531411545721573,0.03373662367737415,0.0015401050881918947,0.019527040341950755
neuron_2703_count,0.13942958015152782,0.0513148051381902,0.01148296082508593,0.0010151901334860478,0.0022586190349891608,0.007410979728893166,0.0006373016230031732,0.02727975694742435,0.001017711505926333,0.017020544306333124
neuron_2704_count,0.2658047136991349,0.06264360409988254,0.018423511565022824,0.0003387648307416665,0.0013270230427869737,0.012573104735368504,0.0007398629145311843,0.04692328267119464,0.006323197138112836,0.03065890646654687
neuron_2705_count,0.24926217810547488,0.027207635725712317,0.026472429767682368,0.009436358026722935,0.007534861664873223,0.02735074636243208,0.0027311965538343655,0.06863084376759651,0.005519694991745157,0.0696983069505133
neuron_2706_count,0.06200010392857189,0.04400213158476031,0.0024985164259987563,0.001859755363818584,0.0009043472673965006,0.0033413304271032243,5.154109581540292e-06,0.009914887359837837,0.0030925289625992544,0.002109958894675669
neuron_2707_count,0.11617509396328951,0.036498445043510325,0.007127478081119909,0.00041975703202058214,0.002437841873164308,0.004622746000601363,0.0001994082547765539,0.020774845374068804,0.00204010380121487,0.009113410766638373
neuron_2708_count,0.1594989584137827,0.04348565097101159,0.011177267902905325,0.0028053690688361888,0.003023173398185773,0.006287508711614813,0.0005083832058607428,0.03799133928422596,0.0018996850162541577,0.017145025676719203
neuron_2709_count,0.08247785705591207,0.04358597200865244,0.004226324810512751,0.0007496983103685018,0.0010828178488134534,0.005952380955161089,0.0002235290342089847,0.019127989444571905,0.0030203560142163105,0.00522120223659589
neuron_2710_count,0.11145123677382682,0.04869981603647744,0.005643302720700641,0.004636336080414374,0.0030869721756297056,0.007186923231056602,4.9338117625395e-05,0.025740363781188685,0.0017094840932342925,0.01383601576864682
neuron_2711_count,0.15267757527923204,0.05172735116292887,0.011681387668164456,0.010229118890327737,0.01033441831508601,0.00925987389979177,0.0020323585248069667,0.04444989662484644,0.002898554104777261,0.02694018271799703
neuron_2712_count,0.1761908947812383,0.07733104366236634,0.02566783751646473,0.004878143915956305,0.004374131779234652,0.02108947038674369,0.004510005123019335,0.0665283743242813,0.0013279728203979442,0.03735589398863462
neuron_2713_count,0.21765657785471904,0.06576278332967864,0.02902872920458127,0.02061519110625852,0.01737678861439372,0.017558773106598063,0.000204748050383367,0.0588028693551875,0.0006732731233143607,0.04694658919562486
neuron_2714_count,0.1478815273151573,0.0667283361431395,0.02182637555606294,0.009240726245974315,0.005395267076078417,0.02124754532346057,0.003811542747408865,0.060272980057380965,0.0026649794882290384,0.04337752323929092
neuron_2715_count,0.04287749132769571,0.028445641448004676,0.0012165655445038374,0.0028638683898130936,0.001413900272956437,0.0005262732436694061,0.0005721040956849785,0.012089204533789387,0.00024047763092182282,0.0024987270299207474
neuron_2716_count,0.17170070293849307,0.07519828294667136,0.025236319704971047,0.012773274353495262,0.0071026821121940795,0.009239563235029932,0.001105419666379658,0.042820365268090854,0.00023045334466502095,0.03490277495777322
neuron_2717_count,0.11027342270288859,0.07093364457145832,0.01610989194255541,0.008851566440385844,0.00396582776746679,0.005578380752725154,0.0057297610368534715,0.03690327888896938,0.000806781852284064,0.01608356117424102
neuron_2718_count,0.12335963167890232,0.06454349813112303,0.017611271896865316,0.013124892644607228,0.00733009727656312,0.006912712223676232,0.00216906031058596,0.04198817745987693,0.001607706973400045,0.024036371372220477
neuron_2719_count,0.13296414058273712,0.09035341447761058,0.019369855897150928,0.02059517876267418,0.01119509699619324,0.007220005356291151,0.006230452709969844,0.04346261555645964,0.0005781867278610176,0.02504674413673165
neuron_2720_count,0.10757070268179497,0.060030110542228204,0.008196510397976767,0.021157309336972102,0.0052722798236381554,0.0028687071130034936,0.0021549996526663354,0.027802557205832718,0.0016325173701458862,0.014201196486345727
neuron_2721_count,0.05530841888526866,0.048258010312317884,0.0063981664523289974,0.004581442459611999,0.002260873654430659,8.979201565294974e-05,0.0041256004400066215,0.013898698929501893,0.0025795198761743715,0.0040948281596735955
neuron_2722_count,0.10201292528530104,0.08061539768925452,0.015784395915299287,0.02136515739925443,0.005685749231688693,0.0017380910253774473,0.003549205316530045,0.025516898741513777,0.0008542058483327723,0.013665998805006241
neuron_2723_count,0.07225720076034003,0.06398437079719957,0.008255340258545192,0.007707230519187369,0.00039739764639644577,0.0001009878382114528,0.0036490282962044276,0.01223148700718732,0.0019284129746520197,0.005154670247629292
neuron_2724_count,0.08741440148105944,0.07329593096859191,0.016990303581677205,0.011171207416462048,0.0008813545640840373,0.0002780727850643216,0.00788319713109674,0.027858695196550765,0.0006608940000148258,0.013012482349596302
neuron_2725_count,0.028178961910689332,0.02870479208125097,0.00033731053735962246,0.006432382663842981,0.0013941718891574972,0.0002373289909068932,0.003355010206578836,0.004941882264322461,0.0009214099534646334,0.00040186505750035555
neuron_2726_count,0.09623918727582265,0.064780554786873,0.02333324541744393,0.017552027343121654,0.004991756302147099,0.000509549343287884,0.004668927340477538,0.02910176246528734,4.532385923507057e-05,0.016876880371334044
neuron_2727_count,0.01800256949930127,0.021737066075819454,0.0005130084426840879,0.0025782196536783073,0.0007344922424739329,0.0021836577191215005,0.0008041718121155044,0.0029401051599027266,0.00025723359206365846,0.0007118244711527173
neuron_2728_count,0.12285411778524791,0.07954605954255164,0.02812923085944896,0.009310141561425553,0.0002762669808587404,0.0004818834103189878,0.007835227123712,0.021724212594045486,0.009591080846127115,0.01740814727316556
neuron_2729_count,0.043949488349254794,0.03597081230090943,0.0027247675451883835,0.006464440435611625,0.0006404982024109697,9.53578493227995e-05,0.0048718331642931545,0.005138431503698103,0.0012952658528835193,0.0017280288927075983
neuron_2730_count,0.1498302333130732,0.09022618428067786,0.03497105736620193,0.012944679609647278,0.002622060642840568,8.065354141096118e-05,0.008602865291324494,0.024559996272407986,0.008208046218298362,0.020544927877542238
neuron_2731_count,0.035509814839473464,0.0336375999498762,0.0023284822881282563,0.0050431128666009704,0.0011917767836822617,0.000639325332697319,0.0034625439342241826,0.005151162249497352,0.0012559315150951732,0.002180013415533279
neuron_2732_count,0.11065028851543532,0.08670523022447371,0.04132810094146944,0.010126939897459511,0.0004771374684226122,0.0006502745411808702,0.0042596081847167885,0.01619398778919799,0.009444563009992218,0.018261180259742632
neuron_2733_count,0.13002477968857576,0.08984369852023699,0.05331339931394555,0.009830135954507171,0.0012304249278514909,0.001333078583671661,0.009474099838375591,0.022455059307837033,0.010381762919646417,0.02167199096526455
neuron_2734_count,0.11423315353247113,0.11795701805073777,0.008808973731452827,0.009209873010683545,0.000952872020339543,0.0003285699050015328,0.008526559996495528,0.010818645692031129,0.0005259049428951871,0.004639751414015222
neuron_2735_count,0.13951440814784055,0.09676778746650633,0.03316546057388506,0.007570686381761074,0.0011443828336293385,0.0027195493212246596,0.010180411584895563,0.02057738897418629,0.004019366902636101,0.010715475580082831
neuron_2736_count,0.10374977715788794,0.09383548951745155,0.01816816091893604,0.006144745402126936,0.0005311043038336988,0.0008387639275629875,0.005732439048606229,0.011208558188399484,0.0018636070806960815,0.006678059251875021
neuron_2737_count,0.1388265073029647,0.06907001366133278,0.05196424163099589,0.0020524015527145084,0.0008223872904974221,0.0032927136745603963,0.008185603001986258,0.014517021625951518,0.01787065055473172,0.018011377488590247
neuron_2738_count,0.04517288151994554,0.03308189954459047,0.003798312686754138,0.0029184127709528593,0.000372720028865077,0.0019099112370027753,0.0026457373855380203,0.001964580778032507,0.0025719133516548323,0.0006946655895000665
neuron_2739_count,0.18738507191961223,0.10121491168323332,0.05428603546029445,0.0034282617358314116,0.0006720909982475716,0.004704353646009032,0.014695516541938514,0.023160885388689434,0.01079712238861022,0.021606471135238378
neuron_2740_count,0.14968130686498682,0.05947154168408289,0.04870697513976968,0.001575275835677594,0.0009339797836338121,0.004473280108148195,0.008528418173114963,0.017487852137837975,0.01482537210207445,0.023092319160602476
neuron_2741_count,0.15711968191038955,0.06559843641864999,0.05509655249105974,0.0016918906675040535,0.0001711249004369463,0.004341126963931047,0.01092564489931834,0.019455160170442104,0.019372592544546513,0.02709184810903334
neuron_2742_count,0.17003302224067718,0.06608258471055867,0.051066032292594266,0.0006689834633463176,4.348024703369031e-05,0.005601878636810012,0.012315161162721064,0.02104602496408582,0.02175818825581223,0.02686432738268378
neuron_2743_count,0.17310794530329854,0.051284615647029574,0.08829187365732438,0.00043713889652296015,0.00013986778309948511,0.0105481794739649,0.012031430229763801,0.02504144220292756,0.037265566900271246,0.03733950849365676
neuron_2744_count,0.12846907574071434,0.04507463806533253,0.04097910534651722,0.00011943627305780347,0.0005229165138841401,0.003937940631334021,0.0071963719310506324,0.015608082972166565,0.01558980373067946,0.02106062651960601
neuron_2745_count,0.1404804756742945,0.048053800665457364,0.03917581094161321,0.00021297313331813082,0.00047276664020703615,0.004270221140559333,0.008864286889476963,0.016629858083475724,0.015464542679200416,0.020309849293130247
neuron_2746_count,0.051827782242223716,0.0321278873351267,0.003026294830408745,0.00010666783004676838,0.0009132167255863728,0.0007642246143145237,0.002781364682400247,0.0032829051887517547,0.0013368893826383923,0.0029279696904745633
neuron_2747_count,0.10101590372397737,0.09882869907778336,0.022965453743740344,0.003983070265234492,0.0009677949467668361,0.0035445331148401746,0.008439571595011533,0.010336668419315881,0.000886410074222194,0.0041231698090228724
neuron_2748_count,0.13571088526316266,0.04239887734824044,0.06502027351291739,0.00079988894911159,0.0004955843064810388,0.007145809904803124,0.011595356931380613,0.02245520439240757,0.017213644659666738,0.02131295124458589
neuron_2749_count,0.14701731101636134,0.08154626216426708,0.049293022581883034,0.0007816204476875296,0.0004735630558760952,0.005886341868401035,0.00915481613479635,0.018075247588952528,0.004677418901207327,0.014064712651732314
neuron_2750_count,0.0314235916482241,0.008941898797794869,0.0007654624419886086,0.0004735371254779956,0.0008938465518697307,0.0007606709209627225,0.0020446941101920427,0.005157755694488474,0.0015826890248294388,0.001990024285541034
neuron_2751_count,0.14788715067124136,0.08041128067302555,0.059966398427970996,0.0023903476485855647,0.0012798174103473801,0.005589310105394013,0.014280747129643237,0.024988391051946265,0.005616689201830616,0.018534861958261442
neuron_2752_count,0.17748593496485207,0.017858176796104006,0.007993308796774026,0.002431040930632185,0.001687285496669931,0.004538605596073046,0.0018391239041959245,0.017976551171973595,0.03962824704695178,0.016460984416484414
neuron_2753_count,0.14926258634578732,0.03514967580630482,0.012196715112820139,4.7676126421932787e-05,0.0016261310565682321,0.0020694981824782646,0.00028178573770325753,0.02469150134729653,0.0037421826193272563,0.013079364223763254
neuron_2754_count,0.19163451029297912,0.0027278238264308707,0.010884396818737097,0.00208313694181312,0.002310422218892029,0.002960254834786666,0.004529717406658737,0.02460537783490857,0.028585157174151818,0.030275304544350123
neuron_2755_count,0.21374219027829333,0.005564488641622227,0.023995036656086308,0.0075176858181316,0.00751195002463137,0.013469384924125916,0.005547636312893893,0.0408586569370539,0.031769282778323,0.048377517741589354
neuron_2756_count,0.026985722250064938,0.028279907152728836,0.005755329518971029,0.000955135548347346,0.0009112785819808799,0.002127807192526268,0.00011270380956169418,0.006648566127664471,0.0020292652297197004,0.0014827830532728337
neuron_2757_count,0.13776035105493417,0.04048140475579709,0.014999548058504508,0.0012235844362171143,0.0005537614577355082,0.0034600210507676754,0.0006684650578332391,0.027661086545494346,0.0019679788970037443,0.015571464802893314
neuron_2758_count,0.19774088998717568,0.004671204414971063,0.017860808514801013,0.006686303754444262,0.004558516569767634,0.010172118504797281,0.0039085869233394105,0.041413638475229636,0.01880245269914725,0.04182834917572334
neuron_2759_count,0.19673288019883578,0.009840172182934342,0.018634400601785756,0.0030928505193690906,0.004025576107476173,0.009052084798273158,0.0025468982467776874,0.03588035027786801,0.02028648282884725,0.041384553581674255
neuron_2760_count,0.22115371387326266,0.005988275250390376,0.02373093330618349,0.008164613625828779,0.009375987053144574,0.0060358263607593055,0.005464706204024276,0.04515051219026295,0.018860167717785536,0.048931222540193775
neuron_2761_count,0.20367767828743824,0.029354613410098443,0.013667537735140373,0.0014230716454983056,0.0023159667961406283,0.006456704339128094,0.0020825021565775356,0.03552021166919153,0.00436211742023962,0.024373718708225994
neuron_2762_count,0.2054398754785292,0.024743884073164968,0.015646046363401778,0.0019455160023838236,0.0031568368511132386,0.005255222437879327,0.0018844977043112297,0.03197644155344788,0.005627216816945092,0.03344601464188318
neuron_2763_count,0.16071976063158183,0.03736852550591946,0.008292523943604857,0.0019420469391443484,0.0017617343749395803,0.006856246796741197,0.000484793668602497,0.03172535946450744,0.0006132793449721789,0.02178032215168349
neuron_2764_count,0.20038484247327895,0.038810131648792934,0.01721712159469682,0.0018441861488885727,0.003320724838888331,0.00957125857519267,0.0006921975585615059,0.04374061265688778,0.001232971976064593,0.028137986885586164
neuron_2765_count,0.1910642134091535,0.02900619918236577,0.015038823891376563,0.005333695082246626,0.0039431931354174665,0.011970697866992494,0.0007816951901319941,0.04295866960181727,0.003396663449511339,0.03274108893999553
neuron_2766_count,0.24883498349177646,0.02489918889797299,0.028496453588832293,0.006119850235124513,0.0105211034772697,0.01539307547494062,0.00228907174447561,0.06570051705412738,0.006052859282136627,0.054213035227658274
neuron_2767_count,0.21009792004739453,0.02638167759905978,0.01869589961237142,0.0061264322874238705,0.009956741927196047,0.011553887633835302,0.002084286612021112,0.043447784794312994,0.0034339624248714146,0.037943532903669364
neuron_2768_count,0.0628497605546215,0.03768257018696253,0.004553929104889443,0.00012424964764774435,0.00016811661079238656,0.0013044208919823323,0.0005781956661178485,0.012882284200800759,0.0038712773518818425,0.0029721308108704436
neuron_2769_count,0.2968722937142915,0.0557696161472529,0.02318044896461706,0.004359300382977771,0.004863087929403161,0.02519833114448898,0.0009369524506832412,0.0641246254931912,0.007043313319376604,0.05550309795444108
neuron_2770_count,0.15166870715491929,0.04089787245988655,0.009409990960648193,0.0038670365279266025,0.0038123821039194386,0.008395268339186135,0.0006198084606174326,0.03752078793447969,0.0019860191052354093,0.019749757384833422
neuron_2771_count,0.06849580804454153,0.024579991094401524,0.0009966156740788563,0.0004806549316226996,2.7960580262602992e-05,0.0013335090648684753,0.00012750964634033308,0.008979287959263588,0.0028110590368404034,0.003986376161430941
neuron_2772_count,0.045182752065385294,0.015838381376147768,0.0007026951678634273,0.0009268024426660783,0.0008327088902772926,0.0021013321859182105,0.0013428323651076528,0.004691058862515002,0.001363499795225544,0.002144403719820655
neuron_2773_count,0.19611243241360593,0.05154202993349302,0.01199297273209933,0.004725171857945638,0.008312853465136036,0.008494949605192315,0.0010035912572391031,0.03978210471692056,0.00228749461661554,0.029197205034571516
neuron_2774_count,0.048321388397690956,0.02722093767431695,0.0016823411974425662,0.0037920247904978527,0.0010565429934204923,0.002435574166750578,0.00047474909758847723,0.013863795224414291,0.0033354588665859483,0.002770938814880705
neuron_2775_count,0.1527592821626735,0.041593603902242926,0.016894224750343093,0.013975977154201971,0.014901712796897865,0.007524338903469957,0.0008450377563004111,0.0452644194164932,0.002299579800013926,0.03363756431067952
neuron_2776_count,0.07411478612881207,0.03233194483841817,0.005737445459238613,0.0075280386261772775,0.005860761277872786,0.005711662619918262,0.00031336835291223726,0.017104959111157156,0.005139038796690414,0.009957322979927463
neuron_2777_count,0.15758637076469806,0.06446545775678494,0.006529531345444553,0.011509697526025417,0.010331489084496506,0.009832266517442678,0.0014280812256381413,0.033592887006217015,0.0021993176213856575,0.022802573185963584
neuron_2778_count,0.02067288322368241,0.013689063462963318,0.004274518163840647,0.0016556621381013902,0.004291471403570737,0.0002474912841908747,0.0020238983864841117,0.003896882432322229,0.0018090202761658538,0.0011386505613026768
neuron_2779_count,0.1884288351451905,0.07233408971321972,0.019069728001262387,0.01968012112774975,0.01696337934445287,0.013372723224576458,0.0025754769138083763,0.06010919400551418,0.0014118336157551425,0.03959273891096399
neuron_2780_count,0.20201894450915336,0.06888770381246609,0.02979253377267599,0.020214946277720747,0.0166300864987365,0.013370548890785802,0.0010315692948580785,0.06474044770613699,0.0008016923785371353,0.050072038854859946
neuron_2781_count,0.16904407652273384,0.07580759838145601,0.027437218640787825,0.02029581242809031,0.01365465219308612,0.01417330263955302,0.0029840536209899127,0.05855953080498788,0.0007112512191950471,0.04937640826558837
neuron_2782_count,0.06139080394688928,0.07955892011356402,0.002629243992200346,0.0065896811866033855,0.0019061885993992868,0.005727977986775698,0.008105840850403681,0.024365243203955014,0.008146088366094179,0.0037724638578918654
neuron_2783_count,0.1137616243426865,0.0535301006613115,0.012654781834620987,0.015979813434144063,0.013814469458979128,0.01001746181279703,0.0014803553862594403,0.04746315924556607,0.00023102570401363313,0.025921687667210147
neuron_2784_count,0.10282474093999983,0.0642439401047511,0.016060432535186575,0.038954567128394874,0.012819332354243318,0.0049205832434846275,0.0007729083827824682,0.03164559164215075,0.0002408062909747006,0.03154012903919204
neuron_2785_count,0.06101051965351978,0.05958311335228034,0.00279017884198398,0.014987107721545434,0.004286005552571935,0.0007723712547792819,0.004320981380983253,0.014124242973071341,0.0009112074202705898,0.0022904584612912365
neuron_2786_count,0.10800129721677615,0.07845169337122712,0.015355869948701223,0.018430345726772684,0.005169699541199765,0.0012915772677580678,0.0050402616142000214,0.028262457474945046,0.00046364645583538144,0.015090413117209656
neuron_2787_count,0.05795214922470962,0.05114209136300349,0.004025928367620873,0.006280896203395309,0.0005203557557274859,0.00024288765085668084,0.0022989663200769644,0.010384800231336859,0.0014332715151035291,0.002723725190596993
neuron_2788_count,0.09278595313268911,0.07562045204685874,0.012202064859572342,0.01906278438844214,0.004196855356604787,0.0008731023580464924,0.003877760465399574,0.0199346483171996,0.0009173369273060422,0.010936906006740812
neuron_2789_count,0.061687986137914846,0.06640928090198961,0.0032739897794781953,0.008346908882116588,0.0006840475128498946,0.0007925667885703008,0.0059908035970525075,0.008215373515281774,0.0005212413908296734,0.0008305461492757842
neuron_2790_count,0.06678051612149702,0.0844518717106443,0.008416642422796258,0.009424703617444324,0.00026904210854261645,0.0005442487245733516,0.0017184440864271983,0.0077029464843457185,0.0007029361932900467,0.0019777450276660807
neuron_2791_count,0.04617259034083647,0.03308004926717971,0.0010073877562809704,0.01084477874614273,0.0006125501501488134,0.00020313985992233882,0.0001599464555238735,0.0036520726324193765,0.0004798110236508314,0.0017600569072892432
neuron_2792_count,0.10515487234755813,0.07577655669077726,0.014883991776747693,0.015993724415024016,0.0016655961634200397,0.00037172686032413416,0.00515882634009697,0.017822326638741073,0.0026199108653217965,0.006939264606053382
neuron_2793_count,0.10459239821468438,0.09331948159627276,0.013692098351574825,0.019427903066317143,0.0027269338022591003,0.00039267149666799735,0.010604382927632439,0.014628309187534425,0.001046685640429014,0.0063303764042888025
neuron_2794_count,0.1294256621042178,0.09124060208072396,0.01893331164885108,0.016881381677087776,0.0023074532830983374,0.00083406701198184,0.011680466509119997,0.01969562911880067,0.0014057022513852338,0.015173847148737138
neuron_2795_count,0.05635482144238543,0.06524852325822753,0.0062734139245157125,0.008476498493744336,0.0008447112299503345,3.699650105514797e-05,0.007088538606386391,0.006701369876647281,0.0008798274001845831,0.0024602835773112515
neuron_2796_count,0.09936404684410469,0.10402046612914784,0.017975897539647123,0.01257523452634593,0.0007593106445819009,0.0016865363630762797,0.00947962889542063,0.0172943406739247,0.0014379433806018527,0.00755714428671303
neuron_2797_count,0.10764152928434548,0.06324021825972129,0.016638719485244396,0.01045813098768597,0.0010849630950679687,0.001322346798342755,0.003995286926494632,0.016594250724355886,0.0015582262816232519,0.005179307467881325
neuron_2798_count,0.08596351512432626,0.0672611717489831,0.004104728752221301,0.011619092039358736,0.0011980888844806345,0.0002665860150930111,0.00906767573178266,0.007018726112154386,0.0030400330412559302,0.0046184805884042154
neuron_2799_count,0.11540838253062849,0.10473652112130208,0.014701398693035175,0.009081404934282417,0.0010181843806017221,0.0006392847951587101,0.010360958070093282,0.012960542591955698,0.0006647354946854676,0.0060938752616989875
neuron_2800_count,0.13023485659957035,0.0866703745625853,0.03570809727374982,0.01084579700763931,0.0019939312977312745,0.001993866296415202,0.011812953155774047,0.02012254722546665,0.005938713161904759,0.015327780439602395
neuron_2801_count,0.13070361542322298,0.10397520468988197,0.03844020008285351,0.005757772606957159,0.0008230961312220564,0.004501185350781707,0.01254771210132559,0.01727859530004798,0.0035741102484955073,0.008924231552124448
neuron_2802_count,0.14584405060755473,0.07069902062468245,0.05619140698968425,0.004421448878728203,0.0016679051021395233,0.0032098919872402265,0.009941625176355426,0.024897240127499914,0.011853988915968061,0.019297046202323337
neuron_2803_count,0.12592093769120405,0.07317583444793663,0.04189886049701336,0.004396885363958505,0.0008699233126289035,0.0031749197120731834,0.012105094122161764,0.018165360531983088,0.005617712529547653,0.013329000696142665
neuron_2804_count,0.14524413095373562,0.07572453328778145,0.051832855879629436,0.0033057263312883875,0.0008703955936400186,0.004995111701086463,0.01084128244355978,0.02240085991303395,0.008078013975366512,0.01870073993847464
neuron_2805_count,0.1347345159980436,0.04172025463312995,0.059223648993785766,0.0008447963368244382,0.00022627965517533696,0.005302270631480713,0.008651260866575666,0.020408040393259066,0.026559581778183183,0.023306569667913668
neuron_2806_count,0.17070195504210162,0.06354111249293282,0.05569654487474518,0.001632093881716784,9.089465071555718e-05,0.0044282817793373855,0.011248728768889688,0.024137758450936603,0.019460548676502,0.028626502966437997
neuron_2807_count,0.1505608640823704,0.045590962606572666,0.06258521047835719,0.0016028007506143221,0.0004351151713938607,0.004914278266854352,0.00977382058875187,0.024254369138815762,0.025740850054432718,0.025393380994325754
neuron_2808_count,0.05791742239463782,0.041286292377991876,0.003669193098792517,0.003284965061146044,0.0002302296685691334,0.0017211855225865557,0.004209214365634317,0.005645451888361221,0.0013410082779313492,0.002164598719889694
neuron_2809_count,0.1129875965094144,0.01662585937697441,0.09039371796608439,0.0010107232176301516,0.0011846323680684834,0.0030230179155839865,0.004603597979413905,0.033628049502613694,0.03594362790988179,0.03754953270259623
neuron_2810_count,0.104071530731422,0.07932684989999933,0.023217272095040098,0.004440325630255169,0.0009892664858761994,0.0033007697951063578,0.008449909724205562,0.013679544246012101,0.0021857842440970035,0.00770331943530804
neuron_2811_count,0.059333246948690924,0.01742226027174222,0.012264972581791586,0.001805099935584812,0.0018153864354712064,0.0017203290712206297,0.0032262873961085917,0.011856236707059292,0.003572938313093181,0.002583238726597978
neuron_2812_count,0.1296026147957749,0.09824480073177305,0.048115771030058235,0.0032705003752097894,0.0007933637945864054,0.005553743691464587,0.010847346844286468,0.0190923044326603,0.0029638389344637146,0.011527050230091138
neuron_2813_count,0.1095125007831173,0.10117311702445789,0.04225552382517864,0.002616721306269179,0.0002993731888798687,0.0036961715879899257,0.008130401703999313,0.012390313508006096,0.002289342846229281,0.008439151280196976
neuron_2814_count,0.04993568030612407,0.021174574622991438,0.015253391575815983,0.0011404266606485983,0.002203396549117019,0.0014894427069587247,0.0049426136574968055,0.013384436476960485,0.001109080134657759,0.002564536552113233
neuron_2815_count,0.11281351379343244,0.08891072657752738,0.04496063385061516,0.002867905265901534,0.0019838119437264393,0.003043455440462639,0.010549423633579191,0.02050282199245021,0.0025893408549670753,0.009693608814568697
neuron_2816_count,0.14165106873712197,0.003831717294007754,0.008486456423244096,0.00558204423876308,0.0038932680167917677,0.0029114580091167824,0.003345369311576904,0.017078189654193665,0.028831545475268547,0.02090931807652603
neuron_2817_count,0.16412133569685533,0.007921286925529111,0.019197602331565505,0.009007307360732797,0.0060590508774357316,0.008543037662344849,0.004299096442113112,0.03409336425169601,0.01926983463919879,0.0313827692850657
neuron_2818_count,0.15651664203752672,0.00365332919871025,0.013723573157845392,0.008620492070740282,0.007725035212560523,0.00424700659172117,0.00796017662829597,0.024209605093962527,0.0193821508671025,0.04101472407073206
neuron_2819_count,0.10949230789028168,0.02926073414002725,0.010498240839446511,0.000544508570011315,0.00023054240974692327,0.0027500400684907014,0.0001197006468909394,0.020697909863732433,0.0029315657719589418,0.010206271794973347
neuron_2820_count,0.2046533544016043,0.004716285787721167,0.013454095111786232,0.0020136110213082384,0.003505662738747084,0.004553818019940273,0.0027791403906591156,0.0285927330037532,0.019556109813169312,0.035615145956463784
neuron_2821_count,0.12649486949843308,0.014495110024696209,0.013134976635775591,0.0015637900901676952,0.0009273653275335778,0.0036562589101391887,0.0024861874466547904,0.0277857077256093,0.003324910597259985,0.01859740872124302
neuron_2822_count,0.21214936122986722,0.006942657777168015,0.01886365461861944,0.008239325811606149,0.0033159225302761483,0.008186490980378006,0.005554364865005025,0.03280636514014154,0.03701722768830901,0.045216526678148544
neuron_2823_count,0.2635934396251372,0.01965218183277731,0.018828267587619088,0.0029477428339002368,0.004249448957526304,0.0069985657851030225,0.0027134247771292697,0.043667323590852514,0.019041942852132357,0.03865081601878251
neuron_2824_count,0.22684268220587883,0.016409549181062563,0.021436024537999587,0.0029012109062276775,0.002951930686078078,0.005760713191847303,0.0021783510297208736,0.040253838843461565,0.014725750420693767,0.03974186709543068
neuron_2825_count,0.13135437850591922,0.029541384945869886,0.013160440268826595,0.001844007358903256,0.003359715041718808,0.004756011271779541,0.0012329303028938334,0.027433376436861126,0.001587698300038555,0.01838515942179174
neuron_2826_count,0.1523902872265121,0.03328829054433527,0.01690146726878955,0.0016978403696575745,0.003996321907250154,0.00577065318797506,2.3978940348510884e-05,0.034100315890713134,0.00027298988154005445,0.02640538298954828
neuron_2827_count,0.16839143233578016,0.025810937400186612,0.01493549498767617,0.0032519486610132764,0.0052832544146507315,0.007124774573643272,0.0020322993426315564,0.03738157613469101,0.0007478046761520462,0.03016875475884981
neuron_2828_count,0.251241596880981,0.02529942602207358,0.027439697064235297,0.009633960663932364,0.013024822930403093,0.016314275496516054,0.0029977873494973634,0.0535480029398194,0.008502104310929626,0.05809955129737254
neuron_2829_count,0.23177669507354592,0.047674751118275904,0.01699482145831488,0.0013998033846314394,0.0027890202201121504,0.00915229423525861,0.0005743853121985337,0.04702719283732201,0.002388288661195493,0.0317686481789671
neuron_2830_count,0.11551895093109515,0.029864208013609866,0.012228015886225685,0.0005549335750206427,0.002912654095954828,0.004312698909286421,0.00015583144465515682,0.027394370340506985,0.0012371145354131835,0.01581659335780808
neuron_2831_count,0.12773901831342233,0.02018903345313408,0.011110852701827337,0.010291591373133138,0.00835846673361669,0.008610945754095697,0.002429461949336874,0.031334386829917876,0.0028247111761653745,0.026168154683843634
neuron_2832_count,0.24205304795258176,0.02874831998275376,0.018399525628705046,0.0032080453084902052,0.008792762059699935,0.013863361146661618,0.00200763550367815,0.046969128854906256,0.002499973648970276,0.04268298846918683
neuron_2833_count,0.18120883550541206,0.028838660643942304,0.016061269731749997,0.004977094946011187,0.009571643670711408,0.011941263636322627,0.0005850985768128224,0.04168285377049827,0.0004907002225888434,0.040781737047449446
neuron_2834_count,0.18239733018041152,0.028624364804612973,0.01602968653996241,0.005378145795508452,0.010278166828928612,0.011865146749689803,0.001491679808412472,0.04618262209674623,0.00010698386979064983,0.03744377391638867
neuron_2835_count,0.13186223113480425,0.03627505389361693,0.010272089207358337,0.007536283683900372,0.006423213933586205,0.007233099924020714,0.001463999749824016,0.028638902888780432,0.0012721278420438579,0.016359694593417032
neuron_2836_count,0.10956207527966005,0.0352780103667949,0.009417457810281693,0.0022527787522369502,0.00453361909158724,0.0031137380446330243,0.0002715728131782707,0.030704318703168726,0.00636889189029901,0.016579415431627803
neuron_2837_count,0.19534427259962542,0.03188214093606151,0.02428452506345781,0.0056182101050848005,0.015551898514385834,0.01289829075732643,0.0002852252391587411,0.052261977591294084,0.00042322015775753206,0.044560073626571606
neuron_2838_count,0.07177943209686272,0.0304206011367274,0.011004251366856302,0.00034406682171804655,0.005344950346570489,0.0010678202228401289,0.000395521545646,0.01880947169970018,0.006368861296756859,0.007534927258207771
neuron_2839_count,0.06198235577028574,0.029000530434614508,0.010120345921891441,0.0038878106040462906,0.004411231573802826,0.0025646416164215174,0.0006106182096475253,0.022736232551219385,0.004740162848487106,0.010450835650168452
neuron_2840_count,0.03247954508890587,0.03348332270288537,0.0005952964029963172,0.0011007149521124384,0.00011506641520726921,0.0021057755325876656,2.032350250741994e-05,0.003373390423766484,0.0009490377705602578,0.0011115494978908742
neuron_2841_count,0.18475636008838522,0.046401475866788944,0.019518833245204523,0.017461782439816387,0.021921896846434613,0.015997321662178016,0.0018814394210974021,0.05703792058195012,0.0035262251570929992,0.044983275309277426
neuron_2842_count,0.18840617694408007,0.05986966413976594,0.02180666559253011,0.01625018887389698,0.021016319099476544,0.012688279955451479,0.0009934918151682359,0.05436871970246174,0.0027484944123160396,0.041459520800786215
neuron_2843_count,0.1798417118736139,0.07650437918391795,0.03061726662812575,0.01697744728647607,0.014473221127220881,0.012423469743875787,0.004868376638063006,0.06309103178940614,0.0010249299728591517,0.04816198048033979
neuron_2844_count,0.05965979514736969,0.05008106660752332,0.00551047567233387,0.0037750804251990983,0.00200703558564291,0.002979391517421111,0.0018421780260327592,0.01473485151534644,0.0037497901525389843,0.005838214203696075
neuron_2845_count,0.13900148160076362,0.06591060010665856,0.029347614534660546,0.01910329190841689,0.011855215849507092,0.00794050606559725,0.0023046490821760704,0.06007682491996083,0.0015497662543419721,0.03304912227109008
neuron_2846_count,0.09216738562903312,0.07725873835131833,0.005194488403034894,0.014782491145604093,0.004539654166180275,0.004546716779352256,0.002431303462198643,0.01850408651286109,0.001524950847425332,0.007554252432727074
neuron_2847_count,0.10743050396916684,0.06930053608259132,0.01658943726801304,0.02898349361305627,0.012219314892000968,0.00807929773149993,0.0028785163573912392,0.04653825552196991,0.00047614490522215197,0.026933015791109932
neuron_2848_count,0.13305647091578682,0.10002683524446596,0.014031120977071057,0.020207010137861386,0.005028653435940465,0.002434044617228452,0.004417614635552153,0.03362191983759194,0.0012151016152088419,0.013911901996731382
neuron_2849_count,0.11255160373578213,0.05619515165739897,0.010560080831266416,0.027679008605195385,0.013378229667602493,0.006363836570475748,0.0015416265733628198,0.03861401370087078,0.0013841094598417772,0.02632153386520862
neuron_2850_count,0.02213083456291462,0.02367889008105771,0.001830075658645073,0.002516532470691165,0.002518243540352582,6.823145620903342e-05,0.0004787530025830086,0.002579941356952201,0.0011454132000752685,0.0007115952582313866
neuron_2851_count,0.12498255505321684,0.10780523694177799,0.020348411353277487,0.03713728360926935,0.005953948445276719,0.0023414806413974976,0.001958018529220451,0.03142231516643276,0.0011806074812660066,0.018882688327205466
neuron_2852_count,0.042952926180539336,0.054496132146228685,0.0003307428971411632,0.006316617154058096,0.00023549146874350495,0.0005294010702899758,0.00010946546346203134,0.003578994921985877,0.0002229404752223616,0.0015104975242793764
neuron_2853_count,0.1135448210515069,0.08559379151782837,0.018425579767239048,0.03221927968570362,0.00664438077794257,0.004008435872168564,0.00444688428306033,0.035052713334135316,0.0016338108645338988,0.015977749539155303
neuron_2854_count,0.05315314766895418,0.02392544197712282,0.004882501373622009,0.006771051622060022,0.001941689335460784,0.0010224367090539595,0.0010576413845642327,0.008263589890608589,0.0005531894094609508,0.0030493061246051403
neuron_2855_count,0.10456695549456588,0.07758887237701345,0.019266741549794755,0.023046266463416204,0.003498002318820817,0.0007843936923459579,0.0018527229933333264,0.0187525577010111,0.0026865683160233883,0.014588762428488111
neuron_2856_count,0.11991482855836952,0.08035629660064098,0.03298560724859159,0.013833208751350495,0.0016823775435444513,0.00015919820151965268,0.00784823197192791,0.022629507225599504,0.003147209018410188,0.015863000399158014
neuron_2857_count,0.08484133826388085,0.05823603555385032,0.025999815405596288,0.015330396848132435,0.0025502875242712567,0.0007368380479758456,0.007893972674210839,0.01871481451493308,0.0014568054619554655,0.012406385986443322
neuron_2858_count,0.04072703706946241,0.04261891613440354,0.003316764599432878,0.008015303422665293,0.0013038074907726783,0.00043002185257711746,0.004041341409411495,0.005827100234350041,0.0012453006415344544,0.0012790971554261874
neuron_2859_count,0.031184931879695926,0.03105494997081848,0.0008632436594199957,0.0053172332685297585,0.0010550501152288465,0.00021374584668134092,0.0023085401806577054,0.0017114792419353868,0.0016473708346139218,0.0005963405930544756
neuron_2860_count,0.05321228081958637,0.037129361281965576,0.0059303400630902475,0.010331339997217567,0.0013009303295488973,0.0005587899108681141,0.0030526229513773775,0.008451940925716203,0.000817065602553119,0.0030455738290620024
neuron_2861_count,0.11608115530674842,0.08309330692063616,0.033175981055847265,0.0179464585864077,0.0020486011426096642,0.0009778782282711326,0.0075839568151356285,0.02084357778625945,0.004212714671832228,0.014696573831708179
neuron_2862_count,0.10404104963885882,0.06900131619926084,0.040568751937998804,0.009267010784670168,0.0015138007424895586,0.0018205249974516322,0.013539493204688516,0.02255014266967817,0.006934823926882945,0.010777191795307756
neuron_2863_count,0.0613676445299714,0.06271190472651308,0.01180129687186026,0.007947864584219547,0.0007478974528612875,0.0006805431089042507,0.013231372248481185,0.010397325531836019,0.0023058257196195454,0.0021860361793795448
neuron_2864_count,0.11724765808311219,0.08030758694548071,0.015551138720308999,0.00926667692657604,0.0014644784686159672,0.001293873681157156,0.008105542132727656,0.015426181227897823,0.0021120128597090088,0.005109907069062135
neuron_2865_count,0.10534645709363696,0.09326683074146364,0.031226089827297937,0.00822374718992247,0.0013087411608659026,0.0015315200673285158,0.010072691424398747,0.01504111402210305,0.0044460299199947165,0.010109570151440261
neuron_2866_count,0.0940134136323966,0.06436642366286696,0.016206680600822518,0.009569072642893167,0.0016449371059427745,0.0020983403349105686,0.00796608299480088,0.012520722173742005,0.0017917696184580594,0.00754070185117188
neuron_2867_count,0.11458296122341674,0.08451017034689612,0.0315282940463473,0.005786516144229578,0.0016595583987987217,0.001407963042156988,0.007829846350284844,0.015934789506754893,0.0032889538780524197,0.007985290059573477
neuron_2868_count,0.12017792662607754,0.07212011630455539,0.03511753764513356,0.0056856271183488225,0.0010630875492307137,0.00416727702062198,0.008314879471914671,0.016633397232495933,0.007926743328525596,0.012783111051322307
neuron_2869_count,0.13003861703022326,0.05302197380297943,0.05218696362005515,0.000792891738889516,0.00014644218991707522,0.0041232016886086145,0.006383483328011613,0.01614835180657785,0.020985884780852074,0.021398218022488355
neuron_2870_count,0.1126060569783936,0.08635563409772698,0.029130302535290503,0.006263749064587265,0.0022998649852867953,0.002416398680556729,0.007603945880267263,0.017027533719375418,0.0022616214950958308,0.006604514573587586
neuron_2871_count,0.12047726683008467,0.08181890718639409,0.04101907997399015,0.003962027523845765,0.002382757849924054,0.003918044915409459,0.009766971348814227,0.021218927563963652,0.0028168937009275113,0.008810474719473091
neuron_2872_count,0.09375810630186618,0.06775422125087788,0.029183858166180104,0.003359660014080515,0.0007568202604276916,0.004855302690513867,0.009914101250775409,0.011648822270197895,0.0031121456949660363,0.006608413824470312
neuron_2873_count,0.06813525034138676,0.02003736649660743,0.010581546797012314,0.0011621820402563064,0.0025299883328672515,0.00023106823695896554,0.005580116124170784,0.01638354895338682,0.005523934212337288,0.00709868907736981
neuron_2874_count,0.1120020671970191,0.08820184897767419,0.0187063712700839,0.0039718888477618675,0.001670604735019933,0.0024206274311492637,0.007354750379835462,0.012651283877985517,0.0003709823159307097,0.005251305059412771
neuron_2875_count,0.13167993881619836,0.0662093264242612,0.04400957234702743,0.0037338064533409404,0.0013975668365475563,0.004120886540452201,0.0089878201655781,0.019032821786118412,0.006647872466348577,0.014468121814555798
neuron_2876_count,0.06034907427893643,0.07363470531024552,0.01506493881034826,0.0042186650658502176,0.0005358866337163773,0.0013767363295791452,0.006947859790032304,0.007879225959867064,0.0005608963930227705,0.0010541416787883638
neuron_2877_count,0.0841294407738496,0.00281082927007106,0.06820511404413154,0.00167490591644048,0.0013489377816420442,0.007297142356621773,0.0028695162167825874,0.01954399531343093,0.031608004037365064,0.0257953787938158
neuron_2878_count,0.1314459310405792,0.07312767753966742,0.049428887043187375,0.0013247664045670689,0.0009332270079681175,0.004423200304679284,0.010324010713590473,0.019872722468801854,0.0070275363573002805,0.0168390836357636
neuron_2879_count,0.10897316448638494,0.01613199115198466,0.06246429718123225,0.00014019422118564245,0.00039499839365645696,0.008850507895001053,0.005812763397974291,0.013782109537984005,0.02651532659336296,0.021580315450276263
neuron_2880_count,0.0962764080031481,0.0037183893476944244,0.005171521220462834,0.0033029475996395607,0.004285837937901722,0.00010646223241009972,0.006528204917030142,0.011542407379530897,0.016514974137859614,0.0172766799305121
neuron_2881_count,0.07667105478840675,0.015172202324033466,0.007133640325521096,0.00026080775480008664,0.0009106140523255988,0.0018374731970216898,0.0019124014264478787,0.01139511395922057,0.0037743415060194556,0.005545801656779649
neuron_2882_count,0.15223489632992004,0.008275317150861716,0.02312554863163352,0.005047490843068499,0.006413658477009886,0.004376574087574518,0.002426583109944029,0.03824545097455451,0.006163944127304276,0.03389004768272058
neuron_2883_count,0.1471245786663217,0.02255304081171039,0.01602689177723199,0.0008333576677057482,0.0005629277833217585,0.004084895085794335,0.0022719275118650555,0.02979325093754366,0.006231393175902586,0.02186559815640987
neuron_2884_count,0.1538838538608447,0.011727761656567776,0.013212489549052103,0.0010896337369747412,0.0019453181946663574,0.004271476430769507,0.002191815888913585,0.03240410135293434,0.0044633137245256235,0.021281152821834348
neuron_2885_count,0.16225112024925326,0.007125928841381045,0.017769928656074643,0.00521366819952903,0.004674182400389179,0.004197782144571886,0.0031711100273815324,0.0359253919655442,0.007999557497515478,0.032509970100836366
neuron_2886_count,0.06600302700869429,0.01764012874367793,0.0054956061208899926,5.82173495663643e-05,0.0003018145140845953,0.0014408736461567935,0.0010438252903959763,0.01966252958217579,0.003134254533712199,0.0051890666458953676
neuron_2887_count,0.1846986454454588,0.004463900098903649,0.017032616188897884,0.01139247150652796,0.010089252331431,0.007172098138457983,0.006685393023595755,0.0340677496419475,0.010903527242990943,0.04874540596494886
neuron_2888_count,0.21849062127750515,0.011910698043343312,0.02357915304691796,0.007032917287453734,0.004604648180377063,0.010453888597737687,0.004546641615251125,0.04754391928884144,0.01211409777169424,0.041928870719501965
neuron_2889_count,0.16383580892279254,0.030632202240525624,0.01821470630760362,0.0010052092559943923,0.0018224274072987587,0.005017064392237466,0.00035906047868797535,0.037208539149794606,0.0013504004847845336,0.02636462686524646
neuron_2890_count,0.18523425283902778,0.030574242624368503,0.01810676917610672,0.0008306387460149493,0.0023143344366793744,0.007961000257220963,0.0003147429322557845,0.044337380220450806,0.0013005238473976829,0.030299210488438144
neuron_2891_count,0.044805134857655374,0.029126476924974123,0.002195393977857528,0.00014775544113028796,0.00026929451748232934,0.0001909355568740119,0.00032085165415497426,0.005726300766592779,0.0020964797486069595,0.0008677825840286216
neuron_2892_count,0.23081958632333882,0.004600576385690704,0.027965276186157018,0.02224955642269051,0.029493281589639583,0.017976518031076832,0.008548568534388859,0.06072564156053617,0.011335746307748445,0.07319589214567507
neuron_2893_count,0.2560988533042528,0.015240132643507182,0.03162541295162588,0.01960787965558805,0.0189795912026081,0.01665143478411421,0.005677510566764694,0.06852379207823611,0.00959726267150264,0.06882025307461842
neuron_2894_count,0.17991998055745811,0.03546437328335475,0.018762757332802915,0.0014682591244524618,0.0054938540199857,0.007983742661158963,0.0003612987059460797,0.03928093182857856,0.0004607125860120881,0.030246872445177736
neuron_2895_count,0.08629439725828933,0.035556000855007375,0.013606238636572815,0.0016812607821843836,0.0027714341580743276,0.0027354166132609534,0.0005769544385264922,0.026243235881026977,0.0041306779585201445,0.01410087254682063
neuron_2896_count,0.24018042076839158,0.040533463126093544,0.015983266992719916,0.004937440715524648,0.008614691293894625,0.013677737802611847,0.0005113702791741852,0.04944607255064076,0.0023733454591533046,0.04538303781213765
neuron_2897_count,0.2567522666339625,0.044615420073038814,0.015584776471716036,0.004632227386210615,0.00891089314405534,0.01192224334329646,0.0007590418219645019,0.05304080352469712,0.0017886506760194307,0.041910727028058814
neuron_2898_count,0.21511418995453094,0.01167621168024828,0.020176386230535637,0.014668701651064986,0.028527722794108895,0.020222236076419584,0.003222305785678524,0.06232666909819412,0.0010067453332112488,0.06797146608823429
neuron_2899_count,0.0857958396789483,0.05036879884026674,0.0013788384505174257,0.0033738507135773962,0.0008001282000809906,0.004535493957370677,0.0005331983746083915,0.01606724563152244,0.0023833482899901365,0.004132727650248531
neuron_2900_count,0.07607243312503761,0.03925022335218473,0.002791029536712772,0.0043506126938584674,0.0010433542811503806,0.005784894566425912,0.0006491638534817613,0.02003082655425302,0.0022548902630825894,0.0054416522726892375
neuron_2901_count,0.11652186973310669,0.04130181825406856,0.014188983155515547,0.0031736007241634917,0.008208142781415795,0.006081376654510778,0.00012358963409828897,0.029646682570705435,0.004309835833807452,0.018564410735272804
neuron_2902_count,0.1610202269010343,0.028021252764882973,0.016638190112093706,0.0157782657087506,0.022785642695701006,0.013081350266299988,0.0013019122801466929,0.04319046502535204,0.00040662007041511114,0.04511516536939622
neuron_2903_count,0.08745521994296424,0.02184772105993947,0.012410769771103003,0.00751040100449174,0.012502827157373414,0.0034542536148511258,0.0003320008873089579,0.035070825341595474,0.005091283382403507,0.021073831165610096
neuron_2904_count,0.02647579449078314,0.036761363229326785,0.0011278258863736054,0.0022244487953660737,0.00020644610751613217,0.00013769429864867355,0.005210611713850677,0.0020821318954031484,0.000552500692947158,0.003979097078811257
neuron_2905_count,0.06908717739984738,0.05065232430259198,0.00432150498179594,0.004270814882947033,0.0025610755380277017,0.004965085223153039,0.001003129589861717,0.021473979269460666,0.0044179244226268816,0.004921493108655806
neuron_2906_count,0.045633724416163104,0.03779474131017492,0.002513292050113268,0.005354376717176104,0.001830949059947365,0.002773728546519933,4.9426715612662265e-05,0.014498007218077993,0.004345486642360459,0.0023671686130509045
neuron_2907_count,0.12612552241164723,0.052554031568247034,0.0077154650078783485,0.023775369310788594,0.011301541464361103,0.007175291510432218,0.0007789324374028704,0.042670235760200764,0.0054528237387973175,0.022653356879134695
neuron_2908_count,0.10336683988964321,0.04778811260750701,0.008801759258870806,0.010066388857440212,0.01181115459051539,0.005781750417657848,0.0027707951958466648,0.030986321472740136,0.00353049537216802,0.0186044088003315
neuron_2909_count,0.06532411297243054,0.05767067266371248,0.009413836074845389,0.010611158058469294,0.006820387094661429,0.0029829954608988213,0.0040713937646287765,0.018068641139555364,0.003854425578797435,0.01159506490152419
neuron_2910_count,0.07511242576102237,0.04311556042735651,0.010487301600217658,0.009107664029489676,0.007911948747061082,0.005511705575328783,0.0007181938990232124,0.020322571614269064,0.0038957306865856356,0.018265098108909777
neuron_2911_count,0.06373338155757283,0.05724761810763257,0.00290946087487496,0.015442288195865198,0.0066962435745931345,0.0022857700475714324,0.000902167117899505,0.02266554242848849,0.010269057202531684,0.005449434633896147
neuron_2912_count,0.03256589610724418,0.0348675744795007,0.0017038085783798729,0.005203833538254928,0.003081601084379897,0.0012418068652502706,0.0011260711083251433,0.007285186871955448,0.0016697667375133365,0.0015770470621160905
neuron_2913_count,0.12557120585001927,0.07746382806648813,0.017308907320078476,0.020403787142186713,0.008918276857804011,0.002803099219381655,0.004815354269422742,0.03153212395126073,0.00035773155067935977,0.018191895575081496
neuron_2914_count,0.09778123482897344,0.06985206496788518,0.01307692465002984,0.024569848516554624,0.00985833062668845,0.0016156152185415502,0.0021076569034302814,0.016684605896983506,0.0015114802582375,0.013760612174931408
neuron_2915_count,0.023507248770447783,0.031780249252977136,0.0006301138108582771,0.004144638042292904,0.0010874878309725814,8.018990307569033e-05,0.00018077277902587684,0.0030698023333823217,0.000691590758469229,0.00043597644605725345
neuron_2916_count,0.10280150133148627,0.08333595892207704,0.032350778279655296,0.03097653018054483,0.007019659217165353,0.001984886567124082,0.004354303997617576,0.027044434244745313,0.0007635566235526768,0.024827246600527764
neuron_2917_count,0.11532723614919782,0.1077739222116991,0.03561310230902093,0.037909713699500774,0.005835235456803409,0.0008279038491471463,0.007332477337855886,0.029685453961957015,0.0015820530948287177,0.024815857961145507
neuron_2918_count,0.12183091571468818,0.09784760879533072,0.0463984591494844,0.029076969951337808,0.0018575048567399735,0.0006196166344033145,0.00815485041208193,0.03245092444956488,0.005811333166687194,0.02397979529612121
neuron_2919_count,0.08661107678036722,0.08377874740468683,0.008822917092156657,0.022210846548210886,0.004073241925353049,0.0011799561425016175,0.002302522612790854,0.012752812439028025,0.00028982762898061584,0.006540517433317405
neuron_2920_count,0.070450059200928,0.07976255453047823,0.0061595484614832136,0.016428780436730822,0.0030773820308548847,0.0001776385313957161,0.003883356999099953,0.009503199113166771,0.0003226776451472485,0.004066900588598668
neuron_2921_count,0.09410362304128145,0.08105592583546761,0.012329552808542768,0.021649880114962952,0.003979896593402046,0.00010026620588944601,0.006216273245312667,0.01688368719658935,0.00031753469104355003,0.008888080939128296
neuron_2922_count,0.05997635632755631,0.04483594187708537,0.0024106218472471873,0.006848566399495069,0.0013346101376924286,4.343172068426663e-05,0.0037537157666405335,0.006874812483754884,0.002182255814587233,0.0030127829696608294
neuron_2923_count,0.08032716392215722,0.058482309582940345,0.007793692523942457,0.013422068028418638,0.0019496948666307412,0.0008438331259229721,0.010557605187538843,0.011361187276347107,0.0013006658221979567,0.006377145616766347
neuron_2924_count,0.05615939764576169,0.04003188874359696,0.0020440135529254996,0.009286277329132238,0.002571766100766251,4.5678054114214797e-05,0.003683457037450842,0.004418223715892389,0.001863870471369554,0.005671691621142946
neuron_2925_count,0.12221034002872719,0.07360634632960467,0.028475571542318806,0.010393241874970635,0.00140837543332923,0.0009690219506117252,0.005186537650523834,0.01574932896404513,0.009111157736537673,0.014477232877121451
neuron_2926_count,0.10156516972425872,0.05984162268782953,0.0698807599309813,0.007647742130248131,0.0016217536230666088,0.0018810751320428518,0.009079700400702384,0.023305941336635133,0.011537043164289301,0.02424423746669667
neuron_2927_count,0.047087185479231436,0.06820267302257918,0.0036615406187813157,0.012109996177721766,0.00042532897250554744,0.00038365942876998453,0.005265669479655143,0.005902577738481622,0.0006651112242354786,0.0009314321817487439
neuron_2928_count,0.08202730589045679,0.07117351520870349,0.022930915974723118,0.008149505248718047,0.0023617489748965076,0.0013529996574883178,0.008376646875862037,0.012672550210277078,0.002355425557095229,0.0056806735058796964
neuron_2929_count,0.11861047601601565,0.06402913895067291,0.04465386492304538,0.006216598656706096,0.0011310380420917025,0.0024366836966704802,0.009454964434952126,0.02162201841347483,0.013871230843697999,0.020965721154123873
neuron_2930_count,0.09831218131303035,0.07355801173914228,0.015278802394026278,0.009061213319296699,0.003201682375652541,0.0013896235318192444,0.010174761031460311,0.013781209296054697,0.0020391383515495215,0.005004836331779894
neuron_2931_count,0.09395568459990306,0.07716792930407196,0.02989508307143328,0.012128318702759697,0.0032210050154864167,0.0025999211380858395,0.00980488847421962,0.019699968294157724,0.002762544784987879,0.0056363821124832195
neuron_2932_count,0.1255559111088978,0.06680256921138844,0.052952107124752235,0.0036623060080696324,0.0021138226539118843,0.004135563000271333,0.009093148661378544,0.02468889175487403,0.006316229867178891,0.016655459744734452
neuron_2933_count,0.1236126467886842,0.0745020182173218,0.042940576602856884,0.005741324420198118,0.0014300247364400186,0.00319735080816725,0.008867461252384926,0.022989508316183502,0.0054189329717070425,0.01587832097986165
neuron_2934_count,0.08832745593246849,0.06812930598768951,0.02980977781236996,0.005455803167489864,0.0011167123767310515,0.0020005461307537956,0.008206407662043946,0.015255205139076675,0.004315613834357905,0.004552718567054144
neuron_2935_count,0.12049479637162372,0.04681346352485896,0.05607057277086744,0.0031999738346828663,0.001500362379391034,0.003448070475248137,0.00684080673098339,0.020267228238401006,0.018499412433243642,0.021764497540627273
neuron_2936_count,0.09293267198889607,0.07772444872016632,0.02808911619872366,0.005728588985968744,0.0018920688957751106,0.002647261852114287,0.009657896266842492,0.013755589686710132,0.002229003049065332,0.0048271244383928935
neuron_2937_count,0.052968987458821455,0.04626170364100224,0.007761353806867027,0.006978137577618761,0.004126227696105898,0.00011765652295316238,0.0035609442877187134,0.01426872919214156,0.0017443112902070304,0.005172722833931123
neuron_2938_count,0.10962421994427068,0.04523763556822863,0.05370228554961434,0.0011885998185530676,0.0009015057974284674,0.004109139899271884,0.008222065213396343,0.021028791133954658,0.008104282970461785,0.01823609197959815
neuron_2939_count,0.11725196608271649,0.05925780108294834,0.04430117406316708,0.002047504146013124,0.0012257762044261857,0.004110036628923001,0.007587120257938729,0.021109919432837132,0.006588997519641197,0.013938919571463607
neuron_2940_count,0.12384210687975011,0.07502801529902128,0.04843784648548166,0.0016995115573973374,0.0019594281648527417,0.002538263060669177,0.009169216322277782,0.02043079457124733,0.005540604487807202,0.019355368182628896
neuron_2941_count,0.10075194640055476,0.03449360283001916,0.052839585513613174,9.931260134483141e-05,0.0011755564210936993,0.004531123353668502,0.005691570395229835,0.01573344600828587,0.013259530722679491,0.018001323198817823
neuron_2942_count,0.04692454235080307,0.0038908333208482054,0.013922190135708654,0.00042004890681551126,0.0020781146134364464,0.0017748139918959717,0.001747140158140724,0.014610258315753244,0.0020782259290284266,0.004516222855841724
neuron_2943_count,0.043050056262321446,0.003989151995041559,0.010531814893862762,0.00045595126367959597,0.0021327892024175787,0.002925665121679768,0.0028746254065145638,0.008989399822817844,0.0027910632266077255,0.0024770885517656563
neuron_2944_count,0.09527874728249677,0.0045641293460130655,0.013969245868218266,0.02242793425323983,0.014211773456532045,0.005847882965912314,0.0156792635058825,0.019129839092879505,0.015035409694098001,0.038051687105944865
neuron_2945_count,0.1315607585664693,0.011809643550588153,0.02527522485630307,0.0031675393168296567,0.004236886777868161,0.0035462790118502563,0.002417883437139657,0.038227939608913686,0.001695539546905378,0.028213467223556873
neuron_2946_count,0.1312284885713994,0.028625272040860794,0.015265355049705387,0.0018110763891378556,0.00040373243976537035,0.0032039033300317807,0.001169142332261468,0.03161471656984868,0.0029212367992513554,0.015172676127547524
neuron_2947_count,0.11379258376500308,0.03328770234812997,0.013623821065581222,0.0013873220619372052,0.0011064009265994955,0.0031444458187227797,0.001086081758156313,0.024566684316907353,0.003201454407221388,0.009268235812046693
neuron_2948_count,0.1384975836288575,0.027395404634755663,0.016777565742800343,0.003952140148175395,0.003238844945813231,0.0045081571198472906,0.0011523673436542904,0.03041798166656906,0.002012840634708593,0.018467561230453886
neuron_2949_count,0.14653772046983846,0.017357725406169575,0.020187842771009545,0.003941776961090292,0.0034837708945206006,0.005789112637215592,0.0008896230571768006,0.0401173779080638,0.004027030295539344,0.030347730635059744
neuron_2950_count,0.1703553350709199,0.021643537611364103,0.018636038648304598,0.0022650017027601235,0.0025792640125446784,0.0032416941692794965,0.0006721002343242372,0.03699771368873811,0.0029580110311193744,0.02706534843791933
neuron_2951_count,0.1603605814066393,0.005877010967440671,0.017888601083474454,0.010881679474094977,0.011777066478410161,0.007354553353215221,0.004765043058081821,0.03241073037454012,0.004107712542748172,0.0446978151293107
neuron_2952_count,0.0795580400460273,0.036334031322790776,0.00569368955429524,0.0002341511383209165,0.00022382478937287681,0.0020967595121543954,0.00025918819504031293,0.015280911835059516,0.002085907359435514,0.008242178737883944
neuron_2953_count,0.21668411078147357,0.007475436791698695,0.021216127456999176,0.008171529083503618,0.008925483414643207,0.008411850462470921,0.007012528372044018,0.041728430660400856,0.011163274491641798,0.04900908553544456
neuron_2954_count,0.2215887765515751,0.004067040009074568,0.02086063621416502,0.027108910940053577,0.03037340940119894,0.017057336776269916,0.01261288524581504,0.05577811172627778,0.009131367007690391,0.06661762727261661
neuron_2955_count,0.2127867505074474,0.016739945914846913,0.02122842093666928,0.006717979504592755,0.010189227392575606,0.012082496559571748,0.0034480869438059183,0.045734920171949744,0.005570394374683749,0.04415264522863327
neuron_2956_count,0.17662459275872414,0.023315924267099886,0.02351898806738334,0.003127451817614521,0.0059220748706307474,0.008852317220450504,0.00047288855631907184,0.046055995116329185,0.00230846483542433,0.03696267805664047
neuron_2957_count,0.1384745408473874,0.02650239397610693,0.019925899353405496,0.003176755609426943,0.008518688906689303,0.006767149444109791,0.0004714399186921403,0.03591139212728367,0.00015493662182194945,0.031341391227839854
neuron_2958_count,0.06090660372310533,0.012513616469212237,0.006483464293501225,0.0009967157022504874,0.001738817832336391,0.0017159595190187928,0.00026295141709473395,0.019478478293113194,0.0017228311329606297,0.006246905540958851
neuron_2959_count,0.2640248360406516,0.022182181698605294,0.024146780682843955,0.01087442998570054,0.014157112738638733,0.013636259498587808,0.00583780123899072,0.05761193543934989,0.005515288604029049,0.06129366122504229
neuron_2960_count,0.14136124339464637,0.02072112281372157,0.019035547118997506,0.0038371832472884684,0.008690424848878317,0.009159909758363532,0.0005668210361122594,0.04073453177793668,0.00021943770404748465,0.03341645973493626
neuron_2961_count,0.0978570183121667,0.02399272779740061,0.003814444434349487,0.0028819826745882862,0.0025867128519989416,0.004004087120406986,0.0010563179558392803,0.018882596588965878,0.0018424512411694648,0.008669314285299823
neuron_2962_count,0.03489824926198566,0.017632052442636617,0.004957566306548075,0.00014118953797438906,0.0011200788394658164,0.0004124516517806272,0.00015403217260012356,0.005835059947854784,0.0015436978816678604,0.0017543169266065709
neuron_2963_count,0.09433143714310682,0.021886802157437796,0.007829976291883131,0.00848105885864138,0.012526427454089592,0.008371164298749886,0.00045099519084011545,0.025865600895442153,0.0025484855423013528,0.02769806322311004
neuron_2964_count,0.06343690737136427,0.02571832481765972,0.0029642348898575865,0.0010235515308250308,0.0013276376040813852,0.003094027479926185,0.00018321007745020906,0.015534112243139345,0.00356976029783607,0.004148940252781334
neuron_2965_count,0.10398166520912877,0.027453496280810716,0.008247678392406962,0.005910009356457052,0.011132653774298312,0.00763984432452984,0.0003124090272867575,0.029190470232474855,0.0017784180288844542,0.024418253893072825
neuron_2966_count,0.1589541952470682,0.022663244999312437,0.031782979898518665,0.013138774295502656,0.0325145242217722,0.01816352559895562,0.00015638205010333993,0.053309060360767935,0.0022948748445511744,0.0734240461268959
neuron_2967_count,0.06130588993525064,0.03101754200963283,0.0014680539211455092,0.004089300895806343,0.0013507790051348612,0.0025762724135351862,0.0016567354923247984,0.008644144298200505,0.004475982688582535,0.002149380363216425
neuron_2968_count,0.13703566902494962,0.05150317387534059,0.011167033950857969,0.009895019547540337,0.011020549386934655,0.006751694048210688,0.00047177807731865057,0.040238134202795955,0.0032134999031808165,0.022406336483023356
neuron_2969_count,0.047259056435476524,0.034938809307627355,0.0008485764539351093,0.0010128182262162545,0.0011536212447090504,0.00045469916859697257,0.0002857865416654535,0.0042262952322230235,0.0007661110868821767,0.0005313215312905519
neuron_2970_count,0.15143400881689087,0.041951639717973443,0.01311132622619629,0.011022558239047464,0.013614690761215478,0.008378685307809455,0.0007654798878061406,0.042582832457555175,0.0020210680406788084,0.028123126550567923
neuron_2971_count,0.14279535346804947,0.045564687704112206,0.0111860444626041,0.017400700484739406,0.02268395580429526,0.012484243687444982,0.0015056561502141894,0.04517701232868837,0.0056589254421020654,0.0305590465832708
neuron_2972_count,0.10619246485206285,0.03817337657434661,0.011769256811056408,0.02554444073388723,0.019463371380204694,0.011322743258652887,0.0010233428231964763,0.04359822851671652,0.006435044036222089,0.029850447453884363
neuron_2973_count,0.1501313700313976,0.04958389697424351,0.026473322390878434,0.02605722616473817,0.02855157429662185,0.013434672451444876,0.0008720485295668073,0.05283352687967924,0.004442313572433583,0.044172263873758943
neuron_2974_count,0.11765893449981402,0.0377898374729731,0.007950139791872063,0.02252480254663662,0.024761342271254358,0.012870999449673334,0.00044772159218131775,0.03339036240695287,0.012794590962505237,0.03474536423102817
neuron_2975_count,0.08457657232104634,0.04997740648384663,0.008199282318608926,0.02094651220690634,0.012547354812403946,0.0053776187600649075,0.003693232767996893,0.03448784649573777,0.0043659683657654505,0.01592913725190709
neuron_2976_count,0.08202818638439893,0.047651302450471944,0.008059715682902577,0.01681320966233725,0.013410559834712843,0.006031944400896563,0.001978438141145282,0.026639555305607243,0.0020677453452839986,0.017014136584145217
neuron_2977_count,0.12844890059681446,0.0738264876384542,0.009429394006570752,0.029104342855546875,0.012023877852557596,0.003696688257211901,0.002114241702885239,0.028808680184901125,0.0017518407792192214,0.019832478896966446
neuron_2978_count,0.10694725272243907,0.06482334895303413,0.01679743388139944,0.032682325270207396,0.012121745808763587,0.006924737306968715,0.0014177398194178126,0.043981645462801255,0.002140499833662435,0.027402430675675063
neuron_2979_count,0.07662976340418623,0.04230637341004842,0.006937325011418,0.014960750387103067,0.006324777083157512,0.0005697289630819287,0.0028730439837288957,0.021057185666306752,0.002849764486412755,0.011420805012693866
neuron_2980_count,0.09897079617780496,0.07066211899371141,0.013936578897511417,0.02753652729608809,0.0051879476929788185,0.0014568276093030706,0.006850197551898821,0.03394284312759946,0.0009487014584857976,0.017510240681065617
neuron_2981_count,0.027919232594593446,0.03232637052631755,0.0017952620882860787,0.0049258350473545195,0.003842578018366259,0.0002031643018497592,0.003214212776173654,0.005053820438223992,0.0021356752170585136,0.0007176191270676369
neuron_2982_count,0.1016804303526124,0.08785382750090917,0.03993761983579522,0.024339354807872332,0.003440004450639883,0.0009339486723077949,0.012059112461293195,0.033512407181198633,0.005000922331360284,0.02048198513968212
neuron_2983_count,0.11832609376790432,0.05745769998331615,0.036049536539751126,0.02263851326561528,0.009916631917807783,0.0013133634654806069,0.00414424413257064,0.03311904495025006,0.0020148908937758295,0.024049473136106114
neuron_2984_count,0.056097518550468586,0.05567016969034139,0.005756303907487284,0.013407097266401963,0.0007627341523037887,9.454331104901455e-05,0.003259495769143035,0.008094740491915171,0.0008309614238218039,0.0024810546725546057
neuron_2985_count,0.05812362715613485,0.054333925239926834,0.007380611948095757,0.015436938050830754,0.0021833177979073345,8.574241199829115e-05,0.006789507090381779,0.012109554706521183,0.0007594719754195805,0.005148069904573317
neuron_2986_count,0.04046893661905698,0.027406664158033764,0.0033204720101734607,0.008890024446329935,0.0010596757914184268,2.751085167550368e-06,0.0005475699221820472,0.008658162890336718,0.0015048262232898917,0.0020906017445992964
neuron_2987_count,0.04421710651465777,0.03210031440465719,0.005296415446305883,0.0078065617240125895,0.0005913934398307811,0.00021371742799401391,0.0029186566205165847,0.006688078020962981,0.003885850744488521,0.004236670380195743
neuron_2988_count,0.08344143832457723,0.07172670312186777,0.031270715064073584,0.011599594382110695,0.001982716707183786,0.00017107202135628954,0.005873825646869196,0.015989303863971432,0.008238597125475033,0.011129275713940914
neuron_2989_count,0.10119533968965252,0.0824395826616994,0.020145876029595514,0.018330303969120457,0.0025583348657610416,0.0006830539609281039,0.007642707159433465,0.01983343795512471,0.0016176711367231165,0.008601966610717077
neuron_2990_count,0.10121469542475109,0.07358735136728958,0.03922938568539125,0.010077502490738521,0.0022490928992968603,0.0009056661017047517,0.006105607585901493,0.020205253405046184,0.005442487053759382,0.012319980915186157
neuron_2991_count,0.10320600086826734,0.07204284118255272,0.029693990664392628,0.00970531882693984,0.0036915783662116314,0.0007064414123937011,0.006930642057481368,0.017950462841310064,0.004480721731684574,0.013111081335766162
neuron_2992_count,0.04220503228108365,0.03381472795421206,0.00393175005642632,0.004556745228444268,0.0029525858721419964,0.0005768021300019666,0.00028047268043852706,0.009504116875451302,0.0021761591400737065,0.0015296132410848907
neuron_2993_count,0.08589648219453125,0.0478339864579041,0.004154251675861642,0.006850903023746274,0.001632833822771882,0.001123149389969328,0.0053981122289826905,0.010393064842553174,0.0011223414818953802,0.0044446368070903235
neuron_2994_count,0.040104221976163444,0.030337129455123554,0.0049266986203415075,0.00447023816592005,0.0014868132329501904,0.0003003280033711895,0.0028239692408684874,0.0047489718868314705,0.0006265262048182774,0.0027031316471502753
neuron_2995_count,0.09179721032248556,0.07013152099901676,0.021536109766805436,0.0064416562308638944,0.001730693548413837,0.0023434763753314505,0.006763131636158368,0.01248911988201895,0.001621599658845025,0.004991555646819856
neuron_2996_count,0.08260684791261283,0.05575689141409579,0.03061546888945188,0.008300689491988006,0.00229735363640092,0.003012998870850374,0.00698666098851939,0.01629823821295677,0.0035833303622513878,0.00449122227981142
neuron_2997_count,0.10116672690302764,0.06346647217038426,0.033975687777449415,0.007529470743322567,0.0014407217145281856,0.0017312446608162835,0.006648863828199819,0.017188728489506838,0.006791321336012894,0.012956332772529167
neuron_2998_count,0.0979800032632683,0.06377404791332589,0.03056588262034765,0.0075585243246239775,0.0014681134783504218,0.0022522462640035823,0.005973886685435373,0.018706328449611315,0.002538179067725889,0.009106651671316787
neuron_2999_count,0.09315654203732496,0.06164765091270666,0.028470701788974706,0.005051416713323417,0.0025366782223300507,0.0021455268526288165,0.00620263781080569,0.014802706488215439,0.0036714179677561215,0.011055924803876377
neuron_3000_count,0.12595234082057036,0.07746006856844867,0.04034777032598885,0.005816506312025023,0.0017741425331394695,0.003297427957545819,0.008961623984501302,0.020832970502426662,0.003787806536314879,0.010531860090905301
neuron_3001_count,0.08925248725650956,0.0368181580153122,0.05723464879844112,0.000668657827896893,0.00033821251683370177,0.005188682308644443,0.003677229207797117,0.014798789051467351,0.012822871073163475,0.013376966068674959
neuron_3002_count,0.11239480193814669,0.0587769349801473,0.04842842312614978,0.002793310032142733,0.0008549187000457537,0.00413537621045184,0.007801379474149786,0.024358613803901835,0.006802396410934823,0.014860343449122626
neuron_3003_count,0.06008034809792315,0.06223689898777901,0.024185379219651915,0.002251117371676232,0.0012843110793946122,0.0017552144674761253,0.0074074830120875595,0.010053613791117216,0.002559899408939006,0.0015851211739066739
neuron_3004_count,0.1055561998297549,0.06754656908324685,0.04458176991859575,0.002722116637472856,0.0012779695338972635,0.003862635806938096,0.007968968446765576,0.021132595430314496,0.0033820418975375327,0.012983117906913338
neuron_3005_count,0.10049385335425723,0.06445926789957865,0.05044640425288069,0.0017455112194761993,0.0011331763474176082,0.0028847521078064764,0.007022041577662189,0.018189201749937628,0.006090219344107993,0.012781246511928898
neuron_3006_count,0.040821995981578846,0.028419974465230424,0.03356643419020025,0.0017320548623845147,0.0018869334553081527,0.00028063361231267514,0.0007993630913288967,0.015553383699230525,0.0011887500368158235,0.0027861489888082666
neuron_3007_count,0.09795434366951014,0.05501059694260049,0.03473058003760257,0.0010312194497276994,0.0006128144031962851,0.0029030916271148635,0.0059405164699504395,0.015211979485536695,0.0036176566563526774,0.012418961997313974
neuron_3008_count,0.14358531115265177,0.005237022925072842,0.022174295349137063,0.011400914911801716,0.006173804538908825,0.007940074835721941,0.007808180118000052,0.033672089133073,0.02502328213816958,0.03509350575066025
neuron_3009_count,0.09987734200428802,0.0040067127979194,0.008177725129725949,0.013701599132726255,0.008908039616308608,0.0017879779281846225,0.01360983477765658,0.016825911994658466,0.019181047052275926,0.02438794017962831
neuron_3010_count,0.15734513223829127,0.01788811644095817,0.012786149225640794,0.0031222136608109533,0.0025764395667411955,0.004136830384993212,0.0012790853233502694,0.027096370922045337,0.0051444593309705605,0.022420744585905997
neuron_3011_count,0.14266232702078152,0.008265008884455013,0.015168151819412612,0.005020629415908064,0.0060185434749227135,0.003880290117553288,0.0032902503869993993,0.030158486172836146,0.004924354128354742,0.027607291404406098
neuron_3012_count,0.13224381307389846,0.002106803542984155,0.0150121429926688,0.009503368040257504,0.011979671393367974,0.0029796820749869307,0.008059344818152528,0.024527884874392614,0.010458295772948947,0.04369415179520672
neuron_3013_count,0.16540795315089632,0.0048379726631284994,0.02380587922708119,0.013940526161150754,0.013338532427816158,0.009739021978432863,0.003594851659652898,0.04597206474668508,0.006053208752348202,0.04948975236836023
neuron_3014_count,0.205013526045985,0.003877205348825602,0.01943651317581739,0.01063813113979635,0.014214198266287226,0.005927767786973362,0.009594687629027362,0.03269467209748263,0.02133865229715738,0.05274319854189269
neuron_3015_count,0.19578530560101393,0.0007841227757959003,0.023334175086023007,0.016903142339780353,0.016185911434197744,0.008043695974126422,0.007727834795526259,0.04587897420261258,0.018509961964375196,0.06067206721244481
neuron_3016_count,0.20575684192781235,0.005475500545791233,0.021461607589323778,0.008924428180336952,0.014578462881569484,0.006705303898604464,0.006219747583676674,0.04329422644167258,0.01113373196663707,0.04487036125135491
neuron_3017_count,0.19607849937024008,0.004076886612710544,0.019149491937607982,0.02410105199531047,0.022810661120757678,0.018252362971358904,0.009977310149786991,0.04819441148827747,0.008941425757019311,0.06125023685779479
neuron_3018_count,0.19262675009358232,0.0032006410688722176,0.022692995921485132,0.01633456084035162,0.016974562226824072,0.007678737057583679,0.006775218933248124,0.04651900263061459,0.010333832696050343,0.05756484285213129
neuron_3019_count,0.12512742062827953,0.02739125392078512,0.011423964267411088,0.002218951238565421,0.003991069190231379,0.004663110963315502,0.00015788984029371442,0.026729920477823826,0.00045189948789740777,0.018141793565190634
neuron_3020_count,0.1775091279290701,0.015797093730290812,0.020840795227901165,0.00740512148842544,0.015196219648589651,0.008163252226009596,0.0029025184952476205,0.03742443056352607,0.0013585730104939027,0.047285162821326304
neuron_3021_count,0.14990448698046727,0.04149976625612187,0.011896574016487638,0.0008084564580249885,0.003112070874724149,0.005495475900491348,0.0008342028704771721,0.026012891260512816,0.00022285244427986718,0.017146743171649437
neuron_3022_count,0.1936424321207167,0.017865663286044983,0.02094573985548262,0.004928790371939447,0.01447395274237702,0.011287853600602887,0.0027717228726165874,0.040947483836658805,0.0013854284375376842,0.047577624646864464
neuron_3023_count,0.16434215196836635,0.021259218281667477,0.02502838437004208,0.006461487673770638,0.011711828540175412,0.011423528784745784,0.0012712598676975825,0.05609578183522093,0.0012528454341249936,0.0409700894268184
neuron_3024_count,0.035718259907741634,0.022926391251285996,0.002388583275294443,0.0011393497806952493,0.00043005794110072444,0.0012329888974320947,0.00022962118521998795,0.0036142345234592144,0.002036715953760933,0.0016827264132030298
neuron_3025_count,0.19084115001098906,0.017949295761700512,0.01756592041062538,0.013393204237157522,0.016808455380765447,0.011889553051019283,0.003110940088575577,0.04652436946603691,0.00032603703967357817,0.05097614612986179
neuron_3026_count,0.10333433906109382,0.012525358797765368,0.010486902127582326,0.007347326506625118,0.014076318035578239,0.007966467312652797,0.0009503672328280456,0.029069527031481857,0.00032665847829406805,0.03226675946496352
neuron_3027_count,0.03552169714303751,0.023078152078085792,0.00039110256604449334,0.0006396285755636937,0.00047697598730254455,0.0011804827522216912,9.509324661176517e-05,0.0035516326215599137,0.003215372270777582,0.0017619803341645257
neuron_3028_count,0.026288469758544278,0.03343421748515173,0.0012837168086318428,0.0022093973738565933,3.060887052580585e-05,5.3848456161695877e-05,0.0006332858207562754,0.004120619187522979,0.0023599859833283573,0.002126290011134511
neuron_3029_count,0.1827985029182659,0.021402518391663072,0.020061429460510524,0.019122883190899248,0.025482426125812627,0.013648855280212882,0.0017014186184722314,0.05513066282395551,0.0009614311575729152,0.05533279951753395
neuron_3030_count,0.1406492376448173,0.036396952424158524,0.010075802853748289,0.014917104120766411,0.019353491687366456,0.011580365009914134,0.0007661392005751813,0.03724843431080732,0.0043723945908469355,0.03500180506109116
neuron_3031_count,0.07029150765356211,0.030206133871585356,0.002276668774757771,0.006106777356681026,0.006133565065318834,0.00593576927400135,0.0006154517094146012,0.016031048395353714,0.0068740044231358,0.011063480634765872
neuron_3032_count,0.0857807646985806,0.034950851909987674,0.003254844450697722,0.003959377839646311,0.003465200284526862,0.0074827944920179065,0.0005949556634126975,0.02550870376740348,0.006387990267698498,0.010342679771318725
neuron_3033_count,0.17374747337232865,0.03969409413561767,0.01019447434875255,0.020679802725027646,0.02547492606869667,0.01510768824040895,0.0021277365230239313,0.04392421699318283,0.0009393481706703455,0.04252266877378022
neuron_3034_count,0.1886346828921521,0.048454689499887904,0.0240010234854265,0.03803423978587872,0.03807952188744834,0.019709773880916784,0.00134038091522771,0.05202424201567035,0.0009274525980771803,0.05658195251780915
neuron_3035_count,0.19283243691932805,0.04811898663748165,0.024013717891689934,0.021656733561915636,0.016779097164504625,0.014988428762853584,0.0008817779218416727,0.07081828001105936,0.0008722173248677904,0.05917618742338601
neuron_3036_count,0.06193228515466068,0.05482443970004475,0.007929277753203484,0.012186340247315644,0.00880883956362935,0.009504934615262958,0.005157649843953185,0.03103137178084253,0.0079847364917707,0.011313819072566234
neuron_3037_count,0.14940940500005637,0.042471635774915,0.010885668967381301,0.035416184263036166,0.031665361775714385,0.01889440752592915,0.0002608234189026662,0.04630961962395294,0.00378289271684442,0.04738449993965915
neuron_3038_count,0.12326895852656453,0.05398490650927801,0.01738860341508923,0.043649962977943796,0.027526906775001914,0.0179184035219542,0.000706851047410131,0.048893100220070235,0.00685556649968129,0.04184620316685736
neuron_3039_count,0.06067673008778737,0.052146790235834545,0.0055747372244886115,0.016054853291237542,0.009669329801874946,0.004401601932702365,0.0015055362253106747,0.01650403346122492,0.008349588423675142,0.013359194929404086
neuron_3040_count,0.016009353972794182,0.03308842726475499,0.00032100270484667834,0.008408818253710728,0.000612664749470491,0.0014098286424829819,0.0006353501589100204,0.008006635737802238,0.004740491468860339,0.0009803901872135114
neuron_3041_count,0.0816889295787126,0.05496563028526236,0.009453680054032812,0.024332214691866,0.010395760677268523,0.0031366281020305184,0.0024788687441561416,0.030892559152028487,0.001256104077602082,0.012738673917156648
neuron_3042_count,0.04631806435624532,0.03659125460277787,0.00018452600516371924,0.013873176425950047,0.005299914752136994,0.0013154305676882708,0.0006224246878289603,0.006457474350926019,0.002127685800592506,0.00100297572445126
neuron_3043_count,0.10407740916696714,0.06508654438499759,0.020206142019501078,0.031787072357882556,0.010811057086788228,0.004348614301224643,0.001436208151325842,0.03528609653961434,0.0006423514870475874,0.020485895072917412
neuron_3044_count,0.050791122868777544,0.03572786569963596,0.003489880327576786,0.012813495657887461,0.0050902305683497295,0.000633874346135186,0.0006049031799512349,0.018939593142953584,0.0062094229251349956,0.004213205723144438
neuron_3045_count,0.10561799022367016,0.07872881175678476,0.015583804925585643,0.032520251060107835,0.006307523922459146,0.003724726202054447,0.0024418557756913165,0.027012456776149482,0.0015926630240785389,0.02244735477334457
neuron_3046_count,0.07115567907273576,0.052991312180280636,0.008868821244685729,0.025011990037143328,0.006400853752698721,0.0005595413535379556,0.0018835223134261864,0.019943445618836125,0.0013259732110383754,0.007381076194255223
neuron_3047_count,0.02077532764552744,0.03016980562298474,0.0034936846522273454,0.008762074079965286,0.0042933282236814335,0.0012334311752284057,0.0013765221675785914,0.006759722594883612,0.0002856027208234294,0.0028578397564587516
neuron_3048_count,0.0498506955999445,0.05104651748695019,0.005996110741380893,0.017562638724623464,0.004491593640496928,0.0006268123067013037,0.006145197998954632,0.016888246099253615,0.001255969777153268,0.0037233788741284288
neuron_3049_count,0.0974370202947793,0.07536631656953774,0.02164267546483986,0.022306676986161317,0.00415425306708115,0.00015542509068935256,0.006121438091712013,0.01996972177599371,0.000630449151374491,0.01152183854023453
neuron_3050_count,0.09046620963513641,0.07019246464631837,0.036373846383015135,0.01755284910156378,0.00408883739343914,0.0006829919487093099,0.007349793759911211,0.019254999025963268,0.004146839738547008,0.012223396746156523
neuron_3051_count,0.10456122028377038,0.0739830298082669,0.028614841718822906,0.013577497055026144,0.004502501884959639,0.0004425815068133318,0.00869073650289473,0.01634061326306796,0.002852681273015578,0.011627956680846707
neuron_3052_count,0.045817693746391906,0.041076760746014546,0.009570395873952111,0.005840356017367675,0.001078867735854647,0.0006713958395552274,0.002205632670709376,0.006785017613286634,0.001241152634219791,0.003645958238523322
neuron_3053_count,0.04184981624793782,0.06320385688441643,0.00048678671216735407,0.01345474845381607,0.0032283521027100213,0.00015089018540499852,0.0053369474746937096,0.005888755140193672,0.0024478190660012916,0.0014615929742431456
neuron_3054_count,0.10654621292233829,0.0732701363831868,0.025621062939072778,0.01247520735098688,0.004788221720275446,0.0006719481838302968,0.007697081759495489,0.01997613391425583,0.0034613097014475,0.014258082808877456
neuron_3055_count,0.06389797475560652,0.05906671658118173,0.006097869991190025,0.01168969078907671,0.0009483735023775065,0.00036835998144565084,0.007571079672435421,0.012089034726385353,0.0009727187203858088,0.004059050540012106
neuron_3056_count,0.06899069477739364,0.06995876335212657,0.0016501194310171458,0.014005777072303015,0.005295746976057475,0.0006876283745617696,0.0025644690278187367,0.014564051036940816,0.0016194571055162948,0.0039269276134532
neuron_3057_count,0.05476855452480009,0.0349287849750521,0.007992710354764246,0.009870820496873316,0.0012122072808995188,0.00020284574279355767,0.004120204607006649,0.011760807345274737,0.0019792639419510503,0.007457115158316464
neuron_3058_count,0.0844905822438548,0.056404644703091644,0.027891597606650206,0.009821137793653081,0.0028864254374491374,0.0006624335779909993,0.006051102674622451,0.01866495468275832,0.0031362957766437882,0.008072715247841533
neuron_3059_count,0.05016812599633297,0.043711545834431945,0.006903868109362381,0.005481565954327805,0.00039499954323261345,0.00033358857237303623,0.004352753581626012,0.006608948454643458,0.0018987961198139534,0.002966742396437039
neuron_3060_count,0.06470267058283291,0.06416461403446129,0.0033322501923146453,0.010241459629088848,0.0034380439407679236,0.00012149517260644747,0.004458373318012302,0.013248901005766103,0.0011503999407951153,0.003302121734610877
neuron_3061_count,0.08012330010536443,0.059386134076517244,0.018800555558509374,0.009271185874148824,0.0009744674226334973,0.001425351283964954,0.009044434729142889,0.015415853155471393,0.004297527539611101,0.003996175399056834
neuron_3062_count,0.09025917773049338,0.035407382580741345,0.048384317848295444,0.004999422055928342,0.0016755583131622884,0.0017579870793770838,0.004094965563166436,0.01940128871350326,0.012897286985515871,0.017958323519539424
neuron_3063_count,0.10476875063506652,0.06819997464863697,0.03462649386384409,0.006884454549125715,0.00271702722743241,0.0020736853357099447,0.007254435521129768,0.021352648135105082,0.0020087060602502413,0.008609301586668477
neuron_3064_count,0.0923658267454179,0.07045719018643137,0.03657165110434393,0.006318879101537736,0.0033729433287072036,0.0014276829988911603,0.006773380543443605,0.019276596586051242,0.0025085260854297436,0.007815589553252122
neuron_3065_count,0.11052076841164377,0.052444937798163005,0.05648918905634523,0.004410472840463094,0.0014866494442788078,0.0038541931389569767,0.010934196532147902,0.023038818865187508,0.009250531682460733,0.015836957388209227
neuron_3066_count,0.09407730361312702,0.053289095146516585,0.05356332537314895,0.004266286683804632,0.0015049355164791535,0.003200364025838412,0.005721088181685388,0.0224452910416489,0.006399608829235515,0.014590693438004745
neuron_3067_count,0.06290090551944648,0.05295580307616596,0.03251087825900065,0.0046945049034810005,0.0008569286857366895,0.001846591106156599,0.0056265365303258055,0.0147682807840573,0.004360808525623219,0.0037676183530192184
neuron_3068_count,0.10112961896104608,0.053498715304248406,0.05517242902239761,0.002093446963550037,0.0012884568941488699,0.002843513553728007,0.008951052924677072,0.02230814477600404,0.008541731218499105,0.01622963882514976
neuron_3069_count,0.11311814621969143,0.09099976003144983,0.04707865039598591,0.003153106337639794,0.0020061761735340536,0.003504649134693734,0.00933258509798103,0.018774755616339414,0.0031942291005750134,0.008315274875254824
neuron_3070_count,0.04210106204447661,0.009596863998068042,0.00837198171809804,0.0023007136179876778,0.0038255518950047335,0.0011620693583623033,0.0025948131682413805,0.016637801574233474,0.0003241325154911181,0.002698576275372594
neuron_3071_count,0.08938344914740129,0.07826555828349213,0.05010179232820974,0.003651256832505327,0.001655159483767668,0.002605482904865425,0.00852779224708168,0.01837822664325159,0.0021029253850681773,0.008789480889191167
neuron_3072_count,0.12105530417637791,0.002751617236304585,0.010909697904710774,0.012247494867619044,0.00868040419068103,0.002247815960536574,0.014903682887849087,0.0159702804725389,0.022857763188138966,0.03078382785259906
neuron_3073_count,0.1431814504165045,0.000445641119203134,0.01867522176873236,0.010910030156117925,0.011092735716177346,0.005818836106543386,0.012135398293584461,0.026646675206142098,0.014706950452375286,0.04007129919066946
neuron_3074_count,0.16091035518053493,0.01952491508645593,0.015431440517581593,0.002181651132413677,0.002169812340673802,0.0030768962846520753,0.0015622384419092146,0.027480666197356868,0.003963073639879362,0.02501262869940235
neuron_3075_count,0.12926122536296905,0.0022968584854599107,0.014167006895310336,0.020222014121578133,0.016033347882553076,0.006029634927729038,0.009020796466747527,0.02955888227835865,0.01729209177136004,0.03894517758354907
neuron_3076_count,0.11886821567359593,0.004895405538518756,0.013748329486884009,0.027525852540413884,0.024993073222127987,0.007129860752206535,0.016814941313730222,0.021774071853481028,0.01928976630761227,0.04423738665993804
neuron_3077_count,0.16089904336254357,0.0020268746358506466,0.015783929340418085,0.015217914802457821,0.014304115421005723,0.008225987332103418,0.009644729783448491,0.027865986450565816,0.01912005360392907,0.05008248725699621
neuron_3078_count,0.15279866813713766,0.0019384874211136605,0.02674736850834626,0.012072893794623077,0.014632423370076544,0.008439533284428258,0.004917738016494748,0.039190642977010304,0.006693334120373165,0.0537148419240461
neuron_3079_count,0.14763401430926976,0.005830018226576333,0.019210636397288025,0.012541435149217142,0.01747534065605305,0.008329972389826384,0.005732433812614991,0.03267328617156523,0.002199312132210845,0.04288790935386691
neuron_3080_count,0.1643386600106832,0.006903112017229013,0.02613369007205757,0.010619030175172767,0.013924962872091787,0.00915106891111575,0.0042747411352804104,0.04163073550103172,0.004361329822199257,0.047246575693037945
neuron_3081_count,0.20948268030799722,0.004206341044257007,0.026231379586946643,0.018924198416767568,0.022499676615090225,0.013922065766358627,0.007674405934538567,0.0467532957581846,0.017338096219433247,0.07068436470142381
neuron_3082_count,0.1206729903712623,0.02589500197155603,0.0098776323598345,0.005170580560309543,0.005906299898684748,0.004795702343992014,0.0005584429154924797,0.027088623441575324,0.003576989165403416,0.014490759736204381
neuron_3083_count,0.08359815389104017,0.015381816912020466,0.01163048097204794,0.0033207313211804992,0.005825864155358469,0.005448040862764202,0.0007894635900863641,0.02830179256290813,0.0019535518302571213,0.014275296146521566
neuron_3084_count,0.14746872635609296,0.011823564357781077,0.017305760254894068,0.009719494423808525,0.01626232014446574,0.010554223447057934,0.002421736533730748,0.04095067382252651,0.001574637252512008,0.04211224145174727
neuron_3085_count,0.14820248433283348,0.018389690719277443,0.013272356238184319,0.009198451199004212,0.014304827875634654,0.00848612957765657,0.0015558205394371125,0.03588435720630084,0.0017230381279061298,0.03276523529327746
neuron_3086_count,0.1795501130497733,0.008400667685453611,0.026251163806654876,0.00932084250139667,0.018907731472297018,0.011128322134212762,0.001928273414725172,0.041358612034842535,0.0026678346846080933,0.05570451874912355
neuron_3087_count,0.16416761430773097,0.024071354602223358,0.013088154150201495,0.002334786846351633,0.00927266571132479,0.005764688768402172,8.669521720062242e-05,0.03736657942925989,0.000695807801509395,0.03290148458368897
neuron_3088_count,0.19065644343681626,0.010781088265524305,0.024345527303048384,0.018795691212393828,0.03258440734356924,0.015507315799918708,0.005993842394264148,0.04687056179485513,0.0011323128379324022,0.0638069072419773
neuron_3089_count,0.11496643948629723,0.01037923470867478,0.0070652676542373866,0.004867332553902259,0.013074856969374965,0.007808837100832369,0.002934052933316361,0.024270516955552837,0.00013756137828316393,0.030987730092679813
neuron_3090_count,0.1046424364849434,0.009537009274731917,0.010629097959254027,0.010414566049434054,0.017725393611878623,0.006666579647440406,0.0014297455386922987,0.0326289147522342,0.0034886786363190828,0.029102954317765745
neuron_3091_count,0.1164827979681789,0.01980602529159374,0.011004358716567617,0.006718322770985274,0.016067815737834473,0.0083233791142035,0.0013433934999159576,0.02469869120591707,0.0010037407591232637,0.036130790449072275
neuron_3092_count,0.1595816279217495,0.015952372581414298,0.015602375761215356,0.011993743345667746,0.021690716367272475,0.011392315478333942,0.0011506002008510978,0.03982185893755816,0.00036485339135432227,0.04764150247421406
neuron_3093_count,0.21093309955079345,0.013943540498149151,0.036563677400836186,0.024230680113507333,0.04788871961338967,0.02371235824902186,0.002346585851169626,0.06737713121369554,0.0006352374335486539,0.09143599009613512
neuron_3094_count,0.10829902950995127,0.021042287469038023,0.011603430054753172,0.014255502630774283,0.020128831899033098,0.006319241272646117,0.001918126798978518,0.03146675685553499,0.0031800296673030887,0.028613310125189903
neuron_3095_count,0.12808962819864828,0.020191246825890408,0.010365714529982015,0.016867704064854203,0.023366093198535665,0.012431678262538645,0.0008939947245658834,0.043788015337035635,0.005976035744738789,0.043103286992119044
neuron_3096_count,0.03597351064743684,0.019075978326320756,0.002001252459923733,0.004632206973467088,0.0023862918960051473,0.0012103450990670478,0.00012925816438757922,0.01153238021607983,0.001558447892795474,0.0017708377466909902
neuron_3097_count,0.04255355712448487,0.033156618890194695,0.004819859980841577,0.006906144802321525,0.00436241006361935,0.0029991556936368527,0.001002713112203478,0.024024584475127952,0.010172581164159734,0.005536306740588949
neuron_3098_count,0.0811172618078741,0.030200644280405226,0.007054148520335347,0.019520203735523947,0.021125742888079835,0.009758503548355876,0.00030295522993434125,0.03369916907781817,0.012413442365530075,0.026634899334558038
neuron_3099_count,0.10201901683992337,0.04004693342034185,0.003179595797480568,0.030360112159758423,0.025205136875960668,0.006559736486630149,0.0015125990845171466,0.024677345511312815,0.010787082647529839,0.021914016386712448
neuron_3100_count,0.07588705973211349,0.03558642252425048,0.004016204568770443,0.027968052141561325,0.019570563150846404,0.008063931675321531,0.0005571770944719093,0.023008156662716203,0.009630715506733487,0.016598655204552407
neuron_3101_count,0.09909236863038451,0.0231680770140386,0.010053275749281596,0.023344458116243014,0.028300929762915747,0.012181218549486686,0.0005895958092975197,0.03553433731453348,0.006426795919331624,0.03460413123953174
neuron_3102_count,0.038776729562608366,0.027877193531799967,0.004442772355542572,0.0074616592351347336,0.004200546720716826,0.0005637493880835953,0.0006937347936486313,0.023831944216882547,0.008624522565106783,0.0054851690871495495
neuron_3103_count,0.09494175476607028,0.04658681614128382,0.011435170108970938,0.03465404652604015,0.015968947744191747,0.006527119514715754,0.0012558282494266604,0.023103621435606334,0.002047449960846357,0.030987188003694002
neuron_3104_count,0.034504351767086265,0.04159871902265311,0.0009419325188943376,0.014074671444432394,0.003579986734312736,0.0015802210573020448,0.0002582959510804509,0.012905704785410164,0.0034097555044691787,0.002059871106505646
neuron_3105_count,0.03445563990299848,0.04148596462789739,0.00196286423109851,0.010927063836456453,0.003468130566938607,0.001626005805865173,0.003255047261061954,0.011413620125752297,0.003492207123736827,0.001737748007342773
neuron_3106_count,0.11528660040913258,0.043639862643821664,0.010234277623628066,0.03488251889643909,0.01816667006680739,0.005607105548710224,0.00021569764668270645,0.0366124071055805,0.0010746722357579536,0.023389601020460907
neuron_3107_count,0.1119404859164452,0.05875373792397953,0.0078543117283916,0.029148447962696375,0.010943562615329028,0.0022701369280106534,0.0044608221792691305,0.03437513207764875,0.0021482202589690677,0.022967193257022164
neuron_3108_count,0.06337469492346945,0.06145426406102161,0.003678934513441888,0.017583829209174368,0.002728635695270154,0.00043200287962663966,0.005620937687882126,0.015796130414491433,0.0022086070807380252,0.002824435468599451
neuron_3109_count,0.07276316210867209,0.04977799005148667,0.005466311487676699,0.025441668036586873,0.008918794743824301,0.0009550703435791189,0.0035973165034219948,0.022484425628764557,0.004567151529933297,0.012352517213827213
neuron_3110_count,0.08594437656585308,0.06993906262036731,0.013284915472461536,0.02013027549590138,0.0077142640860196204,0.00011576033545476159,0.0029487987687500314,0.013387351016534182,0.0005422389490864297,0.008432583857045692
neuron_3111_count,0.08737558314899294,0.06721795101276981,0.018551508147242227,0.025835106030083876,0.004864243911440115,0.000515545312166266,0.006302296744976232,0.02939869872532261,0.00024846624550786504,0.017094375538799278
neuron_3112_count,0.0815982478553838,0.05891759981843736,0.011705321457648243,0.021825628224796376,0.004333477540681467,0.0006291513190067478,0.0014476635109181672,0.01787073258043302,0.0004935619672092224,0.008546844997885314
neuron_3113_count,0.08250350810214208,0.056879566232289125,0.02319875734708056,0.02052456359152227,0.0038602814556461876,0.0015302260665760788,0.006284871798176543,0.020668935997750687,0.0017088879466936845,0.01723565309229358
neuron_3114_count,0.07240396635387081,0.06491129905297804,0.01003765791258504,0.02194957333450398,0.0033485206798308242,0.00031531098722718115,0.0058766128149874836,0.014451671060225088,0.0007100133860228489,0.005955666277845849
neuron_3115_count,0.08676263568834963,0.06332510554958473,0.015535333316768277,0.01893062558845046,0.003488658739294409,0.00024152451267967466,0.004872364548505766,0.017183431605199362,0.0005865616037215599,0.008968746580063323
neuron_3116_count,0.07470553145950412,0.05458566184557204,0.012382407154634387,0.021055737538313038,0.003166969495861968,0.00013530173298520205,0.004272395617479385,0.020379824883322975,0.0010511281604286393,0.00826106116888363
neuron_3117_count,0.0459735752833008,0.06107777921869548,0.005399579364210316,0.0176018722992778,0.002492139321452806,8.106512768279138e-06,0.00724835238434602,0.007891199293245069,0.0006269445054972525,0.0018102690407285384
neuron_3118_count,0.08930314285866417,0.0653172538922876,0.01442689870785252,0.01823731412457194,0.003900500704392712,0.00044145265884185797,0.005872296947243748,0.017690326285664373,0.001094527970351913,0.006726081303130418
neuron_3119_count,0.03582430946028094,0.038223946482028516,0.001336655488255097,0.008903013604666134,0.0028502434558837397,0.0006777998902854554,0.0017426140742231727,0.005482806393739492,0.0009896144972382764,0.0029980482216584465
neuron_3120_count,0.05320160044904901,0.04610191863703164,0.00031511503410070786,0.009163164994947175,0.002095415770945566,0.0002970847459838966,0.0011693088933678007,0.004369216045937898,0.0003528395827461471,0.0015324552894477716
neuron_3121_count,0.09419788894726333,0.0655314462242631,0.033520163538460296,0.008092610107238205,0.0023362504595264913,0.000942353495069239,0.006444770822266285,0.01878401563778148,0.003738626481912269,0.012486125604495607
neuron_3122_count,0.08663381988164467,0.06676814786211,0.033688878637058134,0.013212244825596464,0.002862079143567349,0.001703449608787773,0.0081616740251918,0.018259402834673824,0.003921376716307955,0.008023097660250236
neuron_3123_count,0.08583736464361741,0.06320791228090916,0.03478724357663027,0.010827873303058816,0.0019151141554704793,0.0008924545125516166,0.004329218089291972,0.02256112796576304,0.004941458402103714,0.010742128462298259
neuron_3124_count,0.0876340860683037,0.06445121751969951,0.041588349930766516,0.0101785775676273,0.0029377839053216573,0.0019494747616633154,0.007291134893344167,0.021829671107935586,0.002692034825638241,0.010490696866978871
neuron_3125_count,0.10181214930930826,0.05312883877544888,0.04422585045232913,0.006929489723787707,0.0021917057118837416,0.002731518804033252,0.0066040975023757414,0.021016870297129425,0.006256339525641877,0.014189196625650477
neuron_3126_count,0.08206070505197721,0.03313626949537146,0.07266119798430423,0.0034148111277760088,0.0014121593949862933,0.0019400069073828297,0.0033656955803446076,0.02326809126055772,0.023389859383869477,0.01866068579863675
neuron_3127_count,0.07944487779488602,0.03350483440824023,0.048846095937639555,0.0022931191178295826,0.0013334124946869051,0.002504782888981219,0.003360296881245839,0.016312080742749854,0.011000893592856095,0.014543478657655012
neuron_3128_count,0.058611377954595686,0.053375912706194156,0.007712559305866402,0.005722329312508219,0.0013094687956941645,0.0010208509007357987,0.004638727910397135,0.007861866922238642,0.001956825461512531,0.0008112229263145133
neuron_3129_count,0.07956281747628594,0.06201575521209082,0.029912452235779027,0.0046349852430327895,0.002051320013652845,0.002118640291634423,0.007423533828443948,0.01791310193823302,0.002179869946785519,0.004329561897071642
neuron_3130_count,0.041236812832786324,0.04725449257388828,0.016299983598373563,0.003705157954875145,0.0010552368865745683,0.0012408188752916563,0.003614887109407959,0.007522829693355132,0.0019916010881817787,0.0014311925163244012
neuron_3131_count,0.08541649825757608,0.054206266380995766,0.04593743653700014,0.0031035335057353203,0.0017450593745425257,0.0028163041585164,0.007173559883655645,0.021217767000518056,0.005328090151741231,0.009826316066247245
neuron_3132_count,0.041146576071105986,0.042104676346304715,0.030221622007239088,0.003183497755281546,0.001368265259392213,0.0017298590438734884,0.002815322680925235,0.011026910684384245,0.0021425321291773207,0.002649441355767713
neuron_3133_count,0.018591287760675673,0.0022007644368814035,0.01514558762771788,0.00022272395990845587,0.0031008970253756235,0.001339202267104921,0.00033920951848004886,0.012249203821418475,0.001081361674047359,0.0016063627190201317
neuron_3134_count,0.028726285985984767,0.018017500965539904,0.0022684550302280223,0.0004247452520154903,0.0007117978419940189,0.0002500447525314413,0.002520805267095399,0.004792688038637166,0.00046894412360566325,0.0019686172164538034
neuron_3135_count,0.06665071717451868,0.004655198361732053,0.061823062014959934,0.002422132583323987,0.0015522468653338534,0.008343185243683188,0.0032166134128830196,0.015133500403647623,0.032746851720229356,0.024522460203368693
neuron_3136_count,0.058806446592717165,0.006161443454538271,0.010386188146096903,0.02581482775310212,0.018870618243639545,0.0044686380181333946,0.012716866696132756,0.017900995601908193,0.016366699114177666,0.02829208953487075
neuron_3137_count,0.14227189941757942,0.01762756818632827,0.023401869354746543,0.008142427861078064,0.007420170034030109,0.006123321898361886,0.003291488839527505,0.03034889088188733,0.0024832584590616207,0.030509293768895357
neuron_3138_count,0.13700664387109623,0.0031587231881358077,0.01942022614981327,0.02916998831699527,0.025927318546382375,0.01228979240312257,0.021494875116086068,0.03030394127846711,0.018892297857313695,0.05147531616666265
neuron_3139_count,0.13612662016867147,0.002499101519164673,0.01952792015632493,0.02655880793353904,0.025283983252509593,0.008424177080550085,0.019039055844328884,0.025419705803080672,0.017228682393183536,0.05511704637893239
neuron_3140_count,0.1325113981928039,0.0006579554254059206,0.017451364847083914,0.006867546464707913,0.01090404913807741,0.005424258895920332,0.006831937699987495,0.02409684776231627,0.00855299130566281,0.03558062207506629
neuron_3141_count,0.07360963395756699,0.006346112044098351,0.00754621992440211,0.0037345865647656525,0.004632238437620045,0.0038907959488871345,0.0015794665509133304,0.02133109324205676,0.002829245282585196,0.012906484604119695
neuron_3142_count,0.14199988801363028,0.0010058710634277962,0.020841145696279192,0.02128198546194912,0.02303286486213453,0.007654638250508772,0.014741603917106882,0.03406545556298003,0.01596837380444037,0.052394315034255234
neuron_3143_count,0.12155585622840015,0.0006275805452824711,0.023227927645403962,0.038739321759838935,0.032358909506770825,0.01284343064521247,0.01622446123650502,0.03495375371098022,0.005487919959097268,0.0670905005877514
neuron_3144_count,0.13935803204153396,0.0015454366369542921,0.02554132402430112,0.01660203225531459,0.018028765086345447,0.007471762110539515,0.006621424177174276,0.038323512766801154,0.004620284188580619,0.0552363668082374
neuron_3145_count,0.0968987497425385,0.01647959856372616,0.009470149775692015,0.004080662854502398,0.006564657320539721,0.004031780619642919,0.0013311635137755462,0.02334684443697954,0.0025927972213842937,0.012540162751093181
neuron_3146_count,0.18103165249806527,0.0019479218639300855,0.030676918181602703,0.033471351246935316,0.04514694638500982,0.021297728894455456,0.01589589928104737,0.044374551109200494,0.009420491089709826,0.09050731321197014
neuron_3147_count,0.177564064829025,0.0021893618589429314,0.031858487262534624,0.026934510615853197,0.032322823774539516,0.01274717664279236,0.008732835063993777,0.04850259260730774,0.006664054273098199,0.07338982440395225
neuron_3148_count,0.15368343456241132,0.007876959754234282,0.02366335773679086,0.008181976489441696,0.014809766532904875,0.014910045376441292,0.0018768945929981233,0.047870647189105275,0.0020335962736076144,0.0446623408455768
neuron_3149_count,0.10399578494264049,0.01975913951391149,0.010753978031875062,0.0057832921084464,0.008130261859469232,0.0066402674208174,0.0019571370392321326,0.03004118262336755,0.0028674227146341796,0.016788400639196857
neuron_3150_count,0.16246879800902825,0.0076537312436122315,0.02864261357848026,0.013967732851404555,0.026943202969022403,0.010392889895293203,0.002683831145665609,0.04810055407804503,0.0008378095882349938,0.0573954777625347
neuron_3151_count,0.10981924025726993,0.02828078164262035,0.0060147674770544765,0.0021784625729927773,0.004594997200518723,0.0032523967147354282,0.00047533843537058947,0.024028212001106553,0.0037612785375821384,0.012454919390902652
neuron_3152_count,0.1637414737672308,0.013696208594670647,0.025524734499810298,0.0056566909526253595,0.017101246073642468,0.009349079279504763,0.0018350641674450135,0.04400043780079024,0.0009906073221592545,0.048276967205696186
neuron_3153_count,0.1884322287984937,0.01189965267631439,0.024602287626901448,0.025408542156303712,0.03880988421986603,0.015810878126361158,0.0052665391380486565,0.05003629834534762,3.85297781288884e-05,0.06980311733072647
neuron_3154_count,0.18270207935619165,0.012930079601918054,0.022627581347742162,0.02351742376150548,0.037070931308723826,0.01620759699134125,0.004765684279479276,0.05075016245734465,0.0017130198458734473,0.06528558407189361
neuron_3155_count,0.0585882385404419,0.013303260914115642,0.0029380562047129563,0.007042260555792601,0.007455953618430641,0.0024585216800899756,0.0011496344416399608,0.014579661084024004,0.004245583897337472,0.00809729806750438
neuron_3156_count,0.14002867625593543,0.011128152193226992,0.019309222432573686,0.015378269588942978,0.02877794361477959,0.010425749914295748,0.001402968701496244,0.037600465495840035,0.0013365494622918882,0.05363646447398701
neuron_3157_count,0.12100782956076289,0.015015682006717754,0.01410548669059386,0.02269216486819295,0.03412646386699836,0.011452661252491808,0.0016332651614329417,0.03543157820171547,0.004336989463916349,0.051318063584189555
neuron_3158_count,0.17908918431100007,0.017915466711104222,0.02582251380827162,0.031232960786791317,0.05051140903267498,0.018960874379863518,0.005558712769683574,0.04802729190932331,0.006434757248718274,0.07777444213594825
neuron_3159_count,0.055947318804201486,0.03261318393610012,0.0038746727606646866,0.0040930712117208876,0.007117279156850013,0.002347018203444167,0.00024489654573971956,0.016605049783597017,0.009133601406631248,0.006403935721077406
neuron_3160_count,0.04923958790067276,0.045745195873869146,0.0019136675938688681,0.01573651520824417,0.009214607670311339,0.003707769084976659,0.0039211471075561374,0.016144251815385112,0.015022710326149982,0.005732018245500551
neuron_3161_count,0.11296165733825783,0.031649064820036404,0.0035443820019133293,0.02875518998010583,0.01642334378340922,0.012578352982196256,0.0014023338131162258,0.03895624482179974,0.007848892217225484,0.027901567241842756
neuron_3162_count,0.13687096808974686,0.017763614184215376,0.014002808883192358,0.026798296250114442,0.04261602606794901,0.015001854685508506,0.004412682266409423,0.033383797617019095,0.0025893381656183143,0.05155468062425517
neuron_3163_count,0.09525712644858816,0.013055504526136227,0.008436083251520704,0.023748370052356943,0.037320299655086125,0.011797090893212889,0.0007937336235360314,0.030390487225899543,0.011592411798300423,0.0401682580294474
neuron_3164_count,0.10714797119725786,0.03331065309291997,0.009355573587805505,0.024653307669558394,0.032683511125653014,0.01034288399729505,0.00018456332360354197,0.033741956616695934,0.011854665489262575,0.03600125459815215
neuron_3165_count,0.13641545416992418,0.036413501747876664,0.0176949791820889,0.03468732591055493,0.043703475064485325,0.018591357691735103,0.003530384297507752,0.03659436922318632,0.007776226827209021,0.05055657908206437
neuron_3166_count,0.09275609113830732,0.030024370737457645,0.014144755862304653,0.024840778856968934,0.026302726538452115,0.009374937964893026,0.00041675545877814524,0.04331145872418138,0.009823817150831415,0.031111407577941896
neuron_3167_count,0.08156416864806709,0.03757065153605513,0.006775691056994292,0.019545746659819063,0.017884536836923273,0.004831134487237036,0.0026622984223696466,0.03169362500703515,0.012545003393974602,0.020947341906750308
neuron_3168_count,0.09654046521685919,0.03999373070735476,0.0119914072933094,0.02657309615018813,0.016745143534479923,0.007866824334532702,0.0006698339840097295,0.041660563186380395,0.0023168337194229074,0.030350860461677953
neuron_3169_count,0.0747722419775034,0.04504173908616338,0.005452356881832043,0.025537257997213042,0.015378428945267711,0.004495923712010894,0.0004904996911031488,0.021598950336730025,0.005315651997100546,0.01181625247498208
neuron_3170_count,0.08983018692080905,0.04331658442252831,0.01436658564089191,0.027216731155185678,0.014086908770130371,0.003155466632980934,0.0009623379063972808,0.03475719642229,0.0010725552601572597,0.01851722925330858
neuron_3171_count,0.07949365088314941,0.04846562060396059,0.00836779504013542,0.0313276424720387,0.015036893782668273,0.003145191438606039,0.001385297076289857,0.0257884683335539,0.0033873010664286357,0.01862204331969218
neuron_3172_count,0.07725006106386037,0.05709688008288291,0.010829151964982534,0.018719388765115877,0.008056896334868155,0.0011985392792705912,0.005858730906322121,0.028521319569454473,0.0028153582311370925,0.010888087706958968
neuron_3173_count,0.08924119152331592,0.06903744960768454,0.005493879046177229,0.026383397792202362,0.008766021462928694,0.0008478981871658207,0.003813709488435936,0.02102203185512494,0.002250649124900715,0.009785348779474443
neuron_3174_count,0.08006222736529439,0.06340122532336048,0.01166848241997162,0.024795677228531474,0.007916192479778553,0.0008802269404568526,0.002634223965801992,0.01853604706751727,0.00016852872277931669,0.013999362860513773
neuron_3175_count,0.06439414278770728,0.07486350494973948,0.00785725966061452,0.022373898545604315,0.0042718578212214,0.00032879202543139446,0.0042973497465382746,0.01498711710058169,0.001104687202340568,0.00347315545323032
neuron_3176_count,0.08970312994795487,0.058108969253774234,0.024472699673424123,0.026654881167226058,0.007317222168920737,0.0011106144032209282,0.005237129341432445,0.024013844623855182,0.0006063020807064272,0.01750384170280106
neuron_3177_count,0.08579451723243783,0.05382086329404315,0.01578286545773691,0.022633005731020436,0.004771987190746507,0.0018129477446409067,0.006046876860094259,0.020662747517685306,0.0013887110701006795,0.015618176869215544
neuron_3178_count,0.08386705754430065,0.06325319046022354,0.020578811840436514,0.021760549378510533,0.0038199279828713337,0.0002629013435984876,0.004964095659271278,0.02006244026295942,0.0006584085079312449,0.010177966554921286
neuron_3179_count,0.10129590274470515,0.07658306139009372,0.015535414399721503,0.02670290651135593,0.005869570381556229,9.750327330795405e-05,0.00411799270711781,0.025593587860476386,0.0004055471622349833,0.011371917263361273
neuron_3180_count,0.09056866115636111,0.05292046657045171,0.03768774707738057,0.012874395944168116,0.0031381913877582615,0.0008966963401412058,0.008616661916138996,0.020525162398872213,0.008264829338211849,0.016335402052932504
neuron_3181_count,0.09002907328317228,0.06918021392250787,0.028478527372028953,0.020283308186771154,0.004570523398927141,0.00010841549303959672,0.004502220804697088,0.023516502024138908,0.002146895642857645,0.010699715519027264
neuron_3182_count,0.09329959478820568,0.06071468015714185,0.03203372298493867,0.018849020390186516,0.004363601012061055,0.00024026510321722462,0.0068556314860134665,0.024457732782134756,0.004163777650081801,0.016580620589800033
neuron_3183_count,0.0699709253888878,0.07124185589051926,0.018740957294982596,0.010893402942901947,0.00207724343020408,0.0004984949247734856,0.005809197990564369,0.015088926563225913,0.001169831992547641,0.0026278561773774647
neuron_3184_count,0.10548406894533621,0.06418152585701806,0.03215028017665009,0.014753599731261488,0.004928021866164652,0.0003838749787280389,0.005196845588593249,0.023172484403752552,0.002800410389368256,0.01553827088784307
neuron_3185_count,0.07659108324328565,0.038649368549869945,0.058308302836005715,0.0072110894734766645,0.0014299978036936625,0.001090132030995436,0.0036809101119423537,0.023874800611409563,0.008748320421914577,0.017405035933619653
neuron_3186_count,0.0770747996574638,0.05459598961299367,0.03399517552593395,0.01517437171317415,0.002608215272896147,8.184694092001985e-05,0.0038758101638062606,0.025119021887574727,0.0016486928460887548,0.01633570551039369
neuron_3187_count,0.049150716398089905,0.020495329242766674,0.06997959354196978,0.003320201637052593,0.0006259419765289737,0.0011874952104592544,0.001616136693957125,0.02089059098561756,0.0197679783153355,0.014916424178915338
neuron_3188_count,0.08335208429486726,0.05446007973070985,0.0369076677867719,0.009976615003071274,0.002363433078349922,0.0014000206073094962,0.006421374666152065,0.018861080540483507,0.005018179169997805,0.01278654581283492
neuron_3189_count,0.07091323641532307,0.05013090821047109,0.03401712565709494,0.009326185427970118,0.002770910101044584,0.00041077698065341076,0.00546566166086164,0.021066233080129046,0.0028610909594295117,0.009002409759471433
neuron_3190_count,0.07523276365121928,0.04295118884416885,0.04187874631851579,0.002953274875031227,0.0010978123151423567,0.0016028794590955651,0.004299284523787417,0.016604512747934744,0.009364229970660748,0.014003053413351951
neuron_3191_count,0.08615332554610017,0.05150328608895277,0.03931883546406062,0.007894680141227128,0.0018394271827727876,0.0025059946237490013,0.004307741994242227,0.019566132504681144,0.005259175779743011,0.009204488697991398
neuron_3192_count,0.07588782703037489,0.052084608786347075,0.053227280901426366,0.006516578456925479,0.0026346414140925867,0.0021118862129832633,0.0038776787868821036,0.021346908202094214,0.0037333499410093784,0.010949964718752453
neuron_3193_count,0.0832459211748447,0.05801962268317168,0.04373135636529238,0.0048753342007592446,0.0028735138873449972,0.0022903598430512734,0.008339277480391413,0.021593655359537403,0.003563399073608555,0.010562320090366603
neuron_3194_count,0.04148938377251859,0.026429856052225267,0.014088176516072127,0.0013153020415014663,0.00202526722534983,0.0002617626010477242,0.002815385304898752,0.010041034792935066,0.002029600651628133,0.0048357953624887555
neuron_3195_count,0.083971386123949,0.08338053693815226,0.025139834859782897,0.005142646593230243,0.0027829819589878235,0.002230437340409383,0.010389231733994642,0.013771841131256485,0.002029955859679645,0.003918436841447222
neuron_3196_count,0.07307112485777503,0.07167926555657816,0.013398789518333315,0.0028130034497168277,0.0010599139443652067,0.0009536661047536386,0.007916689783515896,0.009806927240518341,0.0021799736072360036,0.0028917695203524597
neuron_3197_count,0.07753976450858491,0.00766097905356896,0.054289757828278634,0.0019616699356745024,0.002724910718116161,0.0030770358671010217,0.0034422974385284674,0.024064656541464183,0.015602610186807628,0.019431062517408407
neuron_3198_count,0.025811529624974183,0.005113834932570713,0.021462424755812518,0.0009636174651068211,0.00398103055296193,0.0006204873195240629,1.8351254864341655e-05,0.015621150852791046,0.0006500739193868871,0.0015427480171885805
neuron_3199_count,0.053440924669589746,0.01784286387972993,0.06108901050116913,0.0008368469132459255,0.0016919331692294946,0.0011000543373967733,0.003237414022111855,0.016247202300193345,0.014135818141436787,0.0137151355531068
neuron_3200_count,0.09530848106047451,0.0003622267366574835,0.012160718853210184,0.01399513854299815,0.009089944309713105,0.002854140748002297,0.01028694800634658,0.01665049724653249,0.017824616323842163,0.022919620205990948
neuron_3201_count,0.10093097147179919,0.01736855960931659,0.016583302921983414,0.008215380932055781,0.008348977789627017,0.0048748159773246424,0.0015908175541279115,0.03143384787959627,0.000708935602877693,0.01985137116765502
neuron_3202_count,0.0746268221452597,0.008703629557607909,0.007334585835641422,0.01777861672307622,0.013772555680753237,0.0032280822059406744,0.01554997106289635,0.013809769959198887,0.018731126651352015,0.025867142316339173
neuron_3203_count,0.1204971015592538,0.009927206730654309,0.02089750021717708,0.007316209132688031,0.012578365358919041,0.0050806370878907214,0.002531441629417437,0.03166485084996018,0.00043915943339897226,0.030552147838990823
neuron_3204_count,0.12450460329703267,0.0018538012346918098,0.01880509050319039,0.013104775987646713,0.010584465865465423,0.0062664791966152295,0.005179204735069429,0.03130937926269281,0.003810128328531906,0.04477431259586134
neuron_3205_count,0.12432244061949388,0.001917757308559448,0.029176190416975348,0.04051410331199687,0.03937702658913067,0.01586922089231846,0.02402963490881234,0.026684966098367763,0.008494875864987261,0.07060574449013518
neuron_3206_count,0.16586476983371742,0.0011698138335728414,0.01873406116857533,0.015584804480259146,0.017380722535401308,0.007951309839939302,0.011738141495347021,0.02868719341341286,0.009383205618109638,0.05147900925429741
neuron_3207_count,0.13971853388803937,0.0022800992454593003,0.026035352741662535,0.013291977138342098,0.011634270885172791,0.012524898782978591,0.00385053305433241,0.044109418067486056,0.013982388940667015,0.05657244690187366
neuron_3208_count,0.1613856100691164,0.00502953260356321,0.021996748127930885,0.014162172406357268,0.015708310052553923,0.011304524756328593,0.005191148987168152,0.04145948521176626,0.0027179895265572393,0.0524582584685577
neuron_3209_count,0.14474532008410335,0.00015160034688848582,0.017007952865181253,0.03341394970723316,0.02914396634636278,0.008571719563211691,0.017959845374489358,0.031096897390709713,0.006842385320680544,0.0612556619632636
neuron_3210_count,0.1524499458973608,0.007076845155954803,0.023666411090703207,0.01581468862684096,0.023239814466799638,0.00949166422924036,0.004858681478866582,0.04249672002671029,0.0008311405006874925,0.04766177729290619
neuron_3211_count,0.1956878438848163,0.006314889691917243,0.02547027620690677,0.019581486195892783,0.021486623820667697,0.011169886619466926,0.0060147575431024405,0.050079714478041826,0.0027803011286421653,0.059963723815818826
neuron_3212_count,0.0866648620475507,0.01259112022120841,0.009015797543640076,0.005254576788538828,0.012175256956527561,0.004728419650832073,0.0009003788477310853,0.02488458070723769,0.004230919582633434,0.016153556090987495
neuron_3213_count,0.14919020797305965,0.003204951406747175,0.020644271440840065,0.021524262214363446,0.03354106885446448,0.00916145041660306,0.007291598772731986,0.032899782380773235,0.0015364039348517815,0.05854842786432346
neuron_3214_count,0.1309876891022365,0.02085658372599042,0.01596101420610499,0.005299674760787,0.0165640400251975,0.007948650957490977,0.0008203774815118726,0.031346340182641264,0.0017483768094442922,0.033649195634822604
neuron_3215_count,0.0812773490439497,0.015730260497241105,0.004503257204494494,0.0033696424400186525,0.006674680613724351,0.003627253446247633,0.0016040341494848644,0.02127005549228629,0.0052552619338063905,0.01398767029903579
neuron_3216_count,0.207010540750506,0.00849242706886804,0.04080929880508884,0.013653662300934677,0.03412037690809763,0.023797695673677274,0.0015090819927350233,0.07324715868482504,0.0010676604190743705,0.09472229829679915
neuron_3217_count,0.23521685097382344,0.010003264099849557,0.03201673978858113,0.015569731536066708,0.02993242857224422,0.018749321366926627,0.00721821208999706,0.05951171564861518,0.0018371674673458016,0.07627806900089337
neuron_3218_count,0.13750061775821493,0.013967819358689015,0.011973511862049854,0.00980593466784746,0.020512150329259793,0.0075922112801258546,0.00252457247630488,0.03610356917327648,0.004103007060104927,0.03956826028358418
neuron_3219_count,0.14122786563689385,0.009651238844196705,0.014335122475929371,0.010274934077069753,0.022838860434553757,0.00856056247167633,0.004545614734104489,0.030371222372700443,0.0004512446105942279,0.04648549240271063
neuron_3220_count,0.028530078426615445,0.010289021323195896,0.0012366037778961895,0.003711495584527878,0.0037747094262399663,0.0027165579899042086,0.0013303379013898144,0.0074716887379259085,0.0016069942002363505,0.0029713750288316108
neuron_3221_count,0.10630916377700889,0.01901655289049814,0.011870602550919193,0.010199652987902,0.02013546268172363,0.007864583668813624,0.00034931765848437556,0.03491973171954771,0.007479171397566084,0.029398499183367788
neuron_3222_count,0.12952057111048576,0.01737242826648118,0.013675772685149329,0.02288015685599251,0.02981382649381656,0.010216018668647284,0.00211986517688547,0.03645022918559593,0.002026006871816498,0.04615448699061417
neuron_3223_count,0.0753812304921418,0.012016661476512765,0.011050276845499966,0.017331762042113535,0.024478429235389842,0.007737367333956802,0.0015260514215667586,0.027593769416080924,0.00931140228108552,0.024696027972373163
neuron_3224_count,0.10655103809463815,0.024548614900411117,0.01044171629500261,0.024813999642663606,0.029428677978812684,0.0102700210875281,0.0027721664509413255,0.02922788747633566,0.006374482265831705,0.03612011867037718
neuron_3225_count,0.12465547969005666,0.0211322718118879,0.011740840250357015,0.026615384714972767,0.038059247483566844,0.01621961049112665,0.001517992644397833,0.0352046798241987,0.008683773210174273,0.04205421007563043
neuron_3226_count,0.11653939339742625,0.020170496111958217,0.00877275673606584,0.027800430131977805,0.03160000016441533,0.012097427764122537,0.0017451921913887933,0.03412208337659606,0.009147732071630943,0.03724963840805631
neuron_3227_count,0.10949811114297192,0.02568434089323217,0.009746363650268847,0.03048608228260752,0.040118375691146235,0.01117083613302719,0.0022371589437465804,0.024486407230994725,0.009282369915133704,0.03443910615590115
neuron_3228_count,0.1558194370591826,0.033915729785277654,0.016962134520539213,0.031390951884709584,0.04023494048333137,0.017579293315784977,0.0020367901906140733,0.04999719805439046,0.005891492225241657,0.05770645264664814
neuron_3229_count,0.11012238596458832,0.027134157086572935,0.01838461973905063,0.03388456076418139,0.03965895584271992,0.011604262764792386,0.0056530067376411725,0.02979452332814772,0.0064534160436222066,0.041758871887326465
neuron_3230_count,0.040966701552382266,0.02057842588460415,0.003928519644710835,0.01185351125137818,0.0059539994049201544,0.004832450621846507,0.0007658643037105513,0.032854739241350614,0.008569446249332903,0.01114509419083471
neuron_3231_count,0.12004317049774502,0.025031236390594278,0.010232183974362319,0.02921789703774011,0.0321474740741127,0.0073682948414255794,0.00038225898305007354,0.027564743740674108,0.0036561739285670136,0.03872775014396149
neuron_3232_count,0.0925322884506295,0.037032221929631265,0.011536050585786592,0.02850366706039928,0.021502275165782694,0.00565826359634225,0.0008849809561092305,0.04229383022510341,0.009390542720650874,0.029961530820529464
neuron_3233_count,0.0803347887914602,0.038846299889301356,0.006035504441235774,0.022972275979582013,0.015501146909838115,0.0027963889168888603,0.0006194434669037178,0.030904840616207796,0.007689080291753567,0.011915515627456977
neuron_3234_count,0.09558036768036607,0.04763142150724006,0.009920144431094527,0.023543929944527142,0.01497906623284996,0.0022666507570635944,0.0016813684228216413,0.03103681140961248,0.0008619102688832425,0.01681969070059336
neuron_3235_count,0.10522938074935481,0.04334423592432801,0.01470339361198554,0.04461561771917344,0.019922184454956055,0.005995870730633679,0.0007098394167533682,0.030458242970859306,0.0017742731494101716,0.031071705821826667
neuron_3236_count,0.0949678667236569,0.055941501375116554,0.011663967447721343,0.02932318923920088,0.011554392546369224,0.0033272155244605736,0.0024515731682719227,0.032940954136930434,0.00023731914855860785,0.020747613605622203
neuron_3237_count,0.0981744539001545,0.047023150252256035,0.016601314595580077,0.03535785387961421,0.014649058257858616,0.003737274072073332,0.0008482208973503678,0.023475127259571862,0.00027286220683320726,0.020012306183164963
neuron_3238_count,0.10079227363341997,0.06323531239436658,0.0270956683235547,0.03743551158466776,0.012260554572248394,0.003426426086916609,0.0010066007231368766,0.0321855392932065,0.0011563239384398266,0.021659502559123744
neuron_3239_count,0.08186893176950696,0.06161977668305993,0.01386599788042446,0.0273342168957756,0.007093587876135801,0.0013885390712505621,0.0026125483717276687,0.019958811671410615,0.0004071870704229954,0.015206743571534495
neuron_3240_count,0.035590091866116766,0.05140541694533783,0.002517985729248844,0.013904167408598261,0.003962763965520874,0.0006954300256483581,0.003167537879187967,0.012015442741010178,0.0013371979324367043,0.005355084020535025
neuron_3241_count,0.09986869498010728,0.05353742381698204,0.02002285859645317,0.02286778391853435,0.005934212817577993,0.0010427840193995993,0.0033928096262986276,0.02010715941141833,0.0017572118127786931,0.01590196626230936
neuron_3242_count,0.09221592068417173,0.05689163331387151,0.016261237534096737,0.028573154268834222,0.007643317605656355,0.00042904462922531764,0.0023836822259534,0.022031647719069486,0.0001734586990005619,0.0169722768682955
neuron_3243_count,0.07683848724804668,0.0577896270291447,0.019638516795586577,0.020326540958508513,0.005271073914615586,0.0002193151810854577,0.0022846258000879596,0.016975114001088726,0.0014943193965960277,0.009046182403307401
neuron_3244_count,0.06551297356044597,0.06061802607766764,0.008123462534448067,0.020302551192103502,0.005395591166736789,0.00012695883531966407,0.003407311409976195,0.012328905020282083,0.00016291084605553775,0.00424036079220181
neuron_3245_count,0.07022079505511261,0.05377779723786788,0.028124402787796543,0.013086346231544213,0.003348898532858788,0.0001438564311841738,0.0025609732225734885,0.01815399392984951,0.004925836992781055,0.009232188821017992
neuron_3246_count,0.05443227433209091,0.029909094810124146,0.03401329789962393,0.008068211870882108,0.001943061149086621,0.00022563318244360996,0.0011162973285317665,0.014439026981135653,0.00845019586045824,0.010462483271461528
neuron_3247_count,0.08008204384200796,0.06444017577468614,0.02892789051584424,0.014232204460044764,0.003175101128564582,0.00037173555108578615,0.0058127682729171015,0.019632931656248548,0.0031445003617448716,0.01105942543927653
neuron_3248_count,0.035022044348203024,0.031990401028820496,0.011145596836294416,0.010733130587024867,0.003130211176317202,0.00042630296824319345,0.0028073704897181515,0.015436978953877398,0.0016715477981577194,0.005278101941353789
neuron_3249_count,0.05394952363720504,0.040295730727914925,0.00781647487570239,0.011514543691670001,0.0024033391041078933,0.0005335129593209507,0.005477594583978826,0.010337931000048345,0.0008114603951918237,0.005008034883044729
neuron_3250_count,0.05331182767424769,0.04702066253866996,0.02256579198064275,0.013081827750899347,0.0015520000676088816,0.0001037245972919194,0.005011387597661683,0.01705842909356574,0.0014263032176784346,0.006792364213414281
neuron_3251_count,0.05631535611330937,0.013301952230625871,0.05601356482833339,0.0037535095846478322,0.0012108910382642342,0.0016751199723327725,0.001604642572035117,0.01997504547760942,0.01869749294891912,0.015413887893574466
neuron_3252_count,0.0632974391821104,0.022325782588147797,0.05449313114416951,0.003509086190196742,0.0014172985428183744,0.0012682993248737014,0.002265140217174437,0.020813567780700204,0.013627553969469658,0.01631094050589385
neuron_3253_count,0.07828503909259321,0.0554465795481289,0.041480180728737076,0.00850002564285983,0.002128539808814958,0.0011129578730721505,0.0050289335398866555,0.022211455154045795,0.004419010064077494,0.01126941937109753
neuron_3254_count,0.08948209107819896,0.056670236727709045,0.03422438363865052,0.012120063229498892,0.0031106579298956355,0.0014794928842053537,0.0037353924034982666,0.02091293870339128,0.0032995715737682355,0.011061988432824701
neuron_3255_count,0.05015335273911367,0.004025176349231972,0.07003082231377541,0.0005699930172138878,0.0011727782720377493,0.0030059225234977255,0.0010605510617388639,0.022322176128288865,0.021689007244808378,0.01922800024352876
neuron_3256_count,0.06514960944706658,0.0575105690157309,0.021509609197650895,0.007550015913340397,0.001490586013402219,0.0007754196324649687,0.005817120460596556,0.017860880118726788,0.0007107010101813811,0.0037964977393827315
neuron_3257_count,0.057465563810774334,0.02418233592379712,0.04799058589745597,0.003196847798202708,0.0016769682766259418,0.001386302001943479,0.00202434157828308,0.016249783280250132,0.010860430465337648,0.012615595717899344
neuron_3258_count,0.06095966880689638,0.018680144902513393,0.051893673165792686,0.002986418911601535,0.0012885649172022888,0.001782203359444852,0.0008710679813253575,0.019386240203729282,0.010464200854325756,0.012421363248020262
neuron_3259_count,0.033575391920168146,0.0027089687948155666,0.057730188047386,0.0005465688847580037,0.0011214905948330675,0.002401306318446504,0.0013240805109952167,0.015876949502220697,0.022712821747845738,0.011195796080784637
neuron_3260_count,0.03461503642941689,0.012317236457127179,0.01026380355041659,0.002293884105269966,0.0033823960476407136,0.0002504783956611429,0.004079795124678209,0.014313573407469415,0.001167824353312945,0.004124852298058604
neuron_3261_count,0.05088541501131841,0.05353828754447121,0.03640325813708617,0.0041135244813757035,0.0015190145277543636,0.00048001304271513487,0.003931162372036404,0.015061998247327124,0.0022664496318970193,0.00525330232425103
neuron_3262_count,0.012278758825841306,0.0010199979470010279,0.005900462771506805,0.00016830679304794373,0.0015774528561016618,0.0005892130356088612,0.0002839687381494538,0.004143671214355639,0.00234495900846805,0.0008615116082501678
neuron_3263_count,0.05368192228546287,0.02362862032455529,0.056343917896628404,0.0017885876543905846,0.0024792936444235636,0.002156480648481812,0.0031256454565570455,0.012554074873040375,0.011101737998463465,0.012057352462539445
neuron_3264_count,0.09467373977535731,0.0015673666995104432,0.013454352158583427,0.020612383918977878,0.01584663462527036,0.00399697321281272,0.016680966139569514,0.017236066768970743,0.014280699964120291,0.034138327337693425
neuron_3265_count,0.11661119523614383,0.012866031093222749,0.02080094026207517,0.01030537469706655,0.008395256004960855,0.004131710122553638,0.0026422419907137645,0.034863885300977004,0.00038673086224876724,0.02761090124954095
neuron_3266_count,0.09770662445229503,0.0006287479542648154,0.014951016107895482,0.01511329843625861,0.015067185291354965,0.0025248232645397467,0.012037560765179048,0.022249122377070094,0.005047553553376279,0.030414482749206745
neuron_3267_count,0.13854040277207302,0.0007132276264623233,0.015933390448285137,0.015412627448267296,0.014686869026142205,0.004219712934321225,0.00936908837577645,0.02344096545283486,0.01614453757454956,0.03710788078623006
neuron_3268_count,0.1318825045605831,0.00019077871361478723,0.014758570888541142,0.02378416071613225,0.020197725266083974,0.0069261683921302275,0.01172987549626174,0.02785812231689204,0.01156402733972145,0.05629708923382118
neuron_3269_count,0.11385801211837887,0.03161110352602727,0.008863219434242738,0.0007641646544678769,0.0008400019074268298,0.002183391743004557,0.002416892642929736,0.02076302297538575,0.002299542452308661,0.010483943283030851
neuron_3270_count,0.12745349519039728,0.006293619525840552,0.020378990544904982,0.006889235284128964,0.0097034345039793,0.005997171632115092,0.0020601435181676724,0.03488385290841964,0.0015866621676794042,0.0336383582320888
neuron_3271_count,0.108080486322575,0.006443239722972352,0.0152837024450838,0.010138013993545941,0.01879570513167475,0.008247298094128976,0.005660294166904403,0.031098724621134333,0.002375964480110338,0.027954678308079267
neuron_3272_count,0.14060064977251757,0.012811159044705034,0.027845665377483897,0.011053264855022449,0.014841201005155069,0.010678621789097648,0.002305620799545712,0.045379409083936034,0.0007312958274778094,0.03982986103218375
neuron_3273_count,0.19401210004420283,0.003198424477739402,0.024439681507752567,0.02218111243420906,0.033257382129378676,0.014113165144835266,0.01102804352446922,0.041969369644591886,0.0034078156829037594,0.06224849360312826
neuron_3274_count,0.174923769556867,0.0014122957609063094,0.02718984043521977,0.030803369259064267,0.03241074634992522,0.011514594333569703,0.012027616797995244,0.04352858171351501,0.006374606773959381,0.07609985484133022
neuron_3275_count,0.18915871255065342,0.0017296074600682129,0.03325384334527312,0.03102446415383725,0.03422024456353498,0.012536009807852605,0.009904562230566488,0.051506692135171894,0.006061061409118475,0.0758886501057445
neuron_3276_count,0.1789152687702556,0.005308139248868117,0.02647275185056351,0.01731293913006897,0.02793237059942058,0.014368722289177904,0.005919309971722117,0.04628872733149039,0.0027140036402522882,0.05996716642779701
neuron_3277_count,0.10560700209803392,0.017029362361790673,0.018120799229949636,0.005180380545873345,0.01359724714969697,0.007256335567201441,0.0009966275829107162,0.02944489071101966,0.0009264546243896825,0.0320932463935025
neuron_3278_count,0.16890082988869007,0.00667849326422397,0.028877461038115546,0.01669361812519829,0.02667595868728931,0.012846151539094783,0.004054916895561353,0.052294463534583224,0.0016339866294651957,0.06254366476664236
neuron_3279_count,0.14854166715180317,0.02039681715138776,0.01670073052302866,0.010622145023482854,0.021510285278408536,0.011145228614205513,0.0008501478999329883,0.04060108231327603,0.0019297024576604843,0.044353976951567675
neuron_3280_count,0.19114716892439593,0.01069338301863669,0.02709832391363033,0.012930261573278784,0.02939855397779459,0.013704144279805555,0.0028694637443155285,0.04703037308911437,0.0003030447706378085,0.06673874737284904
neuron_3281_count,0.1612576711381769,0.0025467638970221446,0.02302347243166175,0.02998698983613643,0.0388523264219805,0.015306863963215067,0.008463011142419596,0.044760710441028195,0.0003271687296811203,0.08159575807709693
neuron_3282_count,0.16488744291979993,0.006577572083106968,0.03472534362776565,0.01775668079099832,0.03548439033364818,0.02213888076264034,0.002502498858452634,0.0706141578487782,0.00013409351169715606,0.10849989121048134
neuron_3283_count,0.09541480143925071,0.020859088191319333,0.01237069435778708,0.017504579887941435,0.02207009311830342,0.007167173555568437,0.0012748499595246834,0.036048485623980775,0.00861850965646542,0.034222002710306954
neuron_3284_count,0.11546277392396193,0.01020702655302004,0.012035740961508057,0.013873066379732082,0.027254818155824992,0.006203557825355074,0.002206057592860456,0.030051389562670727,0.0048867060540676854,0.040827023481723373
neuron_3285_count,0.20731450231566537,0.00806880883485829,0.047914179350151104,0.02094839039656804,0.052419922124624485,0.020640311618895124,0.004687224650175854,0.062205503749022506,0.000228487436072268,0.0979917079729718
neuron_3286_count,0.1094398458853453,0.009478022297166017,0.018018318755488122,0.0247387903772322,0.03624960813422065,0.007498058095655694,0.0034047948082883486,0.026979326017094143,0.002617694917308115,0.05436450579118973
neuron_3287_count,0.057017082660854465,0.01703766524721581,0.0054094939495256955,0.017157740897175623,0.015735273014014686,0.006523021835460829,0.0011154037448437171,0.02223052224163781,0.008959439866460785,0.0145088501635207
neuron_3288_count,0.16032568790370788,0.027846257806883254,0.010810098289743456,0.032685487142260106,0.03878948160376185,0.021001863389080305,0.0012552506407225558,0.04999658917920968,0.008402393249171712,0.058593090319003005
neuron_3289_count,0.11052976507799298,0.028277784925396593,0.007637964492165555,0.02016664233852246,0.017629689779584595,0.008529805274274743,0.002094854405042146,0.035384231234955404,0.005999664438067244,0.023919373625643336
neuron_3290_count,0.12109384389251857,0.024210175970906703,0.012708790818197174,0.0201723597554698,0.032103872907206316,0.011711516039815614,0.00121492266903055,0.033586084200109834,0.00796280876523324,0.03920220072389924
neuron_3291_count,0.13817742454552848,0.02883116586561689,0.017722808159190806,0.04015094095983254,0.04647738509166627,0.017491888016577514,0.0020337175893513984,0.03449197700217693,0.005494889191297876,0.05795118805880195
neuron_3292_count,0.07554747837649363,0.03729729894377201,0.0020989333062271277,0.026598931149092606,0.017951575932058636,0.007003061317347341,0.0007885597082363922,0.02158254660449853,0.012711360097560298,0.014534531555227354
neuron_3293_count,0.06656275696821698,0.04811480905118018,0.005133793988710653,0.02942669048446589,0.01959454981031368,0.007913460533428895,0.00042670890222751626,0.031717635794800775,0.015725657688091435,0.019507633279415015
neuron_3294_count,0.12381942065599136,0.031302630204247034,0.00813064074085515,0.052269298053380875,0.04606253216983039,0.018312316748914162,0.00613419588177825,0.02732765755453312,0.008815978410153594,0.043986152686598556
neuron_3295_count,0.09658240336115315,0.03976117584373054,0.0105374585185454,0.031108235772039056,0.027352801890725753,0.006822541485772438,0.00013689570793506012,0.031934438959619255,0.006602854613568909,0.03163917958843221
neuron_3296_count,0.053572477639253074,0.03317430889622343,0.002486682143197645,0.016192607828011768,0.011950222263644658,0.0009631955849620927,0.0016214491069864306,0.01970084093021625,0.011245901728328449,0.008587216858509807
neuron_3297_count,0.06299734148884004,0.025805438964051505,0.008849364848694065,0.025137514136518463,0.020715704052402764,0.002318381856432454,0.0004021342598611727,0.021170369659216745,0.005112941887457041,0.018466422165250254
neuron_3298_count,0.11687425290852974,0.044591324145108774,0.01949160906638217,0.047075612021846236,0.02458925918569188,0.01171483246219246,7.129092838592359e-05,0.052268228229648606,0.003508583656706643,0.04060742680177454
neuron_3299_count,0.0819856522178227,0.03721458298554839,0.007815779709907655,0.042153865167336574,0.023556735250535074,0.005675910582555309,6.482973450573377e-05,0.026848942888359206,0.0013960360770597438,0.02581303398987958
neuron_3300_count,0.10005964346879753,0.05766319774955861,0.007915095970926843,0.03310561339044657,0.013715909787410899,0.002301216527934427,0.0025586612391042853,0.022570441801608596,0.0021221980348181367,0.015202187686015611
neuron_3301_count,0.08791117478654575,0.07724973955096393,0.011430090273554502,0.025919312452126475,0.010333660896586022,0.0014556027482690026,0.0041865837305613204,0.024725184034128045,0.002140265818428244,0.012255281091261658
neuron_3302_count,0.06985452575335854,0.03384136454852493,0.014600596727377638,0.03100312381615329,0.016124713808440272,0.004885435821241645,0.0008921764393412523,0.02439554042807711,0.0008116251058499016,0.019572795039337954
neuron_3303_count,0.06866450032746457,0.04446370458254306,0.016402486567564406,0.032423228196416215,0.01209467737618701,0.00419835299285834,0.0014328692946870194,0.020561902696909273,0.0001647351619641392,0.018469549677336244
neuron_3304_count,0.07216565389695226,0.038546149931231566,0.018992540022192972,0.0240954737450354,0.008825051842063725,0.00017375178466881493,0.001557668675707502,0.021493817231044862,3.864467216858208e-06,0.014861978740830215
neuron_3305_count,0.06830428956482079,0.0570422680147909,0.01849884794079508,0.023405454843421436,0.009222783811278945,0.000907232841262727,0.003140950128720961,0.02308615420897024,0.0002947744620420481,0.014219322999144163
neuron_3306_count,0.06284645889460891,0.0537555979936539,0.0185482758708074,0.02129819015156284,0.004962968948901088,0.0003832799777777271,0.0027028370341084726,0.015376977171632625,0.0010288888341974112,0.011353529172318591
neuron_3307_count,0.06571998986810428,0.05678173944892212,0.007452188423563488,0.01812535358446081,0.005581241236603203,0.00023040872669087206,0.005894591213083354,0.01460360373844849,0.0008889814499596742,0.005137050689450397
neuron_3308_count,0.08606706919182125,0.06446009589664697,0.023011503883013484,0.015899447105048828,0.004437500378885434,0.00030565868793399655,0.0031407769366260246,0.01753010949672129,0.0016528692374307569,0.010062259963243433
neuron_3309_count,0.07969719836853642,0.0780900568996794,0.013415318988774183,0.02364914105986686,0.006161368299395717,9.33485207459412e-05,0.0033491391474135337,0.019991478521268827,0.0004611055034764548,0.008014186989923788
neuron_3310_count,0.05793767627872895,0.04095313693270436,0.030216707458733588,0.011102497260286934,0.002810089543499261,0.0006990784036546443,0.0006814005727274787,0.015651115688570916,0.004805950643150869,0.007880811358780868
neuron_3311_count,0.06740070482797322,0.0688475745079963,0.018767706625668665,0.01719923149482651,0.0027348065535172106,8.922701487491455e-05,0.009331670567811687,0.021874513409771992,0.0008024492566869133,0.005073524413151016
neuron_3312_count,0.0693896376509415,0.04375079278871041,0.02809075752214535,0.019051176819832857,0.005861852368800269,4.702079713322406e-05,0.002108532687186103,0.01880247445714041,0.0018254517050797815,0.010258282875624275
neuron_3313_count,0.06299708024300363,0.05544992177783842,0.038550822490395265,0.014526872526805762,0.0031677252087813357,0.0004020195552223299,0.0027047906379731312,0.02013747903046373,0.0036326534457841106,0.008184722545304779
neuron_3314_count,0.07310744829700863,0.035507471003529495,0.05330733758239711,0.008152644471312406,0.0026411895860237802,0.0011303396193242422,0.0029952332983062407,0.022097478712449034,0.00888723531089168,0.014776708094711141
neuron_3315_count,0.0873730992130694,0.05811568419138016,0.03209607420072158,0.014550448059543447,0.0020392006922708913,0.0005581005540917124,0.005250347362621546,0.0221825901282581,0.004931655713435193,0.013978328683613359
neuron_3316_count,0.07296965582097678,0.06515183410780218,0.02756631290529854,0.013514635890142096,0.0025460654053688636,0.0001090850266113972,0.0059465226498783275,0.024114823598268012,0.0012251355431896344,0.008884659008846038
neuron_3317_count,0.05761196041731104,0.027006077723244634,0.04532198281268093,0.006469944550437513,0.0012239527496345146,0.0007460836149139963,0.0012046770555133451,0.022370920264465924,0.008442983811528568,0.012181417778038647
neuron_3318_count,0.07065264623683495,0.03032178274460466,0.05398051750440602,0.007653745757435618,0.001585373464242333,0.001304915063629987,0.0012371599586364114,0.020812354641097666,0.009750313698731139,0.016360836685079885
neuron_3319_count,0.0404700687724438,0.006527828392213199,0.06114966465421831,0.0038216194540492687,0.0021027133343446205,0.0012350049921924199,0.00044752497178724565,0.02218340499232413,0.017099430558571438,0.016327374186214064
neuron_3320_count,0.07008676069045389,0.030730452110771578,0.04869301858052888,0.004468031872493047,0.001558205533258989,0.0011485590297829577,0.0032760380919976337,0.019481586371969603,0.011489877901567372,0.01533494054256701
neuron_3321_count,0.06617978088059562,0.052821420115459455,0.04374017726595056,0.006128352787242289,0.0017138389731522763,0.0007464227162228762,0.0026572582713811146,0.02160404088834955,0.003236157212300819,0.00875490467741094
neuron_3322_count,0.062075574234333214,0.012540472682802423,0.05029680570901407,0.0014054340563380181,0.0017530026798468004,0.002020081867486985,0.0027736197475344976,0.018013438761293354,0.013093499463630212,0.013983368230642584
neuron_3323_count,0.046037682715084544,0.002258091883132536,0.0635725573983302,1.233527257954968e-06,0.0019749351938148432,0.0036618551458629245,0.001191769729647442,0.017441789537169405,0.023916933059493453,0.019274133936906107
neuron_3324_count,0.04286445568604505,0.013198770855207528,0.04099496584971632,0.002910568572297212,0.0017718555570213172,0.0004781619402106016,0.000734169274102383,0.013722197176569362,0.010069992207296971,0.01037281979102836
neuron_3325_count,0.030991039244011392,0.011322179872513105,0.05785986347446223,7.050132499266271e-05,0.0031441939629249377,0.004144492477693509,3.329907311239188e-05,0.01643595872182245,0.02280369025405668,0.01553207944984894
neuron_3326_count,0.0729732088673807,0.07360309373564436,0.02803988347451125,0.004634580421109417,0.002877082614479033,0.0010280785735276854,0.01110175588020608,0.01832546345835856,0.0037354616870167046,0.0044479470746927735
neuron_3327_count,0.03289714974410832,0.015819216174555742,0.045419141309541416,0.0020839892203447577,0.0014148062703170337,0.0005817299664963114,0.0006924700112970368,0.011716093015295567,0.010196271472468404,0.008215635798236441
neuron_3328_count,0.07715098084149777,6.512204663269936e-05,0.01542038390605445,0.012930966836356167,0.014015247861947952,0.002148118430661941,0.009656247029115161,0.01579343758528233,0.0034270246497044438,0.025028772417834674
neuron_3329_count,0.13567246794920954,0.025687408893142083,0.027334858953702107,0.010585378751480218,0.0076752764708401255,0.005571217025527826,0.0023989661370515843,0.03905291748256931,0.0011659919734796713,0.03183586965399171
neuron_3330_count,0.1086782377330063,0.0003999891529906617,0.01376574012135176,0.009438947231316178,0.01006728971207689,0.0019453485191784983,0.0076453307272786875,0.022478763071679397,0.007647576710641604,0.029800750823656463
neuron_3331_count,0.09187667114957829,0.0010486055399065997,0.01655377997031332,0.01931123604912291,0.019412883801485065,0.003072419735489468,0.010549456066694343,0.023408613310908585,0.0029740603210477584,0.03948331973489713
neuron_3332_count,0.12323781701698486,0.00024996348764739183,0.022445235975087435,0.01741348209359868,0.021384259425353783,0.005799021387345699,0.00787270898669179,0.028216915821617894,0.0037792960630122843,0.04697038722408714
neuron_3333_count,0.13303694469097233,0.00047997232751265106,0.023188700043860463,0.02695699646837145,0.021300912751830714,0.00947341797729774,0.01715341931914434,0.026011557296233362,0.014796133017859939,0.05136339550511845
neuron_3334_count,0.11817027467550117,0.0013580498002966589,0.021390330506207256,0.02002768855942748,0.02159989092556934,0.0066064786233697576,0.008257172107777988,0.0281117976254852,0.001203816725396413,0.051031227207718244
neuron_3335_count,0.10748989124355227,0.021295581677014883,0.015638520455857702,0.004801614621780144,0.00853000925572825,0.005612674310024983,0.0015528247287866902,0.030160928783918406,0.0014727704132517123,0.020292887696458844
neuron_3336_count,0.13896171412047462,0.003758259738933206,0.02361484352605052,0.013403809403109146,0.023125068602573462,0.009197015663661157,0.008136829798559495,0.02909924804679964,0.0012680165235455718,0.048826279708879594
neuron_3337_count,0.12401145259221077,0.009128834374003969,0.02472755132237106,0.010061814876277733,0.013664115189699677,0.008492679195628294,0.0012575030929269232,0.04572473819129355,0.0004333135344277272,0.03831013470005368
neuron_3338_count,0.16243751025883302,0.0011382032970282292,0.022729749949162326,0.036514550733488416,0.03934479196464699,0.013513368679679949,0.020265226176483048,0.03644125310291221,0.004770405752216961,0.07147261482245978
neuron_3339_count,0.1273972414798029,0.007873242268982575,0.014266735194545077,0.018198845179811393,0.02314978633919558,0.00870689271046507,0.009523429988906498,0.02827277483317432,0.00037350722006808954,0.0428720620067945
neuron_3340_count,0.10493656817654806,0.016840041407625947,0.016352664142662662,0.007470035518196333,0.016020482754910012,0.00721838628706542,0.0019419170097907598,0.02602424631538132,0.001775907230479025,0.032809193433389255
neuron_3341_count,0.18033935895112027,0.0067373769935649835,0.028606109080515835,0.015613855610267083,0.0317608023662454,0.014162383749280208,0.004831731524988822,0.04335189014337365,0.0016092823861427064,0.06907870161902704
neuron_3342_count,0.17783526027416752,0.0037519994196634,0.025699668040972415,0.03559249888068555,0.047534753314144,0.013871906849576343,0.01577557572720044,0.04342612470292245,0.0020995028187264612,0.08085795220817499
neuron_3343_count,0.09181599996853976,0.014174085826334032,0.01259462339903751,0.0077656856143961395,0.014922500937276748,0.0069234760115637894,0.0017067669821886136,0.0298019588039604,0.004921031033128319,0.02028767080438164
neuron_3344_count,0.13134926879721973,0.011512708986086903,0.017679811888995395,0.01772858156976219,0.02999739693313111,0.01045646970644347,0.003480428068505237,0.035540975071976066,0.004795856241863697,0.05105814800508385
neuron_3345_count,0.13915554094865273,0.005863387166307611,0.017418003842671254,0.02246091102914073,0.02804048334723243,0.009885575510789002,0.0064769245937724845,0.03229654689250083,0.0007568895623426691,0.06048066227221416
neuron_3346_count,0.08157268127006005,0.010242238776554127,0.010166564408343765,0.00783576515424251,0.013732172177339144,0.00539491085916069,0.00022088195771567112,0.034035956062884426,0.0054611089355191544,0.020751104834850376
neuron_3347_count,0.10605979830139661,0.004958227591886667,0.008448465684325529,0.029982517534988706,0.0376650444473301,0.0106658566556381,0.009779123033962195,0.026040935074314236,0.004077125523277693,0.049478107519573405
neuron_3348_count,0.13901556698980086,0.008122973341264265,0.009746898007221796,0.03941967490381704,0.054556617261388496,0.013526261904133599,0.0069194678435468004,0.02640617105127764,0.0027648644397775257,0.057042962959549054
neuron_3349_count,0.13669404010258393,0.011274362059113655,0.00918335393619539,0.02601204072874462,0.04574175690459459,0.014395676664148135,0.00251315602631208,0.03464846668073823,0.008336320409826126,0.047623125118829795
neuron_3350_count,0.1260915727795513,0.02730367422357853,0.007324550694140966,0.029835774475882204,0.03346510341455863,0.013799853390411773,0.001665724738165935,0.041697279613522015,0.008143678014200212,0.0401035859466099
neuron_3351_count,0.1501466230071523,0.015258029321349842,0.014188046625567788,0.03241663608894674,0.047274210324368376,0.0132869628029669,0.006179624208813246,0.038302612486722565,0.004546444184651291,0.05456251554992106
neuron_3352_count,0.11299139191382335,0.014835648016449876,0.016702172505446367,0.03213026512736497,0.052176515984652394,0.017412940364258653,0.0020492028243447105,0.03377574625606289,0.005533618769170995,0.05914466963180939
neuron_3353_count,0.10946282929616408,0.020001784409063417,0.010780426102100393,0.03722681324188756,0.041181424292845964,0.013199894965723435,0.0031905677706810867,0.03332144202899867,0.007810883828797174,0.04634192182161648
neuron_3354_count,0.11073408437076737,0.015548731111508562,0.010648230573096856,0.029543189951339005,0.03842368731208745,0.011897958690081742,0.002901980195066385,0.035756927706088765,0.008318194884218894,0.048920247343517076
neuron_3355_count,0.08125459931161208,0.031043757223749968,0.003525829898578539,0.03115640075580789,0.02251698734068558,0.006675401372402225,0.001422526473830222,0.020153275536313547,0.01213995193876688,0.019466334176517733
neuron_3356_count,0.16176212518972277,0.035596432748914664,0.01704507477661621,0.0575644011845769,0.04950923894239406,0.01419107690003299,0.00813187365508232,0.04190555380637498,0.006315241593888368,0.05176900012971947
neuron_3357_count,0.13944945003157405,0.025321090274352323,0.013719722634380066,0.04878868478608184,0.05378886131703206,0.013555407125877425,0.009681047534909629,0.025559738509803837,0.005817497358907159,0.04479759190579011
neuron_3358_count,0.06025896347047352,0.023744796733217194,0.0026970103970277506,0.027961448478584297,0.016579416534474242,0.003948101037354997,0.0003812174320173638,0.01961490451176083,0.01108824589314144,0.015237186257965704
neuron_3359_count,0.09566680386595589,0.02124154438475738,0.006206147527362142,0.03761636792325909,0.03317799132731103,0.008485078392771656,0.000948947107654842,0.031323672494845384,0.006029412971824771,0.02912215052452702
neuron_3360_count,0.09408842642739282,0.02761772871855278,0.009442655232120373,0.038342705150106515,0.02912905146240327,0.010877704264103574,0.0010598331175783564,0.02996159805909515,0.007767112818074184,0.036736355564012196
neuron_3361_count,0.08837581665304081,0.04524634346719009,0.007046651420915873,0.0365766563805861,0.022679097346029603,0.006311007201200203,0.0003285195064648607,0.030439643617234058,0.007140134086772415,0.02634438903636635
neuron_3362_count,0.025410573775676036,0.022740135232587166,0.00314804318262042,0.011401614633767806,0.012654479922158408,0.001652774847593139,0.0015288315692573839,0.00655818458275054,0.00334818638965597,0.007688304552048372
neuron_3363_count,0.04209332687083174,0.0444488478215215,0.006587985304135624,0.02001004572488216,0.015346386331723375,0.0028624499513760573,0.005183969964402894,0.019339793163289182,0.007573293605692137,0.009415047786703781
neuron_3364_count,0.05943926001389435,0.04051211446712823,0.0013153566441048755,0.0221791936405068,0.012198269261261982,0.0033312048090002877,0.0008254933545976118,0.019947224093733965,0.008864471209483873,0.006574861277332596
neuron_3365_count,0.08965085040362614,0.052310012175081994,0.010490828313506728,0.03704579240059347,0.014695833946811954,0.004095156425915236,0.0007706224998728292,0.03247146832392772,0.002363918356323262,0.023290662431383613
neuron_3366_count,0.08532186442485323,0.05982239563415662,0.011543604733497442,0.02765917740677787,0.010467618236833384,0.0012224681526439643,0.0008193844902593048,0.016746131696074418,0.000562825155136679,0.011576426727277017
neuron_3367_count,0.06897022278025997,0.049102165389017655,0.007612516587185321,0.03179752161096901,0.008650231856939736,0.0007550843804578159,0.001100329273399859,0.017304316605381564,0.0005420955839227012,0.0080225066253167
neuron_3368_count,0.0747210260406834,0.05954489997355747,0.0221425997399642,0.02455998871679345,0.01035960295706459,0.0006988129469981293,0.003763524011996304,0.02339696258474025,0.00014399518261094357,0.013372698838939809
neuron_3369_count,0.05279389898233691,0.036564645216889846,0.003959232759026585,0.02158772104345566,0.0020113224906283395,0.0003779005197768761,0.0019082777425040044,0.010562265792429887,0.0004315925374163681,0.0038536017808774407
neuron_3370_count,0.06927351898919976,0.04762712791057869,0.026418846485153274,0.015268114997102095,0.003921289099321636,8.10253930301182e-05,0.002253861684779618,0.018126336885837466,0.0026009968798198224,0.013257251959359104
neuron_3371_count,0.04970705917946883,0.03731138186018393,0.03208525360934833,0.01740867529019327,0.004584933674228325,0.0008183017368713456,0.0017379706564149451,0.020684120643745488,0.004122332736805269,0.0087666439943523
neuron_3372_count,0.05009568401998424,0.04516698979335054,0.008644465958011015,0.018245094033304016,0.002050843561849685,9.110932977714203e-05,0.00296016353819694,0.011827649478888487,0.0006918178083903381,0.004414381597712458
neuron_3373_count,0.04493140322396785,0.03194821685278974,0.019336543117613278,0.012058546485315527,0.002463670670250405,0.0007678890453767621,0.00036292959326244666,0.012817537022402806,0.0036354986719272717,0.006006822978080639
neuron_3374_count,0.05650499059616443,0.050425248552658314,0.014468839285564375,0.019833756008659026,0.0037003856525182413,0.00011491043181834819,0.0029696775351386873,0.019240800223718296,0.0003332876931680566,0.0050651683424816005
neuron_3375_count,0.07885906106223498,0.07582617723164245,0.02027495121252143,0.01530365441532279,0.002957528116679903,3.726481968441449e-05,0.0033154170089556706,0.021368081796488206,0.0011208372459973436,0.007442928201523494
neuron_3376_count,0.05190263003556686,0.03958082439786838,0.008094908613112461,0.015811758302408746,0.0065441147462288254,0.00031104189383714565,0.005837737402527118,0.012395055510336928,0.00027438255428677196,0.005807348509474716
neuron_3377_count,0.06615744795600462,0.05062069289158755,0.029551152481589127,0.014600734543855978,0.0037928070371092554,0.00045121004826473125,0.0018340737663450485,0.02037606802258489,0.0010981207757031347,0.010994167912573849
neuron_3378_count,0.07578986569057106,0.0585444692139733,0.04078708013562102,0.01058594912476904,0.003526963633445318,0.0010412880137253902,0.004119500755711034,0.020345741639651513,0.003648452024050529,0.010241378484147814
neuron_3379_count,0.07013384867882705,0.051247958130915316,0.033128141215093915,0.011622817375752728,0.0018607182085536092,0.0009069665458959139,0.0022899161661252623,0.020162104868559128,0.00266117831099065,0.010024247794876665
neuron_3380_count,0.059869161528150666,0.030768764908550406,0.04321734827252344,0.008313613937403985,0.0019393332377258612,0.0008089606072278037,0.0015451671766342177,0.016741385649383156,0.007207885081730592,0.011463792834623537
neuron_3381_count,0.04025113384819523,0.022779389787036378,0.020337009307071163,0.012015681745336945,0.0007627169938400659,8.592157119813619e-05,0.0018976657022014634,0.021227708489762076,0.0031526429886805304,0.006059033034428896
neuron_3382_count,0.0642631971206625,0.0371465196596335,0.03928189555885675,0.010624650866991506,0.0018950494202384024,0.0010908872894285979,0.002869829562898496,0.023555998686681567,0.00400744032775617,0.009790261601912029
neuron_3383_count,0.04004459612439534,0.022292193322150836,0.03651503509147591,0.006846809264651074,0.0019930444063007285,0.0004273059678052901,0.0005105872876292709,0.016357436183803836,0.006196526003765662,0.006558725421333997
neuron_3384_count,0.04713859080734892,0.026530835671928002,0.030724548716454025,0.004943303343669589,0.0016543714286147392,0.00020060421462401827,0.0003400143399764251,0.014073384305644532,0.005241714910646567,0.0072036947135473775
neuron_3385_count,0.07190176289325254,0.06472419691586126,0.037134181080677314,0.007757430556702041,0.0027373845336838357,0.001454996513389803,0.006559573187568363,0.022133184227319774,0.0006156835408015725,0.0064086745118476784
neuron_3386_count,0.034229988539414224,0.0018655036754095609,0.0508505842816106,0.0014643444147602255,0.002164896356449765,0.0024759886501772264,0.0006694458379483213,0.01810984713915839,0.019025533812347728,0.014304859992380375
neuron_3387_count,0.03713713693432799,0.009177776243879138,0.0638288609670824,0.0028139406577506743,0.0034321337310487116,0.0012388376999920951,0.0011915602230588677,0.01973022899672537,0.00873846754532255,0.010872828021864095
neuron_3388_count,0.05005577754266399,0.0554537481371547,0.027610975491920958,0.010895360011300315,0.0021268445952540155,0.00031802223198443627,0.0023526607459119706,0.018760810151148957,0.0007881998319796031,0.004295697110464861
neuron_3389_count,0.04138829776047692,0.00979169579791185,0.05110115793688394,0.0017794616285060003,0.002027440465373176,0.002425857853973097,0.0012181213215540637,0.01737864458361875,0.008671676680412313,0.008198588409851132
neuron_3390_count,0.02050296756944963,0.005755635623464782,0.003639774440099691,0.001663130762419248,0.0012756734873655903,0.0002038063634533383,0.0020198669649494246,0.006727694724802377,0.000502133077914945,0.0039146350946333425
neuron_3391_count,0.00973477573430713,0.0118481134774812,0.005061845605520671,0.0009803418156203725,0.0018234105674479403,0.00032988346567554457,0.00011756812833554897,0.004159933251831165,0.0009107572673856777,0.0004666277056514512
neuron_3392_count,0.0950440158021319,0.026775126978660677,0.01783073125947461,0.008267677226839062,0.007949482042914291,0.00449506914891238,0.0017508229301053599,0.024133809762354172,0.0027614920213276037,0.015784927828127154
neuron_3393_count,0.09317008755338826,0.00013979722594658055,0.0192916539557538,0.01222979273178186,0.015627308854849392,0.004938703296963935,0.007927689727742368,0.024145040670164986,0.0024590095960681305,0.033567331345668805
neuron_3394_count,0.0958413127728287,0.0016096929357345933,0.016895130172556047,0.016850719935805045,0.017957860120834016,0.0027575516366646763,0.009609286814480186,0.02586603792312002,0.005142874362224312,0.0385669199547993
neuron_3395_count,0.12392912166080594,0.003475361711491605,0.01799370559440648,0.03396423012791877,0.03558383539729576,0.013460082271839535,0.019183004486540423,0.026071272612988514,0.011409352148089191,0.05196314531777385
neuron_3396_count,0.09221805770404179,0.0014555294512589995,0.01719994912637325,0.02880966378196778,0.022901339945193278,0.0066161879338403895,0.012808542240425422,0.024064265101733012,0.012956419338724462,0.042488453943472226
neuron_3397_count,0.11844752777664622,0.0010001621551834275,0.01674657189265291,0.02284348171949753,0.019090760762263945,0.007635912511611789,0.012615980913369795,0.026349161249323474,0.017905626490445914,0.04177810065561702
neuron_3398_count,0.1306469308897805,0.0006546950693494206,0.021901800549695663,0.01708284663954346,0.022052366241762017,0.00636479543724669,0.006933003801668433,0.0346397688856252,0.0028836271827586968,0.05139911782533754
neuron_3399_count,0.1251660169985463,0.0006174903091242488,0.021786179196428737,0.03364571344488221,0.026953368911482367,0.005156397323308394,0.013249374162370195,0.03511760666132452,0.006871638853129816,0.05686985724569096
neuron_3400_count,0.16332352156904134,0.002223634244068684,0.031946129106336874,0.040273941603888,0.039878348776997585,0.015532007925737668,0.020822674495839383,0.040843850621758715,0.012524139213425045,0.07871431134697443
neuron_3401_count,0.163006704339969,0.0008366690639698138,0.02448904155148854,0.022360681407312413,0.023124022290766225,0.011610399918232359,0.0102318576141429,0.035410949301556915,0.00941346530690837,0.06468921420029744
neuron_3402_count,0.1948874579399893,0.0012896652736307593,0.033545518664644836,0.03604939708633345,0.0459267093024176,0.018075942886545238,0.01671279607431521,0.048105271541942746,0.0056721680891994655,0.09282121695873552
neuron_3403_count,0.17042426483958956,0.00024474705591269724,0.024211235868749306,0.03628242901034712,0.03951337186830342,0.01192356813762302,0.02128440045085396,0.03762315629823823,0.0069016719513314145,0.07559198458042718
neuron_3404_count,0.16779480133188807,0.002943339283974604,0.027370080463316016,0.027760914032080752,0.035183985078376834,0.013416071317622152,0.014014845809427898,0.04190148407593741,0.0019149031926230103,0.072263475028465
neuron_3405_count,0.13008197076339723,0.003241755234954076,0.02006436333982896,0.02318098909017445,0.034219827864088864,0.010853608277549887,0.008687215772817239,0.03532216142623526,0.00027075831572652854,0.05398054143515249
neuron_3406_count,0.19161232689084606,0.0030227419031569917,0.029576563030242448,0.03825400013023991,0.05830003362593855,0.0189011477952305,0.01785662743612418,0.05010943872396162,0.002419029719503425,0.09471112969360995
neuron_3407_count,0.21147757364455572,0.0032225025128968313,0.036707992987005944,0.04265625260469372,0.07005902251224336,0.025497918729039504,0.020075671498597944,0.06132693639871167,0.0005864067951743268,0.10512194465185473
neuron_3408_count,0.11185413372514244,0.02410735805146376,0.013031509988721685,0.012808750125029689,0.020282707027704044,0.006800644889226867,0.0013450693273725882,0.028849764364738295,0.0037166380877815403,0.0328371787482063
neuron_3409_count,0.17117444553002736,0.006627609641316978,0.01792043639685406,0.034000925407885574,0.04591969244462818,0.012319365473813473,0.01094628180589223,0.03797069975143447,0.0006581589929253407,0.06704217304220111
neuron_3410_count,0.12041164518740549,0.008708476397977866,0.01704604877595106,0.02584431736516507,0.038682280187428586,0.008271894764307633,0.00532499543947882,0.03450685663692077,0.0015467003146649935,0.052865382054549465
neuron_3411_count,0.12042882253698747,0.007178486489078123,0.01577347380697343,0.02128755567117803,0.03602893571956517,0.010099066274566859,0.0073401782924622655,0.027808575359164103,0.0022506801277680302,0.05306196235178015
neuron_3412_count,0.12836211874374126,0.0018989135014091246,0.021244188892157775,0.025634017916430676,0.06235803117018071,0.01589084410327661,0.006131607563633706,0.035505866483004134,0.003230425899239893,0.0736764149473782
neuron_3413_count,0.15582549503867757,0.017255545516714002,0.011944839032098087,0.033348470748564146,0.041069995095553175,0.011229511766595396,0.006161304240428447,0.034708024586268205,0.002842809823049297,0.05372047740632979
neuron_3414_count,0.10576814599245041,0.02551031073962387,0.00860158187147915,0.01990187103141894,0.018969042302679096,0.007489367081766951,0.001948654349177955,0.03523096839227849,0.008359814897123896,0.028177523898255924
neuron_3415_count,0.10339149761067168,0.014451414090728434,0.008072723472925647,0.019457871806859983,0.033736161813219506,0.008615907000836795,0.0011527524505987007,0.02981659894637531,0.009299254354718789,0.03550996961602018
neuron_3416_count,0.09816073137300707,0.016103652039856794,0.008410896747528027,0.025762482282594576,0.030421078592888562,0.009997784678584185,0.0028585987039831326,0.031201190153100314,0.00501652870158413,0.0382013491887736
neuron_3417_count,0.10708893596990268,0.01362830171397314,0.011231965265106822,0.03921657154178587,0.054436934913703855,0.013613264758995589,0.00839116155084818,0.020493156216145697,0.0038301015528206736,0.04880637857871381
neuron_3418_count,0.08943339494971381,0.022709522782173613,0.008970575429945657,0.023185176011251973,0.0330430878939765,0.010429824177703509,0.0006329308009499143,0.0326451043033357,0.013987985613192006,0.028244248745617512
neuron_3419_count,0.09828912443600069,0.027439500970744907,0.006768425726181401,0.032273724826103495,0.03145437021364067,0.009656524049084902,0.0008991010668612,0.027511029991261537,0.0077126760311827525,0.03020585469013501
neuron_3420_count,0.0520245577732075,0.03282922381336828,0.0021504800980828506,0.027153676486845246,0.009539508752085382,0.004604143871876437,0.00040597958983005014,0.033870311218661034,0.0179821496043064,0.011669571215986621
neuron_3421_count,0.13354772293466,0.04045889737366584,0.010268384750819287,0.04787291583485023,0.03328434405175529,0.01242300117848999,0.002828440030643767,0.03630794889717898,0.005520116975658636,0.036316619113674675
neuron_3422_count,0.10044485864912572,0.03280653269060804,0.006628559928057373,0.047847239961994054,0.03610030796824579,0.012340333213927648,0.0020874079906117032,0.03635509469874712,0.01154283544618745,0.02889748883463092
neuron_3423_count,0.05914703793689367,0.041211273830727146,0.004610977542055139,0.019123104575195678,0.011223790681131537,0.0038339255914151826,0.0002688200119133847,0.020896502506666956,0.00895042427303698,0.008513943674028614
neuron_3424_count,0.07365122197470783,0.03258352667954437,0.006673578526525316,0.03547132237510858,0.027774855036499763,0.0059353011771347275,0.00016041953231707082,0.02175783490074057,0.00861636925534727,0.02265202043854643
neuron_3425_count,0.09178162234028225,0.04885692636562872,0.00917658920236776,0.04195532973933569,0.03086816720660676,0.00544525219370065,0.000896566259172997,0.018085550107904455,0.0069477795760875954,0.02188012347753239
neuron_3426_count,0.06066900739068934,0.03963769918579266,0.004544380917541592,0.029437653745152573,0.01638315234385898,0.005173555024582242,0.00022749211312065622,0.02448425962996409,0.008794921853907428,0.012253848941033207
neuron_3427_count,0.08909773345406896,0.04791436416673053,0.011915655169357692,0.040419223447600655,0.010910111789542376,0.0036337638563003344,0.0006919514693267091,0.032473782693049874,0.0014071612737243232,0.025056803436764474
neuron_3428_count,0.026084036062254845,0.03242842943342936,0.006503649449413042,0.010840196611670155,0.0043847489477850735,0.002075593960147167,0.0022322237499752505,0.014864964097597036,0.00549581820368799,0.004755214130799122
neuron_3429_count,0.06836639322276958,0.0387225065127727,0.009265870780625976,0.03286242115243959,0.014486178099232305,0.0028867025049162456,0.00021869884863752465,0.022761049554189283,0.00039718171635635957,0.011946873613683892
neuron_3430_count,0.07980799581246126,0.05127832599254642,0.019850170117705998,0.03741000206274117,0.015264875933881969,0.003103735539285113,0.0002380758099562088,0.01963792505340073,0.000288019695713522,0.013241432611196854
neuron_3431_count,0.04831717583622033,0.03146958709747516,0.010644770318325045,0.026695644965499837,0.011898053079662324,0.003795762837743473,0.00017212746618112213,0.01832527389855508,0.0005669155208898671,0.012323702919363785
neuron_3432_count,0.019324489942383477,0.03582062967105694,0.002925529025792111,0.015574275037508113,0.0035750790999409428,0.0012825624540503916,0.0002467255899002265,0.007899400116968616,0.00220086110688009,0.0023440452225569567
neuron_3433_count,0.06484588891737494,0.05866206015860076,0.01192038239304917,0.028171219735447686,0.005580767008703635,0.001427218156071039,0.002837150413780652,0.018240979121372056,0.00034114426707274276,0.008467890086450977
neuron_3434_count,0.02331355339408589,0.023133961369224895,0.0014812074138976887,0.012991696648682355,0.005733944643133641,0.0005752037986690439,0.002726990501659206,0.008774380027073286,0.001511212407365549,0.003934008957695759
neuron_3435_count,0.06342535649070138,0.06437334357864727,0.01210011879382275,0.020941449161649375,0.0061005685674754215,0.0005364894868701792,0.004408203823463512,0.015608818543453917,0.0005264647862290479,0.005733190470327429
neuron_3436_count,0.05144176688933935,0.048495253246447434,0.013731333687056507,0.020042393182283888,0.0026084001917901917,6.755563501707751e-05,0.0019446351357017902,0.013714608272900886,9.139398493523835e-05,0.004606565415957088
neuron_3437_count,0.06323149188044808,0.05589447999809094,0.01306231218046476,0.024356547896731653,0.005010036837732677,0.00022108782626311003,0.0022609751428524436,0.017261826717112044,0.0005798301263718927,0.004829195605853945
neuron_3438_count,0.05681357824233363,0.05975095518910459,0.01336300673487481,0.021743268649441705,0.0031378074197777397,0.00013711875001393495,0.0024299813266821443,0.012773245349921108,0.00027654267511857287,0.004931262510311063
neuron_3439_count,0.04793798150545489,0.026098321181112508,0.030420543217220014,0.016597681882381907,0.0036047161456000676,0.00017893645577727072,0.00025190307746688397,0.017838973379983095,0.0023614886281119046,0.010330768964749118
neuron_3440_count,0.06493434576356169,0.05793070388906188,0.01644800386059049,0.019558236508392363,0.004455286966686775,0.00012747510676927587,0.0034834278334433047,0.020495626279844498,0.0002204192003111261,0.005362266155577902
neuron_3441_count,0.05872748602005173,0.0642521268808304,0.021112762266490975,0.014313856959986576,0.0037712804966368377,6.648870388234842e-06,0.003005489024886829,0.018465152389080308,0.0003425563930301613,0.005194363260455581
neuron_3442_count,0.06427327803489863,0.033658507386775255,0.0440106442522373,0.008864830261858872,0.002318896624282772,0.000733490387969795,0.002229797714254654,0.019782688105530175,0.006451519511047624,0.011781048792158105
neuron_3443_count,0.04867977789315803,0.02456948146101369,0.0448117623487177,0.009772773127937104,0.0021230008300229114,0.0006517743905583157,0.0004341963916810309,0.019100169972870673,0.006456977550410761,0.009002024023664498
neuron_3444_count,0.04420799961558819,0.021852382485842703,0.03279770450832539,0.009787580601344839,0.0021703339859466403,0.00012256194569408747,7.241217455466326e-05,0.018200098857499125,0.004278402893940603,0.008070254634253593
neuron_3445_count,0.06635670715749609,0.053445822280126454,0.031506610347934505,0.008229786286421292,0.002312945405842176,0.00025095842867933933,0.0036966522098088456,0.02035892979693285,0.0020931085692832974,0.005762619493704109
neuron_3446_count,0.024367506385049448,0.0032508267979958136,0.08138549661220207,6.417868804413449e-05,0.0020296755330106477,0.003149792859168929,0.00026666229809798724,0.018301826481866124,0.023363101336777548,0.014751084433155925
neuron_3447_count,0.049308355574162965,0.02223720346955481,0.04744510745441799,0.005814866996501751,0.001711441873434534,0.0002712378346937279,0.001018418476207001,0.01970341367213803,0.008725039091953948,0.012270827265744522
neuron_3448_count,0.057953372945422854,0.041659985594241555,0.048197992788905436,0.00702971538812254,0.0013060643728472418,0.001401125196046682,0.0021310406683625813,0.02227904448918737,0.002812886367212254,0.010074446326942613
neuron_3449_count,0.03421592461517603,0.003561377126067633,0.04803992871124618,0.0018019385853377534,0.0011351863160025712,0.0013922081577810025,0.000379736461214324,0.014757924309661358,0.016956655068767673,0.013171848231775238
neuron_3450_count,0.06486883293254253,0.05282993057498536,0.02529073317882939,0.009979236071995148,0.0038565553572477915,0.0003629027568488215,0.005316761250060295,0.022734068587442077,0.0009072237840011539,0.0064448699007374904
neuron_3451_count,0.05014769379706588,0.016022023668336965,0.052055470194719594,0.0016875133352053096,0.0021819163846260245,0.001808609028429449,0.0026722459798721038,0.017788530647906628,0.010174870006494002,0.011710379657752887
neuron_3452_count,0.05048921669482273,0.03754632673369082,0.040607029591153615,0.0034915484511823594,0.0026329006372700983,0.0009910862373835767,0.001654979012731414,0.019707672061692744,0.0007585142509389832,0.004556876967942665
neuron_3453_count,0.0388270403980511,0.011802250934635564,0.04639509958724297,0.001979943017062606,0.0022394247137617826,0.001657487323364789,0.0012129857500303223,0.016767153317510816,0.00430502328333339,0.008301805840386117
neuron_3454_count,0.047248416924595915,0.056249045642981915,0.027190849907593767,0.004700238293088223,0.002404382579077796,0.0005483424087056078,0.0026307117676963795,0.013609379168667099,0.0015156379609742674,0.004237197472661252
neuron_3455_count,0.05346978877390601,0.049723494841065946,0.035454440162550685,0.0029309854977404085,0.00155167603876313,0.0026329100521555703,0.0032727334619606432,0.015619128383780309,0.0020910959726477504,0.002187770544259761
neuron_3456_count,0.08613497514727092,0.0007024854805307221,0.014165740687896,0.013680468385227296,0.005902867677399427,0.0032417330379889767,0.005128908676339493,0.024022051030708078,0.0055871163280800384,0.027953060219078382
neuron_3457_count,0.08577466250215443,0.0022878241900810906,0.015675921881683333,0.007381368173701143,0.012067909011850772,0.004838633704534523,0.004445048502847174,0.020107814792127213,0.0011980573539167342,0.023420939363116094
neuron_3458_count,0.09992844287974093,0.002361664252450567,0.01878659125407149,0.01578717665349981,0.018540033833537473,0.007373698927235731,0.005915072393434778,0.024697875602926897,0.001346187628726174,0.04235980284235491
neuron_3459_count,0.09143238560725642,0.003781193099798269,0.016196822181103743,0.026154078250928275,0.022693815390579075,0.004227142717039181,0.01606424048390838,0.022618752639612966,0.007710553268438433,0.043761827486515775
neuron_3460_count,0.10468693101617019,0.009637037434816823,0.018234446626223824,0.017195263996132526,0.022152470145631237,0.006236609785572771,0.0030117725602278947,0.028504673198597064,0.0014765732336551318,0.03376372882171014
neuron_3461_count,0.13063674590057217,0.00012573538252776736,0.029593703833547383,0.0165189123404913,0.021887081944193906,0.007979347760038585,0.005565946192675912,0.039776127272942385,0.002522809202609874,0.05615075255613236
neuron_3462_count,0.11149210467585635,6.552544812370555e-05,0.019119594748751564,0.028187186841703987,0.030233058690062625,0.00834141629215035,0.01563257079589167,0.030731651832471313,0.000959585299013313,0.05018732515232871
neuron_3463_count,0.10696831061695697,7.913257432111669e-05,0.020703247351487236,0.021724361598026945,0.02093435312537742,0.007373240526058214,0.007780692488766762,0.034151559387492536,0.002661406765430044,0.0502398777551398
neuron_3464_count,0.12448360047387269,0.0126834941424252,0.02084167280126946,0.011272208474435136,0.015105619449207311,0.008113629584063468,0.003257163044463763,0.03730760293234936,0.0016649025484489106,0.029594074350174582
neuron_3465_count,0.13599456995954814,0.012822532847832968,0.018405242948971556,0.010670983280378896,0.01942775833158357,0.007331442086314491,0.004669282666330321,0.03358694973154425,0.002134726823548594,0.02989006989731477
neuron_3466_count,0.15683799798760062,0.002646118928156551,0.02473036430046846,0.04304883978377225,0.0460080192275088,0.011330189184634742,0.023015423345199695,0.03830976127079938,0.008040883420039238,0.07808329013037074
neuron_3467_count,0.12434478750597011,0.007981563526181734,0.021009255886236866,0.01582275832481367,0.027814912320959978,0.010460633812074335,0.004243654432783253,0.034496444627795275,0.0014905186598031493,0.04200373141492045
neuron_3468_count,0.10977984566830581,0.01288290662777232,0.015134306193267458,0.01933103496671905,0.024683548056849247,0.007147527298324741,0.005101225821145174,0.028068199123887472,0.0022399945349854816,0.03749297880235583
neuron_3469_count,0.18856774240983185,0.00299680664133823,0.03218667676433687,0.047232659984956765,0.05557295396021128,0.01767420502351831,0.015471797909396331,0.053044937521339014,0.0019090360610631192,0.08822356937197556
neuron_3470_count,0.12605443793511348,0.005078225855042882,0.016557449073212605,0.01940697708666271,0.0299085116615094,0.01035568616760578,0.007549357607224534,0.029584004521342355,0.0002343446086023413,0.05361822635656621
neuron_3471_count,0.032632928047668174,0.020093256004964366,0.00111987957891553,0.0026683838307740015,0.0016064863897086792,0.0012590870596840137,0.0017462976821362216,0.006586098289714175,0.006999174427638047,0.005212197380057992
neuron_3472_count,0.08838588270903383,0.01632898713634673,0.00884179905697198,0.011547032152984471,0.014363428835489397,0.004732653468691256,0.001882379292425851,0.024852917297568403,0.00312403500571147,0.018274839120388894
neuron_3473_count,0.08659210757915137,0.007035664762568727,0.009333632599228717,0.022484406646625585,0.03420484327671047,0.009212049231594216,0.0055112120237118326,0.025901153132606353,0.005714451018529104,0.02892752848631977
neuron_3474_count,0.10305165133078284,0.009620152267171944,0.01877074770312674,0.016742541962199972,0.03135108306469453,0.005329658194288704,0.002398383529055831,0.029318061121205552,0.005762166445891927,0.044083489882757954
neuron_3475_count,0.0806125320769151,0.01434892579770608,0.00806914443303712,0.017140014078542667,0.020876055062718973,0.007977473922382058,0.0024222621237786277,0.02859528232061373,0.00805663288753726,0.026352654142918167
neuron_3476_count,0.1690748644719132,0.005434012921487853,0.013173850000358325,0.03834733364174825,0.0656189615833121,0.01652311163242938,0.015781541053434378,0.030500171582718838,0.0029044209496104645,0.06959369546160019
neuron_3477_count,0.1383790531687658,0.006164379146417993,0.010555637680988175,0.029589736987840898,0.04658258299636117,0.012145220856895303,0.010556197098284592,0.03203874118599695,0.008412454769749653,0.046893890614971845
neuron_3478_count,0.09642049141743664,0.015168583938827696,0.007227966648037751,0.03194759006150044,0.034685558309950876,0.009137801542153046,0.006802481111266405,0.030228906151732765,0.011869501789065304,0.028244893795420986
neuron_3479_count,0.09829251633983396,0.011506932638174164,0.0067682380233200085,0.024702688461497924,0.03255393054599087,0.011600047187228901,0.007338246496004883,0.026584468328203437,0.012663251439818335,0.03212860913428421
neuron_3480_count,0.09338801499765348,0.031756435481789386,0.010520309957850887,0.02532733379683333,0.027510970998714634,0.011551279620145821,0.0001595259909892184,0.03329967895613567,0.011777823870878792,0.038272445955458284
neuron_3481_count,0.11643933846450619,0.013740523269945196,0.009363039303144388,0.044063588856215224,0.052481172584103786,0.01529602615931247,0.010698122835534285,0.026852558729430667,0.005158122337658506,0.04744132277267765
neuron_3482_count,0.08915829071308368,0.005634680673622723,0.004626237686393725,0.0422383440167621,0.06138567975994402,0.015910637054941473,0.007276927052869822,0.024176736320581996,0.014241632769554521,0.048941092081109416
neuron_3483_count,0.11749022219028588,0.02416820389545163,0.009552511797793914,0.02862037016790589,0.043972466384025605,0.010314995323366424,0.002485981874519025,0.027924971821231506,0.011647038407605892,0.034669389470224854
neuron_3484_count,0.06404629626449648,0.021227874267625152,0.0046545129584530595,0.0224576877825583,0.020694373518753653,0.008136428390256752,0.0015898647141285166,0.022216540028333842,0.016174512805142927,0.019862837297915187
neuron_3485_count,0.07434012754441902,0.029449121804676404,0.006463470887233133,0.034331140762925955,0.027286063587918796,0.0083192946123848,0.0024164705111300727,0.02561573316920386,0.007719645758231308,0.021812938073384136
neuron_3486_count,0.06035004781784614,0.03971352458861391,0.0010433394667807155,0.031086742533449715,0.017432163947120313,0.0037124790622116086,0.000878737687557668,0.012669878285271552,0.01201697405004469,0.009000354529523732
neuron_3487_count,0.1013883868601062,0.02178018092718499,0.007554206912981656,0.04494098386499393,0.04347942435455118,0.012861906663841835,0.006230399734568216,0.01812318881075224,0.0024779493543654885,0.03280833499272415
neuron_3488_count,0.09879458653479736,0.02599653588454999,0.007959219138356288,0.04049495621587182,0.03548759532467127,0.008446924120690771,0.0031994424213587017,0.018237611864812084,0.001931946626383893,0.02507855873120987
neuron_3489_count,0.08115120789649824,0.0167146682807557,0.004460589883028436,0.042987690467726575,0.02918768290765833,0.005388719501698211,0.007974881986916274,0.013239596916823915,0.0008560297217790787,0.018534142270115836
neuron_3490_count,0.0492580013155918,0.043047444354636866,0.001850430808662245,0.03252474249620077,0.013438751409860158,0.002681588242995088,0.00042033658222743325,0.013793360451084966,0.005645271206133194,0.006783105135937384
neuron_3491_count,0.0760060905067187,0.031228344838732436,0.005864092287368047,0.04403865694545461,0.028507564667610258,0.007158329934471491,0.002913423489902124,0.01900347104176084,0.0037909977474776257,0.018345845745814368
neuron_3492_count,0.06602421085668919,0.029417089152921877,0.005746936461322218,0.03438783467568374,0.017046788191659085,0.003107154671193331,0.0010712487550997053,0.01721522337932785,0.0015046220838295446,0.013132371189356562
neuron_3493_count,0.044928391927424885,0.03577175950409492,0.005925110199456962,0.024612585046330543,0.013282569625980331,0.0016970551295671064,0.0010339440779997128,0.017771964793805273,0.004846995698401822,0.0069718522738266425
neuron_3494_count,0.054555681886584995,0.031205861454830924,0.007512608936598733,0.02769962534615765,0.011779931240249994,0.0026083647949541947,0.0005208636555420407,0.016645391949497407,0.0011980250069344722,0.008709437328810896
neuron_3495_count,0.06256688854406112,0.04453714809706713,0.0075178345566217775,0.030343795118690953,0.01427311284792028,0.003656411552543787,6.129819833993453e-06,0.024367780826315757,0.003573268654970582,0.011882874260639983
neuron_3496_count,0.06922571582573386,0.030647548027469218,0.014949654601154425,0.03169110196724578,0.012854720108830694,0.001718656670638842,0.0004820735887976508,0.02051482980784257,0.0003157298784954982,0.015252726007385115
neuron_3497_count,0.0740523965408515,0.04633664008605623,0.017293190375294795,0.02646018975535211,0.0062700338342348005,0.00048227745758369113,0.001374717089381864,0.019241749775233685,0.0013427200825689989,0.01085193931308237
neuron_3498_count,0.04064190002044238,0.027697537637242253,0.01734741522171808,0.0217180517428915,0.006827494570499158,0.0022524585140912337,0.0023253885058334874,0.011738357370113861,0.0008021636739375844,0.008180987977640358
neuron_3499_count,0.039796066473413966,0.034649388818054835,0.03471507171793575,0.017947393272721116,0.0038743107971454804,0.0011783924507359211,0.0008309275674842735,0.016414200229911524,0.0017752553633425677,0.009965896120308293
neuron_3500_count,0.04892104683697365,0.038439593039064274,0.01829095212290563,0.021371495118878675,0.004296829788947069,0.0018077491029154444,0.0005594521195319124,0.015796026355097095,0.0007715624185104832,0.007522486362858641
neuron_3501_count,0.027385034446666484,0.01646662949123394,0.03538146010062013,0.009349308213380217,0.0018813417013772496,0.00013269612778778715,0.0007870295506304768,0.013802645323718901,0.006364749669097558,0.006203977165246545
neuron_3502_count,0.024135946208778042,0.013339700766406004,0.05377430116835924,0.01641296280371382,0.002822264045892281,0.00026538308620221995,0.002069221664718013,0.02107522924876959,0.005184672370572969,0.010897421353340889
neuron_3503_count,0.06330775945860515,0.06581869034247217,0.02139152659650606,0.020095103444833423,0.0049896469878657965,8.583106133852082e-05,0.0009230603854928597,0.0210802705346958,2.760593774910969e-05,0.009138683908647569
neuron_3504_count,0.04670949281441383,0.033242444302001295,0.02751404827483246,0.014343148966805802,0.0036948828292266006,0.00011043221507284207,0.0005106847845148376,0.01585861670097817,0.0024701719129123847,0.008111791122890802
neuron_3505_count,0.05264058487511766,0.035428776528211706,0.029660558019212496,0.012059664919511215,0.0025751851218189306,0.00012366759135670844,0.0006747134766428228,0.019022055609760016,0.00464910947020547,0.007127158907394897
neuron_3506_count,0.06353262847991673,0.045734069823560014,0.037374888641623444,0.011054993988111272,0.0028561731041122293,0.0011412155342726792,0.0031485956271660384,0.01920849265538782,0.002796283825000266,0.009371596168852012
neuron_3507_count,0.044530727808798354,0.027466369160981302,0.039281661167663934,0.010348712526686052,0.0023528223607486576,0.0006927555067352716,8.743797448993156e-05,0.01646637088473539,0.005231868389844796,0.005324900602539109
neuron_3508_count,0.04171703675779104,0.018236666523732306,0.04298674043956591,0.006664915725276582,0.0015296015658997457,0.0004515085470778706,0.00014884387175973825,0.016987560751618405,0.005978373450001892,0.007712831844071927
neuron_3509_count,0.05630936504853337,0.045348677736366194,0.030771551540980657,0.012522357707439077,0.0040329201426034175,0.0006974388687334201,0.003020957530975657,0.023116326436507434,0.0016268364283407357,0.005714439453341144
neuron_3510_count,0.03897354515514334,0.014053066837126899,0.04941981766127046,0.004462265200423934,0.0014251330342734646,0.0009667421863721222,0.0003542393731370691,0.021159708013753442,0.0069139832677328344,0.008667313320778844
neuron_3511_count,0.013523372934544961,0.004727940253683227,0.07291176835447294,0.0021783016846307,0.000837153409453539,0.0035891398009076578,0.00016884885497164652,0.012084635796837426,0.02352822416527431,0.007215938948377715
neuron_3512_count,0.024777934076775532,0.001483507085535414,0.05095397335479049,0.0023537049170840943,0.0019716610632364087,0.0007523615054670606,5.740209549800449e-05,0.018471101845147136,0.015833257594066064,0.009986524200488123
neuron_3513_count,0.012331112283980733,0.015713297341464316,0.04062125132091984,1.2138510291419009e-05,0.0027330372673987427,0.0020533542205391705,0.0006672433871727501,0.01054609340953433,0.01888260443330382,0.012216557128453695
neuron_3514_count,0.04489650551972907,0.012029020636255175,0.04918518285229284,0.005356257712249075,0.0022897113321969087,0.001043138951080897,0.0009680207563188027,0.022246059465035065,0.0077636652701337655,0.012749430058513297
neuron_3515_count,0.050738374164341765,0.013125033156680371,0.052897239316670064,0.0030150103648726168,0.0033173229715304994,0.0021894886373637,0.0019554010048077816,0.01819920259811944,0.010621491288216975,0.01285067099478819
neuron_3516_count,0.03864487804158967,0.014739942469513406,0.045275817455954104,0.0007568735742718366,0.0007657326988304708,0.0007666570443213422,0.0010431173234644563,0.010824364280528909,0.010606313641973508,0.008632901582897048
neuron_3517_count,0.03867910123623805,0.019075827487059438,0.036395862660713346,0.0032202793613244976,0.0008465574549115958,0.001195550206648105,0.0005985540745772448,0.011124684242454289,0.007113203598125693,0.006399266888845269
neuron_3518_count,0.05252608370781156,0.06097247914679546,0.03035263926632649,0.01043653641818118,0.003474640405538146,0.0008705567443648386,0.0038342515216801543,0.019690139824604894,0.00044353535828907647,0.00413086186207913
neuron_3519_count,0.050879646246562577,0.039865512599824626,0.042326711884342644,0.00339653065578574,0.0025049231686475534,0.0013549672955478556,0.0027730926700820155,0.019516535927367046,0.001479318033842672,0.0042872364743019795
neuron_3520_count,0.08322827907272315,0.0009410635215121033,0.01553226211300475,0.00719678213575696,0.011890794327765755,0.003384074891763421,0.004790161046658921,0.02681001082293201,0.0023663698859904964,0.02303322283678849
neuron_3521_count,0.04826069342154157,0.00554568933236526,0.01762671057175852,0.02822471061468225,0.021208688368420603,0.004802147419404483,0.015071284039916727,0.01575834041946053,0.0064247821957503365,0.039003306165141804
neuron_3522_count,0.10039050194038049,4.441759379396077e-05,0.022324199433817013,0.022866987904109154,0.01878423750659218,0.005580388071269392,0.007051411922883,0.03197483699918763,0.008089695133646116,0.04442358455633638
neuron_3523_count,0.11597609992560026,0.0004995193871191531,0.02198346764535064,0.022917147858189407,0.016625995968806997,0.004566610353368923,0.010134219517648577,0.02916400013271929,0.010327237264188605,0.04004758277692139
neuron_3524_count,0.11153134698429165,0.0014009716098657282,0.016845506634782847,0.02419779270702277,0.018873578247870088,0.004244205132117103,0.016804646516868874,0.025540845062900497,0.009466223335565002,0.037865129549748966
neuron_3525_count,0.101824735408967,0.002284483714520627,0.015043238858481037,0.03355628796535373,0.02640492722004717,0.006450421490408462,0.015306749704369599,0.021981939114049304,0.009154774141846372,0.04525162810528738
neuron_3526_count,0.09922085023619368,0.0055913218478224405,0.016155726328751674,0.03686150157372656,0.028782487153343597,0.006876713574277202,0.02279521569584962,0.024299869709519153,0.014477936275490433,0.04363512606534811
neuron_3527_count,0.10209769337505661,0.0017300077556723636,0.018358675930887566,0.04567754704950597,0.03262585689119703,0.006263123786230285,0.02373047120614133,0.02514234648563446,0.0073506510353934795,0.054464366121687896
neuron_3528_count,0.11073577404911528,0.00269236123787666,0.022036662164806917,0.022293991078318323,0.03298161738178157,0.009667201529628064,0.006633832182779298,0.03576700639769728,0.0029164667855595336,0.04754174536717118
neuron_3529_count,0.14895910857154218,0.00030163137724168376,0.020461212846992802,0.031118096136959983,0.03219163111130005,0.007947639893108455,0.01408512087230901,0.03324658762505622,0.003436923587261824,0.06303087673851118
neuron_3530_count,0.10341915119175518,0.005316433023414752,0.023027983207577513,0.03184904506278616,0.03410150268092235,0.007919741869536909,0.01600087502552036,0.029713978276702815,0.015522159707858682,0.05515797748702353
neuron_3531_count,0.11955528222598816,0.004899678841895731,0.03018534539757356,0.03351480781982469,0.039845593296552656,0.013903418684305557,0.01713392289075394,0.03278743157815664,0.00808117615557763,0.07937711707753345
neuron_3532_count,0.08362004947575366,0.013262354403711277,0.013778856934975645,0.01749261914886209,0.02324683660320566,0.0041101396613297606,0.0033307897742542933,0.021510004213853476,0.00511531727497587,0.028150856226282273
neuron_3533_count,0.11557524895254553,0.0043823017082314925,0.019221351350220947,0.028609691576815865,0.03773999663275668,0.008835847683161813,0.008720935983383873,0.028790058648810637,0.0013031364915310345,0.05546122816632729
neuron_3534_count,0.1353357593337648,0.0004732007519379043,0.025530903589836174,0.024545367381870478,0.04343946992208236,0.010772957445737266,0.014838748828301704,0.036199056484662595,0.0014633184673078017,0.06821324005368029
neuron_3535_count,0.15423706185085626,0.0016780903832893969,0.030340249480262066,0.02960942132650954,0.0369714218457774,0.011331424358923092,0.010733462681925043,0.042467172703707284,0.0018718793344537042,0.07614322647233523
neuron_3536_count,0.11312818888524387,0.001842730598574635,0.02034648243857573,0.0246171396437454,0.03986464578601284,0.010470619261094757,0.008670894070933355,0.033180076179813944,0.0016174715336873188,0.059699055178799476
neuron_3537_count,0.1358919592072801,0.002029625293494229,0.018322073653226592,0.034914245872381344,0.05331200509779771,0.009946859349257459,0.021756110497220885,0.024603702802881017,0.0015354775801791308,0.06492211243684451
neuron_3538_count,0.10905411380922858,0.00032896972024621003,0.019807079583117185,0.02426731047903266,0.051376851353133246,0.011061378290570967,0.007148642702826016,0.02885059100280124,0.00400119688876617,0.06557129209313925
neuron_3539_count,0.1652804608506342,0.006240289951998053,0.01899916103585861,0.032530692240222064,0.05561022783517408,0.01288647546827118,0.016378707358178424,0.03328681904477815,0.0002448420600646029,0.06291534446641239
neuron_3540_count,0.0830331085350067,0.008824637079073147,0.008207892067497932,0.02199675871456684,0.02898912435460428,0.006473863256349813,0.007884015806654904,0.017805743742554767,0.0027989926665877504,0.03203359731187655
neuron_3541_count,0.10363827854311602,0.011134040768922965,0.008731873874883903,0.039472147572914396,0.03868973620774968,0.008822770860680493,0.01263131768186794,0.02132236317405431,0.0046801785793894185,0.044601942894745866
neuron_3542_count,0.10550394870380214,0.006627785031129672,0.01228040574254019,0.030615023173082567,0.04554497961647683,0.011188625048941858,0.010306780773426366,0.022618621927165225,0.0036549450630998376,0.047810486362591664
neuron_3543_count,0.09359513601479472,0.0034991332987496446,0.011105637560640702,0.03665036650542672,0.057883241301926486,0.010753117490517161,0.012906193782320621,0.019350020328994647,0.00590217647240468,0.05241193072443051
neuron_3544_count,0.10127403425859763,0.002271059593170784,0.015719150718053965,0.024416349528862333,0.06195909270798272,0.015309191215028828,0.0068545639470872916,0.025040686020509337,0.002709155218108543,0.06416146898438016
neuron_3545_count,0.16247908015161192,0.014285131093073722,0.016191749598027647,0.050913507417861326,0.07247068903273884,0.017853623212655684,0.019660278530388625,0.030605823426325215,0.008865709803847752,0.06727568848617624
neuron_3546_count,0.08441921462910983,0.0017090072095630685,0.010410700786851072,0.019273093724379298,0.0576665173312354,0.010778974664575544,0.0012710417054647427,0.01673825550714786,0.005434678025222496,0.050187255060893526
neuron_3547_count,0.09235937486993623,0.02871455118201377,0.007085755489340914,0.03775204523742795,0.036399644306024964,0.01153458180034718,0.0003857107491948078,0.03619298593884185,0.019051941642238404,0.03425804298590768
neuron_3548_count,0.08292265042346394,0.02041713588199809,0.006815854260281293,0.03153038070041317,0.033326415559581296,0.00725370569173428,0.0041530714943835215,0.02072012007781797,0.0089458067092381,0.028884265352799088
neuron_3549_count,0.04385842594315466,0.0010973820092811683,0.004417930808463019,0.015166282268184283,0.030718480248849628,0.006742573399693967,0.0006415353210465734,0.010636236169288646,0.0008723531658042134,0.027904153796391565
neuron_3550_count,0.07985126594282596,0.02095789601534788,0.0057844910966300955,0.03247383779600224,0.03547842649066277,0.007291608098438415,0.0028310597650865674,0.014361815356698351,0.006018302901506567,0.02431428849478519
neuron_3551_count,0.10716575483324417,0.026802836537926547,0.006280143150806973,0.04450413020442298,0.036441939045575716,0.008198018124555534,0.00932990694400844,0.013991641483340644,0.0025697552883366948,0.023309437761838345
neuron_3552_count,0.08938357566598201,0.026043859425674776,0.007018791174401268,0.039766066166303515,0.034023096964191285,0.008269797914800703,0.0068460617512785815,0.01451958579339889,0.002361874764717803,0.026208075977656856
neuron_3553_count,0.0586986193539267,0.03767693353467855,0.01195231602364892,0.027247477715602417,0.012275426664662956,0.0012244290891295327,0.0022020044967001606,0.011597764295327675,0.0004979179543574686,0.013571439553770617
neuron_3554_count,0.07119941627068696,0.02941086926710823,0.0077045388582134555,0.04478355687875188,0.02705743711089091,0.006422887268505706,0.002564782448813474,0.02057901486737984,0.004470639942161292,0.022495427996987408
neuron_3555_count,0.06664460822781415,0.03170484835238824,0.005257290378789775,0.03447565480715423,0.02906781828713445,0.004477266276697617,0.0016854015362464878,0.01571601821509025,0.007108869569779908,0.010746564600669598
neuron_3556_count,0.04609772965131778,0.027041520142810305,0.005164537977513338,0.027669169116657344,0.010906462760480407,0.004402337900693616,0.0009185401533436249,0.019347605761662015,0.0024979079245315908,0.010170870095834034
neuron_3557_count,0.05872687536035326,0.035554799100541434,0.007436279192395451,0.03466567197400269,0.01953837394000607,0.004139139301582759,0.00015030195589206888,0.018299812000282828,0.002010976344349484,0.014989237730638746
neuron_3558_count,0.0749775237948781,0.050850805985068775,0.026047434000482275,0.03656901974058735,0.014077718520981275,0.0027276900442780583,5.536638766228622e-05,0.02562213923018576,0.0007560646721510265,0.015509107183290197
neuron_3559_count,0.06246789477713974,0.03560778027149,0.011991314575904494,0.03173340421265777,0.012047385752865375,0.0033969372325735672,0.001008590398663016,0.015261989797757128,0.00029861033683107815,0.010976633798154264
neuron_3560_count,0.061842782178589545,0.036063372804208765,0.017374778170991312,0.025185399625793345,0.009280153707929187,0.001064268865251121,0.0001711683852202851,0.019688820273637997,0.00010699047547536172,0.011809257196440784
neuron_3561_count,0.0696023155546307,0.043014341501626085,0.009458845583135492,0.03191313064337914,0.012746499529506405,0.0023982937866588866,0.00041809706038713635,0.021505773610819498,0.0009346561622650684,0.011954070350531448
neuron_3562_count,0.0508882406899811,0.058624854320667885,0.008604627761336262,0.0357800559224066,0.0059455589184475785,0.0016450338756333373,0.000417253752973655,0.02245741620672688,0.0019729239728707854,0.00875224726600328
neuron_3563_count,0.062412452568870624,0.057081627726608075,0.01329026365007642,0.020458192068481068,0.005646899294934435,0.00036015662158704435,0.0012651563811984616,0.01499297670282411,0.00016390139296556389,0.005954598824059104
neuron_3564_count,0.04310144369919734,0.03526153773093324,0.011000062452940954,0.019207342083799928,0.004568910260741146,0.0003702391953569698,0.0025961698007133834,0.012981006547838098,0.00038837290819730523,0.005727398813792611
neuron_3565_count,0.044180504388857574,0.03228624675748866,0.005207613798533711,0.011173778909813342,0.0038061509370557484,0.0007889101677867043,0.0010903711387414,0.01936464887323029,0.001629880053617503,0.004975115969883593
neuron_3566_count,0.04677999092384563,0.03973343986463082,0.018906616621092096,0.02206982891857992,0.005666720573487681,0.0002824299666333765,0.0007976238803132762,0.017461981840238477,0.0002001728330359102,0.007552411448898885
neuron_3567_count,0.05614477478520832,0.049628173952335625,0.024929497267616146,0.022405873210140204,0.003908923319205539,1.0295405050894635e-05,0.0007989254648120871,0.020629914591691487,0.001166538027132822,0.007774866972524608
neuron_3568_count,0.04200117074705445,0.028814011675507734,0.03331680642723647,0.011577898549412699,0.0014739800185653885,8.555065944169677e-05,9.581600324954482e-05,0.01695332786056064,0.006158756225536952,0.006224667697728982
neuron_3569_count,0.030550361579582602,0.022199676651792108,0.06176687409571119,0.01463907832759112,0.002652786959014282,0.00011218798850583245,0.0017830461201918495,0.021401370978437043,0.0071631341355172795,0.009670220581023181
neuron_3570_count,0.024602281292470732,0.0068577353381228424,0.06767496283454161,0.006092399107128152,0.001126530227926019,0.0008703034193526596,0.0015982787897881323,0.023028737381455416,0.012391872210575194,0.009465051659784146
neuron_3571_count,0.03692772714353043,0.021450614209207117,0.04520311177026243,0.006788407929314996,0.0014069426231497206,0.0007493414574190789,0.0004148874787335329,0.017294175723970323,0.005471649824480854,0.007980804743128858
neuron_3572_count,0.004244499063984185,0.0036760931102775216,0.048116832417762684,0.0016486220796435823,0.00041381947047254564,0.0011246698930511938,0.0028182491584640215,0.010933067136840682,0.008935930722886731,0.004963187593408198
neuron_3573_count,0.02708188236587003,0.003147258615459286,0.0703295721358663,0.003084862549174637,0.0024928219534120083,0.0008072941055455966,6.837407570152009e-05,0.024933008350809416,0.015413608538529952,0.012554534952244081
neuron_3574_count,0.04017403333723496,0.01858095028757721,0.04780544459656391,0.0072931507729488,0.002005750331902631,0.0007877702653503217,0.0005812798134892973,0.020169106137047838,0.005392679666386277,0.009320283043367447
neuron_3575_count,0.029023398376575,0.0071942481399109234,0.04409543628244514,0.004226378579218121,0.001589448250263522,0.00026086907828083705,4.313448226954137e-05,0.017402134139337097,0.009919144561937987,0.009606800147705846
neuron_3576_count,0.043702610465170544,0.01153537296251822,0.04416673005425306,0.006993043365625784,0.0017831442000538558,0.0010543364432975127,0.00041821393741305404,0.022007018848769058,0.006589974970649226,0.011296622977238546
neuron_3577_count,0.0032095522998674825,0.01623196725738868,0.040153628016263265,5.0158727742919546e-05,0.0012534366404584815,0.0021175781135361928,0.0043582322567395845,0.006778463983883744,0.014628887536703467,0.0046893479631064106
neuron_3578_count,0.03730314696536763,0.0025829209541767886,0.03908445305497135,0.0047171998204148385,0.002952116380686119,0.0007726929193833977,8.453770011988392e-05,0.02113282752680251,0.00578312590459161,0.01233725065976976
neuron_3579_count,0.04670233904087788,0.05320838364848299,0.033527593430756716,0.00473809656064543,0.0016315466632378511,0.0006049532836608605,0.004101973184767023,0.016237797961321132,0.0020368478702746462,0.0026813707685253117
neuron_3580_count,0.05519632795248783,0.033883987397525156,0.04649155734663063,0.0040059483293921755,0.00273473226218561,0.002069136684729453,0.003919855472497173,0.02036348069053409,0.0025767959883565422,0.005905379839147365
neuron_3581_count,0.0040430590066856675,0.018361424121393966,0.029455082154664747,0.0001530462397804043,0.002326809170779355,0.002163301701264622,0.0015317616640559417,0.005316166442471466,0.013084304392582125,0.005199460799196989
neuron_3582_count,0.033252027430117695,0.011764116794821852,0.020547285409855717,0.003454468705201358,0.0032002083798826353,0.0009070737198869153,0.001883252944079497,0.0188982122567328,0.0019478077358164514,0.002663730532322956
neuron_3583_count,0.015728797262487132,0.018344332625953322,0.03316816579107329,0.0006126745223226232,0.0011343066999177122,0.00046171375184052114,0.00022102081001180822,0.007631621047283099,0.0003426624693314284,0.000867170552311107
neuron_3584_count,0.06239090011294371,0.002990629811194273,0.010196356633412201,0.023987213057826598,0.013876940935880919,0.0049683059273770355,0.010398426752850146,0.01754195578321774,0.014952926983733544,0.031169684780392837
neuron_3585_count,0.04835795148080191,0.006685523844050037,0.00628780868619834,0.02600443236341793,0.017528842228789115,0.0024161284266720554,0.01701577719427795,0.010143480748612793,0.009161194384166793,0.023902519697295954
neuron_3586_count,0.10163920240781005,0.0013308353626821298,0.015063913418370878,0.0187911890401357,0.017782373668894638,0.00288702797255095,0.013295374798254447,0.019549435302323434,0.011785933434363752,0.03473720053108573
neuron_3587_count,0.06335391526044024,0.001278579402973254,0.011749131557481085,0.024424598268313447,0.019435477721285482,0.0029128361291197655,0.010507977360529178,0.0178554854213379,0.00225893994666267,0.030768425349462225
neuron_3588_count,0.093630561440983,0.002760706535212959,0.01749726684227157,0.02900670122857904,0.020831160685000003,0.006267058649580076,0.017418526678820004,0.02359730718432576,0.013251862948456455,0.039644603131209766
neuron_3589_count,0.10586759656094213,0.007906531832554062,0.021612288912598615,0.018335853750874404,0.02395782087618288,0.004941517784254501,0.002808051064354812,0.03249481092610276,0.0009278001893401021,0.03636470903572578
neuron_3590_count,0.08658197362344314,0.002550397018212913,0.019827140134406646,0.043691161832892206,0.04393328586494982,0.00974735812118474,0.027377707136573545,0.017784420804414502,0.001994562667424298,0.05490895350492114
neuron_3591_count,0.10366152192192746,0.0008858130914350844,0.0226226775096742,0.0379887981097462,0.028626907960698333,0.00595232698384416,0.017847270165127826,0.025567312794437788,0.006652158728179286,0.044788558939030804
neuron_3592_count,0.13732898897473306,0.0008473361387387416,0.021297531318842072,0.041614304474830444,0.0414254150956167,0.010042459950017235,0.021147078568262104,0.03271163080317996,0.0053155317834361615,0.06529353328153134
neuron_3593_count,0.12276893167635958,0.0005049026745813749,0.023925791002625735,0.014917373045150298,0.02514705955226862,0.006406719307304076,0.005284246365643383,0.03406075562079128,0.0007839013968064367,0.05407893766818753
neuron_3594_count,0.14928006012243758,0.000897654542960695,0.022450360997235103,0.031351028053614394,0.0467783629567296,0.01048928505534949,0.01771883050011816,0.02989941522203772,0.0010070199129120008,0.06577099104207612
neuron_3595_count,0.10849928806298134,0.008137597931780732,0.021851557396476762,0.015788094545116094,0.026931677473691046,0.0073590885455335625,0.0023418012147065834,0.03495186023853902,0.000983166418984712,0.037469412729316726
neuron_3596_count,0.10884323249138017,0.002995450217684846,0.01742712371237655,0.026413360066352476,0.031990577924464775,0.008256136324689509,0.007397990364649526,0.02854343461968767,0.0004126830002416041,0.05689574974486847
neuron_3597_count,0.09103041698197334,0.007776132452342835,0.012186525523547001,0.02238233073130233,0.029967506224080426,0.007696985440462073,0.00643928036160895,0.025271300255520518,0.006444331829819246,0.03413761754962827
neuron_3598_count,0.129684621728086,0.0015606072928675621,0.024286676959133252,0.025945242532067314,0.03987129907159492,0.01130425906127866,0.007216622605471373,0.040538662427328814,0.000885587777118042,0.06295594402715748
neuron_3599_count,0.11854580590776245,0.0027378473629965927,0.018143205205095297,0.02893500652902231,0.039648552260433706,0.008337235153370454,0.013227417961929847,0.026882332626275277,0.0012232884330361168,0.059995032530574366
neuron_3600_count,0.114976223508885,0.0023085051928197556,0.017952674586219797,0.030517743201349395,0.04270361407324544,0.013317130156737841,0.015765701738586477,0.027905572824713953,0.00032717678272445837,0.05960182137585632
neuron_3601_count,0.1298735970667172,0.0010900219605817774,0.01793023989378821,0.04282142544958567,0.06122423114638506,0.012027175947298824,0.022308541184115585,0.028225866645401762,0.0004883229291325489,0.07653625736477787
neuron_3602_count,0.09481920097101593,0.0007939239377154003,0.010944603373226544,0.019579770295137133,0.03968502496150646,0.009248905328313045,0.01260262801714572,0.018227640305427756,2.8974785647271385e-05,0.043653662249553304
neuron_3603_count,0.07184241610812214,0.0021766092356038796,0.008876172250068384,0.024926264376734217,0.034765350054518016,0.007660115928674979,0.014532736875088673,0.011737693231843163,0.0002056758219731846,0.03819620787114905
neuron_3604_count,0.02743366260965434,0.008266152709142854,0.0011632170841347697,0.015825568358695682,0.011393775680329801,0.0032753560711416413,0.0016735457487843178,0.01210582085790872,0.005188229112664401,0.0053307412301098825
neuron_3605_count,0.0899520206114853,0.003941865435750147,0.011195965448598716,0.03591269214372242,0.050483503310760375,0.010037384509011538,0.011853083030507042,0.01972818838596324,0.004132886088568266,0.05240100110360299
neuron_3606_count,0.11675140462673037,0.006766745329283272,0.010549755389391416,0.03366750532400256,0.05521195005105797,0.010384074903772036,0.010567367009850934,0.021928020130528136,0.006090394750509605,0.043881718696162614
neuron_3607_count,0.08280600016646786,0.01997818720698774,0.0036978204294154868,0.024705388863262595,0.030385931505469477,0.00911483697571995,0.0027353012972902227,0.022093382999993583,0.012863065216049824,0.02470022719131637
neuron_3608_count,0.16121662406066783,0.00630637015315369,0.01875291704689752,0.0498848171592329,0.0812514282737804,0.014583064247214603,0.021188726360849272,0.027852913855742276,0.005537923507123288,0.08247859038093192
neuron_3609_count,0.05849671211830795,0.020260814930731383,0.0026080613614551107,0.022873295602658925,0.023586413183415048,0.007841698698811635,0.0008544035693252745,0.02041732649792795,0.012320279754760674,0.013284300518061579
neuron_3610_count,0.10265387061969636,0.008854015829879672,0.006292338849667019,0.03791424110932867,0.048292010521232526,0.01373577724494851,0.011332069299234401,0.02806818042747418,0.012660930923823449,0.04171735979420049
neuron_3611_count,0.03444307703121827,0.017683846151775498,0.0016486734502606966,0.015164408044187012,0.009333419991466793,0.007608157359680179,0.0013389795092232336,0.012524288554511931,0.007529522677528586,0.009463738113834226
neuron_3612_count,0.07652327822726884,0.022780503003791655,0.003927096903621433,0.026734446107820206,0.030913827658083565,0.00913935480117832,0.003547337774398751,0.013768703594929405,0.009075366721836078,0.021368519200763963
neuron_3613_count,0.08607087657811602,0.02874904066099007,0.004475081426105684,0.03864841987782609,0.03147480530474586,0.008656295983801604,0.0017061735744432066,0.02537401607437427,0.0159955460392589,0.025073677279395273
neuron_3614_count,0.09531411133201037,0.030071883310994973,0.004659241365344298,0.05295215275638404,0.04285505750234472,0.012803798572647643,0.007896928650422755,0.020913476415066454,0.007101334340491108,0.02390818303722532
neuron_3615_count,0.09424963698132005,0.021140897666345818,0.004758340735221807,0.054228161720332235,0.04689700511150596,0.014048893838589802,0.013108620218773848,0.01274193418512548,0.007004124151282598,0.03513412382871228
neuron_3616_count,0.06425392484727491,0.02935646847068174,0.0030359777852704897,0.03323348139573204,0.025482310698048946,0.003998125553603689,0.002655977041162688,0.009004329368952985,0.004761844355409245,0.012134464967596972
neuron_3617_count,0.08207790281603994,0.010279683552259167,0.004902727060894563,0.04067052106725633,0.04414074017652325,0.008228042648621495,0.017582485556389887,0.01192145925398748,0.00569367867307357,0.026680134929598434
neuron_3618_count,0.0642134797588512,0.028896150738504517,0.0049130025301082,0.036969815395059974,0.0194004420203968,0.0030652092075914364,0.0017633241044018484,0.016131579402121107,0.004567055619974218,0.013524308067262528
neuron_3619_count,0.09719393204501603,0.04061599854074158,0.009858868945665095,0.05565273924637423,0.028245217812433387,0.007266914642739611,0.00741640594446645,0.02270462560327849,0.004618300568485209,0.021585380116273756
neuron_3620_count,0.05457090370147824,0.03188897011733158,0.003538164513568115,0.0325498253358491,0.011575543186336926,0.004548945843188448,0.002095686306378172,0.013084137849897592,0.0007683736834537616,0.009781566437946879
neuron_3621_count,0.05419093150504506,0.04816592171348527,0.004129052918090112,0.02583187689968515,0.016338660359613413,0.001574721327510846,0.0007032415615748633,0.017055890105820315,0.008577036048566467,0.00492327048524082
neuron_3622_count,0.04806867362915629,0.036015948007404125,0.006456768541665089,0.029871798530513777,0.007718719735001628,0.0012235940803862512,0.000321223166960748,0.01458931180868514,0.0003036749237035098,0.00657547928368242
neuron_3623_count,0.056643808710488214,0.03818381676221391,0.005048694363823436,0.03191681447617346,0.011359297758779377,0.0018528433143779471,0.00019716495113033736,0.014527214992525544,0.0024254736068210353,0.007089065785641779
neuron_3624_count,0.058217810081214766,0.03796028796109516,0.017902318118874327,0.03708741789613859,0.014032855427754329,0.004020800206494271,0.004118884069840435,0.0160662976670536,4.444962044826764e-06,0.010847998936540107
neuron_3625_count,0.04756230269110215,0.052151850623220475,0.007632074910701864,0.02639053862654206,0.005307223086271559,0.00071201072938867,0.0004694914500063367,0.01727105323554856,0.003088342202457045,0.007158227897466868
neuron_3626_count,0.05204062339869883,0.04184268182532194,0.010122053089859681,0.02445971813743776,0.006858697670634267,0.0003563753789538101,0.0008513424047175828,0.013037129802193195,0.0001791691108216087,0.004899178984111706
neuron_3627_count,0.04206903333180914,0.043453451787777264,0.004112539395992529,0.022161385339192513,0.004171118005491657,0.00031218179179164085,0.0003292533647667878,0.010483946130255245,0.0013402502257360525,0.0021731299388198094
neuron_3628_count,0.02525442256795425,0.018675393559728387,0.022592447368972618,0.015099859485236747,0.002358230081156501,0.0005197088631302693,0.0012761407638405692,0.010376540528115583,0.00237217595648357,0.0050063831135620795
neuron_3629_count,0.04250827855893294,0.04363692267545394,0.014778894556015582,0.019012720502040045,0.005438880948907425,0.0013003557419415356,0.0004834310020579648,0.013353135308444897,0.00015130824404391632,0.004856506592356133
neuron_3630_count,0.02988453153922055,0.017041101864990388,0.019576574731665283,0.010045298622867599,0.002567420959557608,0.00034712299398728837,0.00044655082585177454,0.011445859919937268,0.003060817442318231,0.004492527864397258
neuron_3631_count,0.06355509847439964,0.05863526493845095,0.015294213642514431,0.02406047863133036,0.004778379347766461,0.0001499272868681037,0.0026766815177814776,0.02112704740419752,8.267141038359547e-05,0.00734288204086414
neuron_3632_count,0.014850473155142305,0.009341338280045318,0.03645965574535508,0.012766900259379793,0.0011670123786609518,1.5411573656304214e-05,0.002784300193928786,0.012330510076209708,0.0040892369116466015,0.005445205315143968
neuron_3633_count,0.03311986482236928,0.017691027049979352,0.0564252953853904,0.008892983204894206,0.001326101178625208,0.0002024343382951814,0.0006728974439212162,0.019507800201345418,0.01074908791384517,0.008417075024612725
neuron_3634_count,0.025906374866429036,0.02681415399919214,0.023102244579900136,0.009476019032595637,0.0017645368357969253,0.00020207118893551465,0.00017432787888007478,0.01218610143411808,0.001460592643729268,0.003826877568734101
neuron_3635_count,0.010777685231306441,0.009609497588828536,0.047349705566774036,0.008566553201528562,0.0010858025070916155,0.00010070338101176267,0.0017256247655237714,0.0117751395722909,0.0075345092947433495,0.0030906581648393397
neuron_3636_count,0.04713741246379241,0.024244861670269457,0.03016118142127852,0.008734009437121493,0.0016480472035941829,0.0003068814917969783,0.00028941360249389037,0.016633408394194568,0.004101538022267134,0.0065315696477723645
neuron_3637_count,0.014999793690240557,0.003041434160259316,0.07590628386076437,0.003633686947900526,0.0014026872079546948,0.0005538669804651813,0.0015080093759584322,0.019901439101740012,0.013113889660283762,0.012107882871772335
neuron_3638_count,0.019007016753547296,0.0017427015271972968,0.05514834535609478,0.0023842368486230447,0.002233783500408728,0.0009652766764372753,0.0010584299697356907,0.014999428967819181,0.014291123250167861,0.009666136285579302
neuron_3639_count,0.02000616425535122,0.0016562823113596171,0.0362107476483913,0.004992256362399229,0.0018938241479993512,0.00028792916654552143,0.0006695683232399736,0.014747917089276044,0.006199231055237196,0.009277935750367977
neuron_3640_count,0.009980660482657652,0.0010069756995257015,0.03742010844545687,0.0037495393787852008,0.002856124312974981,0.00033103492852859864,0.0018687276147631542,0.014786895834510622,0.008489581961368967,0.003550335283308649
neuron_3641_count,0.0007173578196989251,0.015647074477113262,0.07645703813197333,0.0006627166053571505,0.0007839126194867894,0.0019531239091007471,0.007571460184666132,0.004425003968000572,0.018345539648308526,0.005276820251193193
neuron_3642_count,0.04466322324576394,0.04509332981169001,0.046758662364203285,0.0054149314053043435,0.0027958088849967394,0.0004463500709036457,0.0015791761499999168,0.02146156741077397,0.0012303259371905725,0.004084153731958966
neuron_3643_count,0.004931302186429065,0.009016337610973812,0.07786661476758466,0.0004594653248029489,0.000904339277282569,0.0011702874589304968,0.0037765985959030343,0.014811050992517158,0.014667108447323607,0.00657390150195479
neuron_3644_count,0.00974437631642526,0.002526377841096175,0.00844451846374384,0.00046088629326313316,0.0025691680583023457,0.00010837077816650345,0.0011530470873231044,0.0025035272773249323,0.0020758297776228216,0.0004482365428096994
neuron_3645_count,0.04639711775234154,0.048940977620109016,0.03347270826453799,0.006156174070504311,0.0027374903146304905,0.0005049637242268094,0.00137085380586641,0.016782943825253888,0.0016823650872464548,0.0031875408616105563
neuron_3646_count,0.014194023880524403,0.000425945334925586,0.0031039759614680876,0.00032039192882473734,0.0032250300875045212,0.0007765998428575158,1.5625904681324443e-05,0.006582383910711573,0.0006642050720498064,0.00023805952107167332
neuron_3647_count,0.042891611012312425,0.046300800708999224,0.03560104839812861,0.005470497967388223,0.0028217898313730658,0.00040758040994281694,0.002602411128521616,0.01791918399170346,0.0014028157968047211,0.004887343963084365
neuron_3648_count,0.053419838986143914,0.003528863306852724,0.012824014105696627,0.032646724569173474,0.01966700787403451,0.0034686107901014326,0.012705874612661011,0.017448496030272556,0.009638746617563629,0.031771016988581285
neuron_3649_count,0.07341702585590254,0.001483191143169249,0.011067795839994718,0.027566129546247875,0.016477269678269388,0.004125935695458806,0.011340533613203835,0.01779607931758609,0.012057902125362188,0.029381175365650408
neuron_3650_count,0.06762350176888512,0.001979543957973999,0.019398030411484038,0.02857777259145916,0.02570943888774775,0.006508627875081344,0.013663143083463614,0.020309839200186725,0.0064318407172617095,0.04828590923948564
neuron_3651_count,0.050245712889797955,0.0019644727168961276,0.011122015395782447,0.025059146946028912,0.016284106587862168,0.0036495997929048285,0.010268025565702318,0.01550527255867433,0.010736038848779647,0.027397650116600808
neuron_3652_count,0.0877253143360763,0.0007428258552648788,0.01872006258022635,0.03209280542809312,0.024087724939854338,0.008076917111469378,0.014160503409194933,0.026893245333474203,0.005142603455401726,0.05054009437649376
neuron_3653_count,0.07066697936099028,0.002486161589664984,0.015682973361485567,0.0317201895765645,0.03871869854567486,0.007677364895027641,0.0228303382490051,0.017120424965185663,0.0016174377139169353,0.04780223577471779
neuron_3654_count,0.0877205403937055,0.00015453336905410682,0.029382012612937436,0.02477693234864925,0.021829557175648967,0.008084732128964642,0.011232454666714575,0.02744019323999622,0.006221902565107594,0.0539550939262157
neuron_3655_count,0.08807502219001043,0.002315784240551781,0.025827649674433503,0.02576956098126404,0.02990049361220734,0.007467064821850736,0.016838622301286563,0.023992720345054563,0.004512166402870249,0.05544646465694375
neuron_3656_count,0.13051379591920254,0.0006419614183953426,0.024620293471747032,0.029706664724827747,0.030986025011929402,0.008757611325074993,0.017084609878898663,0.02809049562074334,0.007044458661819714,0.05840478519770237
neuron_3657_count,0.154518087711622,0.0004714313304933402,0.023812492508666835,0.04013937213069718,0.04168802044274503,0.013067993514909684,0.018046367049936535,0.03927775641478165,0.00284050159846308,0.07323500152514209
neuron_3658_count,0.11819963535009367,0.00018672543184163493,0.019757051587722507,0.02476037306859652,0.026228750191462535,0.007313125041553806,0.015020836087864309,0.025130231503966552,0.004657789578390366,0.0521994367699635
neuron_3659_count,0.0229407409340896,0.006149358590827908,0.003171724567228043,0.004265026792443553,0.008077632230676944,0.0032328102018567215,0.0015607166462823195,0.009078746424069806,0.00649436962271642,0.005709188249107926
neuron_3660_count,0.14329409017175354,0.0002567480860235765,0.021272850904675233,0.041203060514483664,0.05407606608825555,0.014514437900297522,0.025898260437877796,0.03157585679477612,0.0013522428384171931,0.07350079270306234
neuron_3661_count,0.06308627588746224,0.009712133328385705,0.01150459962403469,0.019756232907800625,0.022416417239158354,0.005223452955720749,0.0026416634974864434,0.023194270817006993,0.008002539646061235,0.028744119120160866
neuron_3662_count,0.1203850912320337,0.004088168556534856,0.018671692857810965,0.029654561639715943,0.038542189579067354,0.010452823792378912,0.010219696346492974,0.034384335748588124,0.0015325406294487524,0.0567523692231747
neuron_3663_count,0.07925031824174317,0.007446412181631418,0.010501465458387843,0.022207243507670865,0.030474673695010224,0.007096192460035511,0.006317385955867158,0.023543420504788026,0.005502696998742396,0.03526863512794287
neuron_3664_count,0.09511586100947403,0.0037557686217451966,0.014961016993972412,0.02788933539964472,0.03810861582657607,0.008853196681162107,0.009872784411442681,0.025518735203767157,0.0018624119912022674,0.05141725773311134
neuron_3665_count,0.12036112730815335,0.0006974949348059704,0.0151880293226688,0.031480009736647996,0.05130425895657678,0.012393138103288612,0.017631351573777945,0.024817043328607666,0.0004989508766874923,0.06294493830975909
neuron_3666_count,0.1335098648484209,0.0007617038655673342,0.011344522165223081,0.05401780596205222,0.08365336450788408,0.020424393863090473,0.027244322878652277,0.02296991551720433,0.002201630485405476,0.07732373066029594
neuron_3667_count,0.1459253064734657,0.004403560173930975,0.009316208461373807,0.050735527129427443,0.07189802406700471,0.017060956493950383,0.012502229545837101,0.030365811168140702,0.006409989521011274,0.06847998942307809
neuron_3668_count,0.12764919482964387,0.0031378289947860613,0.01050071196837156,0.04036383628943391,0.07202280432833175,0.011665070840123581,0.015771481401946758,0.024652660813279423,0.006173241990865774,0.052238641792343526
neuron_3669_count,0.07009557392447321,0.0074624642287424575,0.005652403626496258,0.023207584414352334,0.02934137948626929,0.007528752046292185,0.003135178997384379,0.024462180968748998,0.01040674690076035,0.024428193252704677
neuron_3670_count,0.10641464325420386,0.004235204628278387,0.009206790496863654,0.03038193577813142,0.05660701300985302,0.008581436647103147,0.009177597148936165,0.017210465549004947,0.007282957583071015,0.04195429638882345
neuron_3671_count,0.08772266178583707,0.01461830558063068,0.003992815485811464,0.03471018891413971,0.041753691017018396,0.010753568642992137,0.008778304421608624,0.013585259354740933,0.007208005269274231,0.030516781964854328
neuron_3672_count,0.11091161222458515,0.014774790381366004,0.008071792205315204,0.042503771694686054,0.04920006279532929,0.014278445476856916,0.005726528508256543,0.029248563939442696,0.009153715030941464,0.041915391968528976
neuron_3673_count,0.03124162317321459,0.02010103711916565,0.00024635999308974393,0.015291888472360751,0.011297966722809555,0.006192681996336692,0.0025918494350753093,0.009782989052731894,0.013237988887884355,0.0036781392562254336
neuron_3674_count,0.09040444807197828,0.00598572439848042,0.004742334063269606,0.04329755806947039,0.05811665741915259,0.012088473689469081,0.014809459485519247,0.012998926856290172,0.008977825341314735,0.04158319020366358
neuron_3675_count,0.08924975714813757,0.00945667338916309,0.001839396548960131,0.0349298542567954,0.047651365214534974,0.012607311812777341,0.01023342932567746,0.01355183491824788,0.009851927869949081,0.0269997877211592
neuron_3676_count,0.10181417991748487,0.011992987765832436,0.007264763580874967,0.04904184191687222,0.06529864635968441,0.013351223198702578,0.007688024742113678,0.014164255165526829,0.009217744616681275,0.05287507590906043
neuron_3677_count,0.08457906503214235,0.019823171485108523,0.0024507330092019275,0.034675884899240506,0.04477492685727466,0.009345844576913634,0.0038775686833743064,0.013986038951602414,0.011487474826762378,0.031031748337983667
neuron_3678_count,0.08139970981096462,0.017542161767238273,0.003318730640792876,0.04383211808803303,0.03600302948828761,0.010247015122109182,0.011815294089836559,0.01492211637778168,0.005457189990214065,0.03139997213711947
neuron_3679_count,0.05517797665594831,0.03945887490881317,0.0017532426770176385,0.030472495696662175,0.022290996843107702,0.005700338394599477,0.0005559641040146786,0.010573822880227887,0.012633336007214765,0.014157367776836849
neuron_3680_count,0.06923932435942667,0.025623292551574334,0.004895154886792222,0.0304482747627106,0.026561336615374465,0.0033809171752525874,0.0018291752244678286,0.011896671548837362,0.006447735551301882,0.012481103576016825
neuron_3681_count,0.07600045518644252,0.010770463195164726,0.0028222186976092772,0.03637318233257683,0.03961508462332963,0.008704514546469755,0.014856257890015712,0.008940293058095614,0.00487771769651095,0.019604849140564373
neuron_3682_count,0.07959530879708007,0.03594631852152125,0.0034063666222009306,0.04227173762530012,0.022875151409899014,0.005479012465127324,0.0008434876675155606,0.02221222945984143,0.0032888637911582946,0.017642450326189288
neuron_3683_count,0.07109508018007471,0.04141015220782082,0.0027359293784737296,0.03720340073854031,0.015656957812808014,0.0023490430984938818,9.991936856615369e-05,0.015210468344316733,0.004531723055589784,0.010894769468500626
neuron_3684_count,0.05343029512438466,0.027155344531724704,0.005091838175231855,0.027331563453866586,0.01943662545099019,0.002682740370089899,0.0005224210238130703,0.017112815252426472,0.009423948578098452,0.009078692685580758
neuron_3685_count,0.03626398974562635,0.028084294422447947,0.005551660085778447,0.018707308177093165,0.015272988823223088,0.0025391293638990647,0.00023842660726007808,0.011987767639444126,0.010085876146703796,0.004245116498330689
neuron_3686_count,0.046596666423892874,0.022547393014154135,0.015791586273168318,0.03577066123373593,0.01546344410219054,0.003371248791627826,0.006820045360060881,0.01672331373381364,0.00046536946697004616,0.010799035865194859
neuron_3687_count,0.06193799030509231,0.054690486643711844,0.007143129511535798,0.027134265257962725,0.010710852185179712,0.002787344222201206,3.467062222426917e-05,0.0171391720753937,0.0031534892195741113,0.010714140692962379
neuron_3688_count,0.060374535619359654,0.05448208603491986,0.008773741286970685,0.03527377713523361,0.011914841370535292,0.0030347670993021783,0.00014491027256440837,0.021061499533548356,0.0048777437467178095,0.011407199718670935
neuron_3689_count,0.04411067479092687,0.029550612511809904,0.026632922156412844,0.028900427552809638,0.008960881884494273,0.003910542394357203,0.004778731948391152,0.02228827669673525,0.0004368373496908915,0.010964514336609985
neuron_3690_count,0.04553760098599709,0.03743224884246635,0.006960501579520294,0.025548161609592765,0.008632923595564598,0.00042162907413793426,0.0017383386172704282,0.01288057006087312,0.003588609015844936,0.005493675264014314
neuron_3691_count,0.04304981373081934,0.026048573731487168,0.030075575715415137,0.020558633709304566,0.004948161985595265,0.000564181981811733,0.0031379319029244124,0.014137363199452954,0.0018335140111738132,0.007963956936718891
neuron_3692_count,0.05312980568800579,0.05476722248720914,0.01141194162963767,0.022201097021446,0.0054333479932506465,0.00010596016838715014,0.000868130968359037,0.013986663481579897,0.0005646696722382653,0.00479810412196572
neuron_3693_count,0.041340936762729374,0.03666467192851497,0.012819109558215497,0.012643165562161274,0.002536269740348148,0.00014456857478892422,0.0026643135378723037,0.01565691115471053,0.0002698647722366627,0.004108625124465824
neuron_3694_count,0.04832573570793536,0.04609006188617623,0.012060812726566991,0.01785195573910653,0.004080106491815422,0.00011323531183327464,0.0011974116827104218,0.014394717059750192,0.000497628605929841,0.0037952085207180186
neuron_3695_count,0.06137095317408875,0.05220023032607227,0.023878887043447913,0.019739769099736793,0.008663421839308294,0.0004783600231484525,0.0008668265466707133,0.022726961233493187,0.00037128601535864163,0.007477238963536914
neuron_3696_count,0.01899984301944667,0.018811177354353323,0.029322570419946875,0.007353249123709167,0.00048790675187622944,6.0869262951530846e-05,0.0002123914681358141,0.012414778163920774,0.0033407387123832316,0.004909294399648399
neuron_3697_count,0.017856530661499406,0.014938990883228864,0.025195338054682312,0.009058491763632534,0.0009862093185586118,1.4029868996998096e-05,0.0012221671457904315,0.009129756479732042,0.0034656369437979437,0.004127725609913674
neuron_3698_count,0.03739043456673333,0.017483522162364026,0.028945283728757626,0.011831702882239975,0.0029518435693291697,0.0002986346840368852,0.00033336133683076717,0.01720693422893778,0.0036127004651984457,0.005451668584196705
neuron_3699_count,0.04900501813385583,0.055514290731968285,0.01805859035055357,0.017546412204758513,0.0035137304864657493,0.0004736841763386974,0.003203848070071645,0.018835454376196978,0.0005041965148000877,0.0029816658472526306
neuron_3700_count,0.02932741718938084,0.015596003609742448,0.04319648716121349,0.006830262311396704,0.0016506164134424406,0.0002794524432324381,1.3570359222544147e-05,0.01638262720170315,0.007443614190243655,0.0066802944062704026
neuron_3701_count,0.040364976230533506,0.019958558422105394,0.04366009586089728,0.007602607585342119,0.002749807812493177,0.0004807321122912,0.0008105857151808268,0.0185320249613153,0.005124236530017277,0.007984322351824266
neuron_3702_count,0.042263405015827746,0.02548178939917209,0.018302603032235465,0.008966676910091023,0.0015999791002857082,3.9085028926046355e-05,0.0007424430086830601,0.016297085319080057,0.0022371306551519955,0.0034082589268735405
neuron_3703_count,0.04328673943292102,0.016673022540180826,0.0344006206585718,0.006753171246534309,0.0014216547529115713,0.0005705241195613914,0.00017456680717578207,0.018571557088369994,0.004821211024937634,0.007898153977927022
neuron_3704_count,0.026427222107554424,0.001121385433086113,0.042406744824037224,0.0030486486072498695,0.0026428046969247457,0.00043986480104029127,0.00017890693093880645,0.018529179381496286,0.011407090810564333,0.008242085629086793
neuron_3705_count,0.0410496303376999,0.043133719552793354,0.021232080662814706,0.009224854132206133,0.00321388165270807,0.00028996831329033447,0.0029515690644404888,0.01438276754304918,0.00027445760310992927,0.001365918691975089
neuron_3706_count,0.03217212454846628,0.00873538545453001,0.03400708367581565,0.003264442757945442,0.002624906905548688,0.0006201464983604868,0.0005186692394214473,0.015579980277882918,0.0032044840520734467,0.006294396324198703
neuron_3707_count,0.018608620971084566,0.020656046441910172,0.03137804331796043,0.0025438060723047065,0.0015307545686655162,0.00011572823178250188,0.0005487698648440585,0.012971092723599295,0.0013444136954152371,0.0013529185328357805
neuron_3708_count,0.029224535815317615,0.012931185955183291,0.04657792284247936,0.0031475294690414615,0.002682252526065687,0.0004683512429098438,0.00010619232844505909,0.016412868986667092,0.00423917967134764,0.0072561489682127014
neuron_3709_count,0.042158698659158084,0.031900160521795395,0.04022600311778157,0.0037612914720157806,0.0031014228085926646,0.0009557861888177394,0.0027906488427746484,0.020918672207354966,0.0014668902525054421,0.003783330777489588
neuron_3710_count,0.004986480423683461,0.0022105831651058573,0.01292885797717399,0.002686378904062592,0.0005144802130221723,0.0006219031359416313,0.0013459966949676098,0.004926629609559623,0.0009904888062133906,0.0012471656225503981
neuron_3711_count,0.025323481867300962,0.00702571480533444,0.05526491637067943,0.001552075771963115,0.0024841933706727243,0.0012652132378157856,0.00042232892462094364,0.016183414103190547,0.005424677693749887,0.005530736558479327
neuron_3712_count,0.03873415836932964,0.006030478640022555,0.017237567797736927,0.023074271468110807,0.020412566526577317,0.0042673273384360305,0.013505614034795999,0.015737417335422235,0.007532635109380459,0.03398243647816891
neuron_3713_count,0.094285682444186,0.019409056156719534,0.01928570742192169,0.025582424594417216,0.019474173932623587,0.005176654737322858,0.004222015160987538,0.027995484163875012,0.0027961041978845497,0.0326588425831032
neuron_3714_count,0.05710087288961538,0.0022393641803481745,0.01114987418627171,0.02233364671848964,0.021172381834101903,0.0031029527891351383,0.014977920177529774,0.011901426228007272,0.003531317389850387,0.03150716866121653
neuron_3715_count,0.06837249935645626,0.002772627881734331,0.013628983342662701,0.026584837665608943,0.0213769211274501,0.0030095583198101253,0.017165528627643645,0.01839190246452574,0.003138104403084166,0.035488130384518896
neuron_3716_count,0.054606740764570755,0.0017040794929182451,0.017172101812870294,0.025411690909334886,0.02070539574113263,0.006148592749469758,0.010734202931969805,0.017835494257548684,0.006798250528177362,0.03848862497445915
neuron_3717_count,0.07616760120633445,0.0039108017069222414,0.01079797867777861,0.030852976133028426,0.022487304617404086,0.002943104603547027,0.014185875788074134,0.016987417151635723,0.01184971032119965,0.036220038403042054
neuron_3718_count,0.05735281612464291,0.011400052435154198,0.017869404030597766,0.03449479759145657,0.03900846957155482,0.008561850774488997,0.023235139361699436,0.017243961776449934,0.0048267948197675895,0.050586617456871485
neuron_3719_count,0.10323624694177408,0.0046288113808943335,0.02068321656365056,0.01565175019790728,0.021855647439091436,0.006069008496030537,0.005921352926579103,0.03370221112855348,0.0005428554091096351,0.031275253523172175
neuron_3720_count,0.10480033131951727,0.00262959900703464,0.015726248469111373,0.02621731453365514,0.03601782424501321,0.007359092805096765,0.011421869044466251,0.024839463724973157,0.0005587627432995061,0.04412267756034613
neuron_3721_count,0.05742614070357405,0.01431931015706811,0.015823346256935558,0.03476455593053826,0.042193444650053424,0.010753488068722117,0.023238249198298686,0.014972907970136548,0.004828799262080782,0.058029705157095185
neuron_3722_count,0.10066482378906474,0.004454859488479693,0.015896482821577768,0.02785468824004872,0.03347244394650642,0.00693057929207877,0.012567526625363673,0.019026666363823316,0.0007261572406396053,0.04357793644984992
neuron_3723_count,0.11138829233470818,0.0024225710024735753,0.02677231854993349,0.02325981026586184,0.03862705366537922,0.008594626867455171,0.008805065770537468,0.03129238483749339,0.0006541605036675877,0.053169351525980096
neuron_3724_count,0.08720368656251368,0.008173972077948524,0.010528928099597712,0.02070259497880518,0.0284774129687492,0.0072719085460455635,0.005797383551323539,0.022704278059015592,0.004567439324465572,0.03443809928718078
neuron_3725_count,0.10462700261885446,0.0002693538602231613,0.019589600893672468,0.03885787405211122,0.05321363789198841,0.010971641851857866,0.013678682105369044,0.02739606699551124,0.00034065238123552524,0.06376381219105909
neuron_3726_count,0.07825008616085766,0.013062702650221067,0.010316762330916301,0.021771691539184346,0.025982915123105008,0.00573483659888014,0.0038909698363966544,0.01962647823423233,0.005238277092310832,0.03475497448879125
neuron_3727_count,0.11021876570542394,0.00028115918021086317,0.014889779813701598,0.03481491658980501,0.05104243629145752,0.010635423018611645,0.017184221115730383,0.019153570694174643,0.0006314699140025186,0.05743736959440593
neuron_3728_count,0.12168283995701493,0.0007755697579902581,0.017960394211949504,0.04613145833209134,0.060785449634088634,0.013385412526633583,0.027718733232720075,0.027291734809380616,0.00015409247210186302,0.06855652641610527
neuron_3729_count,0.07478857918098186,0.01667976725075046,0.010441096615111473,0.02721564520514086,0.033823311286759056,0.006758478181449867,0.003671322498584824,0.022509264420150263,0.008790208438080788,0.032309585714074496
neuron_3730_count,0.12534794199880855,0.002141133568666697,0.010817384609057415,0.05260977825662283,0.07148761011908317,0.011809318915256703,0.023658825386216317,0.021562863730534107,0.0036442770480503497,0.0626333390610832
neuron_3731_count,0.11228719708604762,0.006094793085413143,0.01354166779925138,0.032427662245956806,0.050888232801207633,0.012442560312932435,0.0051607049984369185,0.033098991867846345,0.009416419048917116,0.051189289001339955
neuron_3732_count,0.11897007190017267,0.011838010417091954,0.006183503276143566,0.034317436539459706,0.04391087284734893,0.007837211214005976,0.00634725636994235,0.028394135653041844,0.011799482659560032,0.041120613111285814
neuron_3733_count,0.09095110605092704,0.00809652556095354,0.010616862867965607,0.02446845727883938,0.04421523733563615,0.010165306822461265,0.007743387211234305,0.021321138016453495,0.013417110568534993,0.041831364067426435
neuron_3734_count,0.08817676183141596,0.002603608797016259,0.007053155651168652,0.028561702628394192,0.05217660309111272,0.008092519687019295,0.016273109385533585,0.011886432887366613,0.0059589204095368414,0.04128694023457591
neuron_3735_count,0.08092397476343363,0.0020088179172355752,0.007186633918418089,0.03614640706085698,0.055048854763102284,0.009898424747381826,0.017043297368720026,0.011630866894509817,0.005917163365577446,0.04243059128527335
neuron_3736_count,0.09134535166760568,0.02862629176018494,0.00950070524412927,0.03841514596893986,0.03803390750913477,0.010290267942556025,0.0011382089756240311,0.03545325338680094,0.015046722177794278,0.03323526840522373
neuron_3737_count,0.096130023181484,0.014089021871216217,0.008783828775483046,0.028976667284858842,0.05117828189142609,0.013555229046044545,0.004372853945724328,0.022396328080785288,0.010555512576209652,0.032161079735443715
neuron_3738_count,0.04812472465638922,0.012446443969270353,0.0009724842117362457,0.028424470507837883,0.021171784063858945,0.007200141011216923,0.006082856792490314,0.020943777430185898,0.018035492412263487,0.02017089186562905
neuron_3739_count,0.09025466159583612,0.010767774768572269,0.0050091345578386,0.036196004863781356,0.0540612285010974,0.012820059419204027,0.008273279851775825,0.018748312355486865,0.011800894398079492,0.028978073730925924
neuron_3740_count,0.07548451011511348,0.03608175755642995,0.004547714447379052,0.031063792227020062,0.028620124785364506,0.010416934500196817,9.989424047516376e-05,0.02665929915115388,0.019593925257071446,0.021809071693148968
neuron_3741_count,0.08919740982619423,0.03471155587557126,0.00475955129227016,0.038883246754544604,0.038312886509632466,0.008768291553617413,0.0023640442707979076,0.020415270675936528,0.016662041649087786,0.028278254065832495
neuron_3742_count,0.054308835403091366,0.03092789359886841,0.003877818741683279,0.033900120228134614,0.029540680245855308,0.0067350910663381,0.0003832045373730478,0.02064887642728072,0.018845963433000427,0.016599683942107535
neuron_3743_count,0.05975157820655183,0.04222370098221048,0.004150876180739917,0.023886745038915358,0.020995502064128438,0.005842200997028986,0.000691959131130699,0.022851814658111896,0.021103930114336256,0.014426972387601544
neuron_3744_count,0.07269034638913485,0.047667392937761566,0.009913699617750571,0.033500325462780534,0.0333186120727863,0.00722558358349723,5.008726493083496e-05,0.026896925287194673,0.018659828148607602,0.021342680085630367
neuron_3745_count,0.0666662544224708,0.037133467685122046,0.00257163122777088,0.033993775396594816,0.030749743628335727,0.00478725803483681,0.0007095844251212707,0.01087826600945721,0.01280857163931795,0.009058561861166214
neuron_3746_count,0.06226023918206458,0.05187856966602791,0.005097031185201516,0.03069486523534508,0.024011514519628824,0.0024962936068269673,0.00020331883632846923,0.010838979028956905,0.008681499164151285,0.008575385375066899
neuron_3747_count,0.08715378460448939,0.038001956296915884,0.0050838425408609375,0.051592722769998156,0.021606749359886573,0.006348296989624386,0.00634598546516589,0.017933677311722976,0.0024033909573809645,0.01404406131504296
neuron_3748_count,0.03838135401143561,0.017468018647460226,0.005519412791347746,0.02802706035115432,0.01857841370289723,0.003991497729127144,0.0016242073939513602,0.011979999362590504,0.003611334050214715,0.013742502450966906
neuron_3749_count,0.05391599521367163,0.031409704251406295,0.006867775316782523,0.03002197466707457,0.016330375224573895,0.004410309240654116,0.002393501482600223,0.016727105510437143,0.004360717772431931,0.013879038636694305
neuron_3750_count,0.031852656083566855,0.024234948737170053,0.005743097146155299,0.02352692232784437,0.00838501117303675,0.0037246009790102425,0.0025992025241925593,0.012162135778478828,0.0018080547350360701,0.008176600260655198
neuron_3751_count,0.054658972056129185,0.048889626454359486,0.0073375777613436804,0.031470120139557994,0.010500562955005677,0.002946812101686451,0.001094801929018641,0.019160673283474913,0.005007401426293266,0.007265439362428475
neuron_3752_count,0.043318711701099216,0.0339052830633087,0.009264037597861985,0.02133913712057417,0.00717820909702889,0.0032013473673144083,0.0013666688859619545,0.011883160908710014,0.0005417691089657263,0.006354545412301585
neuron_3753_count,0.0521027883781964,0.06045745694154228,0.009386160540159602,0.02770503883283304,0.008501435266633689,0.0008554053119935526,0.00022768483942762,0.01319424969854735,0.0036380139930511646,0.006313585423726717
neuron_3754_count,0.03447580284191698,0.02441949330450513,0.018745660858883934,0.01807640462057869,0.0035991666054008276,0.0005180113991313552,0.0009906102230813757,0.014324919658356416,0.000900965308059748,0.005168753593506992
neuron_3755_count,0.0329411453931078,0.03445657746884401,0.01781162959275731,0.017542607253868872,0.003090515644178407,0.0008001909004262085,0.0008075510516862908,0.010674712924859137,0.00046949865593448256,0.004682901159528366
neuron_3756_count,0.045981164390305335,0.04321933655233637,0.0147284194184083,0.021019481317749583,0.0050134805646306554,0.0006788519528881515,0.0017334224080076729,0.012164532062594338,0.00022531146884666176,0.005828351107218278
neuron_3757_count,0.05047556936217504,0.05426331423907571,0.015206873031214443,0.01951975486161374,0.0060567226328354165,0.0004810242644526855,0.0002011836880415844,0.012408184952825224,0.00033218799511591963,0.005407965406976502
neuron_3758_count,0.03792502609078828,0.02900359904950632,0.006478100404172092,0.013259736380694831,0.0028351071732457614,0.0003052642490680539,0.0013507778888231618,0.01213029046487897,6.333687328093258e-05,0.003633264229120997
neuron_3759_count,0.044147986498892205,0.04146728486976034,0.012355659510270955,0.022633143860488827,0.0036557124274348707,0.0001351724705364061,0.0008043046348726046,0.020762139505470803,0.00045430685722075426,0.0038445254540798654
neuron_3760_count,0.05604163102671708,0.05436101737164073,0.016244632760274907,0.017209901131702954,0.003303099955560003,0.0003187625959473802,0.0015120197351772072,0.022209138641276147,0.00036349548093579133,0.004354702635449889
neuron_3761_count,0.04698957600532219,0.05203130574146905,0.01233156224247503,0.019585587313999592,0.0040715060922576,0.00024037496488888907,0.0037347712081866463,0.019818814289450995,0.0005337512469607598,0.003842511374673993
neuron_3762_count,0.04144873400707594,0.05041713143207141,0.024040030724991363,0.013192537766535506,0.0036942653008441226,0.00018722162373847016,0.00064046854115778,0.017882157412107677,0.0001992846981950635,0.0029569260085600055
neuron_3763_count,0.02432582335790235,0.029038327563792682,0.010066054950325927,0.00895963937154582,0.001196191009593929,0.000754824399564074,0.0013429267588188215,0.009795440046183691,0.0011156390047117309,0.0035378240835261913
neuron_3764_count,0.01539692963997976,0.009184118120597776,0.013965923798385828,0.002610488632276184,0.0013149356003967667,0.00037411203735243745,0.00024763053561984404,0.00934027464241631,0.0005774482187829565,0.002080967057459993
neuron_3765_count,0.012581222303707326,0.010811393337949504,0.032490910111026616,0.008354237355429062,0.0010627268391643213,0.00035749823713484863,0.001692733584538919,0.009680594984795426,0.003492583027623432,0.0029644482311104933
neuron_3766_count,0.03219240146730429,0.01857136405534017,0.02718803078928063,0.008140637931743508,0.0020271881365262895,0.00034735862718389757,3.237863490544203e-05,0.01298900014740273,0.00276019423618986,0.006594943508812817
neuron_3767_count,0.04193348347687839,0.009329610490078091,0.056874962310753924,0.004887322152022727,0.002068119590635027,0.0014580100091283743,0.0008690683780723102,0.02302876078929611,0.009536129914467437,0.008697768407092688
neuron_3768_count,0.03077447509732195,0.01688310777396909,0.037054828615544405,0.005684503488575521,0.0014264483632372912,0.0004550944853711075,1.412355679990024e-05,0.01745817878554662,0.002295649145019181,0.005310053901032688
neuron_3769_count,0.043883229349124336,0.048626962895024745,0.024956501498615613,0.005929734956693168,0.002702866804391378,1.9350338484033726e-05,0.002350047930511155,0.014187083228347372,0.0017028913853312407,0.0029415528993532586
neuron_3770_count,0.03903950472118964,0.014602049449687945,0.03579349085729072,0.0038804515929856745,0.0028797677923219564,0.0008141765425266415,0.0013799245057890992,0.01662847067438368,0.005013033883988313,0.006734448995513412
neuron_3771_count,0.022860649981737258,0.01662456465209583,0.04357400125900504,0.004098831380554613,0.0015387201294890449,0.00042540955409552626,0.0001800226082492749,0.013951479284480664,0.003553661412765391,0.00477841345351409
neuron_3772_count,0.028952348472872314,0.036035360413642276,0.03164898495721444,0.00884563608320961,0.001869809333507881,2.6079834595187264e-05,0.0003362698318466993,0.014958409108783627,0.0013131181930298875,0.0032902043210160173
neuron_3773_count,0.0013155837061837594,0.011496308668360725,0.03752960101814454,7.505406908015454e-05,0.0015394126157416352,0.0007865514464153352,0.0030802218827300984,0.005291024347358855,0.009412771903113154,0.0030581401484036305
neuron_3774_count,0.04781240664333081,0.059350365061054816,0.03282702009341815,0.005535406091230134,0.0024731676583351486,0.00109735395620646,0.0032239854827480346,0.014739499283289728,0.0017449843056734065,0.0031089990721845095
neuron_3775_count,0.009735203531996237,0.006994454847001494,0.03163366227341527,0.0015276266447968034,0.0009634666052935892,0.00024385688249101145,0.0005618223263640591,0.008314551030428372,0.0010725290251425539,0.0013019799831919115
neuron_3776_count,0.10439657508065425,0.013805164396804959,0.02730579653350769,0.017935273302012264,0.017011495891228814,0.004988690596413083,0.0031915099784777384,0.035319509385015546,0.0028506650738395756,0.031979750102418686
neuron_3777_count,0.041354356432178024,0.003897211119582175,0.004817989332437288,0.03517250177345835,0.019036056669733403,0.0037817524303276062,0.011756860154700927,0.012793192859477096,0.006938563934711844,0.027492121687501564
neuron_3778_count,0.0443996014789492,0.003895347381695828,0.012015458988550484,0.02443091854853778,0.019430772497718282,0.0050140912540168545,0.011702250404874381,0.014171517367445194,0.006223924356781305,0.03404757514582332
neuron_3779_count,0.06712588528005906,0.00039986148091615374,0.015958262807302795,0.026994953189190388,0.026295245467474596,0.006610962359862624,0.013250082474543567,0.014716770123956502,0.00044699438121354254,0.034319957573030496
neuron_3780_count,0.05032508519390036,0.003730208430462928,0.012928740057668892,0.026803509153952867,0.022307210605815447,0.006455648892045113,0.01390492984721825,0.016365815477899004,0.005891233349683882,0.03572057870201101
neuron_3781_count,0.10183107534123165,0.0011538088587177212,0.024453926083802882,0.035246381804638266,0.02801097270564483,0.0071974326788366155,0.02121299139206037,0.025424396144204567,0.011772144753326816,0.04963202371714323
neuron_3782_count,0.08685915064379968,0.002981039157718475,0.014642103545806334,0.036123673602543066,0.028293643352257813,0.006078637414858028,0.023231392782670862,0.019191785246533158,0.009974396255032075,0.04363489596117753
neuron_3783_count,0.061167035235014516,0.008344080251589434,0.012712173686195094,0.026391585648863694,0.024958559401662972,0.003962654717254481,0.01879934272553492,0.014655542962034418,0.007938733035251166,0.03793605313945678
neuron_3784_count,0.0927422136190999,0.000896846262524946,0.009671621680062387,0.04075802774411011,0.042973124986524086,0.00825557528410377,0.022969396199271574,0.01619953383376123,0.0006949034232732942,0.050746176837921764
neuron_3785_count,0.09954557540635411,0.00980392579688072,0.016495061398038954,0.01743051698262911,0.02232549080097726,0.004385631179429507,0.00739066246368178,0.01730251970521597,0.0002462375231032316,0.03589796088120459
neuron_3786_count,0.0831461776980279,0.012855805362303671,0.013445956596867897,0.015976646924074467,0.026242871072628307,0.006850860169591827,0.002592156837093053,0.02204982264891721,0.005909673009375838,0.02739411815741369
neuron_3787_count,0.10703795338619038,0.00263049679385733,0.01667653886543269,0.02903808781998435,0.032988962621650464,0.008181273304941963,0.010049724801038426,0.027649717717453975,0.0008893088575027824,0.05433270850276384
neuron_3788_count,0.08527513678685003,0.016140685476376523,0.014729007555933912,0.025928403916101836,0.026317800623592902,0.006550152299085399,0.006514457688639633,0.02519394903841271,0.008533676064865672,0.03440934471775156
neuron_3789_count,0.0912826343787588,0.005603132645991847,0.008925099670889142,0.020447503954425253,0.0326746576394332,0.0077758516366068856,0.006990104825317027,0.021882515880603998,0.0070969036780827305,0.030771087438114547
neuron_3790_count,0.08037107911538399,0.0018564103535325532,0.015316414511020948,0.025853162669736862,0.0320139574278548,0.007166520762715997,0.012950258015565153,0.017966737425513385,0.00016402412282078168,0.04752377339506693
neuron_3791_count,0.07356176641912796,0.010191891934152986,0.008628409150686953,0.023647295977323513,0.03194060652292022,0.007534094093641419,0.004612461274532471,0.022067709938272756,0.011819969838184313,0.03173600398846754
neuron_3792_count,0.10220963461050162,0.006829660915598584,0.013435325301764153,0.030199946117867027,0.04054261215002378,0.00929722506687862,0.010385044827895429,0.028255354831526136,0.008657716039074392,0.04855085377402474
neuron_3793_count,0.06604401588755074,0.01649092273533087,0.006236246484491732,0.018983673069840376,0.02074882976433036,0.00485166429616693,0.002494348630357239,0.021868194184536505,0.010046712959309173,0.018349613903668044
neuron_3794_count,0.09031119955962125,0.004109438366952586,0.005455855498088712,0.029402650561182964,0.052158972854562086,0.010441680844236356,0.012972895202588486,0.011571714487084217,0.005576751047439023,0.04169027580610063
neuron_3795_count,0.06789849720456384,0.015711968958099884,0.003978799351582178,0.024141579669939378,0.024398586922141724,0.007602808559149632,0.0006276040889297944,0.03215959403067306,0.016366413177795747,0.020547968329908725
neuron_3796_count,0.08432562903611121,0.004878874046936696,0.009717534128526745,0.02207580211078697,0.039081020947353495,0.008143036070781567,0.008740000050236688,0.017542090576910807,0.004936156306633868,0.038485551975592586
neuron_3797_count,0.09623678052908702,0.00539618050143692,0.005670916986327608,0.04867507076767755,0.05563390341480606,0.017284199311966772,0.021053394619912402,0.02565266645439568,0.0162147873327691,0.03401987258942041
neuron_3798_count,0.13505936022111212,0.005799702971675889,0.012172322629838098,0.04618581245567033,0.07513164950977302,0.014755249868648013,0.017718957805347713,0.021832687024558664,0.005559937425468807,0.06466463797179725
neuron_3799_count,0.0803498778294458,0.004401891344223953,0.0028166390659227214,0.040444516608312414,0.047163666860977005,0.008364691078063022,0.017707454081318255,0.010818855186533,0.006523042383163938,0.03406912546672752
neuron_3800_count,0.08892055215837352,0.004398959711001356,0.003420270055042224,0.03348008985455274,0.05467834760762855,0.009026441134512689,0.012920909837245684,0.009091947552640256,0.010541940397390356,0.03434903178229273
neuron_3801_count,0.0892246336097906,0.002856490408891049,0.006039384873561232,0.03990358330222232,0.06670482408257947,0.013054331150931048,0.01709444515175254,0.011614178734193722,0.009817611528546724,0.04958879074576167
neuron_3802_count,0.07838283932516668,0.0038749907941812226,0.0039616798195491534,0.043907775809426314,0.0594463522410279,0.012259184526845282,0.01807371899017053,0.012740481059878378,0.009048925544385564,0.03645828636106571
neuron_3803_count,0.08682454794461528,0.0075498533921295324,0.0023669388954282583,0.03818688511812193,0.05897324120733882,0.01216181935051322,0.0151362175957582,0.009748073880941968,0.013038849072321446,0.03131357004119337
neuron_3804_count,0.09888266389161438,0.010694684437744545,0.003704173590196924,0.043713656284713215,0.05442589183218863,0.015113403242570642,0.014834066751283487,0.015603687520945334,0.009671550507851526,0.03826204470273828
neuron_3805_count,0.08732662634461227,0.019601315387502594,0.0039217209124350685,0.042336109813376904,0.04928637374992825,0.009288062897815669,0.006124269285697592,0.01952003693354379,0.018199283216578183,0.0333885942180443
neuron_3806_count,0.08506620899041603,0.025249100153672155,0.0035961191008163015,0.038151559682087915,0.0359605976417704,0.008791908474534857,0.0017446210710309884,0.025615285254279863,0.018229507709276005,0.026864744789373285
neuron_3807_count,0.08015436819207941,0.05115079091849431,0.006242833161695549,0.03944466742076452,0.03524946013004082,0.007066973307698676,0.0004227580629645126,0.01706538265049788,0.014480204657377926,0.01852821454362101
neuron_3808_count,0.06657751005680704,0.027799823086048697,0.0031123517571417514,0.040862815245296336,0.027711939038237654,0.005161170010677285,0.0030357408668024305,0.012306481675459169,0.005322142295075133,0.014983541708445625
neuron_3809_count,0.04471831283287725,0.04673711490499541,0.0077960081716567375,0.024572844728147053,0.024328884929008338,0.0025391414570475265,0.0003515740564192125,0.007140153385160525,0.012070246499384776,0.007628919874390919
neuron_3810_count,0.08313346440471814,0.032745377656231034,0.0025885584755462043,0.05312373438290566,0.027628480972396702,0.00860658401220768,0.006164909407519167,0.019441938594164446,0.007387679108584996,0.021589166513735686
neuron_3811_count,0.045250980861267304,0.03246584712609983,0.0033699630915501114,0.023775828045292408,0.019580176338344607,0.0038391141033746433,0.0007563144520246687,0.015828405141731852,0.011714417038594369,0.010357030595795458
neuron_3812_count,0.05098323343095132,0.04125938248740685,0.00703555192410131,0.024902340717628133,0.019747208295025145,0.0031531306512526114,0.00014338043352249332,0.017303165111284255,0.012229945395659594,0.005625803892277931
neuron_3813_count,0.01098232200192436,0.015692512102434393,0.005455946263951687,0.010486825323546313,0.01152918451084814,0.0007538121206280678,0.0012458275427081975,0.005653107361613521,0.003719412448435006,0.0031855930027867643
neuron_3814_count,0.037349377425450164,0.022610145631778752,0.01081243517879283,0.021912582508811562,0.007042169938478671,0.0007592392180147782,0.0015166413591361887,0.011994039197863654,0.0004607464900380463,0.005023631287893404
neuron_3815_count,0.05158799708649009,0.03988292195303467,0.005549177609471732,0.03293597566936851,0.012131729123358095,0.002953650154659024,0.0003103387569651367,0.023282244475911956,0.007916403160946842,0.011559844209294887
neuron_3816_count,0.03997550541042194,0.02880784273652154,0.009334219599702306,0.02625530496098258,0.0092837349332264,0.0028655078091853886,0.0028476038361810938,0.013966319021360363,0.0019110971660595624,0.0087233834687072
neuron_3817_count,0.04886910357089877,0.06074876555134298,0.00793916845937076,0.0275606267058381,0.0038810958681279872,0.001090502614233213,0.0021496971629441086,0.017536864173390745,0.0003650881039194351,0.0040989629642273415
neuron_3818_count,0.047169572741804916,0.04841541716483985,0.00883592460464229,0.02748152008809461,0.006923871941845516,0.0007319878820296524,0.0013299117156690323,0.013648452628580637,0.00195890813122631,0.004992903668550958
neuron_3819_count,0.05062914157962964,0.04737590098309924,0.008181731127804195,0.02435111895048224,0.007233633413526286,0.0010306021162919989,0.00036771801359107223,0.016249863252859473,0.0016007215945745348,0.0053313202330239895
neuron_3820_count,0.04977802059738559,0.05623004760883038,0.00686531008718138,0.025845601032370116,0.009836866726937801,0.0005357691195687873,0.0011480052447421576,0.01573224216437845,0.0033952959410662523,0.002883689308073631
neuron_3821_count,0.03071615372501929,0.02280229718288372,0.02265510290888771,0.01564525256055567,0.005251105032274939,0.0009299744101614535,0.0008340874674366075,0.01189815932892796,0.0005019187077588503,0.005435904468322608
neuron_3822_count,0.035785948721155425,0.025948114266492392,0.018468271369945388,0.015540792064099807,0.00435631373667892,0.0005294115268919958,0.0014169109825690474,0.008741708126318692,0.0005516879373296327,0.005252139778250495
neuron_3823_count,0.05922848644725556,0.04699191375099543,0.018129924979192344,0.023864760212202588,0.00651409828498678,0.00102361107758479,0.0011010730777141985,0.02428592702567965,0.0008638350726104457,0.007557620160800929
neuron_3824_count,0.03746586865417845,0.04849644638638542,0.015367479969097028,0.0173938206999181,0.004180653594720696,0.0013329967933101428,0.00017945797232281,0.01752672277300353,0.001338763615331886,0.0036288396804783976
neuron_3825_count,0.04701336093153913,0.048286478422293444,0.022573666100603296,0.015334002407510691,0.004309850294422282,0.0006427809817556715,0.0008005297930061238,0.018819922844022063,0.00020972961162406007,0.0051661919133446435
neuron_3826_count,0.034906314070556194,0.036787632305941204,0.019927582233714644,0.018208420456805374,0.0034418859677553537,0.0005968461065516278,0.00010191495569713757,0.01644354505732938,0.0005170939548485992,0.002504390208791653
neuron_3827_count,0.01197859956930332,0.01148664737626394,0.027526973746241606,0.01065942997490453,0.0007573650469292655,0.00031777844699594493,0.0022303554198451828,0.010371629347626685,0.0030333557737833097,0.0020606256090934458
neuron_3828_count,0.013999173998181902,0.012859990146137243,0.030031481186766962,0.007639988087910998,0.0007097888863773737,7.378862980262236e-05,0.00025289395927161583,0.010893351618536488,0.004372490832996727,0.004230394870923353
neuron_3829_count,0.0022493557776113032,0.002868161219353224,0.0422816916025463,0.0009926602683891159,0.00027820666101247005,0.0005841211176255239,0.0041684556402361225,0.007183704745407048,0.01008528180597551,0.0030759294885260094
neuron_3830_count,0.002123240621151476,0.0019443631270003488,0.037745144760895244,0.0021531088233012197,0.0009486098635718941,0.0007211138683986262,0.00349073298023847,0.00760892892315565,0.008187909213582756,0.0017843117117765858
neuron_3831_count,0.003136583039753109,0.0017097851312004135,0.04207255043013791,0.0020100775564122764,6.863682325523434e-05,0.001111778337031473,0.002158870614045183,0.006966094937841727,0.011382623060483515,0.003472217221035398
neuron_3832_count,0.024825971432986094,0.0095772626909598,0.009975916112299268,0.005077097629674732,0.0014728567106940572,5.0768779894757145e-05,0.0005272729305427076,0.010346957147480254,6.470746504488693e-05,0.004998625752836577
neuron_3833_count,0.0041606104873004035,0.009543649245439004,0.03077516841886299,0.0003597182509421648,0.001791750933834331,0.0009474443095640779,0.0013769335354715875,0.00886284035905091,0.011578422998495402,0.0047432598145268345
neuron_3834_count,0.02712918422887059,0.03259112052370039,0.0338204723167741,0.0048190140258609,0.0018419493146704935,0.00022049754097314307,0.0002751981371850367,0.013876063383025578,0.002081898084809652,0.0028360144982440896
neuron_3835_count,0.017485362879951116,0.012168129658477647,0.039144692306468415,0.0030104017347972953,0.0019282759047288406,0.00026515901085771496,0.00019137424632788389,0.012148850633114508,0.0027257029102711605,0.0028069010789944365
neuron_3836_count,0.034293837844626696,0.03283244461608814,0.035598049662052544,0.00500735525525043,0.0030302345773049882,8.856977377966375e-05,0.0014606754012480953,0.017736046386080326,0.002150667732974703,0.0035321634397345245
neuron_3837_count,0.032744893990722806,0.034156142711983584,0.03608883514336772,0.0035573314026860897,0.0017404292772562127,0.000547008088266486,0.0012389414377391786,0.01595117461545717,0.0005440630016077409,0.0031297171150123995
neuron_3838_count,0.03539524080863739,0.08327629152318622,0.023047101566587444,0.007891147152655244,0.0011824984753616707,2.6050906935714147e-05,0.005305784701804206,0.013456135012124865,0.002674072213703131,0.0022758131350273797
neuron_3839_count,0.007720735567208925,0.00410122445990338,0.011686559185983394,0.002040198771215338,0.0015822189777085043,0.0002230511587522823,0.0015237608755107462,0.003373286008058786,0.0017847457113383987,0.0008492807121902
neuron_3840_count,0.050096552100795555,0.004462399365678882,0.01617970126740162,0.027243571699872945,0.021639612991526364,0.007221255935845217,0.013242367784914041,0.019126749226853035,0.005649651413477945,0.04160895938458542
neuron_3841_count,0.04896970205672024,0.002166595194699271,0.010021641868478023,0.018333648001101682,0.014190192358561088,0.0012486365953170118,0.0073900930052104435,0.01380750646797152,0.004051611259043381,0.023206531475615175
neuron_3842_count,0.09613468277487608,0.014002368830522999,0.022188738329818408,0.022394959984558677,0.021105804565272904,0.00689351394955659,0.004045700238344885,0.029448353244454994,0.003010601474062388,0.036674414195525334
neuron_3843_count,0.0769579199623888,0.015322192833711903,0.01615006797353251,0.02812542598610729,0.025203912532854672,0.006275547645336138,0.006310883017802298,0.023383874810537802,0.003138379068092001,0.030283837856876522
neuron_3844_count,0.035943649781142506,0.010131191751607246,0.005102010269800533,0.024586515191962435,0.016680653015561084,0.0018783615339840812,0.02293715171383906,0.006152103513051559,0.007487533420920081,0.02100032326758676
neuron_3845_count,0.03313127315542408,0.0030916397807996474,0.00865621926029421,0.01622058793370744,0.010090549460486486,0.0011728652203571027,0.009813797304479566,0.009067428989199336,0.005092571834826233,0.016821455463382165
neuron_3846_count,0.04643379051873722,0.005062053130467009,0.003137553290975502,0.03114278337139642,0.018909497411407947,0.0024365051467263033,0.012993986948932668,0.011743888722535192,0.005295988228894141,0.026306708712507537
neuron_3847_count,0.07639224979832565,0.007286716962095693,0.014922801102562777,0.028471420274918127,0.029887908503494737,0.005918055987189801,0.005835030871795814,0.025025884697934056,0.006403747000662305,0.03881374302804705
neuron_3848_count,0.0795235252316287,0.00021783382169467732,0.018524329245424645,0.025675094303278287,0.032962472553581645,0.00774128012231827,0.01238617859201703,0.021775335442417457,0.000789858936084185,0.041922858459457896
neuron_3849_count,0.10042191759890731,0.006037001072580463,0.013463928470127506,0.021920111133350365,0.02703752182425645,0.00543143573451068,0.009136863415966978,0.02051344006777292,0.0007633223892598885,0.038791093976936836
neuron_3850_count,0.08285911153173768,0.01227530810635541,0.01231066138947072,0.020642906896607097,0.02662776287159839,0.007526984842428079,0.007521090921293036,0.023664115206935205,0.0066530179770857845,0.023537211833060692
neuron_3851_count,0.052350290708880975,0.007760449984782619,0.009877871407672198,0.030720788015753064,0.023996539066584152,0.0019586985031400383,0.023272528622821198,0.011624141162685231,0.004845548664652435,0.02856164241855466
neuron_3852_count,0.08866255747681284,0.009199168867357936,0.00782188802548145,0.01651908120568235,0.02683346058882112,0.005940504617025458,0.0071511665398839505,0.02160907242685549,0.008025404896095753,0.019786526453222375
neuron_3853_count,0.07311677508472886,0.00692732236672295,0.011855841284624039,0.017312765441479805,0.017762974769636716,0.0070987736738976695,0.005786104384179612,0.02051606379844864,0.0019657257672567943,0.023894746685780274
neuron_3854_count,0.10490973238038759,0.0004907818367859444,0.018768959012955347,0.03172670100310765,0.04778755396448825,0.010273180653876154,0.010776762809984186,0.02877666824453204,0.0024334133648835493,0.05891130165660469
neuron_3855_count,0.0653883842425785,0.012533232940321146,0.00872252608321003,0.025230523213325043,0.0306818489943623,0.006764870225510644,0.005954721781695038,0.016557800714452883,0.006855702642083308,0.023811061180743234
neuron_3856_count,0.07848130765113157,0.0034335062187943674,0.011347916622234666,0.03768064978775662,0.041955390206422555,0.015216588706714232,0.01675515060823335,0.018687656303267797,0.006762515299267864,0.04012881350060915
neuron_3857_count,0.08925124089826092,0.0015987201971741222,0.008883553915653111,0.03473577130406191,0.05122291325313194,0.00749752428274425,0.015489656129228785,0.013743490671024983,0.003188334291480098,0.04793490073586171
neuron_3858_count,0.0989208775101085,0.0020403699801874522,0.009270135208435698,0.030935949642781096,0.062126527192962216,0.010667852456464455,0.010662152678826309,0.01263232337884726,0.0052597788110160595,0.049222943134368785
neuron_3859_count,0.05819017223948935,0.012895483587735264,0.0027943532523520796,0.02401992247400981,0.013232542400499207,0.007357513449963337,0.00407261203984749,0.036332541064540494,0.008785192879453195,0.020747028769365322
neuron_3860_count,0.08562552156603975,0.010822999448607887,0.011820133466471025,0.037655842614373825,0.036371321272111956,0.010580379154529945,0.011825081282468786,0.025596533465113813,0.012585526216235751,0.04003091040064097
neuron_3861_count,0.08894466902348963,0.012633123257767942,0.0067411299169481825,0.03912608285681646,0.04151945478329916,0.011315003609499094,0.012128138303466082,0.022497689661983122,0.012677596566666949,0.03124915749804974
neuron_3862_count,0.08831556602502935,0.015260970491204909,0.004019996915055002,0.031584254817775076,0.041680870603025444,0.01057132962416274,0.0032214110338461555,0.024024184498767157,0.01816149325327411,0.030949513304803
neuron_3863_count,0.07080455411250124,0.03394813151202502,0.0019106921633565595,0.03531113360963794,0.021762076742746897,0.007532172810492455,0.01507741274160894,0.013485917001098621,0.003724027999521644,0.016269351750374528
neuron_3864_count,0.0879317711286279,0.013200229293820767,0.006211173875323099,0.0308028044094332,0.05166849961386619,0.009619761512874303,0.007425725296685733,0.016611443607451135,0.013049243320010964,0.03270469333852097
neuron_3865_count,0.08028761717769822,0.014461559775493377,0.0006084485603907331,0.04190562513204041,0.050360559678670785,0.010953898124636777,0.011416833242144361,0.008047210038158475,0.013328606164728043,0.023206525821034538
neuron_3866_count,0.044104126944228675,0.02071293179800575,0.00477512047858623,0.022544483845046683,0.02284370273322569,0.008818036170834341,0.0032393811311635066,0.01719713294252465,0.007660942016657443,0.01391153876965627
neuron_3867_count,0.07180634890209556,0.013883753604206087,0.0017660778541995562,0.04018605520914478,0.04151238363139584,0.008808582937698428,0.011014981930761114,0.012800884065481216,0.01216142656081734,0.02349936136138696
neuron_3868_count,0.07189030090118753,0.0077790105353095634,0.0011391720886720393,0.03427035361450702,0.05077618571235595,0.00895552012367122,0.010977097175661255,0.008298092016625902,0.013813180488648477,0.02150254200888753
neuron_3869_count,0.027654711799488023,0.031573639915381646,0.0009359129795199709,0.02090887243784277,0.009924022495032332,0.005145447466052212,0.000977107363425485,0.01461714367293774,0.010237239075109955,0.002553318472924941
neuron_3870_count,0.08149435713688188,0.03660040423937361,0.006345754608222072,0.03301988530271169,0.03708703752456105,0.009596796049582468,0.0006162156501710921,0.032783643624419406,0.024568219024482363,0.02499028994223715
neuron_3871_count,0.07837357609827258,0.047564255180455706,0.007891991021064498,0.03742889716543582,0.032838047226007444,0.011465931952168995,0.0002403803498610274,0.03504176277273249,0.021687898992478777,0.025799981860701093
neuron_3872_count,0.0620719795062126,0.056107862570382305,0.007491903497204355,0.0310538035641838,0.022641600285525615,0.006512946116545383,0.00013181376798755869,0.0268808386293206,0.025288990355829016,0.018505708274433402
neuron_3873_count,0.0699354456206801,0.06413640473430907,0.005598781688406898,0.03744524423651016,0.02431399766343617,0.005736350051665298,0.00020650207659672236,0.018383159611982197,0.01047100919658736,0.01494570210369503
neuron_3874_count,0.05699581825473471,0.03013669802134694,0.005410818020334919,0.029740466308057295,0.02574304140972271,0.0030794767013804444,0.0036186913695078135,0.007151162992269422,0.003254588605511248,0.009536774993022079
neuron_3875_count,0.04931716535468658,0.044697585705271325,0.0026057527679099884,0.032416336678032925,0.023028089422969508,0.004225496628292323,0.00118293290250936,0.009137986422759412,0.010807530437258281,0.006795670127473424
neuron_3876_count,0.019434648740709617,0.03085848321619636,0.0037591964527923273,0.017822505044836782,0.009326457260518728,0.0030431346338380336,0.0007451907824992041,0.007695598537444753,0.009882393171025912,0.0018426315906482828
neuron_3877_count,0.050206329962425494,0.04226238416939626,0.00514962608156571,0.030367706694479718,0.01711467188664842,0.0038531701521198336,0.0006625070277866407,0.016803282294536495,0.009488444127659479,0.006844051928278291
neuron_3878_count,0.025574143915244776,0.017261405908718164,0.005684624033154749,0.021396319244514683,0.009827560122188758,0.0032232578621953015,0.007793541614953006,0.005492025709767749,0.0010727905265943902,0.004343101524888211
neuron_3879_count,0.04647245930180155,0.03392382880383657,0.006366642072985776,0.023583609517639895,0.014824956061634156,0.001172202629808508,0.001398038515184736,0.009635076497661044,0.00715567640221261,0.00645900205363633
neuron_3880_count,0.05010967481284603,0.048045542467466146,0.010727933604897918,0.031083402703974652,0.013025571379759265,0.004660245789191865,0.0002196366902696452,0.02398550295721727,0.007858548615931077,0.006625531389578547
neuron_3881_count,0.05870394936175649,0.051619481065406286,0.006182013070243256,0.03122898451823994,0.013514141387938924,0.0028814095281555624,7.099791945965224e-05,0.023730284947178007,0.009156193206910884,0.009676584954239661
neuron_3882_count,0.04321483588518857,0.04658796790625147,0.00876245765912273,0.023684269759995602,0.009647997378183823,0.0007046214941648019,0.0009938942019955196,0.015509074249794558,0.0027815926353329384,0.0031820656253072482
neuron_3883_count,0.03595234742677936,0.03413423337086488,0.010301905370281153,0.01961431954576892,0.005112196429537051,0.0021470094861467115,0.0022714517788025856,0.009409664903308024,0.0002956318576790807,0.003492466771440557
neuron_3884_count,0.0485768128656591,0.04777320846669342,0.01059925811595,0.01878429433592635,0.00770984450864988,0.0003065713696322539,0.00039214312102660125,0.013667208521470492,0.0014261371476270122,0.0032577305692736147
neuron_3885_count,0.03245133512914805,0.032646176244784594,0.014584250477904168,0.00900264350108678,0.0035727263965407673,0.0012457198949222268,0.00223947696563862,0.012920206420137803,0.0003401942959163195,0.002132863007989195
neuron_3886_count,0.029211432853472205,0.030337034914107497,0.0066602137701806535,0.010988960450647962,0.0024412213921084433,0.00023410715473217531,0.002558332519590721,0.009251428380049907,0.0003044634030030316,0.003174690887377773
neuron_3887_count,0.05549458874287322,0.05955740416011707,0.011383012403492848,0.02115695293293146,0.0059220407275031445,0.00035999895396428283,0.001636381508514445,0.019435768820142266,0.001065477189031338,0.0046399068872985325
neuron_3888_count,0.034802124040447774,0.025487862962250585,0.01652912998107911,0.01668098987929599,0.002987427606059488,0.001623727290073592,0.0008781804642906538,0.02581994748256529,0.0007988977047314414,0.007002604956271072
neuron_3889_count,0.04133039724851109,0.037840672788975044,0.024972638320938934,0.012244223848634939,0.003996371382822134,0.00021751365760426349,0.00019702628996518326,0.021020623207804887,0.0004945521882050059,0.002904583563126256
neuron_3890_count,0.029451978493822722,0.038677747870250856,0.006695591447377594,0.01415610485049535,0.0016379135458909518,0.00017444883842527697,0.0029275530379762396,0.011408351235397518,0.0001593796127138331,0.003188922176648318
neuron_3891_count,0.011179325543822269,0.008017298791791472,0.027762875240649132,0.0061134167849638404,0.0010032994976856488,5.484672495519678e-05,0.001603556046000973,0.008988405618616954,0.005446516907917892,0.0010273140200623074
neuron_3892_count,0.007517948083310702,0.00232557853647895,0.03744767843401403,0.002915308094790653,0.00033364052451780556,0.0002017265071756237,0.0016176970225311796,0.008357141733886735,0.006554008926601712,0.0038454629967098614
neuron_3893_count,0.035979289120724844,0.01724076765795611,0.02146020909444936,0.006421440200453286,0.005230461558235783,0.0003040924434177094,0.0018588961784512976,0.015281388797227222,0.0015627178930739966,0.003974522122545274
neuron_3894_count,0.028701530895729382,0.011513418508856108,0.02315914663555846,0.005842933858859291,0.005275827755056618,0.0005928506921506873,0.0004532788720282895,0.0194216915054964,0.0009070492801701996,0.005143514765258733
neuron_3895_count,0.029562117527869747,0.009971579130661878,0.048002831699684834,0.0038351420765877775,0.00277865997877539,0.00043472822967881297,0.00035799864865779935,0.017129494294916295,0.005034069683196314,0.007954800328576803
neuron_3896_count,0.00778909278002031,0.006092382564745667,0.032434756955113137,0.0003987100770447942,0.0026528021210903002,0.0008209707939524497,0.0012356627395732796,0.010165836321431573,0.007952372514368297,0.004557138908519817
neuron_3897_count,0.030015201179462228,0.04055785332010883,0.03821653347277748,0.00351241763105576,0.002171012458323164,0.00011359919201909228,0.0008058280742208913,0.013338188945248117,0.0014660527768278952,0.0018933477386677763
neuron_3898_count,0.01955936562507618,0.013355578195990508,0.03753007911822992,0.004640580131998251,0.0019666959017647923,0.00034536374765782064,0.00019415940403462234,0.013759181329101325,0.001888421870055619,0.003909844779850381
neuron_3899_count,0.02033326080155999,0.01380812526642218,0.04115528403004226,0.0042159453078996975,0.0023311523822045974,0.0002128455171862458,0.0002583079085252526,0.016508923561309577,0.003635766890846631,0.003799835558838449
neuron_3900_count,0.012901781020733333,0.011943054192546612,0.03617913337786416,0.004368227319744913,0.0015531537662157278,0.00027454311966413486,0.0002953070346914141,0.010399101345733172,0.003405739324107711,0.002832183124381535
neuron_3901_count,0.018392334129660667,0.013206848702960336,0.026088067768218842,0.0010386010264335603,0.0016926671944632599,0.00024201624697204813,4.762973586135578e-05,0.008015959648276533,0.001603114417373604,0.002074459850343567
neuron_3902_count,0.004365154997299996,0.001028518994551371,0.033354263494577846,0.001237635749116655,0.0005167278794429332,0.0004902724474753969,0.0002248376570050288,0.007557765522632952,0.00550289343398052,0.0015518173598410775
neuron_3903_count,0.0003882087382119561,0.010198318555985256,0.024584054155457002,3.3462410564609815e-05,9.32296582925353e-05,0.0006420319652956884,0.00271015682545081,0.0015812330363334653,0.009549136910882536,0.001449465601313104
neuron_3904_count,0.07834359205980315,0.015333870339185873,0.0198160236928335,0.0191389876847141,0.01481404908437614,0.005254692066723091,0.003348904488721178,0.02693770895764086,0.004491045765243298,0.022594378663803746
neuron_3905_count,0.07960085279490897,0.014786528648406946,0.01872180581965327,0.020815419541786354,0.02097037851571079,0.004295183761177934,0.003369913957229121,0.024454740386829835,0.003464293448931302,0.02251706065228659
neuron_3906_count,0.030223769076590648,0.0021094809868099085,0.007436565285994762,0.014397996291686047,0.008023986178215217,0.0003777879332573404,0.006461058911936879,0.00774482217141223,0.005053244818181021,0.014792667962456721
neuron_3907_count,0.06139133167523325,0.0013462186300266764,0.02045956968569998,0.029411854448648383,0.025979963442561232,0.006974174362410726,0.012063390277294014,0.01835377825942111,0.0004333785944661871,0.03492665888537985
neuron_3908_count,0.057137606806254154,0.0028420618044964416,0.01772071248019,0.027658357739941408,0.023129899727155734,0.006299761955369368,0.010801570457963372,0.021782795295173796,0.004902779450553542,0.04735099304125931
neuron_3909_count,0.05176174606484768,0.0010110259892666049,0.011288941732386315,0.029855546558964496,0.024020117456057116,0.0034666073610412004,0.0195228535297476,0.01286925045754396,0.0014477290809853105,0.02828996174306528
neuron_3910_count,0.07250076995297158,0.005116556188046448,0.013280244309374106,0.023718869357366723,0.02544711750624283,0.0041573357712636275,0.009868666619449032,0.013657112573579322,0.0005174033676021653,0.035418339431565124
neuron_3911_count,0.06286084018343577,0.0004925622503453575,0.017252533052021166,0.026571991398881056,0.019580668573830118,0.0044033371038631475,0.013803271595813363,0.018631638271939976,0.0011194303502011045,0.02700162506671211
neuron_3912_count,0.07479613166398733,0.005674835505891283,0.015535188302141859,0.03192266060538529,0.03538660847049144,0.007734691290609733,0.021791533491226422,0.01721825924444749,0.005890882492100145,0.045746615325136825
neuron_3913_count,0.09001925260150165,0.006386071547454873,0.013688331899716771,0.028055225067206646,0.030115106546938872,0.0039483816906196526,0.011399853018700709,0.015279313635642264,0.0002658699284425175,0.03762861125549813
neuron_3914_count,0.09765997993438863,0.003121851970352134,0.013272558154820785,0.04853357740753031,0.046148813237776615,0.01130611550749093,0.031288842841625836,0.0192866002012239,0.002918290933384339,0.05723867280044401
neuron_3915_count,0.08833646729658134,0.0009931407956903122,0.014569435672761227,0.036126091507057756,0.04411861700448114,0.009319406893523952,0.01230624571391073,0.02068681515994998,0.0018192336684126204,0.05131201979095898
neuron_3916_count,0.0963646810459779,0.0007322329614269721,0.020405741159120153,0.03008995313307622,0.04079524489393557,0.00949428438228929,0.011379233238471842,0.024924678813233417,0.0006197779705070412,0.05767642559168665
neuron_3917_count,0.05259408519539792,0.01320137047824127,0.005094765485515143,0.021902226368368485,0.01873237841787964,0.006777754218608545,0.00558504187427452,0.021203880891684693,0.006848061902576662,0.01441974909668127
neuron_3918_count,0.0879304917038391,0.0001362784651998553,0.013655727361529896,0.03574495526203385,0.050664134633555236,0.011230170252797517,0.02091015744375066,0.020281137018725845,0.0029151961767429277,0.05223237230411207
neuron_3919_count,0.08031851480243712,0.012534163542376686,0.007395568633990587,0.028685273628598212,0.029449133766218716,0.00656071022847457,0.006010181703914999,0.018156340681942537,0.005753406203676467,0.0327797900225022
neuron_3920_count,0.08396416242441701,0.0011841076395974585,0.01168403761679504,0.029692637690875948,0.06300848006284387,0.012212741996688162,0.015171861877510046,0.016147999317183165,0.004023125076021046,0.056408091350132916
neuron_3921_count,0.08636271636035789,0.011087275763653592,0.008846750540587936,0.03330566490647688,0.037929528212269414,0.007333335272215524,0.007191664327246473,0.022101816472125363,0.009821939747292424,0.03500340201536378
neuron_3922_count,0.09475705388436553,0.00037453148513994536,0.01173009956691723,0.033641080343942004,0.06359046197376145,0.00954094991685761,0.016584586881416438,0.013248834750994448,0.002693341546832033,0.05538833173525373
neuron_3923_count,0.08001690303112896,0.0014332019998896627,0.007329751552621888,0.04108908842279238,0.05719798088475639,0.00926590056393381,0.025412721237156738,0.009125961357303675,0.002288145929833889,0.039457218447588094
neuron_3924_count,0.08242885732110958,0.007977030162272983,0.006500046265595867,0.03125178971934266,0.036707321472599475,0.0060728722578630365,0.007517943769629207,0.02012328535473891,0.010646625245211525,0.03328867956837164
neuron_3925_count,0.11943765956376201,0.0014805513175381244,0.014420786757298965,0.04064713775993248,0.0775437381393711,0.01515179753961969,0.013425934740392817,0.02237188493865991,0.004675915097774819,0.06557537301983374
neuron_3926_count,0.01964632743261384,0.024573732283817165,8.302901863861374e-05,0.01656840009148126,0.005819259199627544,0.004279967943104358,0.0024513984107058092,0.011370073770081188,0.007617412914297916,0.0045059000074933585
neuron_3927_count,0.10347377051311638,0.006518476534397605,0.004341792923605932,0.04303022589259323,0.06422777915618255,0.012269517917453718,0.015538618953207448,0.018441442124276827,0.014202309908786487,0.042253757160491096
neuron_3928_count,0.0703867534866063,0.01148540256532296,0.005413699592560453,0.03566511025065611,0.03346152215583012,0.017918170634741534,0.005901534052253153,0.03415144607319211,0.01770253242598592,0.03295392220384781
neuron_3929_count,0.10152583672369106,0.014230777028602204,0.003545169963060847,0.05001833942277481,0.05913660567299736,0.012746968046626339,0.012508399097238138,0.019004821686639445,0.01252632993755863,0.04372079139855428
neuron_3930_count,0.08542063788431462,0.015766283904728867,0.004628497543650648,0.03463999137873258,0.05275660394318185,0.013061456239314484,0.00412009205075442,0.023598639280771494,0.021166591144153354,0.03304337270932811
neuron_3931_count,0.03341012327646453,0.020102820408981113,0.0011601014235195425,0.01938622000337247,0.014488013112916202,0.007335727153916994,0.0015459976331842797,0.015706897716089595,0.007415586084533972,0.008680673497500457
neuron_3932_count,0.05626480200395603,0.037338973312736445,0.0022715891635448626,0.03427406352547496,0.021931617035339107,0.009606348724877936,0.0013243107009635532,0.026751001117770637,0.018353441866826914,0.014312822685204174
neuron_3933_count,0.06236296828255203,0.023075472873450353,0.0027546387762450233,0.036967641302494,0.03443323124067149,0.008201910585249717,0.0046033697083807945,0.012300303007531793,0.010838645571012509,0.02039322696490492
neuron_3934_count,0.056511047046011176,0.01830876197477367,0.0031117243350375114,0.029254067169339773,0.03809537757291584,0.006738274248426546,0.0038794479379131858,0.006263720275871007,0.0118621860654253,0.018754389453522424
neuron_3935_count,0.0638109477117611,0.04100486569359055,0.005437834698684245,0.031151423993900168,0.03364010545925172,0.007218461391388709,0.0005878859765094148,0.015237363942240845,0.01805393769316982,0.01952994687251325
neuron_3936_count,0.05306954418462201,0.005993870484686921,0.0014263013041437879,0.030417407354550924,0.03531726773461119,0.006360720384817414,0.013816433976027845,0.0057914663259638,0.008706132537947747,0.01895278052194234
neuron_3937_count,0.044788942939486015,0.003385951007055292,0.0025582499019070337,0.018729732568586857,0.03245161060088654,0.0037819533313980455,0.007671778493284889,0.002716205708098371,0.004111204034483104,0.01991337349313639
neuron_3938_count,0.052609561123376225,0.05239425486272975,0.004556294057053052,0.03694529153681281,0.023502571422407983,0.004983483411300907,0.0005786894059391871,0.016103806813229746,0.014702705261996005,0.007736191076149243
neuron_3939_count,0.03931086351144773,0.03672086329637758,0.005318310311346074,0.028415780510398392,0.02248561047537992,0.00302332537114516,0.0020900592677537515,0.02156891215535227,0.010885946280734103,0.008406370952919191
neuron_3940_count,0.012081002418119671,0.02324377696070587,0.004171555963374957,0.007757347341122517,0.008764176120272242,0.0025015031611404573,0.0038972001933818556,0.014893814091670857,0.007834569775318254,0.003111304614754975
neuron_3941_count,0.047228045424761694,0.037185694439989425,0.003919205962979365,0.028549316232494862,0.019279753190473453,0.0027129907555604044,0.0009422752996591189,0.013331153740356552,0.009524885468286823,0.005063634986570302
neuron_3942_count,0.04848800579470511,0.0551261581084771,0.010054327241291627,0.0325782018931165,0.013027344353453915,0.004522335465854739,0.00013472003565110063,0.024326777540671987,0.011929474008375032,0.007959475440921723
neuron_3943_count,0.04232217091962674,0.03778024988116149,0.010464496201693652,0.027433598756222824,0.015729971720648203,0.002220110184991426,0.0009160735911389658,0.01389877222659662,0.006120647760193353,0.005446757228200885
neuron_3944_count,0.01650576997662507,0.023517448413829037,0.0059929618549165765,0.0198892533895599,0.009193647106491884,0.0012336778065487955,0.0004325342767668352,0.012612455531667927,0.005291039047558697,0.004867991762257044
neuron_3945_count,0.038574299908382875,0.03864322443130325,0.013803959715410971,0.019882821746712853,0.005803318722350341,0.0008969937320874415,0.0017507104619665873,0.013907514542117277,0.0017084958857001564,0.004670863658410081
neuron_3946_count,0.04683284019395689,0.049020483161731576,0.008793921979514327,0.023504132499768238,0.007367882247192967,0.0009048479712469477,0.0004184406739933533,0.014198411987003057,0.0025872842694808842,0.003803504833541145
neuron_3947_count,0.02286287240376972,0.01712576718419001,0.012364721671222392,0.014642597306353478,0.0031856162297223822,0.0008503986401909927,0.0034814399308832206,0.008555591187841924,0.0002216711460981905,0.00416181619071726
neuron_3948_count,0.035854152566757835,0.03649982080634727,0.022283723031244818,0.023580689704365193,0.0038720212730133305,0.0027314653250556722,0.006022082875315027,0.016029218440494084,0.00031781278168848716,0.003913224655373519
neuron_3949_count,0.03610265055181233,0.048883855667355175,0.016531046610491554,0.021063016190942502,0.002699777677952042,0.0009303979992762168,0.00038475897506983,0.015215667481247613,0.00041302001104707477,0.004456947150598266
neuron_3950_count,0.015381296060724407,0.023245431206613328,0.0021611144490406645,0.0030028128046115585,0.003054262223518338,0.002288063475785619,0.008227512317816078,0.00945822171748708,0.0027852077105001982,0.007339463855201362
neuron_3951_count,0.03986585208970091,0.04171402429595342,0.020326133264780125,0.01743276331554519,0.00344072052089215,0.0005829660070247877,0.000814347111427003,0.02281624008699451,0.0006760803750617272,0.005709602487663654
neuron_3952_count,0.050440940164772685,0.05633430271743578,0.00894428925621836,0.01986999104048015,0.006042238800382307,0.00048017210221300635,0.001509105684263587,0.020551020699271796,0.002377163221587354,0.004342850679766759
neuron_3953_count,0.02545828017867069,0.019765647120217555,0.019093674797425672,0.010519530642833341,0.0017824467086024892,0.00013511170043604796,0.0012895386513968113,0.013169681608685424,0.0004039796252747409,0.004305197739066152
neuron_3954_count,0.02811784023095562,0.007960110559363728,0.01624151253970331,0.0064725863411610185,0.002169851423128817,0.00011421207630407486,0.0006169841574279336,0.01715057490483976,0.00024299468866655462,0.005955602236885897
neuron_3955_count,0.04611613060833292,0.04208294053435427,0.022562904357717378,0.011665786433871367,0.0036580452167222846,9.279859764292761e-05,0.00029278997828995935,0.016940992638487057,0.001787068569861757,0.003672540758769341
neuron_3956_count,0.03379722958812936,0.046725842756652314,0.01703239602232244,0.013810680477834708,0.0024639622876847928,0.00025089337445498294,0.00023655977738516222,0.01428462212648042,0.0013079624112343306,0.002919537835046171
neuron_3957_count,0.012100848824752347,0.0045090270842551156,0.033261968962216226,0.004933132283773248,0.000684964071619134,0.000355733170965886,0.0007175456028062598,0.011160508358301457,0.006371933299566243,0.00289350869805733
neuron_3958_count,0.020552110285688763,0.013202141841384282,0.0282257399846821,0.0067705567142130885,0.002178493112789323,0.0007032191498615864,0.00020840965489019275,0.011217030608875203,0.0026153386518589367,0.0038083614442779717
neuron_3959_count,0.017975873258548353,0.015704032898676695,0.03213372489877575,0.009116603123245665,0.0009460482797381091,0.00028057903235794747,0.0006759116211926819,0.011396082156045317,0.0026815259143511787,0.0034698609486222623
neuron_3960_count,0.027066708329404485,0.038457103429180156,0.030571853948875766,0.008129327113494983,0.0017340470377415762,3.853279310099631e-06,0.0004868398721326909,0.01744825797317366,0.0006560955574925623,0.002276029796636367
neuron_3961_count,0.01549082841174644,0.014615004056752132,0.03285119791886046,0.008370067188483946,0.0017260902770450462,7.793525841851435e-05,0.0013975167597549687,0.010200052970301965,0.002509329468552597,0.00220845306067613
neuron_3962_count,0.019950958931477067,0.011013147139590507,0.04127718123531224,0.004562082985448336,0.002063225459365277,0.0006612770599053047,0.000444883980710558,0.01426135838098494,0.0029526135867385464,0.0040074744015668184
neuron_3963_count,0.007917770859101406,0.0007615048021113683,0.0351662560467394,0.0005298014136763812,0.00196775341751719,0.00021304498828038539,0.0006698918465179136,0.008801834044342927,0.004647225170472405,0.0029718683909260787
neuron_3964_count,0.0034390207880359153,0.00109287082016217,0.030637102007699174,0.0028042087602877727,0.0002945311981954069,8.197887893415627e-06,0.002421175053052442,0.009201387426620883,0.004351265846571917,0.0019843087269791823
neuron_3965_count,0.005440440463821451,0.00076874844943676,0.037846749980962685,0.0016234183296181676,0.0006693982175681561,0.0007487524656361218,0.001972645014676061,0.007896200103912926,0.006630577167145678,0.0009123863839109146
neuron_3966_count,0.014319721922708348,0.02168205917384773,0.006100948192695112,0.00201550581689321,0.001527069401232626,0.0001733474188481115,0.0006335699360172729,0.005682448658922534,0.0037091934284832276,0.0015033041970678174
neuron_3967_count,0.0005373541680717582,0.001430999590512027,0.03464385946695378,7.496186843005976e-05,0.0006079375962788399,0.00019426565490297636,0.002107950606046974,0.004925092942815783,0.0060261245070349564,0.0007117554972348138
neuron_3968_count,0.02078014336824928,0.0027463447133082713,0.004144665015010422,0.020868289040103044,0.009888106826916446,0.002043532889273579,0.010403529644597329,0.005642651194112801,0.0035475918044681615,0.0163598182040713
neuron_3969_count,0.057779442364069955,0.005605413349677138,0.012782887773776536,0.028407729438117132,0.020681186777150626,0.007213134135672303,0.00896157588277778,0.01572715007034281,0.0009908480129376812,0.029949018936897276
neuron_3970_count,0.07241920820568054,0.027321499128695803,0.017070737577550316,0.024588663560838123,0.01910880332996849,0.005021394704776,0.004598038281399396,0.01783168888170246,0.005693938975147,0.024676504783369885
neuron_3971_count,0.04682628918171794,0.0013972312144140166,0.010456141661435242,0.023651279877402925,0.013645568578434311,0.002423019975163865,0.0183822176158195,0.010651864802865521,0.005152402161053331,0.02508288574805198
neuron_3972_count,0.03880021135777892,0.0012961777362436727,0.009599016952752892,0.02728389522588269,0.02182360772771351,0.0020213989260453383,0.015470462057293743,0.01168991976833933,0.00036398143956826393,0.025615673727262964
neuron_3973_count,0.02207854886560065,0.00882772278060219,0.0041317485282906935,0.01965580858372533,0.013802322708254836,0.0005811991033881254,0.007988980761392664,0.008044648779903824,0.00417395526032973,0.016393982564447462
neuron_3974_count,0.06630653950443396,0.0007051119696557806,0.016079975581360526,0.03445998608063791,0.03054687931366068,0.008293720395470772,0.015963401518383005,0.01684351314337186,0.0006598568100702092,0.035347859194204384
neuron_3975_count,0.05496273946867827,0.004189565715846291,0.009918766019155534,0.02380828713433246,0.023444121620859654,0.0038222218223148835,0.017873410817953003,0.011994013547307655,0.00334611859265916,0.03804580658934914
neuron_3976_count,0.06261577106786176,0.0007564123919570898,0.011127401660104383,0.03171258363978882,0.03295228194427119,0.007283103976060246,0.01735442451449634,0.011113864358757719,0.0013802504068314084,0.03594613635203234
neuron_3977_count,0.07964201129941939,0.015648214804469568,0.01079587377455428,0.02675849947083979,0.02653932108346853,0.006385833975302201,0.005032353332282767,0.0214467983280896,0.004966816208513809,0.022436750376213926
neuron_3978_count,0.06587072755501305,0.01333842494506983,0.009843503530685763,0.027436599679978746,0.031088844633189616,0.005892032365056858,0.006095241041082833,0.015928538907842682,0.006403912186330449,0.02566781968070038
neuron_3979_count,0.08135414864371374,0.02104034738981779,0.011802157228714708,0.026618277429930975,0.024028688111776678,0.005208898223812812,0.006046355156009139,0.01825826942695423,0.006473078220788561,0.026719914595994404
neuron_3980_count,0.11010554302690242,0.011486805934974906,0.01271659820769247,0.03737708776065085,0.03158546732699195,0.01492891634039284,0.008873111723491811,0.0328139218195565,0.00412069148623951,0.0422513093393421
neuron_3981_count,0.08524845185201321,0.014641732098176208,0.011918173488810746,0.03128421583688429,0.03678532906750187,0.005651029977710255,0.0076833409259583,0.01398756799909634,0.0061749388949328896,0.03564452641034299
neuron_3982_count,0.08619889762125302,0.007336556171549574,0.014243837485796468,0.03564370341557929,0.03920176126063185,0.006746514895930297,0.008583489496118257,0.0196955600688965,0.006616701220025334,0.049748394631296905
neuron_3983_count,0.0811649683325679,0.0006043111998760876,0.014202506744081217,0.04173627103832786,0.052944907425179905,0.01012013396915365,0.028013782420805364,0.014250044157034736,0.0006925932592297557,0.0555826378352971
neuron_3984_count,0.10450137558527664,0.02506582563766878,0.006198755179875386,0.05581592043993219,0.03622880042855073,0.016233046215006083,0.008991556406741166,0.033920966350152515,0.006517693495427593,0.034743093527368096
neuron_3985_count,0.07673628423755435,0.016972291767254927,0.00815580476614046,0.03387264634519499,0.03540635316831983,0.00953923683683082,0.009837193675331438,0.01724110287916579,0.011960882756182747,0.030296385521499547
neuron_3986_count,0.09046825169827913,0.0014245311936089133,0.01354527696090152,0.028397630378687505,0.05721073574857405,0.009910762265386647,0.013632807216081816,0.016477292534409188,0.004330505084540637,0.045350310932895294
neuron_3987_count,0.06813191423718568,0.026900809888337512,0.0012517441674154313,0.03458388969157297,0.027739741018393868,0.009467814886469764,0.0053235610881000525,0.0191876437949821,0.01824082667955647,0.016144917311126827
neuron_3988_count,0.08720856135652577,0.014762426054972397,0.005822827409650962,0.04490476371232227,0.04447431454448239,0.010101716636320951,0.012883477680129193,0.023601889167788187,0.01050385922828849,0.037806490055558
neuron_3989_count,0.06032735175834718,0.005995183794374269,0.006859647174595897,0.02755827908293737,0.039364410525828786,0.012695765313721408,0.008066051771194509,0.017213265131323485,0.01594500901182619,0.0345012585036098
neuron_3990_count,0.037470419772153304,0.01930668788036148,0.0014829804958990563,0.023211149059536584,0.014799067220899104,0.007359089382104347,0.0018313056942426235,0.0210982341405946,0.009862862150474341,0.007021221856675967
neuron_3991_count,0.09483262311496213,0.00528030321318524,0.0036301408576456112,0.0420325969737986,0.06249415132612171,0.007392588045870049,0.012783059577142084,0.012567308461766957,0.010182186060694431,0.03919701187782915
neuron_3992_count,0.08708059221764827,0.011023745158359063,0.004478017512366407,0.04859863831740387,0.05150486179495686,0.018270912400354042,0.016784131982524403,0.023813589516184328,0.018396438569041662,0.033893000834882725
neuron_3993_count,0.10636935083048804,0.00984662000384437,0.005825394100278179,0.04898235633281947,0.061906295244943954,0.014058809537666195,0.008781125362296,0.026758298378373555,0.009528266340321445,0.05197938443250144
neuron_3994_count,0.041293472209449456,0.0425619268366519,0.0010875540651382447,0.02374362631992323,0.012060255223648038,0.008734007391327549,0.002092539160525626,0.024370789053604812,0.00693382121059492,0.009595654132141598
neuron_3995_count,0.07861727583364869,0.024767668665883424,0.0014038147008634226,0.032773913052054265,0.04692272639027778,0.00968237869957525,0.006702976007278594,0.007041526086164235,0.017032437659504324,0.021950110686789467
neuron_3996_count,0.05266621513199786,0.03471274201712403,0.0018955334518688284,0.032466468115990396,0.018788350346768023,0.009832684874588552,0.005004977820689575,0.029649846514112663,0.01675183135803276,0.020755147334889434
neuron_3997_count,0.07745364326720025,0.04911208094666175,0.0054251007665395146,0.040862425261881996,0.0395789954273891,0.009224877301175632,0.0007030011069416517,0.02330761405927166,0.02038839055079396,0.022382860116133538
neuron_3998_count,0.08620882839386027,0.06348380664821751,0.005552483399329344,0.036913881636124746,0.03250077315314784,0.011916303600575912,9.200287735958677e-05,0.028352273252200688,0.022531171738803882,0.024488754989030997
neuron_3999_count,0.103598398274998,0.08627235506413708,0.005304674375194336,0.07230375871254427,0.04773131350857873,0.018741639872266458,0.01366924064682147,0.022954223180356073,0.036303824339816326,0.016972799069226982
neuron_4000_count,0.07278331788882123,0.04984205384273807,0.004650252760892794,0.03377640970715884,0.02738776291827151,0.006050714177642594,9.625866010075541e-05,0.0332026115634067,0.028456934568310693,0.017875080311150232
neuron_4001_count,0.06843689287694957,0.04612944261048085,0.01014412265742199,0.04576887212813262,0.025631852945310646,0.007750607823546585,0.0012063153638796065,0.04068649619032699,0.020777824164512015,0.022737108387256358
neuron_4002_count,0.058224271938315114,0.03426547972153782,0.008698250081458539,0.03425244633738975,0.013737271495169845,0.0033370006677534356,0.004963761793603354,0.014093391681074527,0.0029926801366246536,0.009492390936682693
neuron_4003_count,0.05200157213229159,0.053471352477376444,0.0038390633032111474,0.02330967011486712,0.024480528156931358,0.004239528001066251,0.0009377848042081624,0.007622435857115251,0.01978119849142715,0.008517366432986784
neuron_4004_count,0.04365421320714018,0.06661511861669059,0.007264331788124523,0.035104997305860086,0.01330987517439193,0.005217551342716148,0.0004950653488726853,0.01641550451598099,0.010000184343731788,0.002816945031580996
neuron_4005_count,0.01878239985282191,0.018595161966069827,0.002345816659949646,0.014758198065803876,0.020715156996739384,0.003216570668557229,0.0016658787046299646,0.005893807820176938,0.009412357862071861,0.007152746609422576
neuron_4006_count,0.03643529737670091,0.047681475062435225,0.009542681161235168,0.02271211569470316,0.022001270409247098,0.0068183204357259095,0.00119944997923049,0.022651053603651758,0.015352076285051489,0.008615265249182012
neuron_4007_count,0.03813611367189279,0.05414943938376665,0.005882063972824932,0.02424103647600244,0.015701974763269733,0.0038731612338343477,1.407269307444111e-06,0.016769755807282544,0.013001854130881021,0.002842971012919783
neuron_4008_count,0.012114375425703412,0.031167343268891166,0.003572902848493986,0.008137858820606645,0.005801705097684129,0.0012656558419689582,0.001040133701485011,0.006795767683856858,0.004298621350748412,0.0032842648721716425
neuron_4009_count,0.026950302872994575,0.03553132516819711,0.007276768255573184,0.01881644802552243,0.009722822193989497,0.0028877203175124537,0.0006162185041362726,0.012835093869577582,0.004861816407860646,0.005329257768310086
neuron_4010_count,0.017200287056562666,0.019795596218497608,0.004346683849222923,0.011716671422187012,0.004638063608658767,0.002550077793509112,0.0011582605607220707,0.008744402641922128,0.0016478187418120203,0.0026915926960845143
neuron_4011_count,0.0344320803366176,0.03366470752396518,0.019185775396162452,0.01687512109501957,0.004113544194218277,0.0011150169699138887,0.0017582596627774665,0.035286687475724984,0.0015247075186563576,0.005401334336799693
neuron_4012_count,0.041238369636464725,0.046269324265088396,0.01095255210442421,0.02009465359491361,0.004941132858710985,0.001045965718576524,0.0008828773596940166,0.018796695354793558,0.002103067031731534,0.003499853536913261
neuron_4013_count,0.03819518327847679,0.05927678237668392,0.004430169319214251,0.009192803633984191,0.004895837640506974,0.0018490238016469602,0.0037352967629835252,0.018307154047037498,0.004359365549077685,0.011846112236860544
neuron_4014_count,0.01898500666086876,0.02789195592907491,0.006009254674958699,0.009129674349143607,0.003261773827264537,0.00142562075552995,0.004009037000120459,0.013205738127491984,0.002397316541496268,0.004513616587121905
neuron_4015_count,0.02152040424410507,0.03426292903626216,0.00636193249892426,0.01069743990873287,0.004183094237378324,0.0015124728624371885,0.003001340651782751,0.01101869384727358,0.002765804475313466,0.004304962669387544
neuron_4016_count,0.034590277328625185,0.04528871440558241,0.007653082063526516,0.017129784390727237,0.002912090106628913,0.00018690934749517052,0.001106209791023393,0.014225128273650217,0.0013208875922810642,0.0016033082440023473
neuron_4017_count,0.04021244401930901,0.04819554337141457,0.01665978140425338,0.014643492495954119,0.0034914545060524896,0.00039978888035645775,0.00014187062151835468,0.016358375769159342,0.0008471671416532284,0.003551094504211934
neuron_4018_count,0.03821471329851814,0.023082294393991287,0.019193042923944026,0.010421450101444546,0.006766233505339211,0.00011738722747125238,0.0008045521753574508,0.017881953104685433,0.0009726037743636243,0.004517608782128021
neuron_4019_count,0.03500692820574333,0.03484230404774241,0.0312671686045157,0.010675613548899232,0.002235814742249778,6.2392349936362095e-06,0.0007771908092950534,0.019349955174075006,0.0003323661863492604,0.0044653440304334435
neuron_4020_count,0.01803487495770377,0.003802263037395545,0.024074047144596877,0.0016497777988868298,0.0032304051100811096,0.0002225642805624619,0.0005061657478709911,0.009388007969080112,0.0031561519840225156,0.003306260422629187
neuron_4021_count,0.03145241135933341,0.033372726520054144,0.025124246361083125,0.008138988403468259,0.001549975187289599,9.337900870569089e-05,0.0005108900591463961,0.018154570122417876,0.0009594093364107045,0.0039034570930920956
neuron_4022_count,0.020815063571365283,0.011152480171282675,0.04051985139012573,0.005037420359972053,0.0030919108203219317,0.00023863992521002374,9.91427944177321e-05,0.017162034679065116,0.002574504335455724,0.0033966577191803446
neuron_4023_count,0.04432150249228075,0.04115731909443651,0.007596243813609859,0.010187989304289373,0.0044146859712776605,0.0012416136115382826,0.005529374477482495,0.018490658533828926,0.0015612614160890811,0.007388225367493683
neuron_4024_count,0.021293709951745482,0.03219308796041506,0.01908186678531401,0.003712451428703828,0.0010922454104146176,0.0001421839467517839,0.0002557045507003107,0.01009917081301935,0.0017493589825246358,0.0007780761398110507
neuron_4025_count,0.013075461798183904,0.00930512999114158,0.022252497643883637,0.002874044422131343,0.0013474574084343868,4.830526811625078e-05,0.0014743935153990785,0.00754371389354927,0.0011980224403167908,0.0013356762128028839
neuron_4026_count,0.01724678549213969,0.013045996103104099,0.026923431424883265,0.0016443396240321956,0.0019224627543097533,0.0003607598774067458,0.00041498278551087265,0.009690584326207535,0.0014596014832728335,0.0016820087494961167
neuron_4027_count,0.016625198734318197,0.010229181612541674,0.011536619850166324,0.0037181842887741776,0.003681253101839921,2.6401696639420094e-06,0.00012854735552863877,0.009070060784730702,0.002058621253207396,0.0014603824931126788
neuron_4028_count,0.036943250085502255,0.038464740220090776,0.016294957174555758,0.006593069887436166,0.002298329105162082,7.362849342395887e-05,0.0018952339278022479,0.01581889631161175,0.002718789575545076,0.0020496446432046074
neuron_4029_count,0.01258787049844036,0.013209706560570827,0.03360255391828587,0.0032220346764073315,0.0009441620526707481,0.0005263054901488498,8.087572844414376e-05,0.009174531534169458,0.0013158129471921784,0.001688250949864429
neuron_4030_count,0.021496158354875866,0.03458753962051961,0.023602550203341385,0.00410850942971417,0.0024556533642411324,4.4433472367619005e-05,0.0007422016478372782,0.014020362093628835,0.002906323863955229,0.0018259991340147524
neuron_4031_count,0.006345354739211086,0.00987212195315075,0.005383030479087829,0.0009827985231590543,0.00043006182505368404,1.2513938160887972e-05,0.00030422108388079155,0.0035156037967978074,0.001874352702439748,0.0008283405703141521
neuron_4032_count,0.07334522415292585,0.0027316603594111713,0.02411070242145953,0.02889152228837473,0.02561929916325191,0.007702547215700309,0.01308107569560267,0.018179464499095396,0.00048578701287965535,0.03839027260265282
neuron_4033_count,0.014958068222743051,0.0009913272962250828,0.00407934028764375,0.013386566149006615,0.009683696165614056,0.0010775173692293971,0.004479747448141849,0.008633973091833058,0.00019474016267654638,0.013314068006054017
neuron_4034_count,0.013397395507385862,0.0092831321028847,0.002962423903613058,0.017577023910038236,0.010854730656468622,0.001717651234211956,0.008551982335033695,0.005976194419655183,0.0030196395223689027,0.01617459858778547
neuron_4035_count,0.05620784094197548,4.9603500534674966e-05,0.014132416319186783,0.024198464848059903,0.018360011453590272,0.003923890789804027,0.014603781400213053,0.013385588107188984,0.0022035908688016956,0.029710381687613835
neuron_4036_count,0.05417431879239459,0.00015444808698497972,0.01261514779891948,0.02533594459675191,0.022916501680261325,0.0036797289804152977,0.010523408705220505,0.012455421553148938,0.0009992167657416713,0.027233237127199758
neuron_4037_count,0.013537280297287221,0.03746036132476982,0.005658054597570086,0.013746548899096517,0.018256411795069497,0.0028603450164705266,0.02095821131259501,0.0026657987769077504,0.0077078713669239685,0.026803819473513624
neuron_4038_count,0.011669809931083797,0.014130499392834117,0.0008472757798996464,0.015345383720713979,0.009124152236149388,5.6830975222402734e-05,0.008698748612263621,0.002479773038372629,0.0036949312433005657,0.011992759456772278
neuron_4039_count,0.06074152647977349,0.0005965998137067094,0.009446216054325149,0.02111053122152115,0.01998084941259122,0.0028268845404484655,0.012055700664692595,0.015028049068203014,0.001517957747341453,0.027271857819865394
neuron_4040_count,0.06286164951495388,0.005323880165508027,0.020398530585379562,0.03335445168733839,0.030175446660905852,0.008004125352114116,0.013523147314512901,0.01710652332217781,0.001091313795527505,0.036478662568430825
neuron_4041_count,0.07210825265218687,7.198917916138685e-05,0.01758058906913297,0.03421861902840889,0.042351679231424216,0.007882413056960247,0.02196280134619419,0.01348779046511761,0.00024666807175413065,0.043471705367880586
neuron_4042_count,0.053423895736676885,0.007298309345742562,0.007357637108387792,0.03945452864071075,0.028996540844029806,0.003542157561163675,0.01634596111257204,0.014969992431209764,0.004284778615306982,0.03335884358160997
neuron_4043_count,0.039526270759476914,0.008354847599043896,0.009800930529964003,0.011148212517348065,0.016726891565683355,0.0031291729989455785,0.0038848495028512165,0.015477857450990257,0.007062421854296973,0.013581688564152983
neuron_4044_count,0.083193126095089,0.01482927888814324,0.012769756120852183,0.03201119595774113,0.03427998637833682,0.005264667108370355,0.006629085150292903,0.019072669271332596,0.008457313274409156,0.036739108350893585
neuron_4045_count,0.08369964893093818,0.003687452411792788,0.012132440564531707,0.03565253787046044,0.03793261703588993,0.00756273115897714,0.0170293714200212,0.017668711351125077,0.0016430827094174733,0.04289779515791062
neuron_4046_count,0.08384796448633552,0.00019396420721484904,0.01310521106925655,0.03602859570508399,0.048523914807384244,0.00863059309710458,0.02069676756430168,0.020390265664744875,0.0014983711213616448,0.053251742830615595
neuron_4047_count,0.07756278671075265,0.002664536375273946,0.00904770883279149,0.034297973557021466,0.04443430845703872,0.008892267208089374,0.01811789256372333,0.01293981720977426,0.0028313757746853824,0.03999187875219112
neuron_4048_count,0.058914227615090464,0.0034578938010254093,0.006933192655896411,0.023387935489431244,0.0320739003634143,0.007950527363304205,0.0059218846590890425,0.014763397947373622,0.007992221483927857,0.03196933793593154
neuron_4049_count,0.07358392819294941,0.010269942216030045,0.009603770859087188,0.04126446972149625,0.034300082658569986,0.016382049759163214,0.009423207804521855,0.034995170758926414,0.012918337517507816,0.029404227609834965
neuron_4050_count,0.08810963433895433,0.016835101095860047,0.007725969511749378,0.0359642078352502,0.04307964789661617,0.011158636879891506,0.007536181283109719,0.02061683360989977,0.013490468025284363,0.03601405542399763
neuron_4051_count,0.053958704001691775,0.005573426728664007,0.005012523355269572,0.033999661651692714,0.032228785836279805,0.013825326799308903,0.010215831998668067,0.02831777327443568,0.01174642556513212,0.028406704466663504
neuron_4052_count,0.08614611719034224,0.002095838731024098,0.00613491215455117,0.03287221496504697,0.06308472186822942,0.012386858063554287,0.019614964124533618,0.010635988983401262,0.005483841683089796,0.03862275310357863
neuron_4053_count,0.09041005153637799,0.0038051890439004116,0.004512129341749473,0.04890712029452757,0.06399857852755603,0.012077056595794888,0.025426909441161563,0.013690270564579415,0.011559489847940085,0.04304193936872652
neuron_4054_count,0.046512429004832614,0.009828515579221903,0.0026817283120661173,0.026266250754048412,0.028164186073008385,0.00845889489254445,0.006422534052029437,0.013025705625460168,0.014625143149587252,0.017202821237419716
neuron_4055_count,0.09045488990411552,0.02099787521189171,0.004622583160807894,0.04155121198472392,0.050298504755978884,0.011403606421003437,0.0070244200176617436,0.019258494005747098,0.018199403769584024,0.03050439286303147
neuron_4056_count,0.08882345264833164,0.027442886489246282,0.002735540928942279,0.04238307231941543,0.04805643855264302,0.012948856272113798,0.006334887625916094,0.02027736221357246,0.021021245265168187,0.028107151872277053
neuron_4057_count,0.08264817272367665,0.011094618424546593,0.00413740907405296,0.0432546795657254,0.054892310903027625,0.01744950369541827,0.01676771027175479,0.01749217457847138,0.024415669810848972,0.029641796021037933
neuron_4058_count,0.06290427556903667,0.020314203596239006,0.003233081133515614,0.0289250181548808,0.043111336447340665,0.009294463062239813,0.004507474935931677,0.01006041960089761,0.022111358634960776,0.01743565216262788
neuron_4059_count,0.07575038672154291,0.0260795280175994,0.0016031530871683658,0.042633938463466706,0.04184939620722272,0.01045823980980115,0.0034979471978733023,0.02457607553140223,0.030460861087772656,0.020338311144670385
neuron_4060_count,0.06333231851606602,0.011653147022456567,0.0003080882106543531,0.03391278428655442,0.0437717837719756,0.009457306669998652,0.009215380009473695,0.008801035692637446,0.019329808053559508,0.020594940649623403
neuron_4061_count,0.04335219694384483,0.0441218305211504,0.0016197742159805677,0.03421850104927153,0.025034225368007687,0.009149130043014701,0.0006430987708115517,0.01209934091458699,0.018024611090786027,0.008051023756538184
neuron_4062_count,0.05691928522556958,0.0057991749537294746,0.001729526777677081,0.040715683944456904,0.02377173564355929,0.006174569632226165,0.022578127928532296,0.0085198031739087,0.0041356417741540905,0.015381634709934741
neuron_4063_count,0.05476440508630673,0.006925323049864686,0.00055689395785051,0.034489679822987715,0.04077308446050451,0.0056655463072132,0.015532252232526716,0.0020327578696451784,0.008649601229246962,0.01573026656391803
neuron_4064_count,0.041048531939676836,0.017223787825820694,0.0024367474850359797,0.027527789770124905,0.022408981513806547,0.005393972520111534,0.011052176652554188,0.005493180036909989,0.008460014430772086,0.009661613465131086
neuron_4065_count,0.05507272953007494,0.0022177857935829354,0.0010985887982647453,0.025196438279358732,0.028633636284342123,0.0038675955858126915,0.02056167332359697,0.0032650941103454442,0.002778225905531055,0.014641245835818287
neuron_4066_count,0.047135758694612145,0.018700622651085116,0.001472288179041277,0.037934059549518895,0.02742531670813575,0.005550432559219394,0.008491675672550963,0.005015007883474996,0.004875251665829368,0.011306087768322773
neuron_4067_count,0.03933729784125564,0.011855053484676387,0.0012993853444769055,0.03151897334438136,0.01662231887933556,0.0033070593805891446,0.014314748475767428,0.0026575518618871877,0.002172523898976174,0.0055569306634012244
neuron_4068_count,0.027356991029077515,0.044639910939397065,0.013468369391147435,0.019323393595843966,0.018014363462907232,0.0040735382779866006,0.003801053369084789,0.028393726765729238,0.020175479134994997,0.00838447635581984
neuron_4069_count,0.022480684886610282,0.03589830930457754,0.0030081719457001922,0.016634443707395852,0.01897840285067942,0.003997910274075547,0.0019383651447159112,0.00869672673707168,0.00903004087323583,0.0032279432029498466
neuron_4070_count,0.049644310098140104,0.026152220593084544,0.0016142507259053404,0.03839318484884294,0.02083966020170709,0.009316350660403178,0.0024550250899667767,0.02596465405540506,0.015564498299448656,0.014555506325209314
neuron_4071_count,0.01721800352627067,0.016697977511328916,0.005638540891775477,0.011259745697224509,0.011349832860137556,0.0027015309308464977,0.004476261633421744,0.025616426848472706,0.0066050554064383815,0.01228754923986812
neuron_4072_count,0.04798619933321607,0.04771083360769937,0.010777105170162726,0.023956281090182677,0.01219745021148344,0.0018012924858202412,4.664702679604642e-06,0.015887996363733253,0.0063737126004981964,0.008428171189274719
neuron_4073_count,0.03897079056522093,0.037590178165354676,0.007937146690789126,0.020207686132191857,0.01341526958355789,0.0014016962572018891,0.0002863825124388873,0.0165478983996908,0.006323575051340645,0.0025098091879024106
neuron_4074_count,0.03347928404653433,0.022365902857221967,0.010600232443762424,0.02010369128184447,0.011486458727824805,0.0017282319383554734,7.242590596432188e-07,0.01942226731150694,0.005169425431715752,0.006797048054837336
neuron_4075_count,0.05092454470781141,0.05407947407654262,0.008743311960390507,0.023283222551291297,0.006690106770713439,0.0005210622660930218,0.00018507336284210273,0.01561529968947481,0.0035981945526773404,0.004691289619004155
neuron_4076_count,0.050843723701904486,0.05890957573980951,0.005245472722689208,0.026471665660689356,0.007016644223871257,0.0008637374237336799,0.0007495091300758882,0.016476638479497915,0.005430688488503886,0.004553357678735513
neuron_4077_count,0.043539941578538965,0.04753857349520893,0.01785309079274458,0.021334311167946304,0.00525028389243052,0.0011529449965827845,0.000377118231604987,0.017104923046382725,0.0013426805826619627,0.00794009754838415
neuron_4078_count,0.03975893761005585,0.0447393921286785,0.010529565001677677,0.021312644635245015,0.003939930234049559,0.0013810208764775712,0.00042466318906005975,0.023653708862602596,0.002907353616377041,0.004175244418781407
neuron_4079_count,0.03778899290920204,0.047314911514884456,0.018779659624096612,0.014992649658096283,0.003889362146183399,3.724029117698532e-05,0.0003860634312718384,0.014860462406183092,3.234067654903517e-05,0.002859644810021447
neuron_4080_count,0.03030532477504444,0.023778322032684596,0.01754931510478208,0.011351519274646824,0.0033195219290815675,0.00015377583887390056,0.00025954817496933076,0.016048644107351545,0.00038047126847785655,0.004457815528205358
neuron_4081_count,0.019947906809833146,0.01692432108863154,0.030697090145842834,0.005264838990852179,0.001691720983905659,0.0001337196270319134,0.0012751286445367854,0.016533244419105378,0.000514695404655111,0.0021863474333414235
neuron_4082_count,0.027768071673990313,0.02842335964044196,0.010689484148581285,0.01058543602197047,0.004088343625414173,0.000768036411618836,0.00021177552618887197,0.013345483388809212,0.0006267938368515642,0.0027975462740789867
neuron_4083_count,0.019313750445360114,0.030196524006002146,0.025281423254444046,0.007877983782217976,0.0010520831071103333,0.00012477317843117772,0.0004999312321755413,0.016472273945372262,0.0008368565423184197,0.0013164067135733384
neuron_4084_count,0.020313844100001255,0.02743642002125149,0.025094311508583128,0.005615246035535967,0.001866899520717162,0.00015615634753643113,0.0009525061492723884,0.013736572699084376,0.0006459784465705914,0.002840219623963254
neuron_4085_count,0.036415148861892704,0.04409064375002933,0.0176165888828409,0.01368943538944993,0.0024536925257565567,0.0007831084169583093,0.002158780027789211,0.018195122956226273,0.0009658332298026866,0.0033814120693561114
neuron_4086_count,0.02923936774901631,0.04233361662698287,0.02134727099931122,0.012347268415041954,0.002935694835808557,2.2875214218239827e-05,0.0001358988058395242,0.013708650893525062,1.056598458417388e-05,0.002456071279022691
neuron_4087_count,0.028385861582931812,0.04529812565078728,0.019903262257282187,0.01193463157027351,0.002488929603120922,0.0001000330797449973,0.0016489479438045358,0.015661212048556028,0.002594816648839534,0.0013501146659364409
neuron_4088_count,0.00330124537748807,0.0030711104774341635,0.02725771823447075,0.007499065919996134,0.0006997079664485435,0.00016555003294807177,0.006026107129913812,0.005906367181346767,0.002879718791036094,0.0005536597355688087
neuron_4089_count,0.0006867325953772759,0.0031217519318693446,0.0309777776035699,0.0007838464703413296,8.92445811514651e-06,0.0005816949154522182,0.006254012866295976,0.004378884142586553,0.007825306804275595,0.0009328039086264339
neuron_4090_count,0.012743184518392528,0.011569175192048253,0.030765252948624533,0.005699652171711887,0.0014837978299256684,0.0003302398453985597,0.00079927143553786,0.009303634072812483,0.0023124859465146336,0.0015690284311455742
neuron_4091_count,0.018991605205729775,0.03269431852522178,0.03523132065005166,0.004593590416986003,0.0017116091184247104,1.572090364653552e-05,0.0003004118859487063,0.012438183098760117,0.0007552571961363637,0.0008848623886613637
neuron_4092_count,0.016651627376749273,0.024181018029645743,0.025210437006370726,0.0033330584566586066,0.0012310823011336472,0.0004753099922393776,0.0008949712172524587,0.009003376678376057,0.0019277072508142225,0.0009940847801638494
neuron_4093_count,0.011340478748240679,0.013280983238019933,0.010758213151938215,0.00039005629647882387,0.0010593124410529578,0.0008024583669233778,2.602105851442181e-05,0.0062363707608036265,0.003446317637718653,0.00041408302088435586
neuron_4094_count,0.014292092598506001,0.012343182104714745,0.029691316714530264,0.0036928952626522696,0.0018137742209527949,0.00042989689327978427,0.00035833659804120326,0.012878927217613578,0.0010202397838329942,0.0013873587813568594
neuron_4095_count,0.007132246359823846,0.005313681418167682,0.0157490712642806,0.0015738553430061641,0.001510230331075245,0.00010765572176866557,0.0003446145297214308,0.006817184336883136,0.0007722163008678801,0.0010094985649037637
