,0,1,2,3,4,5,6,7,8,9
neuron_0_count,0.05536756558522382,0.25257576691872946,0.011480110552454903,0.012058424984603099,0.013875148881121555,0.012530909446519398,0.01521856728402092,0.004749501652906132,0.033532283070030276,0.05036316003625872
neuron_1_count,0.061309888107311805,0.4122399530119049,0.032485911758625974,0.04509882330767423,0.026071147486201734,0.019082263430367202,0.029565761110094513,0.0053576460151481195,0.051612571910176944,0.13706546820880827
neuron_2_count,0.054604819241285574,0.5630189108167413,0.0010958832211196232,0.0010131848316128449,0.017962250394011094,0.0018642595315735942,0.0013979314001023764,0.02665345653020698,0.04778983205793101,0.063857620275211
neuron_3_count,0.07550914927873315,0.4200424709298372,0.008014249683686817,0.007840843739173056,0.020431769705074328,0.017660692899265945,0.015862080250985816,0.015396562253375684,0.052521460130505286,0.06546348982423272
neuron_4_count,0.042889443951381195,0.5056598756486254,0.004228356817013022,0.019974706271123452,0.01066786024420148,0.0004418742118857729,0.0013473363198645942,0.04247233527961175,0.030110191730052124,0.12341948268411321
neuron_5_count,0.065148108108224,0.6563872163930689,0.015627135673337005,0.010000532925121187,0.011250810943287504,0.001081932014484208,0.0023106552653510554,0.025773804446140053,0.027499468134483965,0.04839695349760394
neuron_6_count,0.059483577245139,0.706102667816707,0.010765721662605823,0.003258451475678558,0.0117877797211038,0.008591280749713423,0.009737458167715991,0.0342447293348197,0.05025024449478872,0.06724444865236551
neuron_7_count,0.03458659197547376,0.3662250324241213,0.010243282767914724,0.012013005862635762,0.02272216356353384,0.012450645942578574,0.017002269547054152,0.026075002628662178,0.038986449093932646,0.09208659777743361
neuron_8_count,0.03737584116808908,0.4064365734609969,0.012584536219916675,0.012721127125007142,0.0140590349026889,0.018011642418796228,0.026884922981209106,0.00511196376409994,0.0336604824295272,0.0964165786506547
neuron_9_count,0.042665394839146324,0.412661059783088,0.004252780313581343,0.005614612288094421,0.016225398186066047,0.017586079386332526,0.018108165347146016,0.0074939383329253526,0.03638515621038525,0.08206378640948907
neuron_10_count,0.03728364535433653,0.5527721404664792,0.016742207629326246,0.0193088172470266,0.011002468200080162,0.0031432497775254493,0.0004063869336498214,0.03461477674983717,0.021299409833678985,0.03776463527894047
neuron_11_count,0.07007191797858736,0.5284660943741075,0.015987138384932736,0.0226629478244674,0.01834877649127402,0.01588243513982268,0.014625931827110236,0.026771548905802425,0.042518775503303824,0.10373967258364282
neuron_12_count,0.01855053786208369,0.25266316451088633,0.018092783764078017,0.00848045483230825,0.0046484239548047895,0.007453860401451071,0.0015946924594288509,0.016170298368089517,0.012936386928326805,0.027443662286647564
neuron_13_count,0.014374850339050407,0.08048986402402654,0.13081954161148063,0.12629295243504474,0.02014709230120012,0.017203741122200016,0.0036544485823800307,0.016805222169018932,0.011577583894419811,0.13664352294128645
neuron_14_count,0.051499484927809897,0.5336118231528892,0.0122501403655777,0.00825119455939638,0.02093612607341999,0.013457224196880405,0.009680410471761651,0.029079407955348538,0.0284798011379397,0.0951619926935447
neuron_15_count,0.00717198331495477,0.060451250829942765,0.11477153796749523,0.10752928726261773,0.04159024695758426,0.011537981364141109,0.013315248120256605,0.06653927053739198,0.017162732472165806,0.11108979429240598
neuron_16_count,0.05713107116171058,0.5009030210660543,0.021197530928944178,0.023919261553569098,0.010629359206861004,0.002377867614693615,0.006330560530213233,0.03449687727725282,0.03249856742844953,0.029815566520734443
neuron_17_count,0.062219188941500046,0.5722505906387108,0.01942805381740679,0.024919489581152816,0.0020594334616774916,0.0035494555030665172,0.00584054283439326,0.03711241993980286,0.031493132390491466,0.03610984365563273
neuron_18_count,0.00419550945773059,0.009190186628253556,0.09128241225181066,0.04453660191375565,0.022530715185358915,0.011682542970602214,0.007059159328795486,0.008883049196459318,0.00010245623115298533,0.07498855555572123
neuron_19_count,0.0004371591235678412,0.0928196612167036,0.031310308224052105,0.006407786743970731,0.01675564365286905,0.004284550196462133,0.004028366639443788,0.03855153022061323,0.0033598486352135817,0.04401293959172137
neuron_20_count,0.02639626078671778,0.28448380419479435,0.07690649222275,0.05280472867825631,0.03249254005896525,0.016852571975963085,0.0031207235757940155,0.07850374222136539,0.021321461466902447,0.1243958356706665
neuron_21_count,0.0003593118155776247,0.12098465683337337,0.061184559158516866,0.011783436955495302,0.0323815664457289,0.006102120554575416,0.00179063453461226,0.07341421816802045,0.0019199139246086246,0.06968195524024798
neuron_22_count,0.00253907282622106,0.14823670186196644,0.07586866496983474,0.03229198224953396,0.03198905490719388,0.01011879722173678,0.0007865074445531119,0.07811109683253796,0.0056521299448948625,0.0933440883744824
neuron_23_count,0.003028293551394043,0.019668617874508826,0.12417810131286594,0.05909973535980953,0.06305474153350901,0.009321014607894293,0.000544446345373574,0.07616615169026529,0.00011641296802996585,0.08122202693921915
neuron_24_count,0.00010169770878814145,0.08566415447710568,0.04952966508319043,0.019302043290743018,0.016143714276508986,0.0028675873639148093,0.00020320401105725083,0.06314811316488839,0.003933102592096997,0.07891758693745116
neuron_25_count,0.0018312819297656019,0.029904713716231004,0.09899738373495326,0.04981554249172246,0.06813899880661536,0.008844170954201536,0.0014559910595459136,0.05143248390962034,0.0002411913285600923,0.07344955837864946
neuron_26_count,0.002193195444990838,0.02872158638449246,0.04933791074802227,0.01721767373974361,0.04545834772234213,0.0013045843126040374,0.002645689887290227,0.03846191954787137,0.0011425625201168903,0.04743214873682503
neuron_27_count,0.0005351717146556741,0.045214653759315576,0.05632109611618488,0.02578382261150583,0.04341277229412532,0.0023104454213197963,0.0008648256449660975,0.055061303671579166,0.0011679320603306884,0.05803436031902259
neuron_28_count,0.0012664760968920889,0.009177088917796117,0.016540198374649664,0.0008999249301995943,0.0037059056064381105,0.005292530660783855,0.009261781087480853,0.01803740773080291,0.0012963984796855836,0.01599783531167591
neuron_29_count,0.006029593916819911,0.025022647077326807,0.05224419840261224,0.01761856835268498,0.02471458897061847,0.0010350592104042752,0.0035344440933725435,0.042417205962071214,0.0005087614090078645,0.06890002515025893
neuron_30_count,0.017995462418466154,0.006269354692421285,0.04776669521569754,0.02278851594733855,0.08705304226525744,0.0011287393709942127,0.0002843628286016498,0.017562248945937664,0.005315350795006994,0.017722919654396485
neuron_31_count,0.025897277996351095,0.005259673094347321,0.10310680941145131,0.03259514257138503,0.07519531800129833,0.0006367667194535614,0.0056255210362544245,0.08219979564899235,0.0038555839287563384,0.055927813943062246
neuron_32_count,0.002433422725992944,0.005981858905801669,0.033735277761911264,0.007217034164411967,0.0043918051635018635,0.000322342431538786,0.00720163194191812,0.020395768454153237,0.0008280656881777468,0.016503972971170712
neuron_33_count,0.06550701362747854,0.06151320506124343,0.07826049872852758,0.06484327406557241,0.1505523606731443,0.014535711489255032,0.016475126370180296,0.09294370315835146,0.030176629477961778,0.03743438261465365
neuron_34_count,0.022025254239940117,0.003095905893644961,0.13967014762438987,0.045974092981439896,0.09079430987558056,4.1130965858385466e-05,0.005095233190144967,0.13749285762445876,0.0014716006413382776,0.08829120255520088
neuron_35_count,0.01719221704609658,0.0069122553864709585,0.06493040912945844,0.016996237283263466,0.07444488892751643,0.008332722090954932,0.00041007663250094886,0.11458464110721531,0.0036481154405908905,0.06757216939039744
neuron_36_count,0.023231119857177907,0.004407647411255551,0.0950113469934186,0.0396184725237861,0.056578977135637545,0.0002793185135969642,0.0031729386124357533,0.08864800466289291,0.0009128139853386685,0.07458722704647784
neuron_37_count,0.014350126328365173,0.012029741737111549,0.06747668832056947,0.009724101270499164,0.030118006069637604,0.0010492981746330551,0.014391209685350126,0.10204538503567404,0.0009314471034772842,0.04767188651291403
neuron_38_count,0.042043465212947134,0.003214964115220365,0.025225088041063465,0.004241081017879775,0.05137834519055143,0.0042614311563731674,0.0022790320282358445,0.034991326277766396,0.0013694679001709682,0.011176116345938611
neuron_39_count,0.10169111150298224,0.03490317093274216,0.05963008614391169,0.025692202478243012,0.1622259984117765,0.009519982566929805,0.009833093820082739,0.11577549706163984,0.017585754931977254,0.03966383692570839
neuron_40_count,0.04300179704557991,0.0015553376287072186,0.03982221283347312,0.016274656845111785,0.08707535552232093,0.005124379517167592,0.0008191159518505485,0.07476220375547388,0.005911867092050445,0.023033060605410605
neuron_41_count,0.022188222204937033,0.010116204342891143,0.039792729649922615,0.004627376545972438,0.0598714675356746,0.0007395160937346892,0.02727955581732007,0.09546002502897506,0.0008301704959936297,0.05777832269935962
neuron_42_count,0.08310588749591158,0.011875767662066885,0.05749074293116513,0.009518357934188384,0.03471863163442607,0.008355236696610736,0.0032894580213631668,0.16084968946221548,0.004019525685280568,0.10807700030998256
neuron_43_count,0.11084309722111116,0.015302077323698128,0.11582815702561786,0.02130048099967588,0.15215404580561753,0.0035436516181536065,0.05126497113130435,0.24145059264903748,0.003023426198561094,0.16710453654340876
neuron_44_count,0.073077202024872,0.0069531221379423025,0.05453709721531386,0.006455674565084446,0.04287240529934913,0.00892083527908584,0.001641172525485476,0.1003295700009614,0.0018517293854229608,0.062474488675176354
neuron_45_count,0.09270344649055204,0.0007007033845157662,0.061644998519543,0.008536550895844104,0.09527540455856437,0.0015156457619600813,0.01963290336137566,0.14760479312081112,0.004408885344599038,0.07967485872362562
neuron_46_count,0.08053126466521601,0.010289550915279846,0.049985028997466846,0.0062699325957840495,0.07357942681146139,0.0029852681692138505,0.018070457616332684,0.13657197346065048,0.004092066701932776,0.056353693880926425
neuron_47_count,0.020298782447868563,0.022566776454048018,0.005864313158775385,0.00015376732910766296,0.005896344602482763,0.00015152859705228755,0.0033552161498395933,0.02954312534214351,0.0004954352902203423,0.011433200948176993
neuron_48_count,0.08023308636240167,0.010554905748441165,0.02704376572533833,0.0055059606165111154,0.05900361668488825,0.015560012008388038,0.013014231901138477,0.15896093138833028,0.00917368888774409,0.0608017251184622
neuron_49_count,0.0490404933097672,0.004937561886719878,0.024037634151727785,0.00016594261414025566,0.022862209877756806,0.0006429805480104057,0.010010450013141908,0.05954315960544582,0.0009242355716960193,0.031878172154218246
neuron_50_count,0.07007560889839909,0.025704728150527465,0.037478975546447496,0.008245210168229423,0.07335312698142372,0.00989450110419491,0.03943023618146721,0.18706121398695402,0.008935522170973789,0.08995173081888794
neuron_51_count,0.07322332696409384,0.005298367550060738,0.03853068347584265,0.002276023239390343,0.047533887559662355,0.00028292763868877774,0.02151472549873472,0.13453710597713658,0.0031155139108861307,0.07022833126579245
neuron_52_count,0.10630575123055522,0.003236210112393629,0.042835235192122206,0.0017939065052816287,0.06650529356144191,0.002513039592458497,0.029008965467156964,0.11586609997013396,0.0009744328274474516,0.08599291549701091
neuron_53_count,0.0004936418840266669,0.004746627783372148,0.00020305091463792418,0.0014320691333940018,0.005911597325568224,0.00021308984810519162,0.0021566632537818216,0.0017169178437349108,0.002691793762992882,0.005237420528320456
neuron_54_count,0.10116069798413765,0.000545801714992529,0.014126384268917755,0.003772602424099436,0.00456663235607762,0.024214862447354393,0.00530951868083418,0.10173112511751628,0.0012747754994542233,0.10308146275572613
neuron_55_count,0.06930132970380509,0.0012525116019734654,0.009941249757600502,0.004292175937864476,0.010218476474966258,0.0010541759142429497,0.00969891720083893,0.057443998585913175,0.0003796699703537158,0.03952216795852896
neuron_56_count,0.07231420202465991,0.0021644658382693333,0.01156853085398464,0.0006903579162171394,0.013300982029785816,0.001009490401597802,0.0028818824224668763,0.04670113857310554,0.0007701158564010664,0.03133883358253127
neuron_57_count,0.02604581638265019,0.022128083578009702,0.0003982680794274734,0.003674166259486515,0.0035435959804584714,0.0036799641581008215,0.003046986018974511,0.02367300040381047,0.00225674024620413,0.021159807490907692
neuron_58_count,0.08579538297251432,0.0038514611538380226,0.0036875795174227746,2.8884270876387364e-06,0.02136172995196174,0.011668903479928161,0.009184865632351304,0.06976063199847982,0.006420769000211227,0.045491059072121136
neuron_59_count,0.02495015192450588,0.03070690644024232,0.007069078288818514,0.004568060754766623,0.004271469019736646,0.009497197693773017,0.008167905495735098,0.010906175809038673,0.00235312078133295,0.013684397114995056
neuron_60_count,0.00035725037000875794,0.010886084290944079,0.0006277447109724246,0.0008700343759786185,0.0012804525705476417,0.005406210913803347,0.001456035928491653,0.0041773099197979086,0.012937953134919786,0.0030467119772082593
neuron_61_count,0.006863780738477369,0.018064863155493036,0.006029854310187467,0.0014358120902236877,0.0003355956959693665,0.008354847112804445,0.0038801482863914313,0.013143390079951661,0.02297501208384385,0.007185711858036958
neuron_62_count,0.013236496629670011,0.02305754151329073,0.008136208140428133,0.0005109567232823679,3.274174521082423e-05,0.02192970154299753,0.0033063847990170703,0.018409463174061932,0.03119554550184503,0.018457254625899977
neuron_63_count,0.02498075810044284,0.00869441632364934,0.0051106909983256186,0.015902088062727353,0.0029949950396636824,0.07114618151626828,0.010608091976315182,0.0348977367964492,0.002690801614547143,0.048296970966314294
neuron_64_count,0.09757820263626173,0.8504579558636962,0.0017726853088412438,0.00019141323121639464,0.033621073798593915,0.006579587155596478,0.012322514605292045,0.023040565451428796,0.04943805695997468,0.09435884090639753
neuron_65_count,0.026233026801589066,0.19683279875058934,0.02693044173529696,0.039567319174671114,0.017906383170458985,0.01363222573038167,0.020582696809546164,0.006846181825569654,0.025210378093019882,0.0869518616038712
neuron_66_count,0.05521905532793299,0.6262574064499286,0.02005339173588208,0.011474682271795385,0.006681728025663143,0.0008303530978049974,0.0026414575966423673,0.025274367845276313,0.043557210310371935,0.04232565098572856
neuron_67_count,0.06595960678546967,0.7385922313478648,0.021182978638993703,0.020457492557190045,0.027648519882228446,0.005065928183648247,0.010511809177442728,0.03200127201355836,0.035351835164009984,0.052239862681031826
neuron_68_count,0.02965976503883705,0.4438480984374709,0.010812041299004947,0.007745639226153157,0.013436387200541827,0.0018751835490252618,0.002160176264347051,0.024876414938526784,0.01753025945061621,0.05118086084700717
neuron_69_count,0.04874010099886161,0.5829786801385428,0.02532594403049173,0.021185683634055666,0.01968436869851032,0.004102945923579338,0.011685400496029733,0.02552960816036115,0.025967247318448516,0.03672809858214767
neuron_70_count,0.08787791233122164,0.7261986908729796,0.008701860926276346,0.005459207810749024,0.023068580342264416,0.0017043972920474312,0.0005114496936664079,0.015368479974049623,0.03667282200439452,0.05684791259268811
neuron_71_count,0.03858549174224335,0.3867464102194824,0.022429020890245788,0.03231430131725117,0.02148392039408148,0.013040309003354934,0.017616367117899157,0.044635567968116435,0.04567788436110594,0.12074129005996265
neuron_72_count,0.07076404133026609,0.5599032364721607,0.003881050556572646,0.017246620968705564,0.010605473240999322,0.0036498682438671146,0.004504429433471055,0.019276754379871766,0.04415626752294617,0.1166161034537018
neuron_73_count,0.06089609647663595,0.6539279827229186,0.001437994635736517,0.0017441917259877933,0.019091471349198114,0.010013102471579785,0.015540489297163382,0.005107094488880491,0.04139447789031413,0.08227084143714748
neuron_74_count,0.061924835806696936,0.6053106000332606,0.008880324647574482,0.007906963494773229,0.009607117038579971,0.005545295138859652,0.0050485621674025705,0.04097513355120895,0.034298434468390086,0.05817889063204653
neuron_75_count,0.017938082106732978,0.307487661056812,0.010460194727355328,0.011928322496236161,0.02763995106048736,0.011526261483576238,0.01300213248717956,0.011264405886150596,0.018204036910900716,0.08952760744925109
neuron_76_count,0.05616662825726003,0.5254555219810367,0.013660161024228089,0.012206220392501417,0.010097447265336248,0.0031834412873269907,0.005035947845540154,0.0303756592780781,0.03471117554899366,0.033934067440910654
neuron_77_count,0.0281766812489832,0.1419693113356262,0.13594200012629087,0.15668118025874517,0.024713163344069998,0.01861096643666669,0.006911476361182348,0.012128122255044511,0.013903923980094428,0.1493901775245212
neuron_78_count,0.029415781509160174,0.47634271606718265,0.030078828525733,0.0112702379068546,0.03036598138885553,0.021240266877567776,0.008765487216006444,0.0630315438778828,0.019459631574311145,0.11144977480489943
neuron_79_count,0.058163200589469,0.5833479113905957,0.004754273842701329,0.011233128786309568,0.008196548375504195,0.005827682227044793,0.006334137351962546,0.04910196607763613,0.02606334437004447,0.05414251601065938
neuron_80_count,0.048643468209853866,0.4913897726244589,0.0038591212189389087,0.012433872642480755,0.006783850353966645,0.006789888820896255,0.008221908076836378,0.028474427556508787,0.031118579694850733,0.047685287985601975
neuron_81_count,0.03140741096144417,0.43723030605310265,0.02252618534786245,0.0020940584665036,0.013546189092534633,0.01268981160593384,0.004396574752499348,0.05130812347617983,0.02219128971370693,0.07605908231788906
neuron_82_count,0.016693650301600048,0.3427522279677381,0.05402623971511897,0.009078338242383126,0.025802039852442643,0.012620334577839266,0.005959312628950747,0.06760992346996886,0.01605615665098637,0.09567903195583694
neuron_83_count,0.020906927575992884,0.4315215037216929,0.0020270190709827766,0.000869396682250478,0.0072750031919057295,0.003041241006140283,0.006170788179558032,0.050328047324347355,0.01840043830155877,0.054991033074134735
neuron_84_count,0.017010091986759526,0.06389632934157852,0.08661368040324754,0.07197291538406994,0.042675822805649063,0.0050084021150062705,0.008554258655358214,0.0013757481157140733,0.0014082965959208438,0.056202318651363534
neuron_85_count,0.0033785418830195937,0.20324463128269632,0.022024778201544623,0.00016484249574841986,0.01616509354130187,0.0030780935941612936,0.0038714663106006707,0.04150452561900056,0.0059244196013440165,0.051502959568525644
neuron_86_count,5.049687101615907e-05,0.11832054439617681,0.048027690134304385,0.018332500770547544,0.04162880117759614,0.00537242416581727,0.0007884683024094313,0.07518343829099358,0.002434442823740803,0.06683077992866596
neuron_87_count,0.009456485977636132,0.2095053324065554,0.014529817425841196,0.0006184196617903733,0.0036173752581508123,0.0028276453778437044,0.005157171353136522,0.030919934801331414,0.011748031292267126,0.053559931631537896
neuron_88_count,0.012440809775808498,0.040364335947249114,0.06503485249494341,0.0499896126823831,0.03939519408217712,0.002279715735171703,0.004847198917317512,0.013446338260566383,0.0017160533944467517,0.05647395350056212
neuron_89_count,0.022163115177220777,0.06460912411401776,0.15885638302784305,0.1263640635324958,0.21125607360110316,0.004861982710858841,0.015319429597952083,0.1409047932172553,0.006361870532088022,0.11137604097442587
neuron_90_count,0.011374650342924342,0.009856421078712298,0.06259723163404976,0.05330264339102367,0.07277632406477595,0.0007280948686248061,0.0012509117101389793,0.03006403014706245,0.006698212499033039,0.04520887928925468
neuron_91_count,0.017242799426636327,0.007606936193959468,0.07908853501642152,0.0328649425701866,0.07055825041272726,0.0012938739549026197,0.0025092026411854974,0.044637823844292546,0.0015181333102972823,0.060456730748738696
neuron_92_count,0.0037944336611034427,0.009458369418379693,0.06324373693773647,0.035079872105601956,0.033203815130337794,0.002486576086696137,0.0015556823577369747,0.03409136403540475,0.0005637300095629777,0.06012768386505499
neuron_93_count,0.03172785037856628,0.012818642568704373,0.09635127160126875,0.02747621118738626,0.1016997757012085,0.0019262648209780204,0.007598453419472188,0.09252581449556951,0.003954869618932405,0.062290444650567656
neuron_94_count,0.028422467597583087,0.022102152915358376,0.06526383022380515,0.036680299274395346,0.09978937733210909,0.004110530904101472,0.010129635533754438,0.06989980380743951,0.004331459017590012,0.03675351249627751
neuron_95_count,0.03151815474805998,0.004946478443719943,0.08510043563163461,0.02870914985582848,0.12007004814582538,0.00306157804173101,5.395112293455923e-05,0.08760548157211336,0.00674983530228495,0.04574079748931406
neuron_96_count,0.02151880729954321,0.0003200441577653015,0.08093238288032942,0.022043525546660406,0.04117109568684987,0.00017217744251750888,0.0012826190508908744,0.07970142205355757,0.0003483702847565306,0.05298495186028833
neuron_97_count,0.06830010673408274,0.029342234019704788,0.059243104464196644,0.036583870271071336,0.17935283813062533,0.009914286335987732,0.0012508579424929129,0.08563029392657188,0.015073155067881164,0.03652652595010476
neuron_98_count,0.008505681319519044,0.011242218187733584,0.04052793897304907,0.015790180276321758,0.02951767945988011,0.0022245603172394643,0.000702393136393453,0.06555038527390646,0.00012521576106115108,0.04037214535087258
neuron_99_count,0.0010433267727641797,0.017572644561789294,0.04728543304835256,0.014587163417295074,0.013979260687309071,0.0005912475497452576,0.00037915981995374423,0.053190360617740295,0.0006140701761502918,0.03959714394152414
neuron_100_count,0.08217855691092166,0.013912263617200674,0.08630766315259628,0.04878930309018423,0.23402516736246926,0.006526546282807438,0.01225711847767097,0.1673524914161949,0.024034583718770375,0.08762026107694956
neuron_101_count,0.07180841673209101,0.029557587610665306,0.09607518498339374,0.04343879121888142,0.16940139632001466,0.007940998364819062,0.008738823596929169,0.12853036624399916,0.014165461720479201,0.04579661462406333
neuron_102_count,0.09587783128144167,0.023731257599754862,0.09272161450030844,0.04502985968233428,0.20135070416740525,0.012516152544306491,0.01018783433930193,0.1421827542820671,0.020364785186313433,0.07480040953011838
neuron_103_count,0.10117088048528255,0.03152894084258095,0.08189871466789983,0.032189848617938416,0.12492870364930957,0.004736304894657491,0.005735003506773022,0.13043375579025285,0.012943013561163022,0.06795037073364163
neuron_104_count,0.02856852141940626,0.01032217006589145,0.07139111918667693,0.02599894200738294,0.08454483316568843,0.00019654441819201866,0.0006660494896663215,0.12212094635006714,0.005128072735781954,0.06865526274739174
neuron_105_count,0.03288932522487506,0.00029126485508893137,0.04797591783082805,0.019563390884991635,0.06098268237122957,0.002602035743465885,0.00037275666464433536,0.05817680846595191,0.001703827727901338,0.03635139546092832
neuron_106_count,0.1062724948075314,0.03214472880313561,0.09222228377872135,0.031930428294684,0.12882516691927215,0.002803776535142667,0.044668760522368595,0.22159692132152356,0.010472372662188041,0.12937303398279476
neuron_107_count,0.028417404099439436,0.0022379878742379185,0.01411495179705119,0.00024318277864975296,0.018145518918479146,0.006117685819349544,0.0024199303559239577,0.03816553759640201,6.631299839512808e-05,0.015678190026066602
neuron_108_count,0.07557784891779024,0.00886261884950552,0.041825135112634595,0.00022836665451720934,0.016364016498105392,0.008418267352586377,0.014405399531514929,0.0938047462824696,0.0006748555674014976,0.07978298699035824
neuron_109_count,0.05985385136790605,0.002640073472675743,0.06734466401957118,0.02847347796481195,0.17052145616920122,0.004254628371803779,0.007190948629579898,0.18193814481885875,0.026753997674614657,0.0651886966306861
neuron_110_count,0.07524383555687503,0.014529376563697231,0.0843758059969387,0.016629631073886972,0.11209596186554638,0.00467897601623591,0.023677827951383304,0.13180499110793606,0.004356669978990162,0.06409467245710337
neuron_111_count,0.027470281820752368,0.004104509004180624,0.028159353518098437,0.001972331001060765,0.05131948308488327,0.0042701031839793915,0.0005862001639432902,0.05520063813621682,0.00013921213942245502,0.0194992866661456
neuron_112_count,0.0973476701466329,0.007144927469111068,0.053884544765836206,0.006994476818242383,0.08690866387820051,0.00035275405539900336,0.019597143608697118,0.17327264717444893,0.005925609623732529,0.07540230208823724
neuron_113_count,0.06482479464277069,0.009043324182578902,0.023787298899933973,0.004010222635026107,0.06046756817094623,0.0024160169009211294,0.0006846939511433274,0.07959544444859615,0.0023115809931297648,0.03078049103530421
neuron_114_count,0.08599807590579721,0.01786552167925264,0.02593254081361336,1.4909264111555667e-05,0.027188866564648376,0.013910155572584681,0.00774081619137075,0.13596648058488683,0.006003789072312315,0.09161461935658488
neuron_115_count,0.007006885225646624,0.0029820251073109476,0.002935063099929476,0.0011835670439149654,0.0002778954303329774,0.003568661481655487,0.0032471782241385617,0.0008236424918346,0.012216170694962704,0.0011194814767621318
neuron_116_count,0.040278519119758896,0.004680498728964817,0.007244467958122586,0.0016548263264059351,0.009523882885539042,0.003871956862612158,0.001840023188357253,0.027740483161940485,0.00015479259288609954,0.014458399204675822
neuron_117_count,0.00034470961209503125,0.002129181094582859,0.001110458242464054,0.00046548403408519685,0.0009497199158090414,0.0055731936529040405,0.0010018575491869408,0.011290398435708934,0.010896522292545188,0.004372278308499518
neuron_118_count,0.05269704988501711,0.0015034836376510569,0.0012681262625627403,0.005754177122141088,0.0018940154210252656,0.03660500218557872,0.017300110208184324,0.031958673953637426,0.0006912815102932614,0.0196582969945066
neuron_119_count,0.006743186573664822,0.008870970426754513,0.0019186970911562289,0.00026397076159852435,0.0015654116371939392,0.0024089869979022904,0.0001873724535828231,0.0002816419708035218,0.009950833954629285,0.0013003967228725948
neuron_120_count,0.07846209883244246,0.01025645421922658,0.01012927312403418,0.0030989331814933047,0.01844337381655499,0.014114280594650808,0.008022998165522516,0.07385594195283483,0.0017257446228388894,0.057023169866367504
neuron_121_count,0.014477896556729833,0.003028681602080349,0.002530567557079401,0.00087636762735235,0.0034554504147155454,0.0018162101322350167,0.0022790956994584166,0.002991674701363606,0.0062964528977313555,0.0016300546197047724
neuron_122_count,0.07620676952940122,0.0025539231178404627,0.0012499271274696968,0.009603420940137948,0.001119959556556441,0.051916536948854175,0.028801298255860808,0.025924012156320717,0.00016692785356555925,0.03126819713242186
neuron_123_count,0.02257342735220018,0.03341412293494009,0.004080442016079596,0.004284202043540408,0.003627541944453312,0.008479729248780377,0.010046296016704488,0.013386981024243114,0.0008465199990369439,0.008551650045673181
neuron_124_count,0.013874939940991093,0.005746204592395249,0.0016665181648582005,0.00301838829737143,0.0014671404150006194,0.001031060952034762,0.0012247242871322866,0.003801057250709134,0.007793446298657261,0.0005370975414312439
neuron_125_count,0.0577037038830219,0.005129665549539329,0.0029917931371450796,0.006121725030388166,0.0022442129013672055,0.01451662689398503,0.010428608011200588,0.05163485509780433,0.0024838990545339723,0.06215430509433499
neuron_126_count,0.0006857017739991637,0.021356848286897268,0.005006807453979675,0.0019283611507356357,0.003480327725080397,0.0031571637684542977,0.0012473912059963038,0.003044069897899307,0.014739361196995468,0.008202294522071968
neuron_127_count,0.06281302016045032,0.009328924381523662,0.007828876529977803,0.01770843442596036,0.004685417514501189,0.08182483474338731,0.016768271059771342,0.04529325794702513,0.001260985404657529,0.055898472850091335
neuron_128_count,0.08140916932390715,0.44208296063355634,0.0028671117470911254,0.0023010096341512225,0.017116942397240688,0.009426613168308687,0.014292686233848238,0.004390338014896456,0.047256225037033424,0.04898064771689311
neuron_129_count,0.10328344841141596,0.8452798055972346,0.008334416950309259,0.00508183650547963,0.03555510364042348,0.007664126456500699,0.014406464904091275,0.012704277761519327,0.04623220302589398,0.07547617599216375
neuron_130_count,0.08443374961064543,0.72135133592069,0.014997217803218575,0.009289458240892917,0.03692501913670555,0.0054622921685836615,0.002905331888759858,0.01568630585843725,0.038274861209225006,0.05682141319384619
neuron_131_count,0.038434680633620016,0.4597255674002321,0.040184095050993615,0.04500721094406761,0.009644256050118448,0.002289422239798951,0.01448581998098842,0.028173237291743758,0.020986494722452453,0.0369842323393529
neuron_132_count,0.04017933508133189,0.46554727537225277,0.019483903633025997,0.012120540885415775,0.01818818176586319,0.0020370769361118283,0.0013860100745299708,0.022141451081627475,0.021629092753133218,0.03033899390222529
neuron_133_count,0.07934704255455403,0.7465497366526578,0.00847116713898257,0.00738525911957133,0.028167003942212512,0.005738789761805314,0.0026396300234191143,0.027465931655427767,0.04031604784418891,0.057502341559122816
neuron_134_count,0.012466605486094663,0.2248760405693796,0.011756060756021945,0.011915070096331325,0.011649286718381316,0.004517110051043357,0.00509091397036111,0.0062102198376444845,0.011337489531684076,0.006297468031021188
neuron_135_count,0.040900066111003566,0.5770846497065943,0.011209240269343689,0.012464629209052627,0.028552397834758415,0.003622950263624712,0.00288641251944214,0.023621803813454696,0.021247932473608074,0.03389341252883655
neuron_136_count,0.022482276572633252,0.2099280771236681,0.009462666725975614,0.007800163198147497,0.0036541730067102055,0.0026730648135335515,0.005160423917781419,0.02003474687650039,0.008334456208722186,0.01571799390905741
neuron_137_count,0.07500695517523717,0.7458087199357387,0.005939589756145034,0.006195766954540393,0.02570066421629892,0.0084978185699962,0.007335108394290232,0.03204863592773964,0.03670766595070092,0.06864146696657654
neuron_138_count,0.0817777360207814,0.7761622240555256,0.008089048646605257,0.007591298080752117,0.016054255964883517,0.0024513177786967405,0.006624186238845073,0.03288652522467185,0.038277868239268625,0.0829705473199865
neuron_139_count,0.04619362976668023,0.4172239017403241,0.019417567287309728,0.0066105500142264635,0.016937546159281454,0.013350655863423669,0.009043692421925646,0.025004776200276163,0.022679634824402287,0.07818329423838515
neuron_140_count,0.0574525614349207,0.5852058760967449,0.007057239070491675,0.014219436961655951,0.017328836447108302,0.00833219770976832,0.010260064756468588,0.03886588951729024,0.033905774848543783,0.07452146683440011
neuron_141_count,0.02083076749938699,0.2846102198071306,0.040581670561709804,0.014664597608875257,0.024217302459367485,0.023849360215254828,0.01600798985885149,0.010477297571932637,0.013865047343779746,0.08510230963297619
neuron_142_count,0.037743497288264684,0.5168298843602075,0.005145284352414674,0.00834510622207562,0.011464590687653806,0.006691971511974142,0.01116707111276808,0.04589552455210209,0.026691400735157828,0.05923224926295798
neuron_143_count,0.049947502292188535,0.5564858536700548,0.0061653184895240805,0.011335561367201964,0.017206542694862943,0.009324413777638374,0.008176548989196397,0.036127767784427195,0.03219882401369575,0.05669100385503371
neuron_144_count,0.025331579867683363,0.46107301308620563,0.0034628951919942162,0.0044974394287337766,0.013379254207313722,0.003859696089397971,0.007445817161981352,0.07137137701231899,0.01561112619943756,0.03629058347332724
neuron_145_count,0.026278949173575886,0.4538537200625645,0.024839563550063393,0.0039061395835910707,0.02856735966962791,0.013290422806579508,0.009334718740630694,0.029506178854286816,0.02357508791242409,0.09812343807943341
neuron_146_count,0.028921879529122424,0.38419471114571674,0.012976494966587968,0.0006169025642379436,0.011390246248326963,0.008220755063771373,0.007938344904684695,0.04363885782049589,0.024326382217917095,0.05850888758286076
neuron_147_count,0.00557367888794099,0.286873828477032,0.017288518264920033,0.00011849020207151898,0.008118511547861688,0.004649240471816023,0.008411809440676259,0.020701900805580195,0.01204625143334688,0.07077493139543792
neuron_148_count,0.024785045483901633,0.2477771336561971,0.0020157803009907826,0.016322135105501734,0.0023516003730481173,0.005007776511261339,0.008349624527609921,0.03556680292086122,0.018595919714436422,0.012785155474171965
neuron_149_count,0.007434659467050256,0.2592134268912493,0.009797066120646833,0.001507317963290001,0.0046623614081907835,0.0021888278806529438,0.008468310067310775,0.02174422256152321,0.01095551928424112,0.05356009524719649
neuron_150_count,0.005151168157737203,0.12963059645441863,0.008341129989562414,0.0001730798807357669,0.0001997386149003022,0.0009491669191066168,0.008235857451447497,0.018493277066270103,0.004380867888873638,0.03890622487864431
neuron_151_count,0.004711764324708927,0.0748250257983703,0.04365552744522225,0.026402920625837947,0.0753485879975403,0.003175830230784528,0.004704808059368515,0.028282349696522324,0.0001309035458109042,0.08116414954360253
neuron_152_count,0.014925804784447633,0.015681824717157775,0.06591192054285236,0.0279306030882967,0.08659147256670806,0.0012082316304370608,0.0012213801104554254,0.06650218264478447,0.001977172765075662,0.07452411643795666
neuron_153_count,0.009319380001019305,0.0027224291996524007,0.05260634912056933,0.021843614797587785,0.06407361884904889,0.0030498785838911965,0.002467481512540122,0.04055121450600565,0.0022599556428660877,0.03825244967489748
neuron_154_count,0.03583067335643775,0.0004822829876452231,0.09620820093066595,0.07305879476857174,0.11895422106012618,5.406238703173382e-05,0.0007872583882259018,0.08187359034373179,0.011516992639887785,0.0770473121383898
neuron_155_count,0.006760054856340611,0.00692134248794217,0.03794133933723472,0.018880659286401175,0.037894149626677164,0.001963466897149076,0.0022093964104333737,0.026223550894572352,0.00038719578596037914,0.03645536716564653
neuron_156_count,0.002948058953186644,0.009744730142349452,0.08288647690100476,0.05203579226585035,0.04814980451443595,0.0020453665625140838,0.0008350502857624939,0.04820092062708045,0.0037488112163569618,0.06822078114870014
neuron_157_count,0.03605281513450716,0.0025713391664793743,0.032870717771832536,0.031073700954032543,0.10055666157057022,0.007421821531351888,0.005172999434671061,0.05150224932155817,0.0069121061058849895,0.03508392302070602
neuron_158_count,0.011183412967847944,0.006192285293252206,0.06188420558289898,0.026781448362171736,0.045659765807229497,0.0003246420084688749,0.004550300163899665,0.05239154464519011,0.0013616234411491651,0.0485286593290538
neuron_159_count,0.042464868311578974,0.009069319626320904,0.10121748568975258,0.026967760708666993,0.1381253167480065,0.0031265218106743646,0.0016195213359283247,0.10873140156124504,0.011456867555763563,0.05803118609798592
neuron_160_count,0.03647309053599955,0.0031987837691663003,0.06503965567445263,0.026654840011534356,0.09496021910209576,0.004556652132749195,0.0017869999565562344,0.08730008012658202,0.009168532825545264,0.04301252475917593
neuron_161_count,0.03152223348067913,0.0018971116744656673,0.035662693080901114,0.007345242251747694,0.05325905725737287,0.00242769442013158,0.0008538119531104442,0.049039493161603775,0.0066483300820385435,0.016905369591789406
neuron_162_count,0.06629810645581716,0.0012677765391464445,0.06396001011036331,0.043146650311192164,0.17966566371703274,0.004845451361474448,0.0009033470648220857,0.1067085715720309,0.018423978064535496,0.035704329931278506
neuron_163_count,0.043343439329379715,0.02769904468496484,0.0883436616782646,0.03869409907395772,0.14146172861112022,0.005230237993931873,0.01643486938063951,0.10943008761515773,0.008803222996029855,0.03713375606287089
neuron_164_count,0.08004038255799739,0.03844623913634365,0.08865673463882327,0.06934579358752209,0.18526857246134015,0.00531200027570472,0.019962347621168407,0.214012977318876,0.02463657794493359,0.0964914589727941
neuron_165_count,0.07153896119851705,0.027364428794544107,0.10064457887572725,0.05378957454920261,0.1818546051015636,0.008559430418716499,0.010093762605698192,0.14492283726698763,0.01884801841164299,0.07070503411008877
neuron_166_count,0.0007813676598304141,0.008061149299952358,0.010522054702230749,0.0021249486665034303,0.0005984261418395479,0.00017714228221856962,0.0019312796611845248,0.011671902067079507,0.0018335041144399503,0.014234042595415969
neuron_167_count,0.08325117553164862,0.006421976942512307,0.06873479396721333,0.025674506786588613,0.13260249460004647,0.012716393370893891,0.0028498452084741513,0.10782428020035062,0.012818728935539037,0.051092539616629934
neuron_168_count,0.07427974837583923,0.01638681879811546,0.04458877254365873,0.0052209532800480025,0.04837746328378702,0.00892341535085557,0.001041422153054774,0.06251187825246492,0.0008209335919548422,0.02995784377054434
neuron_169_count,0.03314745433985036,0.002911365884274086,0.04199052743723969,0.025524087958603642,0.12144112282881758,0.004553330240889504,0.0010751861121869896,0.0970804613450297,0.01248663345540265,0.04242192262233169
neuron_170_count,0.033325078067394195,0.0009515263634471798,0.022957633127718147,0.009070016559813938,0.0597668160315946,0.017688659476466202,0.004010338421493606,0.04620164604597632,0.0027269466748831017,0.027612724303041902
neuron_171_count,0.0845475501761769,0.009873452941769244,0.04443220164147957,0.005966355343457928,0.07104881437049311,0.007317883090830091,3.933265790420778e-06,0.0672983806986688,0.0005330206388867876,0.033690056840108326
neuron_172_count,0.015032254055041605,0.015792987872288167,0.013339411417697074,0.0008261295574203114,0.017406727822092252,0.00013805955738799627,0.0030049896668586304,0.04503250506033193,0.0009803702985199518,0.024452413677190338
neuron_173_count,0.04485627113621796,0.0006627313459747963,0.021392997957530566,9.84874718385942e-05,0.009693719590546504,0.0005415962453943516,6.22463712621397e-05,0.026821393401316382,0.0023255161232870296,0.008781320518048412
neuron_174_count,0.029866768921614092,2.270189522935069e-06,0.00579626561810892,0.0005187616569632994,0.012729621031207276,0.0010656643273033771,0.0005631652661422307,0.006308380890360343,0.005992793080890221,0.005978402766228515
neuron_175_count,0.05548736679318833,0.0024534574958435633,0.02879728622018249,0.0008546936410501714,0.033543732212289706,0.00044803995542660666,0.0011573495814853549,0.05742659620246192,8.735183660656771e-05,0.029696017036661096
neuron_176_count,0.026598075764969822,0.00013277379619940164,0.023331313464928893,0.0007123935687599389,0.011649255386864912,0.0004895723748527146,0.0005763379161239294,0.016356659431921737,0.0028412786847024224,0.008262357198632178
neuron_177_count,0.0014243458376043214,0.0035425147774024654,0.0035775877637911225,0.0030868650191741443,0.004701907289589406,0.0012832789090134085,0.0009748008889002456,0.007865155230969024,0.012458913057215526,0.009319094693074622
neuron_178_count,0.039080367766226046,0.0017146886627890968,0.004979194750856182,0.0007921806005435853,0.003651964263023392,0.004088921954842825,0.002101641804300853,0.02183546015671893,0.0007727093039789339,0.009426798270990758
neuron_179_count,0.019104571306865277,0.0015119128332138944,0.00573271863818408,0.00517965112736608,0.02394364687455311,0.011147995402160618,0.0031988904199312645,0.035565046736389966,0.033808467227693435,0.012594593435873123
neuron_180_count,0.019691287640533524,0.021813301404483877,0.00245612086304944,0.000320389330518589,0.0041768606400437,0.0023779862212953452,0.003385255181478645,0.0047216137197654585,0.013425594574875584,0.01739313199511816
neuron_181_count,0.015412774040819914,0.007448050832271541,3.8422253998472624e-05,1.6778323320335302e-05,0.0003934916986235203,0.00838053255995622,0.0036937148514808505,0.000906062433312625,0.0076603862126579,0.014153555550977755
neuron_182_count,0.05286588002883859,0.0003065642526893439,0.01541738650555386,0.0004103607043216273,0.013696480947787543,0.009430407433179598,0.0038278944558445896,0.0321897771299873,0.00031002219830691263,0.017617160521012983
neuron_183_count,0.009822178283984268,0.011027275530706336,0.000503952369509932,0.003779581789911647,0.004255259679732788,0.0032106100926857263,0.01358037225518207,0.009103256928332307,0.009127541347727051,0.00501910418478901
neuron_184_count,0.03289611096973892,0.02305607730390591,0.0007890815871105994,0.006838246068148625,0.01319276832545243,0.025044988797439466,0.0018981566365644268,0.0408932547387959,3.9205277194949775e-06,0.024742820554034747
neuron_185_count,0.1034890413245965,0.05605460474444414,0.003266286775816172,0.015508107926939851,0.0011606099227426565,0.0661799407764648,0.009254258151588646,0.15090372283174827,0.0046099599912814305,0.15142134876254734
neuron_186_count,0.0741568648885127,0.021925426521977695,0.0056948115727177215,0.008238214979422127,0.020610256562754087,0.07724937693110853,0.015274396864295978,0.14452462747470451,0.0031211179428290714,0.10965318045764023
neuron_187_count,0.022416710580373575,0.01799705296821004,0.0020111400532735954,0.0030356631392181362,0.0026974269480484446,0.0026513602475695605,0.004013004691822711,0.006792831349901097,0.0023769462525842742,0.005312638095008603
neuron_188_count,0.03323413260426303,0.024764740820231307,0.005452738238726548,0.007356981757752672,0.003334514850337739,0.021589410069069323,0.012626165659781224,0.027665097399570335,0.0011748849768466194,0.031080891025785574
neuron_189_count,0.04259464891589884,0.018896249132263065,0.004627996774132601,0.0008885333151776426,0.002642104683321973,0.04183553942334729,0.01830006212081651,0.020208152715162596,0.020193764171340417,0.033499763589577375
neuron_190_count,0.015555285592530235,0.05688791921464517,0.008936218980144933,0.010773046089440838,0.00045132272582293527,0.02156620695589241,0.011332428988982339,0.02204379058287071,0.002149652736890816,0.0323969278559101
neuron_191_count,0.007846288576086088,0.06582517788066053,0.007759897790443091,0.005534461983992114,0.0014418224379584912,0.007482466165074343,0.0012168794463293664,0.01924437369379811,0.002922001184123734,0.021166192738432038
neuron_192_count,0.08604645193769962,0.7242548469460484,0.010265935468674658,0.012958765745632227,0.026337904620730296,0.003044943325180991,9.646578446087235e-06,0.022310111374020808,0.04007075081604208,0.04802828561601705
neuron_193_count,0.08934018511231955,0.8130972623942336,0.005387628336621431,0.007129703361587483,0.03017987677061887,0.012037932732600558,0.01774649341900731,0.016687732751504328,0.04823574513814312,0.05730984843790887
neuron_194_count,0.07522979284004852,0.6366307359865708,0.009465226774434808,0.00640720277163119,0.028713725407424208,0.005181688008509901,0.003638855236264258,0.01235244939329428,0.05220323877827547,0.06348127204531719
neuron_195_count,0.10911317120946025,0.74630437189282,0.005797279182360043,0.00862425908124742,0.031373034727468885,0.01156495277075626,0.021040865077318435,0.01460046294096505,0.05206473848233881,0.10806514813337974
neuron_196_count,0.04671896721882236,0.37202137172874494,0.016677870377069262,0.027697920119327313,0.024369589602689548,0.016423547612258643,0.02060273762758074,0.008503715060598459,0.038977379113605146,0.10470674260967547
neuron_197_count,0.04986695668379158,0.5427587678087173,0.013337960422456968,0.016596040326046946,0.04396573932709484,0.018364967103860888,0.030684013469197427,0.006022455010479107,0.04949769033650074,0.12065057126363517
neuron_198_count,0.08205560681331335,0.6527365558396236,0.002970054547905481,0.005061584926336961,0.014304990442590704,0.0013695055151728315,0.00218577628506433,0.026958637709494346,0.03664290695297233,0.06910083852778805
neuron_199_count,0.06736537300530757,0.6186639793775559,0.007053796118167373,0.008846307825759084,0.017955842125285615,0.0031207247178192885,0.004755045725052212,0.021744501403287778,0.03076473697110542,0.10969986110140281
neuron_200_count,0.06878975057554951,0.7310933940938985,0.00906059927949622,0.014992564384984329,0.027551532172761434,0.011557472835419746,0.013073522521976917,0.015364898241437101,0.04477629125370254,0.060799059419856326
neuron_201_count,0.05367713584647968,0.6362907661523515,0.006771918616194417,0.006119226352698671,0.02668916236649943,0.008593293152576204,0.008642724012412846,0.026245557133116562,0.027026476675465955,0.06288344960136333
neuron_202_count,0.011059706933186017,0.3152422537997469,0.007315979248674165,0.004053351676181524,0.011367926568728884,0.008766274876842825,0.016080656320653933,0.0013310291540340122,0.00887078663584051,0.08395132494552535
neuron_203_count,0.03230175917732715,0.5500794473867819,0.007014440694021962,0.009469420978336127,0.013859790619835763,0.00935162763859504,0.011101752272391435,0.01476303917169694,0.0260003060303649,0.08205235129322666
neuron_204_count,0.020709260342535972,0.36555873112807974,0.02801106656098156,0.01541870817575271,0.025314922587436478,0.015721767927162657,0.013376650093808423,0.03588553102778717,0.017488093080740265,0.09603809669277374
neuron_205_count,0.046707777589953675,0.6016148901542987,0.008377943783944925,0.012185468989750266,0.01567408398744232,0.009113588259712195,0.016039461591311338,0.0424452565612468,0.03073008473829284,0.058553448201375716
neuron_206_count,0.002332590973545094,0.17967889180357854,0.020498906170311082,0.00977513845355072,0.025920130769873845,0.01332235377871649,0.011539793104559555,0.0021948220941416484,0.00521272058348235,0.08083284910615898
neuron_207_count,0.05438531797586996,0.5944488905918035,0.0058490667447371305,0.010078524550917126,0.012621805865530723,0.0077810071957477925,0.015729048379821996,0.02676480661712176,0.03264007586076127,0.060345211412389146
neuron_208_count,0.007954136284931176,0.30848658731876943,0.012916283075184179,0.001165975254306801,0.008301239954198888,0.004760217959332985,0.002859618515823087,0.03724749903253828,0.007364769167678732,0.06741642230527972
neuron_209_count,0.0035689937456538125,0.1756808590512778,0.013408598960131225,0.0019164672677067828,0.026813429955902447,0.006467507657914248,0.0116285406848445,0.005052676457082451,0.00482672267607534,0.05230938815921951
neuron_210_count,0.0086292681232839,0.3503478314938272,0.014761541045834742,0.0007370736944022314,0.01123647260724385,0.004390694436184568,0.004906784734162277,0.04140533112430489,0.01570624647846973,0.07764634016937044
neuron_211_count,0.004627446630388152,0.04829830820473174,0.04491925202940297,0.015235229521136557,0.02980178144946429,0.004164705799444578,0.006692773310657634,0.005744660021634228,0.00030768466242452085,0.06105113210179044
neuron_212_count,0.007870975193929361,0.33399232211928614,0.039668706747924457,0.002785485981724123,0.02032122784018002,0.004879332396209905,0.007238488075607313,0.058385159060514585,0.018301517963065103,0.08804353780422342
neuron_213_count,0.0017689875440791182,0.22869777870460045,0.003693291227770547,0.0009643687169691335,0.002717569095234306,0.0017982821443971574,0.002972783939900449,0.03659122475907001,0.011145757929714985,0.04857304248029533
neuron_214_count,0.0035298501914488127,0.022032708751706383,0.06740912065899121,0.031943295446315856,0.05748290123076183,0.005558570994838606,0.002546050095106299,0.018013773030094583,0.0006248922580342001,0.052793122018854347
neuron_215_count,0.031361428533005914,0.005505795411981689,0.08645819780310576,0.06028903460774726,0.1493930455903564,0.0010015996290570726,0.0012707216776895076,0.07995650926994308,0.008187408883826089,0.07359248982879113
neuron_216_count,0.0019434528406838993,0.1795177328002812,0.02001784012705267,0.000770645366006845,0.009808609449660659,0.0008387161943378078,0.010252247628046739,0.028043475074665453,0.011930640526828878,0.051946289687251165
neuron_217_count,0.016028577534130284,0.01872458117535139,0.04609128816288105,0.020580443633659184,0.08174180382282914,0.0009126446757664582,0.007096488425394981,0.049782637101085686,0.002973132475835673,0.042306142966044735
neuron_218_count,0.0018573434045624643,0.04198070563715045,0.12451733963191522,0.062045076802141746,0.049109451572608015,0.009911679366802782,0.00017161846227608038,0.08889812221356744,0.00044125651382907055,0.10640295144464491
neuron_219_count,0.0038080694987235007,0.022496772254699884,0.04172026746894829,0.012944980828568594,0.0341325239141643,0.0011197971149228079,0.001280794884820028,0.026051145553938698,0.001167682720008981,0.0395864378165096
neuron_220_count,0.0019476069467624056,0.043745041733603496,0.011768646864100313,0.0005874577126407637,0.0020352147021904937,0.0016840917910338213,0.007300585615737903,0.01542004567768649,0.0011745126146508536,0.028182272372577297
neuron_221_count,0.055898044177849326,0.027185048616524217,0.12436328004587768,0.0692178240332317,0.16451537207007505,0.0011458410146850673,0.015727792532469476,0.10925991131202922,0.00984740611709474,0.1341456161379929
neuron_222_count,0.034244667396591585,0.012288922389969963,0.07964529462204734,0.03880912538533812,0.12860161905051815,0.002245937095115967,0.003552280349130469,0.07298405680366407,0.007793666944352615,0.05567237111858635
neuron_223_count,0.036797897845858685,0.01452320358526138,0.056287625696629234,0.043496704476277376,0.19864571922043872,0.010101026854986747,0.011131564752777004,0.07323061617678137,0.024017386090817466,0.04176987799014642
neuron_224_count,0.01607256461065054,0.006271823879765007,0.09899275592490148,0.03475488655768107,0.07633238816739614,0.00045090365531517095,0.0034772198158888323,0.10227611383246682,0.0021475520409872904,0.06522796053241561
neuron_225_count,0.042759547847240315,0.033407017591244564,0.11670636543616814,0.06558183476977128,0.16774888032563587,0.0034454763212091177,0.010092617799111086,0.1542793782525479,0.02263143209179455,0.06914869443726503
neuron_226_count,0.06508524554315889,0.0038463639375592544,0.08556952797232087,0.037870230753275,0.16488011884265769,0.005792987991833254,0.0015013775919725907,0.11132497263931054,0.016594866612056974,0.05168691619032284
neuron_227_count,0.07248101392667711,0.01640874162539023,0.05232990407758392,0.032459951550012606,0.17220622898864066,0.006908726438236715,0.0006358931571791861,0.06564912314181792,0.01992313789576866,0.03328786645133326
neuron_228_count,0.09386567601100668,0.007083457220684951,0.06446430359038419,0.05361405584509665,0.1313856224157578,0.004638023159142607,0.015295420471359372,0.08131901509848513,0.013328890800764548,0.025936216715153518
neuron_229_count,0.09130875046829032,0.012321863128338446,0.047390306314313374,0.04341108753940798,0.1757641020002094,0.009596293670994613,0.0032530417695369046,0.08246957878616543,0.01778650017045731,0.03849149647987729
neuron_230_count,0.05969688323579178,0.014793503089804219,0.04731121863640263,0.05071492050758833,0.22647097192692256,0.017350537144543918,0.0067286965515200095,0.06982125881719015,0.03809096913401078,0.030797261510236276
neuron_231_count,0.079522815840675,0.022374523612588446,0.08682787929461763,0.04130805714512102,0.16725317436591353,0.006538332736664883,0.0037264154569079493,0.11247655882555628,0.023981141218806304,0.04468412963119886
neuron_232_count,0.08298213703846491,0.010819872819356438,0.03224125903113763,0.0198827749801216,0.15000929260020918,0.020224554425694888,0.00010490945266092115,0.08525932080222232,0.018181064238729963,0.03406158604878516
neuron_233_count,0.09613956906788323,0.008215651012776305,0.049113281068282055,0.014688864153639153,0.08883826707843698,0.012446194831506427,0.0061830750169917376,0.098147255678519,0.01194625697943505,0.04925974400074454
neuron_234_count,0.07974290384266405,0.0082828012239132,0.027776446602587074,0.02112957092691102,0.09399924166124465,0.021297479097805827,0.00937485878388919,0.07198424102120915,0.005481439807329687,0.02705614637416051
neuron_235_count,0.053642937541782454,0.0022197971432234244,0.006146613242930726,0.001560135077343407,0.026153044599516985,0.011669702041955839,0.01290860978058573,0.032775427495795255,0.00035761941766580645,0.01183668262338071
neuron_236_count,0.03596146475116138,0.00015816240057551926,0.02037085185305075,0.004858144209140061,0.015938607596259882,0.0007491154703807221,0.00068388058281426,0.02206694971865611,0.002930743571825087,0.015136094417708357
neuron_237_count,0.030622093335182884,0.007793962702446082,0.029101032216366257,0.004133495036930182,0.03924204412258182,0.0001222727023588695,0.004867881675251193,0.07943374435002659,0.0004579511114453424,0.036852052446669226
neuron_238_count,0.07754229656158593,0.009414285702072152,0.038364460236247414,0.004450548114135517,0.05547732465193755,0.004235322265926791,0.0014430910259812194,0.06878865506273184,0.00029140293768019094,0.03496887373905806
neuron_239_count,0.0365609520628416,0.019881844438019228,0.005073129463293143,0.0006231339735873545,0.02330921611689972,0.0066006323736078,0.0007894486042336266,0.040195049994622076,0.001890093078429491,0.01903211996363839
neuron_240_count,0.08368876516600762,0.007430563853637606,0.013746535528191703,0.004899254995872482,0.06307036020119554,0.008724662795864938,0.009946279362823518,0.087229885220817,0.005597597677994188,0.026817650018046563
neuron_241_count,0.0633547236016461,0.0027070157352949674,0.009993937909434078,0.0009305802500047949,0.020875622790881433,0.0007542263153384188,9.521175533832205e-05,0.04901673509664761,5.239902734802365e-07,0.010216334903487181
neuron_242_count,0.05267751890648015,0.019305377821382683,0.011478855114324657,0.0011643650582705972,0.052701537572313384,0.024356907673546827,0.01569315571637664,0.14221472509264776,0.0014176646233510018,0.061778840362327725
neuron_243_count,0.08496049945929973,0.0038529784305357806,0.020850634026224196,0.0012697783754570344,0.05459525915991066,0.017667028850264388,0.0016507703482657263,0.11434380064811675,0.005382311601528841,0.03451717376416921
neuron_244_count,0.10573528543704325,0.001125192754150052,0.04192447360652965,0.0017644460998569858,0.0574153171655821,0.003322003331534252,0.0012624058205716049,0.08625039742169147,0.001070851185686183,0.04711029697972888
neuron_245_count,0.028438976974360458,0.0025454367577511794,0.011862950970570212,0.0024935692217131628,0.005844022490976746,0.00041546739127991655,0.00019762922289171718,0.016702140318036997,9.492428739919442e-05,0.006876070892322894
neuron_246_count,0.08986914079588956,0.000344928257063659,0.02326837923217026,0.002131229102429029,0.02637615648203874,0.014341446996884763,0.0063592129791231605,0.07912581835724575,0.00048169123618447673,0.06384084852994416
neuron_247_count,0.08621788945109507,0.0037631211214891915,0.016266522586070337,0.002259325484179831,0.007922112663763789,0.027040666452641735,0.0006138594387831153,0.09250971682850911,0.00498706164311203,0.05469361126647031
neuron_248_count,0.03358474905011376,0.01980688668619307,0.0028373812792145403,0.0006646039935490969,0.010324258163517029,0.0002801220781640159,0.0016297842352821987,0.016251825358527164,0.001175762988245857,0.012949327989427543
neuron_249_count,7.605996425191905e-05,0.027265763774433932,0.004602809905131192,0.002023146058520872,0.0008727435267984161,0.0035737539113351313,0.0005041499626686425,0.0030713940432383173,0.01524598810981781,0.003226154557897626
neuron_250_count,0.041003259498693795,0.012697204392106906,0.0017992843681174236,0.006157659873304029,0.0036340790339381424,0.006254170075240727,0.0001346113007932078,0.01789792392158468,0.0074696382826976715,0.015054912363024808
neuron_251_count,0.020355458666896087,0.022616522117388793,0.00378466077230891,0.004831511588838978,0.0025768717716948015,0.01583031675214156,0.022366234683832607,0.013119297841656039,3.312462437454148e-05,0.012922376781429927
neuron_252_count,0.0745525142876301,0.002864079496257146,0.0027004841950626288,0.009038664032508859,0.000679251992329993,0.09087438901245376,0.027278767516979205,0.05617181713213243,0.006444086698776108,0.05655868493479552
neuron_253_count,0.051097685822961536,0.013830484104724372,0.0014594625669620935,0.006194047290836377,0.007042401990256561,0.05447974038717368,0.07350503704080999,0.02471191827390873,0.002181658082688172,0.04070921561764211
neuron_254_count,0.03153543535239581,0.03516224036192117,0.0005963656127245202,0.008784196134632404,0.000280392111600471,0.01931413551707542,0.0033972538850422923,0.04908215561260901,0.0015402769336025982,0.055549620084178505
neuron_255_count,0.04717654509775074,0.0029561527872733976,0.0013004061944557803,0.010783920896431994,0.0022840966551829003,0.03381366288560296,0.00256118525684057,0.020025923035823644,0.007150468069268263,0.022802825367920443
neuron_256_count,0.0601563267829342,0.6067354741904974,0.017054272019030148,0.02201499444018508,0.010585294247045851,0.00013299906502667585,0.008534716399988575,0.031591864791208124,0.03043670657542817,0.03944930064244845
neuron_257_count,0.11127096295432846,0.9026505907476082,0.00020370589407931947,0.0004834085848882466,0.043440675439742185,0.012573053843278038,0.019407660851106068,0.011070648919134354,0.05139839725002493,0.08242610804721094
neuron_258_count,0.06736956112270082,0.6541252947009644,0.011144789092570051,0.011663371914534953,0.03155339813937466,0.006261648895535987,0.008033050675325303,0.01956790356840507,0.039659708620506356,0.042295636316904466
neuron_259_count,0.07046362469166086,0.7260025571735014,0.004658473474057807,0.0064682636827227205,0.032073024711167755,0.009664562775463799,0.01085678594138162,0.013488502046127934,0.047870655584792365,0.08895715535247853
neuron_260_count,0.03870419383098357,0.37490008631813654,0.012654745942753481,0.005750364322934361,0.014807970043802583,0.001564035987999513,0.0015910025053355913,0.013689925468913774,0.01744821794090421,0.02306904506092298
neuron_261_count,0.0500977106499514,0.5027345174654085,0.004549812649770859,0.006486596348446196,0.023639546811212865,0.014246988857181238,0.020899345502020446,0.002966795295902897,0.03728301400351644,0.069649090981759
neuron_262_count,0.07143425033308592,0.7068336903889452,0.007634172239934928,0.020940240153124727,0.027495135670502872,0.008128991549152413,0.007290658456989965,0.0357682077225235,0.027966917504962843,0.0372342235374459
neuron_263_count,0.055113164726118866,0.7068914939241389,0.004448946242502513,0.012960121193658643,0.02852969111740193,0.005710568452053796,0.004633580105100149,0.032044117086800786,0.018893191555973535,0.04343056028406565
neuron_264_count,0.056815605974155574,0.5856578876943249,0.019255219403724697,0.030896569263959575,0.016154291656606437,0.004813993829828323,0.0016557728801612909,0.03464324427638963,0.021772403670989572,0.02978728706737207
neuron_265_count,0.05142119729662413,0.6929798290195561,0.007417142040487518,0.010803835257125458,0.024358024984673647,0.012179915909571182,0.008708520965814995,0.02681004975277282,0.025700709715932954,0.047530088447963637
neuron_266_count,0.045107149436499225,0.49167587321498724,0.0035095265430281804,0.00335168174199698,0.00699205889917464,0.0017776777543666508,0.0019290358792521944,0.027132549019746377,0.01734096834182837,0.03351260493280722
neuron_267_count,0.040813367430524355,0.4518549816423564,0.0021896480713350826,0.005532231113660236,0.017191418805472584,0.010560799644789579,0.013683712018133232,0.01554813676079099,0.030374821066996738,0.046691231254189176
neuron_268_count,0.04642866020694432,0.5920435411925071,0.012562163023760897,0.016189244159565824,0.025432161999380358,0.008530049880601367,0.011782020593553828,0.04351343403753684,0.03410306545856809,0.06545040030514379
neuron_269_count,0.02622575137866414,0.40718011247192876,0.0066481062639830914,0.011253486971268673,0.012813098997026491,0.006479213826819631,0.011768263461781107,0.034218363424037564,0.02669216283102487,0.03798986899658041
neuron_270_count,0.05194690002519531,0.5930864219235394,0.004046486847616791,0.005374372907170646,0.010632375771821384,0.005047372726593828,0.006835980697975162,0.04543360666003815,0.030277778084082135,0.05501467863491452
neuron_271_count,0.014453727788898425,0.39912016062449135,0.011133858952552148,0.004058248103289263,0.02295117013956515,0.00424155065178165,0.01289215719319075,0.031441629605506775,0.014382645050310276,0.0611101596733889
neuron_272_count,0.01796068573901355,0.520742591745689,0.007377142880472337,0.00099951849944949,0.01738895471164241,0.008782496349203625,0.012763154712483724,0.01443334625893726,0.019026976786167438,0.08397749673422641
neuron_273_count,0.0026417018142436063,0.33010137063324,0.0346658732448146,0.003851357068968452,0.035841186963208815,0.006326763445489422,0.010436283146656851,0.05223328067226472,0.008443556815246028,0.0973279140789322
neuron_274_count,0.0022219270765599444,0.06873273334055946,0.07841802869734066,0.04152079705427758,0.04416497875606655,0.015960567845167542,0.0053185887671640605,0.006379389173568492,0.005401001966669976,0.11240063021523525
neuron_275_count,0.019495532330070994,0.06296727772998284,0.047113969511623076,0.044478013471211046,0.05761292362024054,0.0015084741728615507,0.002364369665905624,0.002989211398597858,0.001171435482909905,0.0622404823780424
neuron_276_count,0.025386053760459625,0.424599719746279,0.001701883636118384,0.011610569553979502,0.007177471063840139,0.0025395379268698393,0.007705466544471969,0.041611665560350855,0.0222261015911496,0.043474836497921394
neuron_277_count,0.0006588054916052584,0.23256314089755697,0.004975831369554956,0.00013735498676195222,0.019069254917151265,0.0005035559453056403,0.005455634559660562,0.022179822617874406,0.006316136632689019,0.05812172048005687
neuron_278_count,0.02982013176991541,0.017196567431338947,0.0394075642038942,0.02224278259705713,0.06983042833551376,0.0017024402217387484,0.00046411888749398923,0.00947289942128663,0.0026295407533200206,0.03796143602430978
neuron_279_count,0.003323806782904462,0.09358021907312991,0.01157256589695084,0.0028598817043420308,0.03986819789492564,0.0007796188506969601,0.005439733650391569,0.02396713165369032,8.136244400944008e-05,0.05448196219897225
neuron_280_count,0.006421894031325447,0.04063229997232137,0.02633259162290809,0.01727842345596428,0.05699334380449256,0.0004685100140156065,0.0032696832725352537,0.018054143949624027,7.537788004610517e-06,0.05418527637512574
neuron_281_count,0.017163260818895673,0.012887069753381955,0.03224472307509442,0.0035124127750069505,0.039599474433598146,6.091192183165081e-05,0.004021095147923696,0.014343856777718926,0.000899272489115123,0.0325396611727978
neuron_282_count,0.01019566023239319,0.021989544774581093,0.054773590215620255,0.03890830167740057,0.08656877151302617,0.00035481624000630214,0.0030292747862499386,0.029610694646687065,0.0017339444592904783,0.045958132739481045
neuron_283_count,0.033633395388800474,0.0010172445847336647,0.018798830183167373,0.0412813753248962,0.08141117767208356,0.0008771571283885012,0.0018698675790526018,0.019139759327479633,0.009654623101436818,0.037771530948168305
neuron_284_count,0.031579626272996875,0.0208215338411767,0.033752271000144315,0.029319186052808713,0.0825602173286493,0.000907739299977027,0.00024250012143316093,0.028901443853270543,0.0067272784491556326,0.03524997385503597
neuron_285_count,0.003282860666318825,0.033444537073340816,0.011805435815039227,0.0015381408110349687,0.00434045654492328,0.00015676882224020057,0.004144477565286575,0.020711060722444573,0.00021658076599822152,0.02758016297130801
neuron_286_count,0.054293105586129875,0.007445224235879016,0.060025181800094835,0.030817797493502122,0.18763231443976916,0.006446755941826296,0.002120007228182221,0.08708180938782314,0.02389488832807632,0.048516093591663104
neuron_287_count,0.048985486260100575,0.012683445562712201,0.0573200389005486,0.03538083325446083,0.1700362095878798,0.005747779436593457,0.0030023763576827664,0.07330555411967275,0.016403611134393203,0.05235597480116953
neuron_288_count,0.016341735643834496,0.008659480699920126,0.07663897344523929,0.034022163041768305,0.1025025664229146,0.00113672179888627,0.002763802833039869,0.08067486752722125,0.0045421051923784095,0.055981386490728646
neuron_289_count,0.02875627240268061,0.00484928747054025,0.07411062287799727,0.02040829506981509,0.06791907986043211,0.0037245275184317056,0.004551266839571924,0.07893728324368379,0.004119545780671172,0.03595328455266901
neuron_290_count,0.06457212819089023,0.007311372023167485,0.06709643801993936,0.03748733071625206,0.17145443093422036,0.011161519083585258,0.0021316070020870603,0.11638647587752168,0.018149735344007642,0.05425246400172774
neuron_291_count,0.044115494259467064,0.010114733530340626,0.07042987658441258,0.030515433616233337,0.1333536000951916,0.011578781584245038,0.00509026248762498,0.07769188061531038,0.014177648054212517,0.04355894883748471
neuron_292_count,0.04608371597993967,0.016366428540874015,0.030049913993764818,0.017951871883887728,0.09477332062533314,0.012277676116559333,0.005829212076679552,0.046025896744562256,0.01751314818884886,0.015755771058518303
neuron_293_count,0.014983363531113916,0.004921401173813702,0.0062921743668087685,0.01501240170826229,0.07208862638062871,0.002406409484145944,0.010701452241162052,0.009506598933099172,0.017692287219394587,0.007614012453952557
neuron_294_count,0.07378140656348908,0.017183466667981456,0.04587001019448769,0.04671427108036186,0.20150432094612467,0.00998478797487154,0.003358782316954873,0.11610202693859696,0.038039347504237736,0.03156179655461362
neuron_295_count,0.08026552617246299,0.010224845184023015,0.05001132203892178,0.02513692203818907,0.17896662827026963,0.016151803830028233,0.0020362687892307857,0.075019678157562,0.024878923303164283,0.020324629657397397
neuron_296_count,0.08634617344584691,0.001029999327816022,0.023330843374552573,0.020388888138024266,0.12215816138999872,0.016005389568811215,0.018997601808603604,0.07640935577983368,0.020945263945807313,0.022384699237089717
neuron_297_count,0.08714683465135756,0.02024904501016707,0.0366740113294987,0.04277585869974998,0.20188465994846938,0.027982674513702288,0.0052472658958088655,0.10213848907781747,0.0376450048120722,0.025155098172793836
neuron_298_count,0.03465541920065063,0.0009894666853181334,0.032766139631450295,0.0019429369879432543,0.010880152859606057,6.139373125957988e-05,3.8520348118267615e-05,0.03917182022166718,0.0008072619684483043,0.02241081080371146
neuron_299_count,0.040867910245170905,0.0033431208246875975,0.021947688471165808,0.007248292231861936,0.019960892947306096,0.00042277483744258826,0.007771025903265623,0.014586469559009947,0.00027593339666595,0.015335468723527673
neuron_300_count,0.02813315676104733,0.004725161168679368,0.02811455534375848,0.004903694796950957,0.008463452403405111,5.424434589913849e-05,0.0024030035062034237,0.011253204798328857,0.00024290003418494556,0.011623079841049523
neuron_301_count,0.05144647276174176,0.001715983815801972,0.01699512792779194,0.0006680089260909829,0.028470538214299602,0.0026804410220037864,0.00027567868864598107,0.02391422400474163,0.0010503186072555667,0.011917427995301051
neuron_302_count,0.03880672391952253,0.00029152094223586743,0.006624836507865217,0.00020163156281836762,0.009607095700959321,0.002595992417251527,0.001075094994135866,0.008095001135663082,0.004604343543273215,0.007367030606873277
neuron_303_count,0.0037833370428738376,0.0004472387021538025,0.0010516138886983543,0.0019087276790394278,0.0029625669245137327,0.00042983797133851805,0.010198838663258363,0.00492327714044612,0.00683183546266157,0.007803571922386447
neuron_304_count,0.08554479294550424,0.0007152123389761733,0.006248947975863804,0.0011613188436954969,0.012335007486333927,0.008086794249449018,0.00038322908388742794,0.0523289493729792,4.6344783170716025e-06,0.018126039779758116
neuron_305_count,0.09022654473134789,0.003355172561720427,0.02219269714720834,0.00028239220681958686,0.007997297121881068,0.0010181951913469413,0.016050544497335763,0.030336615862009253,3.961070863418972e-05,0.012535844875148437
neuron_306_count,0.0889201183016336,0.01591705097877448,0.02125961352608878,0.002414177456142093,0.06088353621759468,0.0056234947409308095,0.003962782828493917,0.09665699684441204,0.006818076308375519,0.05619429751156023
neuron_307_count,0.06126523864698702,0.001108783289448318,0.006623112793863795,0.0007395995290688448,0.008000780229235338,0.002780311419826466,0.0005137211396746763,0.03347012794904544,8.119826882207115e-05,0.009610850792722572
neuron_308_count,0.016296232157190116,0.010568264699881091,0.004047081701777953,0.00029820854967721943,0.001528993131815034,0.0054319449210686425,0.000306054691054416,0.004358742054656042,0.013254450468010985,0.019570235083262312
neuron_309_count,0.040628344969482505,0.0006097670208312315,0.02586792539837343,0.0011046298497786565,0.0127513217342283,0.0004108808987458301,0.01695138147682171,0.02954756807641369,0.004698281052458272,0.021894026790223606
neuron_310_count,0.02282646443715343,0.014383470566578072,0.0005234412007511058,0.001243931193756334,0.002362903917701057,0.0016127890606119685,0.009996216688075772,0.0036461190995595322,0.004839482650026802,0.0022246263361082076
neuron_311_count,0.03127238651861419,0.01457704721573494,0.004402016721978666,0.0021311241515288987,0.007475885907910089,0.000684620883609887,0.007345127565933918,0.02753969059479485,0.003292962727445524,0.027353231324212822
neuron_312_count,0.001959272458661874,0.01558278559670441,0.00048235549238147095,0.0005860889490409719,0.006080463991797298,0.0040909324273123646,0.0001921369066614784,0.0002542002816009444,0.009669556592085474,0.006199327640189871
neuron_313_count,0.006397226070100563,0.013801153585850823,0.0005640238291875991,0.00016154932262301986,0.0003993969240043086,0.011148595107954892,0.00035733167285190333,0.004747462259041223,0.015627695486839226,0.015606265589174925
neuron_314_count,0.0290271127791661,0.019986692929791314,0.003400908806508382,0.002413416540484277,0.00945026620564915,0.0020626447786613322,0.0031848018850523553,0.03908470136438217,0.00016268622984313714,0.030965696723957707
neuron_315_count,0.049526605789898474,0.044130800855757796,0.0036158325741915028,0.0010260778403101767,0.0030875150929081914,0.04742962653067311,0.0028775642424973304,0.04113373021077142,0.04023861464748796,0.03960514016031357
neuron_316_count,0.0550839500387236,0.021111127793874973,0.005044502349893162,0.006161169376486149,0.001642954199071762,0.009938675483456748,0.03303902687184505,0.01490447504694975,0.00028252218714241474,0.023117263432415276
neuron_317_count,0.0596652210130017,0.014906635443715774,0.003621126302695482,0.00680661162154543,0.00025869454635908673,0.03630499546829952,0.029594587735057923,0.019516149084552445,2.193165350364984e-05,0.03746079442692177
neuron_318_count,0.053636456065367974,0.001980385421861474,0.00039899263554409384,0.00873655610781593,0.001753806574028868,0.028774750511167,0.013731721634034612,0.025086551640327887,0.0007119028060015593,0.02452367473634029
neuron_319_count,0.07425905816194633,0.01890092084752358,0.0019020727763359978,0.011797396768856633,0.0010631012791757766,0.025065265566358047,0.006784463536886692,0.03865329970303116,0.0010600646119744376,0.05577473251611094
neuron_320_count,0.06892295514391877,0.7192404731099726,0.022114071464679613,0.023587803076187172,0.018378762715640665,0.000131104217433722,0.0046664668062749715,0.04735811465631953,0.03688367774903488,0.04317945530231472
neuron_321_count,0.09890453094974447,0.7868722420930314,0.0012142811930603691,0.004196987101424687,0.03308732137026975,0.013223638583844073,0.03203780531379735,0.007205551318461727,0.053985959821028134,0.08476838993573524
neuron_322_count,0.05678204978215773,0.5789431699770617,0.01260929813500752,0.01586583489183987,0.025703632867705523,0.009039678385626842,0.01180079968398183,0.021250038053483924,0.03917522055253418,0.04799122092245833
neuron_323_count,0.10276647211493678,0.8934273092111518,0.0011094271656124123,0.002260186967146728,0.03876661057762962,0.022981625666940092,0.029128849177401994,0.006596839880191371,0.05580854544771502,0.08798525176724534
neuron_324_count,0.07253128708651968,0.7413474704727334,0.002910187558712654,0.0008347653368824606,0.03002344763148382,0.006407946936982413,0.008167049797937448,0.019092387678678185,0.026540542964237607,0.06202085576715009
neuron_325_count,0.046531332697513125,0.6026710622270153,0.018134052360161704,0.021507262282604037,0.033172003615987454,0.00574680825428588,0.004955077596761212,0.030046077540570926,0.02434699982144789,0.03169822290930091
neuron_326_count,0.042824758168986427,0.48074540497494095,0.017559600842031682,0.018063702984980213,0.022513299435767815,0.003101151348177152,0.003994085048526261,0.02393881391088641,0.023576134520613707,0.02182044573065021
neuron_327_count,0.051464363830803946,0.648445562966772,0.019044994561229135,0.029911851548888244,0.03407789609748281,0.007719434432697389,0.004569961261318738,0.04357380489961704,0.0225139866484488,0.03333851801039871
neuron_328_count,0.057501441566630576,0.6400947551860776,0.01959765292340738,0.032611253206819575,0.02543534187219465,0.0067021112918324785,0.003521234934406172,0.03928287100935654,0.023011619250159245,0.025678932040389492
neuron_329_count,0.05140362846832174,0.5797929449182739,0.010184543070592737,0.014186613759964238,0.014841096660241124,0.00583722083699377,0.0008264548141031468,0.05797354475842088,0.022896647281920153,0.03622247187562038
neuron_330_count,0.002390692322824319,0.2918072953660771,0.0224469946066118,0.008619865490145292,0.018666597433437904,0.014246680298811418,0.017578117737314367,0.005430564041766554,0.010332849858833065,0.09488752563135662
neuron_331_count,0.016535207898202064,0.5361043261519205,0.0007864148014204292,0.011361281271337176,0.010520534115828886,0.010457189132813335,0.01887621079662509,0.0018931704534934889,0.015901614285182553,0.049510264956596745
neuron_332_count,0.054782236023416066,0.7513367527615011,0.008476126645234311,0.01642233868836042,0.021573413426956956,0.008816167085311723,0.015548656857041862,0.029776960312539485,0.034755287319800425,0.06108740434216314
neuron_333_count,0.009973272585629973,0.2672208859726293,0.031231359839697936,0.006323297647196205,0.043475324187148265,0.009759973406912203,0.014988211560025867,0.010441649090121435,0.006780009122643746,0.08642473273014484
neuron_334_count,0.031230469746067385,0.6206523797792248,0.004491397043694546,0.01879354451861126,0.016056842436794408,0.006106079968484501,0.013827203016446257,0.02628312543755211,0.027854860139295473,0.05012665894392394
neuron_335_count,0.05764120024551777,0.6924670861616435,0.00947992527991728,0.01855505551943485,0.022856032258907887,0.008015890269829476,0.01340241052154515,0.03840084079596167,0.039708640288771954,0.06686252253613884
neuron_336_count,0.021122516240614744,0.463802554363582,0.022846016765398262,0.006072796862901034,0.02815766137633486,0.009278129952150674,0.01136789479621142,0.04786079640247598,0.023113650785016558,0.0953694350852708
neuron_337_count,0.00915492855636274,0.05141000994781887,0.0567796115799724,0.038632140635440085,0.061290322200818884,0.0046817084104175885,0.009700386987600465,0.00966995292681782,0.00018759567448456242,0.07437057186612901
neuron_338_count,0.01903446946257671,0.06276552882115494,0.036957510296167555,0.04086248091515667,0.06539184113644717,0.0018535785603993348,0.005834822767108842,0.0008664566711409612,0.0018787506777880186,0.05119957083245584
neuron_339_count,0.035743874031839803,0.03747193966730339,0.02812600604435292,0.03469444106575845,0.05936984362043082,0.0008938765612040512,0.0017717832615259301,0.004934650270274475,0.003683688438389468,0.03824783050081264
neuron_340_count,0.010831904994659983,0.08892280837548011,0.0195461787299811,0.0001774616107708257,0.03495822532094972,0.0013368826122065955,0.006722382807746188,0.011230035890803021,0.0004730280017380198,0.06001163508352436
neuron_341_count,0.028596766957890138,0.06749996881232592,0.04155119395723331,0.05927891304939674,0.07034972424817754,0.006924136782591251,0.006862803269434347,0.004965423633708056,0.0010870416589733867,0.054166719433515115
neuron_342_count,0.019870872153480768,0.04011451977481864,0.007861902548629361,0.0038019025372626053,0.043401679421954636,0.00039519220152025897,0.009691116495393767,0.0049778882451094394,0.0007442807709512446,0.04601997703487473
neuron_343_count,0.0013273853295246076,0.1604763913474897,0.02345777988769815,0.0018530798006844394,0.016774041244374628,0.0016887471934743555,0.004488636150265436,0.02452604738660187,0.00621124013937515,0.07251972551928075
neuron_344_count,0.013531126512339592,0.017192590988617452,0.011172388728449487,0.004467141454825935,0.02298246558691428,0.0005670744878913244,0.0066759614254774564,0.004964369669449228,1.882083603064284e-05,0.034761144733273075
neuron_345_count,0.0013307367959822514,0.24235671346064364,0.011778814762566987,0.0006067993531648427,0.01187153948822757,0.0016811292703025026,0.014723459226009261,0.03014381898556906,0.006618494520206186,0.06094144830774963
neuron_346_count,0.03637518162095904,0.01616822070670405,0.07144103364089571,0.052445879646379895,0.176656674401758,0.00582154127612762,0.0050790005490615325,0.0060693995714057244,0.007953444622862807,0.05226709743719918
neuron_347_count,0.03717615393701432,0.031518729015753186,0.028723158117991948,0.02476322367986901,0.11989929380454992,0.0064630481580848845,0.0021589158440537236,0.003928718411042274,0.006262955456843744,0.02733901208648752
neuron_348_count,0.041758324871219596,0.03127528919463361,0.048841385756367844,0.055789896762507896,0.09380277086987247,0.0014007567461420296,0.0013856812380651264,0.02926671998829386,0.007175492715123057,0.04564929123277353
neuron_349_count,0.03254931102742789,0.01563931050804939,0.014333467307832172,0.05424284801956247,0.14398581769583535,0.010839551713373752,0.01566202580052771,0.019888388859842634,0.013286088047295863,0.018919271715870885
neuron_350_count,0.026329002098694,0.009951254683233608,0.04573689195369074,0.03722658744264519,0.06933899921666217,0.0018499922415742467,0.012804552759094104,0.020851904130856982,0.005033251288494765,0.023607835170244847
neuron_351_count,0.059771137649260675,0.015340357133855925,0.09019547262275807,0.04121746314341512,0.1493978951200639,0.0013196402084601575,0.0011018728399288854,0.05164101632111383,0.01214405286733046,0.052671971875921625
neuron_352_count,0.06806657569527647,0.018957481040018015,0.037239536244263696,0.03008826104006311,0.14528044508184854,0.0080228928852377,0.003986597211588519,0.04506933869990201,0.016425291088966537,0.02657573469995199
neuron_353_count,0.07255421636442339,0.030157440212437922,0.030311935648073052,0.02936331173771628,0.15079231179347397,0.010544622368687737,0.0051451526914403495,0.030968868641998576,0.021818228422774658,0.014841032956340608
neuron_354_count,0.030245827905254014,0.0017982792022128574,0.044229104947228925,0.022534540553044394,0.07124286470863295,0.00442551851040994,0.0069175217431165295,0.04094703395490441,0.007695451531505505,0.027106590513470114
neuron_355_count,0.06580180869106894,0.007708109528716492,0.025569110681313928,0.02156538595270728,0.12215586034027875,0.00861699020474728,0.00842672979007672,0.03749609303404315,0.01160946052624326,0.006463213163991899
neuron_356_count,0.05362280257129429,0.00031552104126210444,0.06022028583770858,0.03822021658819863,0.08510772609217607,0.002935985112389794,0.01502045098001245,0.057996234096433036,0.006130514253559045,0.03706816925572447
neuron_357_count,0.04440394456222799,0.016923282008969476,0.04205528732743502,0.020248349299797228,0.07325071090684837,0.007640955469576834,0.004434450556511101,0.0614151547993229,0.015007463683662826,0.017658832822859245
neuron_358_count,0.08443670577761164,0.025593230578086476,0.06736776862901236,0.05490115013500313,0.198131882662512,0.01229514919479291,0.005066103405717663,0.08368260355042001,0.02911465705498019,0.04451857726679853
neuron_359_count,0.07245756961010194,0.049910299545087175,0.05306841922720815,0.0332806697936746,0.12081396296435684,0.012744997518161633,0.0009939243004816259,0.0608537555535974,0.02025445908630924,0.02444419587504698
neuron_360_count,0.055769931830130515,0.0026230517461473535,0.042270594801991856,0.034427032906149624,0.11329035430124224,0.009631111413463872,0.006573486191050339,0.08669852532427266,0.015453882757070811,0.02486487620075685
neuron_361_count,0.0877990919812123,0.008021999092110522,0.05323998425057344,0.01444466169570427,0.06816641936204539,0.0036617403054150233,0.004310417535500405,0.05882879374250091,0.002608748952030969,0.035847854965598766
neuron_362_count,0.027350249460517173,0.009860838798715067,0.03270664756194766,0.021376927227353945,0.0803251504618363,0.01651314121122445,0.017894939452451568,0.06852816355409336,0.016635175774269248,0.01572259065520716
neuron_363_count,0.093731172636255,0.016950762492334334,0.05009581165288518,0.03211024847844404,0.21137908555542387,0.024014646855257435,0.002692808084500814,0.11858555847584076,0.03733774237235023,0.04354127131234857
neuron_364_count,0.058303167996930916,0.000280987211957141,0.022082979141132927,0.0023496660999991446,0.022380574807276385,0.0029941732414472295,0.008954630765671545,0.03622520048054435,0.00021369311203262194,0.017373574424021043
neuron_365_count,0.08481988550431824,0.0040743683288184465,0.039190340246329225,0.01641642692140194,0.09409625696833768,0.003877402645165652,0.013311666499294182,0.06763459023904926,0.008678959997863493,0.02872543000301085
neuron_366_count,0.09236679698959871,0.0033843839719147617,0.0347028890566327,0.017294561622384394,0.10701675418138913,0.0057718454687384554,0.00048178336892130903,0.084277984234686,0.010177130232198461,0.038606358207378705
neuron_367_count,0.04441991537273185,0.0030198017934332903,0.01361393682791713,0.011422597134922573,0.07350094575193832,0.02045380056347075,0.028944586750547056,0.06027866313772806,0.01846578066779149,0.010296840288566055
neuron_368_count,0.10371502858329879,0.006950726892973318,0.012770393530331964,0.005361726001654243,0.04808841164379868,0.004350446142417634,0.03668546236668316,0.021592705383615393,0.005523894881479245,0.008583879667151774
neuron_369_count,0.0946331818768909,0.00530187210510559,0.01179544553048012,0.003407380535121027,0.04396183525344874,0.015585267663152505,0.013964157786907239,0.052371919002022656,0.003047604081307928,0.017219897663304735
neuron_370_count,0.06943911442880785,0.009138170831460304,0.022899899414943164,0.0013505448565185492,0.04233278138430989,0.004100852182134185,0.0012927022564407503,0.06453891696422509,7.738514257400958e-05,0.031188473239434078
neuron_371_count,0.07212489660124419,0.0014277997173929233,0.003100681642549577,0.0019512010359806799,0.022546906363890187,0.016249921303220394,0.01490967202014054,0.05189505404113745,0.0025293182805464706,0.011245888223683755
neuron_372_count,0.019488887610243158,0.002508075460966045,0.0009614015852699598,0.0006096492921951273,0.004516250074759372,0.0031842228176339193,0.013526144871933307,0.005090357609185407,0.00181385799226573,0.0011540651896753346
neuron_373_count,0.016842701684023333,0.01796964616247622,0.0014219654113243997,0.0006126780533744257,0.000390550307298204,0.00041263225649424123,0.013344873958426566,0.0001160988225199981,0.008304935033006326,0.0017205778411800918
neuron_374_count,0.04856186790297615,0.002594995020482136,0.0019299262787653634,0.0012225750749564656,0.006657985430641146,4.961608119549775e-06,0.02211640389065165,0.008444236890954505,0.0019158065022833737,0.0029106557149022466
neuron_375_count,0.0010647944461747542,0.014227970881071618,0.0012860300093037263,2.615651130749748e-05,0.00045870975259962136,0.007182491741975685,0.003918899420799227,0.023937265930616434,0.028266445254625485,0.023627346954989213
neuron_376_count,0.008506617738395027,0.01194977315396789,0.0006292090689573471,0.00027846729908189826,0.001381099751881205,0.004557885382500026,0.00794022510951636,0.0024685045056471837,0.009789389984021804,0.005433161248545888
neuron_377_count,0.07425039588622415,0.002655554385469744,0.007942363577833969,0.0010295872713224352,0.01298689870020038,0.00010986046349482047,0.014504558370513718,0.01871408399891604,0.00016502962625009575,0.0038352456825684125
neuron_378_count,0.013195239176750459,0.009163981750510392,0.0013880143372892,0.00030153014838971625,0.0036668955405148515,0.0082877078923397,0.005514083761132167,0.0019836538625049834,0.007931943802926382,0.0029701689761590933
neuron_379_count,0.06998561292451475,0.001115437348986682,0.0036634294525881134,0.0013028994775812746,0.0015361995776532987,0.03407288821012856,0.0008192202838879438,0.057314968611951574,0.023272087605473737,0.06959661750459656
neuron_380_count,0.0036398467246807065,0.03411538977126791,0.003670281198018894,0.009197323848778825,0.00043337273292005235,0.0030074777231586386,0.00026314639166669963,0.004708477224522063,0.007062908741728199,0.0018686902109553878
neuron_381_count,0.012874712257588149,0.03677245716923003,0.001032973204757253,0.0031073375677140094,0.0022646383037286093,0.0037321710614624803,0.010413060436581273,0.02041328833244401,0.0012890422550368777,0.02369290116311161
neuron_382_count,0.062428638276297244,0.017660666877090392,0.0029786012555063548,0.008232892836043781,0.0011909596945397921,0.05363198447384976,0.028123251046266826,0.032949443255967145,0.0008769562686412485,0.043138901624589124
neuron_383_count,0.048360454508780765,0.012433013231864687,0.005499759674519454,0.006680613265541618,0.011008871540300488,0.021916425121256647,0.04884242697873975,0.015159279881017194,0.0013128058174818671,0.038745552802605526
neuron_384_count,0.09138168460123083,0.7299293330088994,0.009640447917087076,0.013557296415469183,0.03614894357580429,0.01272273717191929,0.017494341898539344,0.03172389177411514,0.05098620181176946,0.05793941865255687
neuron_385_count,0.047880948001492535,0.563429594182622,0.012138718420002678,0.013529103795079527,0.03044201221601974,0.006488743144548451,0.012786844221317647,0.044309666477156,0.030282109745496832,0.03963568059809961
neuron_386_count,0.07606014355818533,0.6061843974027616,0.014876508862234981,0.013954071713403342,0.026533994197516224,0.005657509747114032,0.00537840065908057,0.019325927184596123,0.04222153296750942,0.050105353555789406
neuron_387_count,0.07936025331017914,0.802865713433006,0.009549012434071975,0.012186653223278367,0.03318835344788092,0.010351952256480904,0.006659717434363707,0.026622907205037412,0.04714384509783512,0.0636577877213297
neuron_388_count,0.07663884692670708,0.7301417900660646,0.003469136847886564,0.001188670153936134,0.03851021042423483,0.007160354690266067,0.01001929487868898,0.011861629504675564,0.031043205688936745,0.05027296441646675
neuron_389_count,0.04111641663898695,0.4675386190025179,0.014189134150681498,0.008029702289410502,0.029161971087336237,0.002731706729678207,0.0017302016471325461,0.019333575416261288,0.021840719924132827,0.037742951269783345
neuron_390_count,0.050580309108633925,0.585775114987263,0.012169416570983152,0.017608426933997216,0.023303015892343848,0.0024339669551930974,0.0017993715829985255,0.04043517791304347,0.020487529876568086,0.031333720959256454
neuron_391_count,0.04715268154470281,0.5897320333555807,0.013109029650323262,0.014368701931231027,0.019932621246424635,0.0020841327374635545,0.002478988211496759,0.0309789590877365,0.022992029157435534,0.022392544977935497
neuron_392_count,0.06709983353806026,0.7216854822263257,0.01311105290781693,0.02821691816859872,0.02428394864642991,0.005057533855047765,0.001647951255022359,0.06425041970114753,0.016447960609612032,0.029769432706251035
neuron_393_count,0.03678399651024353,0.7444087745120112,0.006019752869068834,0.022213807212765863,0.02114514570168631,0.0051983932852262965,0.0036697184818848053,0.038989100857509215,0.029161956909845937,0.04636109644885961
neuron_394_count,0.07562779187444416,0.778051379042919,0.01365259819648218,0.024988646321914977,0.03513239210323394,0.008626225216381643,0.008081435470821866,0.04095148284535395,0.03561404747524466,0.053860542815455444
neuron_395_count,0.006072792705888577,0.47810802118947804,0.0027203396973753055,0.0015616302805244722,0.02966158198102209,0.01156195541168821,0.02220197070563948,0.0027451082917541447,0.024072594525898938,0.0872102968775335
neuron_396_count,0.025041016122332137,0.5248196690862392,0.0048980723844111425,0.004311932827000608,0.02334451379232426,0.007401001482280699,0.015069197472718752,0.021018397298806425,0.02133970575806672,0.078265736214658
neuron_397_count,0.06429031881886778,0.6824292137302664,0.003517976918685519,0.012949256347505475,0.007860202986988987,0.005778937666043593,0.012985931740478088,0.041331159101960765,0.03504402379045253,0.05037306749454437
neuron_398_count,0.0032063349819575516,0.2134657961680293,0.013034170484231888,0.0010494390890425052,0.03099881382325749,0.005812175738185051,0.01299503218907637,0.012138391691224167,0.002968990560681624,0.055237838677638165
neuron_399_count,0.0015071046188292418,0.273054380718051,0.01761948578104905,0.0026301468482324668,0.04808440363020966,0.005695256116305739,0.018000159299358914,0.014816535109482415,0.005027884098407959,0.06347027437093358
neuron_400_count,0.0005350128299604065,0.30426796376002213,0.021677732095156846,0.005014258849607427,0.04079054789361948,0.008403431359792914,0.016417727895206957,0.012508518316086348,0.005921407048987082,0.09301035699806506
neuron_401_count,0.003906202581976305,0.06388129772002427,0.060252915957073355,0.028453182635390234,0.07863379561814124,0.003182593409737061,0.012987914039523554,0.017954424647056794,0.0003453864934852202,0.07273488977828108
neuron_402_count,0.00154214660837736,0.2742621951230019,0.012345876954957341,0.00033514273806439397,0.04360805708195699,0.0016549985391248537,0.01625007653585893,0.009339683865305537,0.006357059278754289,0.08933912347060174
neuron_403_count,0.005389272770618868,0.11072901541786745,0.02001535309842395,0.016956207136879037,0.07541012256868593,0.0006405197492109788,0.012928662881071973,0.011578832053419974,6.55453318649888e-05,0.0747517320287869
neuron_404_count,0.002812391618993215,0.17606009844969217,0.01117657101819848,0.0013029216149887286,0.04285839017832724,0.0008541800006876508,0.009033533939742565,0.026772479055866535,0.0009695566745395526,0.06992075568255834
neuron_405_count,0.02413988940731962,0.04678164248196209,0.06536296754738212,0.056385880452796966,0.11604866155945513,0.006117265198648129,0.002249984032358602,0.011563126697391832,0.003392978743327668,0.04673158267261057
neuron_406_count,0.009398362735950322,0.08489926328820757,0.02015960477018569,0.0039017613106106658,0.03939569183515007,4.737796206196387e-05,0.007344145234102588,0.02557137215980239,0.0003625428138234162,0.05129887600881851
neuron_407_count,0.016732127368805944,0.02641712525190191,0.02528996005526815,0.022600155618145296,0.06938874144460178,0.0003942582874300396,0.0035783727782376373,0.020006841344320264,0.0024654307739901474,0.06482877897100144
neuron_408_count,0.000180842214232038,0.12930954498617223,0.010195614912857753,0.0005598925260620925,0.018216530415770635,0.0013901784115270127,0.012468221265452252,0.01895224416042656,0.004087175529955495,0.042513735721558754
neuron_409_count,0.017863542962886572,0.05437790166756544,0.06159420622472353,0.025519551158058297,0.08732472197392971,0.003215490712331927,0.0018348219762345346,0.009482508762945506,0.0015742309947146867,0.05512786800701577
neuron_410_count,0.043382558929611986,0.02546112038317601,0.046413305118767456,0.03391378483194049,0.11601089792135472,0.0033514319534657406,0.0019114187864997037,0.004091151565223855,0.00585576529711971,0.03515281680742367
neuron_411_count,0.04736371745737877,0.03633835631264028,0.01902547137983958,0.03505777230053089,0.11334942912508485,0.005216315300281188,0.007232630816542018,0.006447192859360663,0.01101471129890079,0.02224812358923857
neuron_412_count,0.03142095021252517,0.02884291511422904,0.06696531812164427,0.04540494760277353,0.09969762293948212,0.0017975719187245335,0.0018099168735030277,0.03497078150878068,0.007075847380186094,0.05196202290571131
neuron_413_count,0.0662446090485535,0.012379114366204482,0.04488612976429035,0.047953267345652695,0.2569395412654396,0.007343766653195319,0.003208823294248788,0.06354311829837961,0.032328043046767785,0.05811053827428797
neuron_414_count,0.05084226078411974,0.009066706039062226,0.04163549057335553,0.030106409710330698,0.1638552959103253,0.0015546006161414883,0.001301917266015265,0.038891114293951035,0.010221291859169798,0.04041297525801518
neuron_415_count,0.046532397277610285,0.007821824956817477,0.018522085310005452,0.02046409521382688,0.10432830557069461,0.008388619467773431,0.006581408171394264,0.03253194686939177,0.009437154461617789,0.022781997744307968
neuron_416_count,0.06509213732593586,0.012474825283686326,0.016341835380570408,0.021010478809518326,0.1482473504009929,0.017017175958663186,0.0023395301655637947,0.03338177172014965,0.01804533288192904,0.024175454498198662
neuron_417_count,0.05054923720363261,0.00833647504839053,0.02738803813118132,0.0472753396574484,0.13778617302612245,0.012882780498912103,0.01031363532318983,0.05909504009477745,0.025850129712545744,0.028783638002352466
neuron_418_count,0.09567175433738528,0.029470948856472487,0.05310204005985447,0.050423982317315624,0.19727912707411974,0.01204351925890132,0.010142719935035432,0.06311362976898696,0.038625455699697914,0.029837586393674814
neuron_419_count,0.03410424795955702,0.003812109455274347,0.03841146805651284,0.025360967339525906,0.09839057195123631,0.007252811643817032,0.004125776101932252,0.04417433507678599,0.006457183462319875,0.015612240903261021
neuron_420_count,0.042443120990116906,0.00035159677156335056,0.01726180514165572,0.008207053581420029,0.05316983533668272,0.010491908820020504,0.011414416980151755,0.03406465801754449,0.003696381210471198,0.013267546218125328
neuron_421_count,0.061281841541941134,0.019981651257980543,0.049215230962883216,0.037934215221878106,0.1722568372719428,0.010650827390193907,0.0030801056099982807,0.08149628135092005,0.031483220112803814,0.028159995209854904
neuron_422_count,0.06751954101375854,0.018859182914007025,0.01395002937378434,0.015530400341990158,0.10944245742212287,0.02292113032156455,0.014720331541662218,0.02805906382933207,0.01687362863345518,0.009379290389008997
neuron_423_count,0.08509936092049333,0.04733118561486979,0.0486295738054775,0.03780284011864918,0.12148935163838821,0.011072617181398306,0.006709105127791375,0.03289155295552686,0.016183776368730182,0.026889021275178948
neuron_424_count,0.08178012083146619,0.008153328271605337,0.049332771040856954,0.024846486844961074,0.1353777921738563,0.013806671868492118,0.006366520455974488,0.05049595269929884,0.013651759438008698,0.04055130720809716
neuron_425_count,0.0665132870510913,0.013807021836066025,0.026630105929728254,0.0282726586609061,0.14596818576050052,0.020864930971580042,0.01064973884535507,0.04399087238502761,0.018257895662821766,0.021401891510717835
neuron_426_count,0.04844183022681983,0.0029764455300940315,0.038772046053659984,0.0038585050963404442,0.014007812989884162,0.00023920369031913007,0.003588687944656905,0.048904198658131094,0.0007629755861210761,0.029064709831715545
neuron_427_count,0.07156477993766697,0.01468656191718095,0.0355815238210358,0.028084831004164645,0.213973411070833,0.014439592344203042,0.0012180996285212804,0.08733418943680069,0.024854563187504647,0.030046978251021955
neuron_428_count,0.059672612704427364,0.00023807130124796653,0.009167192453382947,0.0011783769964091272,0.008273777681197185,0.004349001909172617,0.02648588563168315,0.012923841859392812,0.00014287010002522402,0.01206130243955044
neuron_429_count,0.06645270462330144,0.0037100618580273442,0.024285001187756658,0.001477743279599611,0.014337239450527423,0.007493694081934711,0.002466447545646136,0.02850349989764958,0.00034578112390398763,0.02227783684479459
neuron_430_count,0.08878724857939346,0.004148777339364473,0.011016705631716799,0.008782334095927428,0.08484086309436333,0.011737369019213385,0.014230002522419863,0.04992962331580296,0.0026214318253284206,0.021816090791302284
neuron_431_count,0.0007896963991011207,0.0006473620066133599,0.000618715101997595,0.002988384628501626,0.010009604144546616,0.0008359728479002105,3.914839253227635e-05,0.002613074599853769,0.01876533059575517,0.003162318613449547
neuron_432_count,0.016452961819549555,6.995776948429816e-05,0.003468236892970482,0.00010526307794558962,0.003890837920600498,7.03081351366994e-05,0.0006940528296287551,0.005615329280220641,0.0027610203352814826,0.0018425954088603959
neuron_433_count,0.07018217806188376,0.0032997859786849776,0.0026697409171191067,0.0037533885437298804,0.017385695433991842,0.00048601913196112505,0.02260129517148452,0.016220408477356507,0.00031404863673242973,0.003952734093118724
neuron_434_count,0.1389861830332445,0.022738255763834148,0.010426369344245248,2.5071732236927767e-05,0.01542916485539099,0.03267949126587276,0.050767577667600344,0.03665192813153556,0.02922853861834923,0.026953974439088174
neuron_435_count,0.013637930973173402,0.0025232915129360482,0.0014435103691739035,0.001322254849668043,0.00032934391965650704,7.838649990241954e-05,0.02118165178556061,0.0010766212126852078,0.0034053233672048655,0.004150480271615837
neuron_436_count,0.100616905149153,0.016901960744475236,0.0063832669582282115,0.0005983422442805289,0.0018937712783599612,0.019065816956719592,0.004534819432841867,0.02996487394675689,0.028544737915223425,0.03348148641004468
neuron_437_count,0.0015371489442777171,0.013695569781578834,0.0001955889658301329,0.00016310999599049053,0.0018618725989874778,0.0058165950174018655,0.00012341669253858323,0.003224195374667324,0.01789851696859241,0.0033882294923020416
neuron_438_count,0.006251460591170731,0.010284362082672832,0.00050279413052023,0.0003837231655616092,0.005913647536425948,0.004703352401047838,0.01035994035701128,0.0013750262731954683,0.010508408795726776,0.008463997956278647
neuron_439_count,0.02981221589625148,0.03141529982464923,0.0011820844768073973,0.00039929965913248697,0.001776168939799861,0.03013745171060922,1.3499614614980587e-05,0.026258200873974208,0.03794871946598909,0.02435837809491253
neuron_440_count,0.005062393190712087,0.0184809003696646,0.0004035635928925441,0.00019153590933508255,0.003042565531545665,0.007087792457819368,0.0015979721942093964,0.0005598528530172354,0.008592218223640282,0.015425895102359581
neuron_441_count,0.021583002542663852,0.054098558885824294,0.0009243763501884119,0.0008447514311627699,0.0037387895013261466,0.051886118105121976,0.005403488192422732,0.014343515278370663,0.03761456610504177,0.019418119339259212
neuron_442_count,0.002386038774572996,0.020420396026403193,0.0008492793264623716,5.700997900944535e-05,0.0018098131325400418,0.02696139766169648,0.0005246397585183215,0.012704600993688312,0.026447129469503568,0.030879448448525568
neuron_443_count,0.049388477751381415,0.02144755569869229,0.0017152647788962368,0.004545310468377119,0.0009866948064406484,0.003994453153473118,0.028644983633379355,0.008463844589395066,0.0009831490531773852,0.007303180743437915
neuron_444_count,0.0618317319340361,0.002427126101686678,0.0011107631768211904,0.0068321542851634,0.002759591376833938,0.009685405441826458,0.06752751303805558,0.002553785507944519,0.0014870196096791952,0.01266455299167403
neuron_445_count,0.02347050436137392,0.04414947434989999,0.0017234036831896109,0.0042770621719452825,0.0010360243750114559,0.0027921210733500602,0.010196889074466649,0.007155694905369214,0.008561636683347917,0.010413689805626486
neuron_446_count,0.06830407854651174,0.0039207437261459185,0.001617046115722793,0.00765974776471829,0.0015592780537257251,0.038909701919746506,0.04302489203436473,0.014877891606166614,0.0012947195501020557,0.02844938207832931
neuron_447_count,0.05364713634882688,0.057235331180227916,0.007587543013588502,0.0003665968019310197,0.002095063423631579,0.06748299106572773,0.02474214648860374,0.033011973263692936,0.06005632796429709,0.033977867189980665
neuron_448_count,0.0887263212487297,0.7322120450923137,0.007549116023550774,0.007064176244505775,0.021166607842909052,0.0007174286881415463,0.0015293929741428437,0.018480474451316772,0.027324694574591774,0.05175465163648671
neuron_449_count,0.0849721773326557,0.6989053216193386,0.0017067793649640627,0.008274780247713408,0.028504190804491264,0.014851919845891189,0.013733210948686445,0.031011697750712344,0.045474279162097814,0.07834091027046981
neuron_450_count,0.09061807159513148,0.7581916860806182,0.006255683666972482,0.0065261206086197655,0.023720108905146073,0.009279613330904907,0.0068374754423086576,0.016018523677983044,0.04376868364527477,0.08622013695880705
neuron_451_count,0.05525177110682732,0.5991194983691632,0.01604332412878779,0.013455225922700285,0.03218400869907204,0.0028152974340362076,0.0055972723561966,0.037443345337756714,0.02974430635150796,0.04096235431465631
neuron_452_count,0.04721158884750702,0.6180793941091094,0.008297905076175102,0.01219010491577989,0.02961986700444441,0.003732143145177065,0.0021925452282925313,0.02509041311021082,0.02118939080793092,0.026833293348379902
neuron_453_count,0.058667001973887536,0.731851525562797,0.004878679202263241,0.006825629537717148,0.03318105577290684,0.0028334696020889116,0.00312245689711875,0.03635077796010262,0.018487985391129197,0.057342792861470884
neuron_454_count,0.06739544215880092,0.7298606439357456,0.009951053780279058,0.017278237604289856,0.024058659382113864,0.009525948096853552,0.009851936421857645,0.04229764550618283,0.042778976298278856,0.04744976810905146
neuron_455_count,0.0659065898443778,0.7754234653249172,0.020358679118515327,0.040539468276902926,0.027915986059498972,0.011609320590779085,0.005565482319616351,0.06313313913453977,0.025620508285484005,0.035804895815842855
neuron_456_count,0.05544148261980225,0.765695847353187,0.011321867218578842,0.026138369396740455,0.022954455284234877,0.009089220914531765,0.008459399921463807,0.015940120005054965,0.03649060113031623,0.045202485375049034
neuron_457_count,0.06586490188017549,0.7680522180013838,0.022670301838419747,0.039582097505775064,0.02142381146144865,0.00271614952150211,0.00307228622195177,0.07896980916476803,0.02465152527635814,0.035718141433140754
neuron_458_count,0.06389815743111389,0.7244283522071537,0.01088591230318732,0.025822824924482027,0.016197737122670572,0.00303903567967451,0.002641383833923615,0.05852953141073888,0.027803430014627928,0.037853451601680285
neuron_459_count,0.0010945238952759125,0.31206923430558203,0.010145346021322568,0.000688888616419369,0.04010594434022355,0.009363625440977769,0.029109355246043814,0.0011340422072960848,0.0063450257469196275,0.06125500592782265
neuron_460_count,0.025198765554669045,0.629809157204513,0.0036920493499339006,0.0037349048704076668,0.027461447050729157,0.013407219328718953,0.015585582810955942,0.024868336274600153,0.029954990825760253,0.07605838460739761
neuron_461_count,0.0016513555477307984,0.1934858562291618,0.02594251056291963,0.004809912794731211,0.04509816967537758,0.005616341524567213,0.009628491096917505,0.01235072053953673,0.0044383070709439545,0.0885070786921898
neuron_462_count,0.00046086558678235055,0.3874270360384617,0.03758471980681033,0.0042568910337249175,0.06758831358109901,0.008312070204202167,0.01715055679996641,0.029178163564215404,0.00788335660481461,0.11438316674446306
neuron_463_count,0.006066862498793374,0.242817467126061,0.0009741752588039929,0.0004660213911567481,0.035337978321708596,0.0020423709477503105,0.009345590866143227,0.005653913944553099,0.005335400753285743,0.07180313929420079
neuron_464_count,0.004761214025111704,0.20228563726082274,0.012392462170812753,0.0008721652491767463,0.04810068215075357,0.0034120943491073724,0.011938282099741022,0.020473768832220532,0.004544705396821835,0.06442789442222115
neuron_465_count,0.005912565771716324,0.17146590354884023,0.0072290736586758525,0.00012172752276495721,0.034454075903509795,0.0016329399465402003,0.01123023692144709,0.009248411131153919,0.00381834356673362,0.06115369157809275
neuron_466_count,0.0018948620773272529,0.40193099456632875,0.006950343512463347,0.03348445658466371,0.015465315319207223,0.0032166597587801223,0.016938987685250678,0.00751957228897826,0.0184097609495762,0.053833916387007616
neuron_467_count,0.035518446574702545,0.042557086946172926,0.01892219035955614,0.02003378952401068,0.0879325419559929,0.0003691838845320132,0.0064923903546689615,0.005904001951943877,0.0024796382724925296,0.05691893455424868
neuron_468_count,0.001231255668088748,0.2615978791385201,0.0043587381428288954,0.0005459287232694558,0.011591953872846956,0.002804483330703069,0.014036171308156466,0.011594978071642177,0.013540998964173608,0.06341672210443704
neuron_469_count,0.030553247969846736,0.02146380759770641,0.021856091590882712,0.02285948573150634,0.10194471555443252,0.0013746284013346557,0.004241864337275178,0.01992344196083847,0.0039828024461883715,0.03549140092498923
neuron_470_count,0.006444416023361099,0.08003161518772256,0.015850295724512672,0.01061927904595003,0.04519755868093954,0.00233472161767064,0.00498768165412318,0.018351526426447003,0.0012457596347055892,0.0612783854968994
neuron_471_count,0.021160009795817183,0.05128388055061209,0.022897044841906675,0.0200569726287384,0.1191845508420467,0.001800655606512564,0.0044377047842042334,0.05704229983819484,0.0011258687843811142,0.05505237147602536
neuron_472_count,0.014139568456723803,0.034456633247896815,0.039393731623262956,0.045422471427964545,0.08608221849564891,0.00010026520661537194,0.006929341500050465,0.0372107655417509,0.002069279077758543,0.0745300407803219
neuron_473_count,0.0257326047334763,0.027094501291254444,0.035651039914124855,0.02412737199799868,0.08406177266264592,0.0002697242469879308,0.005567507689885842,0.0217456627181717,0.001455789629724643,0.04841093884414818
neuron_474_count,0.055690379966686104,0.02272888905338564,0.03599500333033431,0.04037617447685238,0.15458007048943606,0.0016635859931664262,0.001236331878196023,0.03129039344489232,0.011928661180309705,0.03844974479220878
neuron_475_count,0.054158003877904204,0.031157438752274405,0.029251422470161104,0.028118583784098386,0.14714949507418326,0.0053232957437689896,0.003833736493402476,0.020917487998857037,0.008767676063479848,0.030328592204370772
neuron_476_count,0.04360599783711275,0.02437090198797523,0.03457308908607325,0.053669550984271897,0.12969209649195457,0.0028366512127796298,5.739303163069479e-05,0.02132713293350899,0.01127247439657958,0.03980653279478766
neuron_477_count,0.05445578329239771,0.015508058506228092,0.039247170008550505,0.04219970940782053,0.19705038764679786,0.006337606396942828,0.007422750443956669,0.025878262152162018,0.01746627850548814,0.053668019156163566
neuron_478_count,0.04188820151395696,0.012530725993036982,0.04724413137946451,0.023708324971187522,0.08981006337284897,0.001639016331924703,0.010175031974701536,0.02387213863695365,0.008911990007476653,0.04256356935702363
neuron_479_count,0.06960600334669029,0.016260227555279214,0.019627031931923583,0.04451893930279857,0.22097328790636508,0.008825354270298333,0.0016007831217539712,0.02443006617485878,0.03207845928359507,0.022312666736261796
neuron_480_count,0.06550313851492759,0.020455240929751775,0.03450187148305585,0.02943143629893527,0.11740658417576003,0.012588080018463288,0.007942382890809785,0.053331737542870156,0.012052526525417176,0.028806189786798497
neuron_481_count,0.04194477458600915,0.008441939591915876,0.03617035517675539,0.03756312449327512,0.12737324990004129,0.009511753408886242,0.01277468729040962,0.034203363474804516,0.011431024570183336,0.037320876994914945
neuron_482_count,0.07642417428590656,0.017999599568019567,0.04604471463925827,0.04901314119129291,0.13624984073128915,0.009086986887973894,0.002803613992611212,0.04773326334629982,0.016915145316527824,0.044497124143606404
neuron_483_count,0.08262752281495464,0.011689264232429247,0.05132321677743934,0.04253499095395011,0.11090123878458122,0.0118888986649483,0.009514061973110347,0.05864577280495972,0.016363437322754693,0.05376608236274148
neuron_484_count,0.07404017035483335,0.013430556022605414,0.020367582402810724,0.027614030033158696,0.14411828370521795,0.017259952917914767,0.003383756028479963,0.05267844518668005,0.018508130646798585,0.02879212635167698
neuron_485_count,0.07217284285265188,0.01543576548818365,0.03513801276022607,0.045951719391056384,0.1964782406671755,0.01284717843654,0.00035910880199566814,0.09096336912264058,0.03521822789269631,0.0435570154577561
neuron_486_count,0.06135207230659523,0.03219104349259279,0.0367366113808007,0.042972374709098926,0.15064077709977186,0.008649413511987239,0.0025495861651414,0.05175209863395684,0.03249090394849741,0.01955170598897832
neuron_487_count,0.05794865340952132,0.01819999856709279,0.043924413233702705,0.013760004806904855,0.08772513007632687,0.009541528416445628,0.0038354955167261354,0.046662207170245745,0.010737503019109113,0.0250155531627963
neuron_488_count,0.07819606617187341,0.010527019457566525,0.017962861919578715,0.03183812725616779,0.1760338375420949,0.01351317766500909,0.007291097531615803,0.045936574755333776,0.032518766095655266,0.018685741342783974
neuron_489_count,0.07647701192453799,0.013615525537862563,0.0224197221076798,0.0330200085090792,0.17842226839026556,0.014017749281684172,0.020429194854027874,0.030539864555428328,0.036945568231007114,0.013409128697542128
neuron_490_count,0.07055546644809874,0.001846908791397834,0.038055982705802655,0.020795345114676414,0.07522254063257178,0.0027850117475593864,0.014937537495485112,0.04253292709677041,0.01142577951481702,0.030588252172455782
neuron_491_count,0.05601834223296534,0.012605162483622687,0.030459062103255136,0.055799916411500866,0.2907669033515874,0.008776457557546413,0.003507343341844528,0.042552899070488204,0.04103838501011564,0.01871821853565779
neuron_492_count,0.05676028039905122,0.019471815565971044,0.01919771908209414,0.005313240182072902,0.050646356789004726,0.012542771447406828,0.018109474286282533,0.0229353626317238,0.007187038040913196,0.009580180155148173
neuron_493_count,0.05349320147686554,0.0030027613781534457,0.04302875296673919,0.012879946880843207,0.06247159785342346,0.004254280829532511,0.010641928315054311,0.06793591083333009,0.015197055945649782,0.02527197713885862
neuron_494_count,0.08262126258947916,0.00782441781403527,0.03224112967410207,0.009213010022280275,0.06055595721716178,0.005845119896981034,0.00892634233870819,0.046788720150828356,0.005855393655602802,0.021335861285756486
neuron_495_count,0.07490715068456222,0.0011651872986167093,0.012384740272624317,0.00295621753628458,0.03569141667993656,0.00553510860931572,0.0017422059484595229,0.0415893516722614,0.00031922110197899443,0.020493080803577632
neuron_496_count,0.06131288566270046,0.0044385215793545305,0.003428795924720611,0.0008314556863847078,0.017135545433959544,0.006736764601606195,0.029409947808378363,0.014511823371012915,0.00019785409263953918,0.008658385753496447
neuron_497_count,0.060214913908175044,0.0028722905340939457,0.00528851268517725,2.6675205519016395e-06,0.015251975774529226,0.008794155214826169,0.019953551572207094,0.013324156420164872,7.303658705204701e-05,0.004366074904837047
neuron_498_count,0.1002081708493126,0.002457551070547596,0.003515075182446911,0.0019746445004656297,0.0619095692508745,0.0428514260519207,0.014123533876597948,0.06675806903061779,0.006231395856627159,0.025001107120373692
neuron_499_count,0.08201412348252604,0.00328375094513143,0.007177554162934877,0.005167826418270561,0.060209078702473176,0.01202511718231259,0.016111296341261905,0.03804032299960709,0.006343369764842767,0.009985923674451905
neuron_500_count,0.0056487668174185005,0.00627717534146454,0.0029299459950888488,0.0008855657002969485,0.0031710268441280335,0.0008674169476549712,0.01124169893271168,0.002910583493024153,0.008741750183709686,0.0053904568248445825
neuron_501_count,0.0026832175601535294,0.00611741675127539,0.0027409007106772923,0.000911111163317541,0.002165188728293849,0.0012965314042734065,0.011624719511072114,0.0048877064861178425,0.011280739727511799,0.002610857245803278
neuron_502_count,0.010680950894996481,0.005080343889491121,0.0017521938482852033,0.0016494508743862372,0.0065509126621782765,0.004063319348290802,0.016305279086682015,0.0033854845771607617,0.008806282596103561,0.009568705411610593
neuron_503_count,0.001977070225759131,0.010948163439902597,0.00048173170158994564,0.0011457815214421067,0.006377587541388356,0.006182639218120359,0.0036821725157646368,0.0030877474800034693,0.020830083037472108,0.015489125134399873
neuron_504_count,0.10019740957286438,0.0024846416183528404,0.007918412016862705,0.004995920592579667,0.017871141358198457,0.0015203877079181215,0.0746275133398133,0.022851305570197933,0.0008912259594950709,0.0052410313445997204
neuron_505_count,0.0008125122155694751,0.021681326963079353,0.0010440453749562552,0.0002203673321388665,0.0009207416386439859,0.00992339495809954,0.0025665704509390498,0.009031235330031022,0.016287786773647304,0.009608354109147881
neuron_506_count,0.005233829036098748,0.02985047206382003,0.0009588012545199134,0.002631665926368711,0.005917076021794318,0.0032339305982057205,0.0014999838084273492,0.0009682686887318957,0.004692258290031864,0.008472421405128158
neuron_507_count,0.036575421002374514,0.02847533072945284,0.00023814480031638524,0.00590422395899607,0.0004925557299579903,0.000958456474553445,0.034882458296305416,0.003755065336730659,0.0008817111534770569,0.003823789930646193
neuron_508_count,0.006255780579998038,0.022061315064423853,0.00112253676181786,0.0012734976905804385,0.009916805828887479,0.004250751681900571,0.002856612614479965,0.0014761645213745645,0.018988688769829513,0.007727855931168398
neuron_509_count,0.029871823199215927,0.02502874023302104,0.0018005617411727941,0.0021837677831628606,0.001582530226303478,0.0021339417945900672,0.014897948560360322,0.004804804625586842,0.004417704639186247,0.0025768503496234746
neuron_510_count,0.05787165096020114,0.008998921184695176,0.003374535873348381,0.006721874459369774,0.0030196740550228786,0.027520977024212592,0.038753437510041545,0.006883030458729393,0.0007410594599669938,0.014929261294011342
neuron_511_count,0.001490964576366405,0.05505465801437927,0.003168603715120101,0.00032046510480855054,0.003233287372169564,0.020430599447703167,0.0037488169774190956,0.0064032189306042,0.02440607347433002,0.004275003621347716
neuron_512_count,0.10418738607916923,0.9065704408795362,0.008142004397475672,0.013201516091993132,0.0478084937008509,0.0181148088435027,0.029206152206674295,0.020497979042463206,0.05767238507397538,0.07106034547686656
neuron_513_count,0.05957607387395949,0.6886669279500033,0.0019203832667129377,0.004035098641837223,0.03515833265009595,0.02160642895640584,0.02898881862187324,0.004780802931299125,0.045705957607410495,0.0768711889922926
neuron_514_count,0.0851932345866568,0.8104533398960374,0.0016435546357647622,0.0025185484431673004,0.045119339353786675,0.02057552129863048,0.0354252714070218,0.003623631103752741,0.054325098592214516,0.10221494237026721
neuron_515_count,0.048987507869274395,0.42560497677926995,0.006781332085055467,0.0102479298674941,0.025705125576769502,0.01879122898699219,0.03988207823484771,0.007967447410934395,0.035304428755312756,0.08263073122259884
neuron_516_count,0.07340710435586291,0.6834522200442599,0.008331299743191058,0.006558014893493107,0.0339581814103244,0.00759806997443245,0.007316709978649631,0.012296358949654217,0.031281508792415536,0.059707569629352975
neuron_517_count,0.04608973960779787,0.6007431038286517,0.007930807384618425,0.014219336678066977,0.016056243049015873,0.0012955511520094543,7.227615224023737e-05,0.038332139130166226,0.0165269162724931,0.03203976466564036
neuron_518_count,0.05996320709066929,0.8047307713668945,0.010283700189144422,0.024661321283670823,0.04425936298916002,0.01416306740306042,0.007374478744408865,0.04558821221364717,0.0412921853682495,0.05650649118584638
neuron_519_count,0.06411298662591344,0.7377751003586182,0.019675734825301633,0.03513571592792751,0.03182882586296008,0.010785681421319034,0.004600690642055889,0.06912147233434293,0.024974768176416133,0.037257176401944696
neuron_520_count,0.06456792664063002,0.6633377954908803,0.01666915973400107,0.02563144035910444,0.024854172305965767,0.005642164369320444,0.0026504835334479927,0.05939872823957567,0.01821910821665053,0.03781290029420335
neuron_521_count,0.03616708699413998,0.6034327587390835,0.0024254672277211594,0.0032723401698009913,0.025786128295606184,0.009417808242597886,0.014012628314528243,0.00969922581436844,0.025298360658920438,0.05665199656421206
neuron_522_count,0.07339559155987666,0.7436943820844486,0.018324913610495916,0.01958154577514276,0.020455392714149243,0.005290057672875163,0.009323846072062353,0.05658927153776537,0.03792548941850047,0.05237412028930523
neuron_523_count,0.00236620426633187,0.4315254894843524,0.008908217136822445,0.0016154347784382815,0.04588295820833249,0.01356012103528742,0.020582606127514155,0.0009667524526992975,0.011358087290827962,0.09612370545836346
neuron_524_count,0.02597816487482235,0.6709461982217289,0.0023150817504804964,0.006533881485819661,0.029910566513351458,0.01361640572178694,0.01876929185413008,0.012401134860978533,0.025590923404740645,0.06966164656781712
neuron_525_count,0.016003525542580374,0.5792657374197246,0.01358931315675782,0.0029927020872732735,0.03172493865100681,0.013441017376074768,0.01860950380740585,0.030712089009692772,0.021653528067409125,0.08538110766069965
neuron_526_count,0.0017560910555591731,0.25548598672462147,0.028099661709537052,0.007384630577903867,0.054606342927684015,0.008382557102131732,0.02140478813773118,0.004742831954324345,0.005656048352537774,0.08235498913509422
neuron_527_count,0.016859721604808003,0.07017356815296336,0.004511799212551295,0.002295355325086428,0.01739805032431655,0.007218762101297002,0.010727451735325494,0.000918706759465084,0.004527539911803342,0.040836851951324596
neuron_528_count,0.0026149997946120253,0.4393902940067327,0.0010591713029064354,0.002029746271727556,0.031190993927835073,0.004268387763005605,0.010358684498653133,0.023544599725387763,0.014465695123226305,0.07447275189836501
neuron_529_count,0.02624997209697867,0.09150294646681731,0.00041593159220519246,0.005017571956914921,0.01610014241448629,0.00455101956145141,0.014497385429836487,0.003323797931308735,0.0049626713424713795,0.036711412567068266
neuron_530_count,0.02722846471215319,0.10611256856228474,0.0034740498386052546,0.0039696252457883455,0.021964766135751657,0.00010097408271553428,0.014441866990823976,0.000266651049627197,0.004205710492005396,0.03136336602871753
neuron_531_count,0.00018392199738287516,0.4261701189854595,0.003170027827838616,0.018260099173754055,0.015062617381533736,0.0015408242817720533,0.01150396339249296,0.007145971381750625,0.011041948764658721,0.05410080102165288
neuron_532_count,0.004087987076344231,0.22300934739621903,0.0004294953361496691,0.0004502189285202577,0.03766630946496072,0.0014130008707664652,0.014016810267769346,0.012033233611303588,0.006251624619033169,0.0638468342192188
neuron_533_count,0.050613553476458684,0.05898346978889261,0.028976876964506446,0.04366860917541732,0.10067083930211172,0.011519307219980849,0.005625651922670987,0.0025427797853360724,0.002677889674282192,0.040833572879187256
neuron_534_count,0.014184727592518445,0.07985363439236598,0.01678912554669683,0.02329040431541035,0.07015190052772767,0.0012250239280060533,0.012564832664230481,0.02294017483062659,2.2220153880537965e-05,0.06869675224711946
neuron_535_count,0.00018686200359414352,0.25186052286451355,0.00020253886526000494,0.004275742457527074,0.016896401573893882,0.0007433463889544197,0.008863554144403,0.012341170645671348,0.005585020848534843,0.0600645457394334
neuron_536_count,0.05544221244754913,0.04777627213259128,0.010451603468072508,0.038694630028226,0.12176609789614573,0.013283331834641837,0.003313334051306519,0.0038886760522693076,0.011506195308417136,0.01662608638044341
neuron_537_count,0.019092105292060305,0.03928169044803277,0.026040535919925514,0.02124394819180664,0.07395699276242511,8.860688237085843e-05,0.005394951777526483,0.041262573731003324,0.001420361511070757,0.052467801286137705
neuron_538_count,0.04063036252446811,0.006352885542492252,0.007810662583041347,0.021965057705022745,0.11173188828131184,0.004175663328417706,0.005517368369185011,0.02342658582459345,0.008184104602737885,0.021776596984034974
neuron_539_count,0.04237180595474363,0.004597688214485866,0.0075439975003497445,0.039487882408063835,0.17605622987853575,0.0024913568636376407,0.0042570419228313006,0.003266776021892001,0.011616312114383812,0.017802141366369498
neuron_540_count,0.058422496754677006,0.0246531822621147,0.024253760836329533,0.041380387553286796,0.14482563014668381,0.012283083736516806,0.006768085321238612,0.023809546406092674,0.019012547222014994,0.027103511312949163
neuron_541_count,0.06859544114831423,0.006895108862301831,0.010252392691421221,0.034370043969584624,0.17263904436563796,0.00946098911247098,0.011401084947771811,0.013083615411990906,0.021140485770542394,0.013460688668235216
neuron_542_count,0.053730640906713006,0.014530197303927468,0.020843448112503743,0.01654891048996228,0.10080858113365197,0.010334850065733148,0.00922546048414391,0.01681973587191893,0.016811306678725144,0.022760474795932864
neuron_543_count,0.039922603676741816,0.011170728276924655,0.010359710784424915,0.03116664794930514,0.16072555997806431,0.009774904168195972,0.0064767026227520175,0.0069848786369272955,0.013760875592309867,0.014329999982944694
neuron_544_count,0.05993654687184263,0.004222377685554283,0.05289204152359592,0.035997848765399104,0.16899744080289694,0.00424570998256512,0.0007651316184033481,0.0512559724498273,0.014725360387923797,0.05261222326195411
neuron_545_count,0.04847441406748468,0.018108626591549742,0.009612666471998085,0.024804587491997654,0.08747383337937893,0.01770104530141141,0.014407894269355369,0.010697045693942801,0.013610365716411249,0.02126624891132653
neuron_546_count,0.05243751344379799,0.0067014863366126,0.010105901152478683,0.034051069204221504,0.18201209285644232,0.02007148900145876,0.006072537959853561,0.03960237256892768,0.02526851256655606,0.02242010322244603
neuron_547_count,0.051914079255545545,0.02320569321713558,0.008124216703399176,0.018187676874113642,0.12081492603834794,0.020381513309514293,0.0064078455733501405,0.01795538114852286,0.023527343235795348,0.014158054595164012
neuron_548_count,0.08132355834491506,0.012465073909079485,0.030688541461666566,0.03995226722299405,0.14755587934391204,0.01399118159241787,0.01649009207363278,0.04261542682267273,0.030727999330021252,0.030504788653803183
neuron_549_count,0.05796334896740565,0.022125613033568775,0.03076584580543533,0.026447266033690936,0.07736288898792383,0.00918474654665477,0.015283320725162641,0.030877486043174265,0.013341684449020216,0.020864416956320617
neuron_550_count,0.0644237513917234,0.027700188802906988,0.023884454659951468,0.013151444616484712,0.0788024697759084,0.009578955770072135,0.0063059694328961025,0.028492801206665547,0.010482506830465248,0.01683615719445175
neuron_551_count,0.08683661515450788,0.017968487193064486,0.006891923831563444,0.021079767604190558,0.1393441513955467,0.021863824787643524,0.01712040929244643,0.028468884317078086,0.03446244449077615,0.011200642675747108
neuron_552_count,0.06912537534181029,0.020336679581277738,0.05578399848032914,0.030019991377830436,0.1255293450276836,0.010940136455772458,0.009035421464903902,0.05949719455956265,0.01998743956914025,0.03081133270846597
neuron_553_count,0.058668482982162956,0.01670789769969662,0.025207379471797048,0.008964149537381741,0.09879377711420212,0.009947155836654759,0.0015756280160376009,0.032196199702071,0.009224279826655434,0.016234165811425588
neuron_554_count,0.043640143876347376,0.012412076576830279,0.01330353777444436,0.049590494666407275,0.17318459034780054,0.014113362077645922,0.031475778828099016,0.01661103065667309,0.03874144888619453,0.011523544613351186
neuron_555_count,0.061481472581675495,0.0004904638652258302,0.020056302480335478,0.004671792468056032,0.025307070732881465,0.014222857595069457,0.027335387031972302,0.050014605644984805,0.008999821716737445,0.021834733257552114
neuron_556_count,0.058918642893129564,0.0017078278499911038,0.018790493971804753,0.006892548068449494,0.03098535830069596,0.0032622646189202423,0.025649856856103367,0.011340481369556621,0.001652144723581047,0.014207383815973904
neuron_557_count,0.0523651519932663,0.0008248056158110875,0.012215916226139628,0.0024062857374886754,0.013998790369050898,0.008383297794245764,0.013957713527745746,0.016962388521886196,0.00022470303610126058,0.012593084517847533
neuron_558_count,0.07164895855921494,0.0008879504309481334,0.012514964128435668,0.004528280165778213,0.04397657521605952,0.001938281785072462,0.010509899497743294,0.030622120665159236,0.0007787331379247968,0.01186738703128306
neuron_559_count,0.07159557765069677,0.005987804588715895,0.014124380896855346,0.0037291659224334764,0.043851435425739105,0.00913868245913782,0.014165273376857468,0.024027031749062386,0.000896252956082701,0.01076514980282408
neuron_560_count,0.07445929425382067,0.004248769354847384,0.01015196616453689,0.0029144479416804044,0.04501631391113042,0.009361539799656912,0.012743464384888117,0.02830728285972855,0.0011080215776334106,0.0116491888037112
neuron_561_count,0.057269702189075525,0.0055384513469672915,0.022166773719785676,0.005329500414226512,0.044990168942083575,0.0022635911726420523,0.009871634736798692,0.018530011482720363,0.00011294269064865371,0.007808233322825462
neuron_562_count,0.0633243770484698,0.004069990800299034,0.006945780917762712,0.0008678687067010483,0.007759363109460064,0.0029332050617971884,0.02113389921740151,0.009836253184335675,0.0009802873344885825,0.0033276453458670786
neuron_563_count,0.10906322577433114,0.004613896041473029,0.007578633452023517,0.0006065434968668365,0.025330823982409226,0.015830901955729573,0.037244023940543686,0.025883458228122012,0.0022593910652579305,0.008262094161652231
neuron_564_count,0.05057038766753302,0.0026781657447910792,0.000984971961458532,0.002593810042543254,0.016638829719376066,0.0001695680937209836,0.008765139949563561,0.011123085814341085,0.0008111032541645961,0.0020224713146438957
neuron_565_count,0.09973417723298142,0.007011212981942017,0.011117792742311436,0.009427451296144765,0.045163228657253876,0.0006179145525567649,0.03734407357966153,0.0173228359025367,0.0006937378012131165,0.00862422146691845
neuron_566_count,0.0037127076896881425,0.01555499510916808,0.00047002661667610874,0.004702378863687028,0.023642403285618376,0.0023066050153092155,0.00226125933514891,0.009486707889470265,0.005102557554789517,0.005378017636623329
neuron_567_count,0.07327229921093342,0.0016158710632263908,0.0016839416370613286,0.002510710295308286,0.024779835324991076,0.0016902584536354348,0.028438744789922005,0.013635037392659095,0.00035192538052226247,0.004306708947757688
neuron_568_count,0.03134213534599649,0.002113122729364609,0.00876028631077317,0.0065617441489095,0.02288610880458936,0.00017791484449849928,0.016561683327805526,0.00988347895895457,0.0012877472183428305,0.0010872612899251828
neuron_569_count,0.011170395632014586,0.04707874402955228,0.002091510323550114,0.0010031956871618865,0.0071196157886031335,0.046966481222475834,0.009031567344270939,0.00993374404025809,0.04484298064618345,0.0167918280610064
neuron_570_count,0.008796483224411882,0.022243968415723424,0.002499536288857752,0.0013406985483314067,0.013262883581377196,0.00836193153538977,0.0007617603763318478,0.0011392153673395137,0.013068124909058808,0.001962051970183804
neuron_571_count,0.002909508687683804,0.03393730617332333,0.0025547327987928067,0.0007295948516457974,0.00046429892333755933,0.010261694456691572,0.00029789711424404704,0.014562788776763758,0.029592728394225526,0.01644945499558205
neuron_572_count,0.10154944053626572,0.005110904517941502,0.0036491616114218348,0.006323497240380373,0.010635504437349709,0.04542837429685864,0.0026412003734173975,0.06749172994053253,0.0007970014654134008,0.06213282928747656
neuron_573_count,0.01425987659947471,0.048891435821350526,0.0033146458942061568,0.006035384296700655,0.0025162997348264944,0.003302530975153581,0.003314749914318505,0.010145461626614657,0.003492779724866713,0.010168414205130552
neuron_574_count,0.07116631503088226,0.003766305432704155,0.0022137319867838057,0.005345900923175769,0.002807737812075755,0.02563717031069883,0.02738798630125324,0.016257403921450427,0.0007787734222192543,0.017513194193587413
neuron_575_count,0.040829497471669945,0.003071611477278406,0.005807134861251673,0.009485132382374785,0.0017922059253701259,0.00898241189765469,0.024212001530437254,0.005158415735068499,0.00017049251822045305,0.014616221828644756
neuron_576_count,0.057926617900241915,0.5391648934675112,0.011280594048776564,0.013267351115774498,0.03584663054143018,0.001877391900371353,0.001511327804247984,0.030210228161090515,0.016556611688631102,0.024002685898450338
neuron_577_count,0.03404040999064405,0.35025377438995986,0.008310239829979544,0.007887628834285221,0.0264320487376068,0.002538564667747805,0.000522403589269113,0.012436745423942675,0.012476065949130033,0.015469845520024044
neuron_578_count,0.04923266752241379,0.5798298183981349,0.00798734210648988,0.009832325777997863,0.034845144265758826,0.0017841357002982006,0.0024775556032920684,0.023252014644105527,0.023509812848793735,0.03206753679351207
neuron_579_count,0.06914455609914388,0.7059294565234437,0.015344303319367876,0.013591400889925713,0.04611944045824102,0.005779691401743368,0.007646292197695269,0.0344006223030116,0.030286324335952054,0.034812356270047355
neuron_580_count,0.056911843106820126,0.6827729739306645,0.011149554239312964,0.012280361706727833,0.03638168204417375,0.0041860618032027175,0.002447804733218588,0.04292026687820927,0.023930354862664753,0.03525989773556139
neuron_581_count,0.06254090420542101,0.7157562249533719,0.011551247594463541,0.011849787491983066,0.041537584340837486,0.0023288110182577253,0.001991471388007676,0.03739127991427563,0.02369087475761459,0.035149570775416444
neuron_582_count,0.0550304725779641,0.7213604972932289,0.020267790671578745,0.02563314059528008,0.02561181249919054,0.00198813877290957,0.001137060672215617,0.061183157493792946,0.02184105080535162,0.03652316977094887
neuron_583_count,0.06472946860099975,0.8235825911567213,0.014913877600003907,0.025014894575482415,0.037336045968556233,0.00853375906534868,0.0034705607632922776,0.042399961675916906,0.028752358450721216,0.03819212517686267
neuron_584_count,0.07196386002079576,0.8668854705378994,0.022339640256523838,0.027561411200807788,0.03742968920550989,0.003897476551517603,0.0018249681338806181,0.060549028049267775,0.029102700635886034,0.049686861722264844
neuron_585_count,0.05259710829844981,0.7356091305679933,0.006304443433141946,0.013376720600408287,0.030264205589356524,0.005529515968351731,0.0014992260443536763,0.05495305611476323,0.022425921488409162,0.04686048268187512
neuron_586_count,0.05442580707476488,0.7863343004219456,0.010300034774866643,0.017540836286090947,0.03810083368674552,0.010279936351994395,0.012179648315235235,0.023297161996061556,0.03394737442237483,0.07555944937936254
neuron_587_count,0.001372910085161199,0.376219886973879,0.007483837306600273,0.001976914060350582,0.02411038763732619,0.013843202492896334,0.020689005603939284,0.0055480664126852305,0.01226837010512008,0.06329368737894263
neuron_588_count,0.015324522535141605,0.08306340467741175,0.009049269205267434,0.00046094201998017094,0.019284436520948724,0.006863034605308065,0.008351246032937493,0.0007860113889893543,0.002988401028614758,0.059316926701115144
neuron_589_count,0.002916497685630518,0.42553608112973773,0.0013170807699512685,0.004020795213216896,0.021970679486525882,0.010048799479695898,0.01033780373858683,0.009083181526805734,0.020508431546381475,0.06678888486172842
neuron_590_count,0.004147869556070362,0.20285855483949514,0.0010673376799888398,0.0009145293920353223,0.03494338905157366,0.0025871146293251074,0.012172453572393084,0.005902846998573713,0.009028572980606123,0.054922279075874755
neuron_591_count,0.026559718304965896,0.04189883709951833,0.0014584372024158201,0.003033484557253996,0.021538195668553015,0.0010197070245440143,0.006103393833978198,9.026192832571958e-05,0.004443761955616146,0.04884980462280096
neuron_592_count,0.0041990350736542045,0.2407008650853621,0.007248330694797349,0.00036264825071290543,0.046291341966528385,0.0040060041128000545,0.019629571920661906,0.0038794397755074275,0.008633856049925781,0.06355848045185512
neuron_593_count,0.01462483131978539,0.10361232291327681,0.005308403877737894,0.0013229584132015658,0.02805041603426439,0.003163727018303978,0.005761718003734435,0.0032422580131900233,0.003038667143353397,0.04239558682145536
neuron_594_count,0.027488808000906848,0.07162122262778439,0.00664047139350149,0.001334277764187831,0.036402991146740796,0.0045852965098923115,0.014466094739561015,0.0016235787328171608,0.0026262924556772343,0.036451832441947295
neuron_595_count,0.0246828582369068,0.08932885891018083,0.03901686321775317,0.037460902951475444,0.06719958225357806,0.0021425346708451847,0.005926453252653344,0.006431657041658906,0.00027943523067342825,0.09544951172983884
neuron_596_count,0.05481271632252546,0.00926805802132325,0.0010971311910470995,0.002587340216149314,0.012544335420632158,0.0001652714016853801,0.010019612600332767,0.015024187827354193,0.004358362493102154,0.02589781522658366
neuron_597_count,0.02476068566118285,0.06342151027343132,0.0037889851788499643,0.01307094719601333,0.05607568502445805,0.001205368704805327,0.014408720743892836,0.00018150274341299788,0.0024671508768783212,0.05669945318095174
neuron_598_count,0.0715869555003279,0.08027814031506794,0.004076178029567001,0.010386111939479734,0.04299908764779847,0.009148864350756084,0.013785642334761455,0.030314975159530244,0.0014084352761671338,0.004903331757482025
neuron_599_count,0.06003433017681678,0.034936480193802494,0.01368329183442072,0.05934307881207099,0.11229802911920989,0.0058762652333593166,0.007782737980504002,0.004870312954257196,0.007174824000153013,0.021818289984402897
neuron_600_count,0.05291782628254904,0.02150315524907986,0.013613818258582863,0.017336318862706618,0.11907803076197587,0.002812197314482359,0.003061279579180877,0.027947262226287004,0.005593566111488278,0.046169289426494564
neuron_601_count,0.05287870780820231,0.030049362100466867,0.014018581917150774,0.027880346869011363,0.11981530826178696,0.006409955210616991,0.00386049676990316,0.004111738242163113,0.010135202166168714,0.02886316496915714
neuron_602_count,0.05850688173574471,0.003211031020672035,0.022159434066368458,0.043919993481940506,0.2042063867989802,0.007735811208410354,0.0021603545477186133,0.0136557760406162,0.01741148620363353,0.030782128308401074
neuron_603_count,0.06560164195396814,0.02595581646713903,0.008027090303167977,0.02618975028112784,0.13999875586011806,0.006683842019309966,0.0020386603248164804,0.0034510834464521675,0.010256620889794982,0.019211278559651282
neuron_604_count,0.043637678948146935,0.03459456375881858,0.0005230113040970066,0.022346412452358563,0.07328260981770673,0.010823357804515751,0.0037311355131568087,0.005370178653624038,0.006306716072188502,0.014866424823628738
neuron_605_count,0.07295537557105936,0.030566450141276263,0.001494096108732388,0.018500521018460073,0.14215603085222106,0.019231259603706558,0.0024959177596033874,0.007437316433848963,0.01691660695815546,0.013925994022813748
neuron_606_count,0.06578013253281279,0.028103192682332925,0.022648929768227008,0.029406764807103677,0.10038643083049956,0.004515400508856855,0.003177279317474184,0.008026382097005978,0.008913637055167456,0.030404900773207497
neuron_607_count,0.05411186658448028,0.01949525056074932,0.014214672361428461,0.013958791553220454,0.0959892434997239,0.007255205742485157,0.004399884339830608,0.012163410455594367,0.01515324634178808,0.023056819901662674
neuron_608_count,0.08473899405422775,0.051109227917911865,0.018557662233155456,0.03933700101110027,0.13410336155430125,0.009329530724828214,0.0053159837863125045,0.013170697958145974,0.015683043665438975,0.017851501367350503
neuron_609_count,0.07792803416712274,0.01913726738856611,0.030301409033730103,0.03842122075270543,0.16518799338137366,0.008881596380113752,0.011389607574901997,0.014824320615213632,0.01831668752507963,0.028632977672322937
neuron_610_count,0.07794336629477244,0.06409032410563019,0.009495410640623342,0.05858902664620086,0.15551819829047164,0.019438278797609718,0.003137772691877691,0.020881975349572465,0.025786178258622755,0.021999441240546536
neuron_611_count,0.06593046647971101,0.0227548426276835,0.001944571869640442,0.03496222952259839,0.1100690678759173,0.021490639490880842,0.01371720128108768,0.013043611733785224,0.027419994663793565,0.01325274393805026
neuron_612_count,0.0747077033716107,0.00290775753949106,0.027933124909561458,0.015466888712549046,0.11622531969147168,0.01806515423100162,0.001807340123275769,0.0884603180623991,0.017234764216519316,0.040230150868202155
neuron_613_count,0.08068727732448752,0.02341691342521747,0.013534297798893272,0.047951955937634794,0.12666024509743237,0.024223206744429057,0.015186679758691521,0.0214626270667624,0.02700453724855248,0.024296404077032208
neuron_614_count,0.05083586138490262,0.014880599189149635,0.009996170181833429,0.0468537155081665,0.15303305353990965,0.02245240153512,0.021048077901500317,0.022355581826564164,0.03154271849209046,0.015312872114543394
neuron_615_count,0.061664939904370664,0.007151305039515325,0.021734087286487555,0.01235187080129617,0.059326826531238386,0.012950829445286652,0.015479149276737686,0.03281409569963335,0.0057712349113216085,0.012191340830612109
neuron_616_count,0.05148500766355554,0.029565033826655818,0.0018763242648883287,0.03878405395970305,0.15659878841244088,0.012141201148328049,0.032761377843608136,0.0029271063672454654,0.031491904043678534,0.002406209881506185
neuron_617_count,0.09577600637024047,0.0180398268064043,0.011435447217751658,0.033597221898398644,0.1166801211688426,0.017790050368831953,0.034322762694342396,0.032457190627351945,0.02937725668918724,0.01673857449912028
neuron_618_count,0.10344044752196507,0.011704489898903561,0.020036848566087284,0.008632022280087519,0.07296243416444573,0.02007902572125138,0.01700072160368641,0.045163156160362775,0.013141954298096822,0.024018713103292913
neuron_619_count,0.06309836709725669,0.015087440838530752,0.014966779746084527,0.014701613853343433,0.10146950844390294,0.016954884526104066,0.02751265250225239,0.027709508524260185,0.02719519902214261,0.015029373220913578
neuron_620_count,0.06701113173872353,0.012666950928768753,0.017938074690657335,0.01905347637627626,0.07838434706440414,0.013494814335395164,0.04875627612889594,0.026201837897796135,0.037010361912896445,0.013062572142754816
neuron_621_count,0.09510698119232466,0.001923155844873594,0.008802808009639673,0.001788460278460486,0.02966387054149998,0.011062566641096797,0.030708153938817546,0.03815432059023281,0.004312769884949427,0.015875680271703288
neuron_622_count,0.07408951632658825,0.0017635618936352598,0.029190967408215182,0.007836881345261039,0.06219681903870136,0.010199706179663107,0.013646086357318774,0.04500311026963892,0.003552664651560889,0.019934398391145025
neuron_623_count,0.055598941270058225,0.004480133505975224,0.013824802570989496,0.005496936371685544,0.04894624833926389,0.010485007545633904,0.011846354080140134,0.02384811277477409,0.0015673274155563674,0.013436628808677943
neuron_624_count,0.059685303485560864,0.003433567223698161,0.010962334600724717,0.0037402125989857028,0.049760254685139574,0.015031783695483941,0.022577805520116637,0.033903667128271565,0.005139228786563185,0.01166828147521605
neuron_625_count,0.07908081163659653,0.0013845715728991077,0.01427733216812492,0.005622743843766313,0.021683634669867988,0.00158680504891439,0.040625567657881556,0.028344528380567488,0.0018705507634030373,0.005583703393894315
neuron_626_count,0.06233126611559417,0.00047590632707002027,0.00856961794759619,0.005230919973759109,0.02554843394502527,0.0025176433310169846,0.021652970476340808,0.0236021808841601,0.0013421294133688852,0.005689804854928988
neuron_627_count,0.09501381086806496,0.00585423310923984,0.0024445154642632576,0.002459164447184789,0.03338881158688172,0.014467011104575184,0.0447729422514143,0.021448348576149412,0.0026708004640151363,0.004486821563041799
neuron_628_count,0.07322813617770002,0.0008122647265287148,0.023831191344387243,0.00849413204772135,0.07107504655942465,0.007477829528049207,0.009317490164175192,0.07272011796469877,0.0055593794644202554,0.012847220410297802
neuron_629_count,0.1122552671325163,0.004457969673665491,0.0026932994228653084,0.004779566808508273,0.04259766465220914,0.013061620058540974,0.07037579295192077,0.015022146435302655,0.003248222716305302,0.005496327070435708
neuron_630_count,0.026941626393682708,0.01112811170721506,0.0012041513324420015,0.00194499365623644,0.020014975818775788,0.0006864425965249915,0.0008056382461868496,0.008683659194653241,0.00752581861529996,0.0030027315104779913
neuron_631_count,0.06038341938195062,0.0024559987284254736,0.0058614201420598006,0.00048261919977009163,0.011416430763825734,0.0003584387499980836,0.0076369676101222805,0.012121689960979926,0.0033979358547111538,0.004431376421218904
neuron_632_count,0.0172363343566741,0.016448657053220787,0.0010027766576391067,0.0007216557539770369,0.004304400938850513,0.0029451575591601005,0.017027769694790855,0.006486284234963077,0.006484557654568492,0.004172675524377723
neuron_633_count,0.008758100838077272,0.016761826505515137,0.0005304345222454411,0.0012208411033568407,0.011868101614552144,0.005892116445486796,0.010742473581270687,0.001883944433162605,0.010628550754702745,0.008755156359818508
neuron_634_count,0.0008548165327235385,0.03166033453342622,0.000784685786955135,0.0015977039900471439,0.0072474608935715334,0.0024492455208712897,0.0003586807895515566,0.0019112861303359867,0.007434237281504628,0.006211307510260843
neuron_635_count,0.041896259009885625,0.014581261719722759,0.00018953414525553535,0.0014764151461495612,0.0049496968699613356,0.0017552100349560633,0.011215441798996962,0.008416940416216299,0.005045822192676033,0.0033482884246621644
neuron_636_count,0.04733737555986367,0.013079607947949337,0.002632425949837113,0.00539456691513648,0.002624466987685325,0.004584079459414126,0.012506390563356805,0.00786750413619948,0.0010022387474048627,0.010721512140649335
neuron_637_count,0.0007304562709451491,0.045436906178556,0.003314458566640951,0.00040705179174367005,0.006918001402005037,0.015565209904661655,0.000613025973511672,0.006785460198011713,0.0330249818761299,0.006029034367216282
neuron_638_count,0.07493564634412977,0.010771070537778094,0.002457246194762879,0.00979291700643229,0.00037520872048275086,0.03670795383741207,0.039841776996188696,0.019633565271705955,0.0009054395818730472,0.03212134616283495
neuron_639_count,0.06284562714219094,0.0027607128416425077,0.003476579754909545,0.010786564286903583,0.0014436335210350308,0.02982816473247485,0.09990492669187628,0.008264576444323882,0.0022746705004063894,0.0037991204032044937
neuron_640_count,0.10013764810329662,0.7693100887753462,0.005457100110100345,0.005154638174941311,0.020880618058831013,0.0032146815999904987,0.0013771366269231412,0.01377639159458073,0.03043880610480594,0.06665823608914812
neuron_641_count,0.07924792298929137,0.8552871511337617,0.0023145955281484373,0.005209191247443484,0.03961917751059904,0.01725193540024278,0.0239877375701191,0.010219844580597916,0.04370209397870284,0.056578993110166245
neuron_642_count,0.06128125508567386,0.7274125819762914,0.007945146209673092,0.014450436242193936,0.034436729346917674,0.01821759199173647,0.014752998201835545,0.008148088648947269,0.04195951751870482,0.0407275622863385
neuron_643_count,0.07610829917221544,0.6657178268786335,0.01660443578780415,0.019728254827562595,0.03261010163837666,0.011999291664423286,0.012818479576615374,0.026311206536205743,0.04320466780730635,0.04191504871638957
neuron_644_count,0.05793640713198049,0.712098870514362,0.010446764046183304,0.01645957918203033,0.03166327640655535,0.0015926686063691374,0.0008523206455859321,0.04344230053658879,0.01984990813037281,0.03643129413754824
neuron_645_count,0.061260355133986734,0.6316711954088112,0.02027077666369554,0.028213357436735094,0.047712775809317445,0.01338903218932478,0.010346547604544735,0.032934055562379695,0.03499332643020105,0.04362455608116351
neuron_646_count,0.06900185338729435,0.8241354908622431,0.015084572671582468,0.022772549915020153,0.03959249665766993,0.006209692569831053,0.0019900086933692662,0.05361349121547871,0.03223888890552826,0.04813817284919389
neuron_647_count,0.06588259193389068,0.7325139092156528,0.0172083006814144,0.020753646113659388,0.024986979068972556,0.006466245403489449,0.002051265853960151,0.07908646324324098,0.0207181474526665,0.04717002652697223
neuron_648_count,0.04250211588811267,0.6345387378962996,0.016316418748502398,0.023851902536365606,0.039971118882989126,0.013560242445316176,0.01085064152786644,0.018495346194476396,0.046260939420373154,0.05453136274350517
neuron_649_count,0.029941416333162947,0.6645330541855174,0.0034250397355879217,0.008907159180747935,0.032450332534459184,0.014014275834852395,0.019170459377970427,0.009747071146476584,0.0335296715224305,0.08253030791546069
neuron_650_count,0.029806598899813797,0.8542335927068041,0.013422243365376549,0.038779386237074595,0.023345583497060382,0.018316120210840822,0.019419212441752348,0.007188256424361158,0.03873156420040663,0.05591189297324711
neuron_651_count,0.010996025417852412,0.5282406136351281,0.014617598662104075,0.002389802650793041,0.04640995282386401,0.011543435297198784,0.019776600437299563,0.007888803638424764,0.012829315608262643,0.10085105472217848
neuron_652_count,0.00024169975772530845,0.478704681646635,0.0010610249197358246,0.012817893180542203,0.025050666887454012,0.013531477767871398,0.023922370093394443,0.0031815448568862856,0.020796443400467005,0.06511528178165159
neuron_653_count,0.03200890466198182,0.7876308127168781,0.0023736107640410457,0.007843892852079141,0.023579172871255077,0.009590815420194305,0.014832930321141566,0.034345364992051264,0.0338241630663951,0.0923721499624744
neuron_654_count,0.002394695382123835,0.28447549778528813,0.0003053146814615028,0.0009710650647150529,0.03287224187652961,0.005449642710283267,0.021203560678595995,0.0005045187369345992,0.013282559925279894,0.06546721986497639
neuron_655_count,0.0034931870507406565,0.21337978750729097,0.004396990527369533,0.0006752594576853212,0.06685790478771833,0.0016785458716755026,0.01862743573609571,0.002789906205937241,0.002522613903011634,0.06319368859455843
neuron_656_count,0.058031000795582904,0.00364763147386561,0.0038828474711379637,0.001657931404416186,0.020042190502941565,0.0002700388849232443,0.011454246575026111,0.01597175371684531,0.0005874609343122228,0.013991249367976882
neuron_657_count,0.04076290942633706,0.04288874540913354,0.0020861273827656717,0.003994077309530428,0.0516761743039566,0.0007355567769359479,0.015598804500218263,0.0006411333810276733,0.0009630608575292507,0.03231877554583333
neuron_658_count,0.02726703698437742,0.035932954569210376,0.0036183420089788802,0.00791776045553138,0.048087811316020246,0.0005420935659123383,0.009856869155878321,0.0033108465986164924,7.764915129578661e-05,0.04230543878722319
neuron_659_count,0.013420628963061731,0.17741079925165498,0.00039843068485146196,0.0025642885790451153,0.06291965157198369,0.00048577371646319617,0.012845646777503647,0.010166906272865345,0.0012878519948357828,0.057405177961977166
neuron_660_count,0.026473921289229638,0.037379872499863895,0.01411077297040357,0.02364337887619103,0.04330119243943812,2.35976080399954e-05,0.006344686322303235,0.000533304080725213,5.377953094465315e-06,0.04120305206924834
neuron_661_count,0.03843604844435003,0.009837239118151268,0.0016218104110347527,0.013985773407669641,0.03510237024877283,0.00010000873513925975,0.009279985585270108,0.004385607602511228,0.0003510820697803785,0.04238788834321487
neuron_662_count,0.036026446315249344,0.0254224781049244,0.01654021515921336,0.03118606749530775,0.1118028113091484,0.00040995068584240464,0.007038207785786482,0.007510301826717997,0.0013600414672389725,0.05567811821792577
neuron_663_count,0.033897241850001994,0.02950797064693322,0.027636563202663306,0.021411891154871354,0.10879267821142605,0.0014096927927747319,0.00569606452320582,0.007001349533376243,0.00486328708381422,0.039392007643424695
neuron_664_count,0.0483327239737498,0.028477950718695747,0.024887097972112943,0.01946017374132314,0.09857828285512953,0.0012871517178958975,0.007748756514890091,0.003421415517560915,0.0030179944806683207,0.04607832278238495
neuron_665_count,0.05461886116033887,0.019170166743694164,0.002819596755753424,0.013270679547072527,0.0896745887706094,0.005344422143203437,0.0028334782856286773,0.0011278382830067265,0.006192262271953963,0.017244978390533176
neuron_666_count,0.047201097547657805,0.02034858925540725,0.0071236795037103035,0.007005636359134988,0.03535309277257506,0.0011309124612977582,0.003974716288786456,0.0017173714946284897,0.0016123215012089215,0.028847974780212476
neuron_667_count,0.0628585033137469,0.00970068328994074,0.032792310449048234,0.05740084610584126,0.18998597801618133,0.005918060641867756,0.003356480382274915,0.02368543942241924,0.018505314501261458,0.04958453479067393
neuron_668_count,0.07058607351175786,0.05883684687332874,0.002446537404220097,0.02106862415380356,0.09505412942736038,0.02167547461317229,0.005065247155702529,0.0009327964561982177,0.013822398845465614,0.003135115170162864
neuron_669_count,0.06614510653661262,0.019938830802791047,0.007222783297734528,0.025365624499023437,0.12327127541200032,0.01161424521048647,0.002909422129612052,0.013055558229523548,0.014766549675170687,0.023862701696777067
neuron_670_count,0.06322924048274928,0.0036393419650620137,0.0029245514469667735,0.010944892667492101,0.09691414466811465,0.011427124577078784,0.014755084250878236,0.0034488344104118083,0.008129337680949783,0.008960663092605556
neuron_671_count,0.05214333730966769,0.021913100689264185,0.00993305514290179,0.014416847887433804,0.06309551135233299,0.014428939583143487,0.006646013980559751,0.012565144296495703,0.008693849398011579,0.01808122023054043
neuron_672_count,0.07082779516586465,0.017595329209900284,0.028851872836647918,0.04042770549969987,0.14192559347191477,0.009759467486017817,0.008014091511981028,0.03357478996931065,0.027034583778506566,0.02759535094745466
neuron_673_count,0.09469646780323904,0.04487392960233494,0.0007416647071922643,0.024296317601976314,0.12008934367545335,0.012580565810479227,0.0040066680087089135,0.005754845218564945,0.01578673172335003,0.003864619580258348
neuron_674_count,0.07781851875710563,0.03632034730279038,0.004677190767411084,0.0349578884901611,0.12398970918871427,0.022117463168213877,0.01757314967633615,0.012955879372419474,0.0249553339231266,0.01148736196836063
neuron_675_count,0.05493744298559433,0.006887334013393708,0.010483984580739424,0.04492301638349601,0.19015368532975857,0.01945212826456784,0.020995544195769142,0.025891952502484286,0.02991050808803819,0.02179237066671244
neuron_676_count,0.055740842606997465,0.01100793709655195,0.01718352463959527,0.029403610581466594,0.12576686406748744,0.022083938379993118,0.011138682921619854,0.03639621154323046,0.023801607896653254,0.03106164889486314
neuron_677_count,0.0780425048680646,0.01637006716890689,0.005345962635467426,0.04036126189935377,0.13197589246913877,0.025975149003401463,0.019539459023007327,0.01826725395205335,0.028632074992093498,0.011096939080145946
neuron_678_count,0.07581784602079641,0.015685579016849492,0.03657347275239026,0.03312285619566205,0.17914785887185408,0.02277962088729571,0.017636659800310137,0.07355526206076263,0.041158307079820364,0.036010213575024375
neuron_679_count,0.043048510249872746,0.021086834798042103,0.011178606884152828,0.04290269530503957,0.147521222378997,0.015637449485742208,0.030373614023641707,0.008146031797411704,0.030364856865594536,0.011892836794898484
neuron_680_count,0.06280480616097325,0.012831971331291762,0.019194236076246346,0.0392528615711088,0.21810284158935395,0.01210658907727341,0.008300734493324469,0.04676197345165323,0.04558755956155405,0.015724886745561897
neuron_681_count,0.09076778634203309,0.022317248488179287,0.031806172711824496,0.03877213730168791,0.17739175154992343,0.017814620779574117,0.023838586134528883,0.04662781451910618,0.048181940942504525,0.021183669274063316
neuron_682_count,0.08326951700783966,0.025768417539483446,0.007325890426708358,0.03655558533071164,0.20907276375797088,0.017301575409626513,0.011077810970215013,0.024080949140336413,0.02933353564070891,0.011293104205221345
neuron_683_count,0.07402330879314048,0.015432357578087447,0.010373312241679034,0.03092667207544081,0.1414227479318716,0.021843470700159406,0.01410649734723457,0.03890025530418041,0.040058692378469735,0.021021116653566263
neuron_684_count,0.055780027404124244,0.02480752967560647,0.0351537938243741,0.022646872699101088,0.07745329481921023,0.008875728547885216,0.01351204356354252,0.035941436660254546,0.020624194518691567,0.020612046730443416
neuron_685_count,0.07004081251531769,0.018015048655806887,0.008382650452911804,0.014867281925478558,0.08299159811631752,0.023321233038627293,0.039570370781729314,0.017921963582945573,0.01607266911558479,0.00959786908658962
neuron_686_count,0.08088881445075258,0.014301614109260036,0.01433522917966061,0.014548891987210766,0.046802941366567055,0.021868435087230353,0.09509604183854178,0.014776576109664194,0.02876630991020168,0.017477422925459646
neuron_687_count,0.06848064788847125,0.018540866866633435,0.004806190504314842,0.020994277912714535,0.07474925636661227,0.015533672025033474,0.051825265959046796,0.01882699307038052,0.019987611685212764,0.006353130950268383
neuron_688_count,0.0747075826182331,0.0021328981355544924,0.006921025111343078,0.004652419135953628,0.029791591775166548,0.004610182805676315,0.06943974361201391,0.02453365943391332,0.007452404258980312,0.009537082484326657
neuron_689_count,0.08222546530256727,0.003299271166766947,0.0101161579789227,0.009580456665911057,0.04955955476975715,0.017718829216967352,0.04924484908766956,0.03376411849361402,0.006065979891939133,0.013337253557818368
neuron_690_count,0.05450255148477798,0.00017723861776812455,0.0012862638520365031,0.0014281944276908444,0.007516693292749212,2.5678279226553236e-05,0.03146218113172082,0.005045537297658116,0.0004891634838197576,0.0022996146601077135
neuron_691_count,0.06600976188978286,0.0016563085136543435,0.00024370181210103727,0.0017928626147553084,0.018533080667394466,0.007472006200126648,0.05537416817749295,0.008058236580913584,0.0012683051034803727,0.0038813761519616323
neuron_692_count,0.010161808377682373,0.0047857495320096505,0.001148517549340592,0.0006865080414300059,0.0012850146851158535,0.0012810362041537435,0.0010733375318767906,0.001772394766485729,0.012227154259339571,0.0006481748901673886
neuron_693_count,0.032551240626286365,0.003557362687053197,0.0008947202307996154,8.59150225757839e-05,0.004689052423391578,0.001310124628372173,0.008305819063661214,0.0033849195532335077,0.008933074495890585,0.0020707326443531247
neuron_694_count,0.10300162829739112,0.003027356464996127,0.01220654572294333,0.006171394376116017,0.02499043887217027,0.003338201306344199,0.022688126120160843,0.01001673174473712,0.0009022974883085427,0.002384534076224694
neuron_695_count,0.037404083306732644,0.03420480295827019,0.007056611916366967,0.0005786331858148889,0.008401455883994739,0.04506461100408691,0.012712618141028042,0.034580302158936316,0.05761786999163912,0.027519635344071865
neuron_696_count,0.0605967811468896,0.027899990269141403,0.005759277789221648,0.00046365007762937636,0.005463612237418657,0.030049774935535824,0.0098531773947289,0.030635337612206985,0.0549011909742529,0.04478188209165862
neuron_697_count,0.004581718286029251,0.03648161680907594,0.001597161102596913,0.0004083918431810095,0.00472515228051607,0.013832814636121675,0.0014992769737013755,0.012994137293654735,0.047281003795845794,0.004693966659704724
neuron_698_count,0.0044374206679184056,0.037834685532409706,0.0001395532911336939,0.0007421538737054367,0.004472870584408956,0.013947023354807644,0.001081943859753071,0.0003730265654869865,0.02191331086992394,0.002367639054627887
neuron_699_count,0.00031836233597362217,0.04119292343933045,0.002039503671163379,7.963638983958713e-05,0.004469877011309974,0.019370042933909645,0.00041103644143287814,0.006276484553654085,0.04560942511198253,0.011177078727401524
neuron_700_count,0.08227015288187588,0.0037187619346725903,0.002890415885593099,0.0018600838035835818,0.003333017338174187,0.00960479733949108,0.015543670306394648,0.010155589239225556,0.00010268600535731295,0.014535469118364387
neuron_701_count,0.0645855430937934,0.0030488469769055816,0.002204542918779832,0.00617104136558367,0.004118715608721218,0.007683142600892697,0.010724310945135415,0.003603026439850901,0.002691248967255394,0.009346791674748112
neuron_702_count,0.07032943418345702,0.0014457675930915521,0.00019504973364392695,0.0017954594876029902,0.011281852325543205,0.006094262371301519,0.019601507382881283,0.005917295035581117,0.0015577351875717626,0.003492944293484332
neuron_703_count,0.06840511682135,0.0004998170814107701,0.0013089898379694022,0.0029155209324985658,0.0021538027315961064,0.012215149595066234,0.06094724366962399,0.0049589915381210575,0.005851744670738672,0.01017501425996565
neuron_704_count,0.11187847551919165,0.9073563616005742,0.0053297020559910716,0.00933283047106407,0.03466585586611684,0.01214201125086832,0.01835183491736648,0.024246995513238292,0.05151779350074895,0.055149961094889025
neuron_705_count,0.04189661207651531,0.7392431284092758,0.00906890317580275,0.014732439817329732,0.03656741678693548,0.002945822706310247,0.0022164922350413584,0.024904093004682215,0.022372418813493347,0.039844671572045465
neuron_706_count,0.05916412273591133,0.7722191506834296,0.006074508856642319,0.009549728848758168,0.040825682928461796,0.019345941151748494,0.019903627826593003,0.003587520233374361,0.042258163479142435,0.05726097091004402
neuron_707_count,0.06247876191738752,0.7333242330095173,0.001948606834081608,0.004622713572154498,0.034963643265410585,0.0129950507691729,0.02609779153946852,0.007020058820966117,0.047360444573892796,0.059163231359124824
neuron_708_count,0.04856537568649984,0.7815390838922982,0.013216037374523135,0.02670793767444802,0.043126002430413035,0.003954785139063929,0.0015496280746388705,0.060695707157960854,0.023398322475038938,0.03576782088306309
neuron_709_count,0.058286540799194445,0.6193413672649957,0.012465072327103595,0.018289004080161167,0.030015181023209513,0.0023110536732044683,0.00039168971367852185,0.0491508655851702,0.019278492214200874,0.03453588865655188
neuron_710_count,0.0459098644070818,0.8283858684034663,0.010053496127058803,0.02681204814012228,0.04761028044156901,0.015563376149516757,0.011797791636868553,0.021170934892673063,0.04215373158715415,0.055252128016649686
neuron_711_count,0.0012663910963943478,0.4441015734564716,0.0025469544713283524,0.0036544668485064616,0.022934529905006565,0.018740546172964626,0.023892748018621124,0.001215568433554113,0.022694858009342123,0.08528506259349543
neuron_712_count,0.04625349039045625,0.9156284075798196,0.014357132739097264,0.026675555247120536,0.04358416433114358,0.018449480290172654,0.01706409639726692,0.01729863006003555,0.046126229739474334,0.07561860781853416
neuron_713_count,0.04023544547170988,0.6925252575721477,0.00998551770149489,0.015463169067181613,0.03649301370485967,0.015912032898360802,0.018520298311405378,0.01492637357000657,0.03974161241617226,0.07074960816218565
neuron_714_count,0.033453930287951836,0.8352069946742942,0.007008788478654417,0.017952781309635797,0.03965826705364253,0.018552737267033513,0.015153101091291962,0.019662171648719112,0.03282635837762339,0.06432990470589345
neuron_715_count,0.06453965008210526,0.9197324017786153,0.008779307171463146,0.01839386421820427,0.047313332972975075,0.022215158466984852,0.0221170966157012,0.030948392745445474,0.03942599179565569,0.07417248116294049
neuron_716_count,0.017635189495029215,0.6753847135409105,0.007737880899029843,0.01922667862764832,0.04116179168887936,0.01807653302215985,0.018172540240425757,0.0158953665660063,0.03548483917807445,0.07117983823830334
neuron_717_count,0.03037580290690385,0.03855256000273824,0.00944496567188987,0.006278814958696373,0.010243880386810143,0.005702526681777745,0.0225557445477031,0.01497606426408643,0.002008785056267854,0.04362301723501574
neuron_718_count,0.0042795430403316514,0.3303873864771298,0.0006012581107830012,0.007538343884821996,0.026057412505936975,0.002375170842094626,0.014713898512853527,0.0007599990075735554,0.00791519869231147,0.06112858149691469
neuron_719_count,0.027159558406345985,0.08194493912765125,0.004720122720592086,0.0003613512873639393,0.016610334676961658,0.0017725103525691455,0.01645764886728774,0.011080921339902787,0.0106727468046601,0.030826059345855764
neuron_720_count,0.0014866281494103212,0.5412483273953924,0.003300598697586761,0.011439541628575668,0.022703996732446316,0.0034844227647527343,0.009625232244530268,0.008891418107967439,0.018026302556329935,0.07688617246030995
neuron_721_count,0.012161655902054952,0.30634573596087517,0.0028048559165717094,0.0023778810896117678,0.03799097873127598,0.0004654759943119313,0.012271436008480949,0.005057078822461994,0.009072048349306985,0.053406140463679724
neuron_722_count,0.023101114013261315,0.06076645512704834,0.0026289860880221484,0.008223792548373125,0.043835445312005936,0.001509716556664105,0.019820062648182327,0.0011151255343505133,0.0017763028417740953,0.045012730175698165
neuron_723_count,0.04151713634900875,0.05117074530800105,0.01128759628077634,0.024997931741977827,0.06474931745090735,0.0024596144600759103,0.01803672991849002,0.007230224634045261,0.0012391379059436061,0.045984805260866554
neuron_724_count,0.07121511477358936,0.06240147608095099,0.0014561168816776757,0.01989268639878769,0.05077028545413183,0.007663969897056817,0.016769705729563524,0.019497513435086725,0.00157176614606243,0.007609966719589009
neuron_725_count,0.04828883086745128,0.026529249375027736,0.0005249438574531709,0.01801790535512697,0.07116115655372035,0.003970806752940974,0.012809598066078828,0.008614416530572745,0.001716656724258192,0.012542309897730294
neuron_726_count,0.06877387935521725,0.03509063960482196,0.0011178817803083746,0.021592153461700264,0.043297784450216495,0.003720356193676451,0.003520790727666756,0.00112595368206027,0.0016733241311008874,0.023665014031192533
neuron_727_count,0.03961150602332292,0.04540867835021714,0.0024949160101347644,0.002928354853937845,0.05002339147406065,0.002590480432326483,0.007492931393629693,0.0011732476577435529,1.1116488611863026e-05,0.032991205767876716
neuron_728_count,0.04979354981133677,0.030109720215611674,0.007305416319443519,0.024366576196867537,0.104357725224297,0.006095438192482275,0.012921334354020389,0.0027948038897667588,0.005876200685054435,0.02043076490275137
neuron_729_count,0.05968313715554874,0.004117320595070816,0.008713114237987301,0.022216470850106557,0.16207907361115384,0.009061894802576312,0.0026846811634612805,0.009214278757558855,0.008666632924371906,0.01875561601498961
neuron_730_count,0.035944373842678776,0.002329097662464175,0.004368902338475596,0.01752687857016364,0.1310419799037778,0.01457008101131764,0.0001803436318533122,0.017600844893357406,0.008434770409481165,0.010822958320456363
neuron_731_count,0.06477981665746438,0.01996505817467016,0.0005453137868041431,0.03157479893227555,0.11783439912665689,0.013496180820076337,0.000860751669857468,0.009536525388624775,0.015304320204006308,0.01312927866149069
neuron_732_count,0.05879799672196481,0.013419348094459257,0.010334398893588045,0.02144961297667375,0.12604588115755122,0.011266879328428986,0.006181154838222354,0.00880180894764173,0.0162882403743196,0.01949795296188052
neuron_733_count,0.09950636254354076,0.035966291915466506,0.0036615878534844992,0.033188895227434734,0.1139721007303508,0.01373667619953764,0.0007732468114144339,0.012288861193198886,0.014583009228208654,0.027055981105592097
neuron_734_count,0.055903234522241274,0.025481381956571292,0.00402662914045742,0.01721560982116624,0.09202577886317359,0.009880367935990036,0.008040311833377431,0.0013413629793335418,0.016158968918526084,0.013358262313966918
neuron_735_count,0.051480994616198816,0.002935936032525687,0.006103769929596797,0.01599581766430419,0.08547149728822874,0.008125461054802184,0.007514534234272424,0.006515677475068447,0.00467758870361383,0.020843531462289733
neuron_736_count,0.07098039662956193,0.04017230369544225,0.004753539845563308,0.031012863192735884,0.10196905747491611,0.010408144780874123,0.00779122718191852,0.0021724462386435855,0.01665185510214888,0.009407574685766043
neuron_737_count,0.06631809475693987,0.012770035237948896,0.005807536862144077,0.034629188092525506,0.15420384043831556,0.016065361309306136,0.007677786293275993,0.01696960690618378,0.022839666063468045,0.01353788412137806
neuron_738_count,0.06442238761558872,0.06861260189130826,0.007103576766295216,0.04210981502881328,0.14832200484400504,0.02041239200250361,0.00922741024301904,0.005178511797140524,0.02436152166339922,0.005256801574499273
neuron_739_count,0.07394191424034974,0.04320016704143982,0.013176500051948814,0.03700916987060762,0.12322077989920559,0.020218343392596524,0.015287311580616456,0.015670291227758273,0.025677934532795155,0.014491124681960552
neuron_740_count,0.06399415576289694,0.009734818510445789,0.01644092951651438,0.05655702926014031,0.1987846723750532,0.018422069767258673,0.011979818696666256,0.029897770671487356,0.033380338350405325,0.01963353768931629
neuron_741_count,0.056205430971160875,0.009891273918863554,0.00885118278499049,0.04797852255068223,0.14302159580004237,0.01837506415485582,0.02028305301529184,0.015676138125493858,0.031177294886469906,0.009945657691234525
neuron_742_count,0.04313427544879345,0.010884345518729452,0.003694421635405662,0.03885778799278369,0.12807525144087148,0.026189125649697317,0.029167454712659968,0.005000841377997389,0.029556956949346735,0.005103202350129014
neuron_743_count,0.0742957010163395,0.04429143539545072,0.0033309406279968395,0.03358699056040751,0.12063149566186288,0.020976598479292397,0.03650265724016033,0.006295840722660866,0.03956984171799016,0.0035810386599180455
neuron_744_count,0.078703279819313,0.017813467619860524,0.013475475514626259,0.036925785611947565,0.1203820192374879,0.01861233752574898,0.02658443399014382,0.024319378065837075,0.018182901805106497,0.01636776749332447
neuron_745_count,0.0987082468494482,0.025388127335737254,0.016027987253341508,0.026594478278882006,0.12812339875352302,0.015339899453601244,0.020808265842081314,0.030477947366282065,0.03411876830282749,0.018034829939843414
neuron_746_count,0.07945600134006153,0.016631956761504522,0.007868526915887582,0.017336352851111132,0.08049542377287214,0.018468162717274236,0.027923261331753275,0.024333357537174152,0.019196038291974596,0.013203849230291033
neuron_747_count,0.11030120398154711,0.0032696726637986145,0.02851751248348823,0.02152375075110824,0.10822571233312672,0.017838368257031098,0.016048621384027628,0.08187231625836841,0.02166079492647928,0.03145754970865568
neuron_748_count,0.06913462057410322,0.00893602179460231,0.01766870822651357,0.027238687660570887,0.10898597660406804,0.02733355245772895,0.04114343260987803,0.049120608805535745,0.03497592898489957,0.01238568554022107
neuron_749_count,0.060284627753164816,0.008325877903903434,0.024752533410898142,0.03766295362426386,0.13358344010330417,0.010929168716328763,0.05764992437380778,0.03529068886148663,0.047728306394989706,0.01622838091712768
neuron_750_count,0.06633311458704838,0.012845589299854944,0.021331677128638163,0.016504006741388424,0.06348033252681723,0.013074182051465072,0.053891939416561285,0.030708466335038223,0.029056449063090378,0.016841201791273852
neuron_751_count,0.07172111980423829,0.0005136668116045269,0.017343982419236736,0.006317535542308982,0.05369613556386306,0.004775616715452104,0.004670761414911531,0.031007997416098804,0.0004073987991540795,0.014873055188964895
neuron_752_count,0.10770878623371044,0.033365293437955204,0.009575024051400219,0.007277273089041726,0.01233575002108514,0.004860578553132801,0.13549800797661576,0.004952213749248917,0.03207971910375167,0.008502301081345469
neuron_753_count,0.04756563432608932,0.0015254583684119367,0.015517753856384792,0.01007234377705453,0.022548146304407157,0.0036328577674707707,0.10773562296341815,0.03781546956875918,0.07257290504035646,0.013194117935040287
neuron_754_count,0.05255073603735219,0.004073050888319827,0.0015907784781473908,0.0006844370839040274,0.008514413723723389,8.220395789419255e-05,0.011528644564868469,0.006888756537256083,0.0036289494613523827,0.0019784232198949564
neuron_755_count,0.07544408680801323,0.0011013873563509857,0.011968564848795188,0.0005158551083020834,0.033466700933199964,0.0007447178676854224,0.0021606181592557228,0.041268173126747465,7.161037279840212e-05,0.004958466953998056
neuron_756_count,0.06211444248005921,0.013171671938800103,0.00403805161888629,0.0010456873513564093,0.015916764119667165,0.0028764117055789587,0.06821708058530487,0.021347329258666684,0.019557403386660788,0.013588631892122602
neuron_757_count,0.0900321774481001,0.0020918089009760894,0.003238470714697725,0.006521117440892947,0.04633903694644609,0.0007061558506770409,0.020897099344006395,0.03037642042138626,0.0010692908497117147,0.0021755866252102726
neuron_758_count,0.05841169192813225,0.0014606978888526845,0.0019163958717334818,6.177476934828442e-05,0.002843801645039251,0.0010261331610985705,0.013167900857479271,0.011437932452572335,0.0014586435463490328,0.0037272375580913696
neuron_759_count,0.0768411214703158,0.005535638377903725,0.002508377124015082,0.005550972943846211,0.04188954299763778,0.0003312764578414962,0.029088373223221192,0.02641929189052837,0.0013857943742653887,0.006613730444080486
neuron_760_count,0.002855191824712054,0.026350745168365476,0.00027752879446854995,0.0008016459376350405,0.018072020130167052,0.017277088887155883,0.0011411286938093788,0.0007274404951882793,0.019411205260790907,0.009421838419818692
neuron_761_count,0.09108014263706646,0.003919715099912999,0.01019511729019866,0.0012209567066725551,0.009406033164823469,0.01529199164096827,0.045369411452801545,0.04260826784608139,0.003499003363296199,0.02642952171321132
neuron_762_count,0.13482620318597321,0.015194146865870672,0.0006830472547959092,0.002549362778598338,0.00010223483282899466,0.05966424354193725,0.09563250375289042,0.014085313556911033,0.010457330274120588,0.02769780882554196
neuron_763_count,0.09635045917250143,0.011618022259159803,0.0071436126236467945,1.1283808563036356e-05,0.006507463760532982,0.0061420703193395855,0.044543170348433435,0.013495216788596831,0.009305398636792653,0.013169189665180138
neuron_764_count,0.018741416637452726,0.024604275317610863,0.0005551242639027613,6.022029003263174e-06,0.009980127372866548,0.0032860176286078867,0.0007643018182414071,0.0031963392421051097,0.016070987823615983,0.0013740662867154814
neuron_765_count,0.130486137136119,0.01927352737716946,0.00043447753911162845,0.00831394262443421,0.0008236307483065258,0.05503985402262862,0.0848058506667004,0.012420165829025921,0.010125291092105512,0.02269301453099251
neuron_766_count,0.06940023320333716,7.762984166979122e-05,0.0015337801847381156,0.004977807529404937,0.0004180953415763751,0.025531102062275435,0.06402733506039156,0.008155388604796143,0.005101417616177287,0.011748512640179225
neuron_767_count,0.0014897834658306498,0.10616663725224418,0.0012502156368769503,0.00011552769554977384,0.019103541743256923,0.02470391046200566,0.009490598267512387,0.0014081694923722202,0.03517842409165504,0.0065905546858707675
neuron_768_count,0.09739897981570537,0.8763327114283541,0.0017134765848089862,0.0038249828629510676,0.04806931178780263,0.019499103437597656,0.03511796201730176,0.007850206188022471,0.05263644623303916,0.0919758869280938
neuron_769_count,0.08403972014654207,0.8452686821683758,0.0025683485453855542,0.0037482906452518394,0.04892230387043674,0.010989099008176906,0.008814654238409055,0.004191449728372612,0.0283470139208067,0.05454432583525204
neuron_770_count,0.044697114437219784,0.7246760846785054,0.007490713839895934,0.013246688730333127,0.04869050650203895,0.0042922279100751776,0.001831527576837872,0.03906323306609574,0.020193183784553204,0.03911420734480786
neuron_771_count,0.08482802389148522,0.8679981414091753,0.017938473798210224,0.016729873970038202,0.045815960698663054,0.011193138397774798,0.01136748286502224,0.03509964329736208,0.042774280919206153,0.05322703207589508
neuron_772_count,0.02774153954029382,0.454891719600463,0.008907448275669375,0.009412410581921337,0.031119486118269882,0.01405407864846367,0.013907321302157074,0.010818480065447562,0.02615557984206974,0.049656423156467525
neuron_773_count,0.06656781400094691,0.7657422872460501,0.012734483361697767,0.021658620147895845,0.037922464798298854,0.006598602046024665,0.00404186898617542,0.06712968716939419,0.023180120573204316,0.037108452835980875
neuron_774_count,0.0010276604200081287,0.5638655630456173,0.0073685850134044065,0.01723380893894659,0.030659742645974236,0.020212310655565953,0.024547721624537625,0.003819036606773662,0.03462919650495094,0.07070993078178552
neuron_775_count,0.0035114965013805406,0.3171721212483751,0.0037264914449971903,0.011761101028710925,0.02560674541836868,0.01815390762266455,0.019924142299938274,0.0007907002657346733,0.019322052125893406,0.05281858950847641
neuron_776_count,0.0026991962162237065,0.577531972299772,0.000677473019767446,0.005243970267409873,0.036252383927304344,0.019110298771916695,0.025314445190978446,0.0035310228208295692,0.026739739451876715,0.07630211479228206
neuron_777_count,0.005731543411709658,0.7411095362144718,0.005271959711760997,0.014612185914590167,0.04268514388182629,0.0204238044182546,0.020098887594025963,0.00334248487865222,0.035680802488240196,0.08042899282247572
neuron_778_count,0.029136234506634925,0.9578615412545175,0.021963226065721236,0.04386692370935866,0.03776412331906573,0.017904116520966663,0.010498881579608203,0.0214625628661202,0.03892783537727827,0.05417789588166784
neuron_779_count,0.01780756841558731,0.14945254713346515,0.0025264326301499204,0.004322430106853559,0.028795557757023353,0.003531079888595405,0.014060514604563104,0.0023279924129438996,0.006262823366422393,0.04115436152910246
neuron_780_count,0.08432305798415743,0.787788284223911,0.024279466284976906,0.039235601925739653,0.041438347943573955,0.014925721913563821,0.01869319761890525,0.051943803885330965,0.045967946420461814,0.05422805676075913
neuron_781_count,0.0019187915528143078,0.6697901240968276,0.0037936988989651123,0.019178019443552824,0.03628745214670934,0.010786876826057654,0.014813373661042198,0.012719508677269661,0.028244171562459064,0.0778421121248521
neuron_782_count,0.018242441601893727,0.16048156970398836,0.004023817851639362,0.00013241026352239045,0.01245581737097301,0.005367192994953564,0.021821747801562347,0.008712708033766663,0.017522014415271153,0.05530299804137709
neuron_783_count,0.031912653468954874,0.03670799901903527,0.0005897832176761011,0.0022303122114883354,0.012895158610469401,0.002323179992117848,0.017961522012068715,0.03124103082700229,0.0029412617847259445,0.024332263367310987
neuron_784_count,0.016287553390095494,0.16435317716783043,0.0011240029362481127,6.596809706531349e-05,0.03851069964901335,0.0029544331775076538,0.016020773320482323,0.0006034754104218051,0.008564183731600464,0.04096996392546154
neuron_785_count,0.019467676834307668,0.1155642341152221,0.0002446857053274073,0.00027390817700602074,0.03781760069796719,0.002320865599547063,0.013798651586195435,0.00024522987445195835,0.003684138035311403,0.04433558603393782
neuron_786_count,0.05780062734157415,0.041646326862790364,0.0015313416290034902,0.01993300097957007,0.07204760058216672,0.0035252354441412427,0.00973356782118677,0.005136617535003244,0.0013758486509505528,0.015524482831879557
neuron_787_count,0.058109126557845225,0.04741540563744233,9.460948986711112e-05,0.016003949103917448,0.08458296151208738,0.009804094273466173,0.0149847685091314,0.023037016390440965,0.003391196149685159,0.006636264061460825
neuron_788_count,0.0501100640917036,0.038077113334662016,0.0008334985438929014,0.020511398300706737,0.08665473124919847,0.006434566587113583,0.012863759026856492,0.005666809856187144,0.0033111437016289103,0.01851338583812931
neuron_789_count,0.05983487671038504,0.022992853423382226,0.001194845727932447,0.02099471641176262,0.0854234026016631,0.006818355159598513,0.0053580447597009265,0.0012717143782657956,0.001721937363342002,0.021859846660754148
neuron_790_count,0.06212613800780767,0.027761912332533382,0.008277373969711573,0.015295796530134909,0.07611533628923196,0.0022351599641953143,0.004419599339880058,0.0009088631905711866,0.004840137022148021,0.031672829154653664
neuron_791_count,0.0635525611460653,0.023148320417240145,0.0016433807024198652,0.017645254027319188,0.07332607652260463,0.012504829793317518,0.003405422323356201,0.0010001437375687962,0.0015673973740988993,0.012299572355413749
neuron_792_count,0.06921320634740347,0.012432185697850137,0.003222818930201758,0.02542129625210214,0.11753228071226517,0.01805356226085157,0.0026899708063797267,0.004438584044876084,0.008796383662694578,0.010852495854137646
neuron_793_count,0.05076655270953362,0.020583978384757493,0.0004930293277012505,0.023634090456425394,0.11873385344528836,0.01594184239910834,0.0010172539547699394,0.006243139630260776,0.009627753583597118,0.011417585702077626
neuron_794_count,0.07502712477486981,0.02253776821528032,0.0074714052262363564,0.03675500547429855,0.14071908174240164,0.014844858276082201,0.0007868580478060036,0.0051584859736740415,0.012666707813554959,0.012228283254042759
neuron_795_count,0.05179885768877654,0.008612442271253053,0.0008755727190438087,0.018898941559940666,0.11381604177984125,0.021760413798682585,0.008768819936200649,0.0025468035614038126,0.009306297549213347,0.01293521485200487
neuron_796_count,0.07822728300676277,0.012334227937372905,0.002611942384258629,0.04199798599360799,0.19189511520693306,0.022972956371314246,0.004479355293297627,0.024987432809156343,0.021758310522683844,0.01644234104497866
neuron_797_count,0.0589835807081574,0.043645272961571044,0.0029117988639190857,0.03138872582431776,0.11339926141615876,0.01013939298086336,0.001407049000002429,0.004555368660598233,0.013540178964394231,0.01143007772766036
neuron_798_count,0.053246490568989946,0.004700426371101463,0.0005749482691608729,0.0224575368606367,0.10175034403065185,0.01852898596294532,0.012283485589655169,0.007167300274972956,0.010904897351403924,0.009156047881792508
neuron_799_count,0.06183447645940024,0.04403605778711095,0.002237904636248199,0.031181225964857368,0.13360759876203993,0.01703733290479252,0.0009979264482626975,0.0037871447032327143,0.016839921806312455,0.00303509186966092
neuron_800_count,0.04342196846925661,0.04292631967526436,0.001709104444537722,0.016165981970309592,0.0595123819339783,0.03222813683488862,0.010607066550432365,0.0032655576430671573,0.014651269394353017,0.004032691778687387
neuron_801_count,0.049041642649108486,0.020289075268036652,0.004052665054435172,0.022852756765583224,0.13107710583586318,0.019818481185465114,0.0038397497632456923,0.015738569120613458,0.02470706052756734,0.010400612724114043
neuron_802_count,0.05606097706174927,0.021835148677118464,0.001552767168643966,0.02209854503378246,0.13717821057290808,0.017767710532052602,0.005608704087468656,0.013261804841604365,0.02557223510747625,0.00499069003179288
neuron_803_count,0.07255191701835809,0.013094371866604296,0.007947385927491016,0.029492809566777328,0.13472165690866633,0.02240558120824601,0.013788497134258407,0.02247032451803581,0.029943658931369938,0.014222027100338833
neuron_804_count,0.05463717685362765,0.019323321593523124,0.008296463559475678,0.035528038416529406,0.10896824008485465,0.021420179488623084,0.03283192277019861,0.010351380649698524,0.033164950852396624,0.008483779396679741
neuron_805_count,0.06017322291021018,0.017300180665644732,0.006602695442154319,0.0312516726795873,0.15132460756443028,0.025049577628291686,0.017344173417004324,0.020720105438403358,0.034515445621108254,0.009213531762691435
neuron_806_count,0.0778047597940836,0.036639263194513355,0.016349005461776395,0.04428389081354603,0.20213823679965615,0.01827672964263978,0.007075412034714519,0.01959773703237641,0.03694276076933607,0.010867622013463682
neuron_807_count,0.0593053841143793,0.01538677177279163,0.006646460235376975,0.03401185352594198,0.1688128146521966,0.021354452346595637,0.0288499299150366,0.008978088959258453,0.03201330200226045,0.006254990755569206
neuron_808_count,0.03845891711086889,0.013558677498860236,0.0028639329235976077,0.03321053701416368,0.1670488335508062,0.017291073643387417,0.032182694181743354,0.0036062887207838554,0.034380786870554444,0.0031068152321329923
neuron_809_count,0.08303793034644616,0.017910624571418607,0.009178191518780632,0.03165185363772943,0.15658276399750887,0.020423523862814222,0.02391057121881353,0.026343771888388726,0.0371435270187646,0.010892403166001832
neuron_810_count,0.08630177540765196,0.02200061416678449,0.006350888366612149,0.038170040122243606,0.15816621998397196,0.023858035700173155,0.016601107728259845,0.02885311976069832,0.03050753678910338,0.007986809924588244
neuron_811_count,0.08020301733669546,0.028859136418561387,0.004515015900203159,0.023282059120675408,0.09250172616237304,0.02293280913928601,0.06014084954704588,0.01657844886129438,0.05938888101278561,0.003203491705578848
neuron_812_count,0.12612659472087992,0.03453915781837963,0.013929495056097585,0.013410202039777303,0.09064724814930963,0.031058782850436673,0.027908544275785235,0.03761159524080235,0.03454926049226667,0.01783531963763904
neuron_813_count,0.09502623052565837,0.026554290689048216,0.006334772557990684,0.01991500322573997,0.05345284518878761,0.023877837311216316,0.0710557359770552,0.015129703243218828,0.03502613524778171,0.015704702483115077
neuron_814_count,0.053663624681510674,0.0028011060889861113,0.02065338685184978,0.029657646460735237,0.1108154316774771,0.007416100772734482,0.02433796598268008,0.05243745014959253,0.01805272370928236,0.01569014043089932
neuron_815_count,0.03851599787334871,0.01221664783926723,0.009283868397021472,0.01853380608251287,0.0820817496004438,0.01768389745548002,0.03801257660267336,0.026634418108083438,0.02959686872023172,0.006131901042020306
neuron_816_count,0.07453943264139415,0.01205787008744831,0.010661016856070071,0.018180277748533133,0.03533670481843425,0.009436175926648777,0.09472947127902925,0.012916291460868659,0.031571202507935825,0.01441370466559816
neuron_817_count,0.07048806730839208,0.009482256898263888,0.0034829656012716897,0.0017069512309563113,0.05735590903859847,0.004231600138005727,0.01915984318141102,0.035778072919961754,0.0028033579224512467,0.006581005694235663
neuron_818_count,0.08667122261411131,0.002456956905758474,0.005280107629143646,0.005693180486900963,0.04363575921472028,0.0003963035142242593,0.0231265020350424,0.014703615819406941,7.072067183256075e-05,0.006525567127345526
neuron_819_count,0.11181483017834462,0.00027969691806478247,0.005493715878951019,0.002312843867866121,0.029574645891307816,0.0056049489220556595,0.04985480297198856,0.022621763962140884,0.0014867533640653303,0.006711738603101446
neuron_820_count,0.10509522896708029,0.002141893661041056,0.016040813622069314,0.01524781429717749,0.060880623935044106,0.0004337903042738096,0.07764003890833783,0.02435954039438673,0.011109498178986613,0.005901885730894875
neuron_821_count,0.10291790650913837,0.0010784106819581654,0.0038114474787710323,0.0016073952755672437,0.05311085057534598,0.004694520355671063,0.005347922275242729,0.02461077862728986,0.0018509296979070818,0.003457953921968491
neuron_822_count,0.04188281751258041,0.009181984148030127,0.0014210101430337067,0.000465966823299086,0.00974458126397747,0.0017290334309344717,0.004789787420582163,0.005214561034115956,0.00535447765725796,0.0020740369026609334
neuron_823_count,0.07477801360769198,0.005211412256667769,0.0020776894567155393,0.0005260954239131418,0.02294792469272727,0.00040703015387230645,0.013661566114952044,0.013399280394455728,0.0013323395513646936,0.004648776673868031
neuron_824_count,0.09857944979307409,0.0008518166680517563,0.001989990198370376,0.0016174740865107194,0.011283298415238521,0.0001760184807940348,0.07223547051333978,0.014239630925411972,0.0006386708031196463,0.003016470764527438
neuron_825_count,0.07853168961941293,0.02218782384393203,1.53369753077481e-05,0.0027877157542641473,0.002052967470002571,0.016303254524822716,0.21558088289890776,0.0028398806177843583,0.030028892004139593,0.0005093551370923891
neuron_826_count,0.10088775650432064,0.004438882069697732,0.0012414417028199579,0.003107119160216984,0.0001547433465767037,0.01918150548232045,0.07022857136950088,0.011757122136044199,0.01100874505463939,0.016667442548189138
neuron_827_count,0.09875636487906164,0.0053078005145388504,0.0008291578175772044,0.0021203899722486465,0.001616146169155487,0.014595940564823218,0.09385045607471279,0.004981928647083855,0.01288720936155336,0.009578314283035905
neuron_828_count,0.13083232544376183,0.017023114319488192,0.0021088629594407486,0.0015735277536778856,0.00030788105047508535,0.013229830360866536,0.08014763153425676,0.008239189871361685,0.011196379777713976,0.012486385789095722
neuron_829_count,0.10775694581793899,0.02061657049855293,0.0017926131502218022,0.0008050039578149093,0.0023673000586306517,0.038079616020284285,0.09648619010976943,0.015088675203308088,0.018103944984370554,0.017728801550261228
neuron_830_count,0.06716436491864955,0.005871073255515211,0.004992151784292969,0.005871523382384936,0.003044714857771344,0.02242559114723358,0.058827061055031236,0.007311109358167256,0.008206334361190427,0.007636911690360931
neuron_831_count,0.09334739713540777,0.021845169842837922,0.002118720351507805,0.017472450237186278,0.011135826945309991,0.06706486521542457,0.1378398895248203,0.0035467663056087534,0.01853097959977515,0.015751933471558843
neuron_832_count,0.017065221784816707,0.16619416067502377,0.0028483202764717315,0.006842679805851397,0.0034929488763176366,0.011396823914932203,0.03988864778944233,0.0917031257896279,0.01793360694952097,0.028511211021777606
neuron_833_count,0.026769517204332745,0.18736522528381924,0.009263285813191961,0.013550791008755579,0.014736953660361346,0.015548319308815818,0.0320550609884075,0.005473203116215242,0.018359732019673926,0.060789726693590486
neuron_834_count,0.03776428284485395,0.7101685133955433,0.00964994669790406,0.016563603457583564,0.052731694165134554,0.005000449979602577,0.0020224475537617276,0.020624586547792825,0.022301171172511902,0.05076078081778024
neuron_835_count,0.06857667661952155,0.7658834301673986,0.014032608366533528,0.017426953221553416,0.05228078691381479,0.006661047447244703,0.004081895383685474,0.04116266263478389,0.02973489808567653,0.03626339250410314
neuron_836_count,0.0531029878188529,0.8020347833538994,0.01895543180682996,0.02518933682904622,0.05123340865698423,0.017768906610158737,0.01951616003141262,0.021816653107914717,0.0433967959322922,0.06788896780568818
neuron_837_count,0.023751483455298747,0.5953024094627346,0.016953557462075705,0.030999838360335506,0.04415549490643628,0.019221976193595967,0.014488311443487861,0.02042590146212687,0.035114151619842375,0.050096368070594324
neuron_838_count,0.009094067473640319,0.6186450640561658,0.0012100608431821654,0.01107184247741419,0.0293993866675184,0.020721138341827885,0.028423831177345302,0.004143689798992663,0.025181365632310854,0.06150459781812902
neuron_839_count,0.020540771468716648,0.21855572285727204,0.003925103333460321,0.006558537484961914,0.020161807097339973,0.008638796637176462,0.024246821053219597,0.012595847690389392,0.010739731734739251,0.056930958655629735
neuron_840_count,0.012917990259260236,0.7026292622808157,0.00218935764687738,0.004642097392663774,0.05512697289954632,0.020392024939324613,0.02159733221029972,0.002416941247408485,0.025244655637786453,0.08762509432666593
neuron_841_count,0.015289670239541697,0.2582862661356972,0.004770047359881638,0.015089785122491345,0.014401054484079134,0.01531300153573479,0.02943615550323718,0.018990113996190855,0.02299539864755433,0.04798400135289156
neuron_842_count,0.006307471647460157,0.6533306701504075,0.009379930241834963,0.016912740898489334,0.05594201018100803,0.010836616779337858,0.01580888280565404,0.016937028535630755,0.01915819553348165,0.069899449983927
neuron_843_count,0.042270560555367126,0.06890199957525722,0.007512789365234224,0.0029231764297965937,0.005451910197989941,0.007966820161280155,0.02369891732375165,0.028391075086079576,0.015368519450927445,0.030526430621587927
neuron_844_count,0.015505361643795186,0.26840785457421446,0.012061729505488575,0.008376014727018505,0.024674052694336854,0.0063256524403992355,0.017034456304768845,0.0013638589308053936,0.014795314959388031,0.04848923358148259
neuron_845_count,0.05421891006150689,0.021586841748119593,0.0051678420180939905,0.0018711078189554177,0.009478801640148839,0.0013703091568401451,0.011373304588180089,0.01912005069000467,0.005035740842855848,0.021609653284746143
neuron_846_count,0.022724223598453136,0.1578131952368027,0.0019457102452938094,0.003311180199066375,0.048680030003245334,0.0007431231388418755,0.009994998865565992,7.579034860106734e-06,0.004659051954223073,0.04480611634685233
neuron_847_count,0.04490434856480363,0.06978351199847407,0.0014502601305306628,0.0005527444107576336,0.049311607814066905,0.0005826065994551308,0.010211193587368515,8.313577708741679e-05,0.003990041610857226,0.021811263570875622
neuron_848_count,0.03256423366651137,0.1607576390926566,0.009542436967507395,0.0023595723357970845,0.04361558739611722,0.0014431817814779917,0.014656740770636001,0.0017215708645784943,0.007295988371191546,0.056940529550473226
neuron_849_count,0.05291612480272219,0.056170285595475676,0.0036401981390704347,0.023178799709734875,0.037074921501742165,0.0017923249771271063,0.006368116710078069,0.0005783824121018675,0.00024515385257449507,0.04218795871616489
neuron_850_count,0.05218392237637004,0.03398184130991065,0.008807617890757954,0.023421718149227812,0.06035670299923877,0.0045862351630306455,0.014974574575651763,0.00637412203093417,0.0010393725929814246,0.015427641289748037
neuron_851_count,0.07407759985676912,0.058830963777653095,5.094520678085724e-05,0.021163912595160247,0.041734744173560226,0.0024803087165639268,0.014392251735930721,0.012546272430146048,0.0028600298931422893,0.018064698565818382
neuron_852_count,0.07004802194341658,0.029055391985147297,0.00034984969418493626,0.016632249871177784,0.08582852737580038,0.006853904071782171,0.005965117580236018,0.0005147813439300682,0.004272030076437762,0.01823104591502807
neuron_853_count,0.07618832951954133,0.08398152538916244,0.017686793862983094,0.02218524454529707,0.022217998543674095,0.017571752020337547,0.006458670606926578,0.018144864163818837,0.00019684463269288577,0.002654281600959039
neuron_854_count,0.05715870481699184,0.029266185300834247,0.013798371413575261,0.015169770877258931,0.07945185316929894,0.0016298404633820554,0.006549919886486205,0.0036832327222939185,0.0024719175371962915,0.03562531300792497
neuron_855_count,0.0588040774614261,0.02328640686974215,0.007345043139405719,0.01968345959577114,0.08485119159500638,0.026482922756528374,0.007381936501660802,0.0017871777431633638,0.0069183544818774145,0.00600839194526951
neuron_856_count,0.047712543076146724,0.004547214869211232,0.0004955555897519469,0.010875424552860224,0.0460181351239797,0.004554412606674087,0.012378916265445072,0.005011141873006664,0.0007275650048796413,0.011924408723223645
neuron_857_count,0.05986581454100767,0.03147431958007289,0.0026078585150587225,0.02072709459258043,0.05674421422983003,0.01168298194961212,0.010063828827071561,0.007090103452932385,0.003506758108346164,0.004903951200752141
neuron_858_count,0.0506676922369394,0.02396241050820927,0.004550301823681158,0.020542379831752028,0.05905825952898268,0.017757059586224797,0.007288278162850902,0.002451929809136097,0.0037813999127343442,0.003819639203601989
neuron_859_count,0.05730668606033398,0.0023905356601447592,0.007608093975618124,0.03939542663126594,0.12986701604286802,0.010700226254140466,0.012298553660225364,0.00693767377421748,0.012275716706503625,0.005870953363301297
neuron_860_count,0.05906511271094769,0.0006788931300438228,0.004160953344624331,0.02216941632503565,0.11134637294223065,0.015185896128614151,0.006004898369225069,0.00671483665814742,0.007813965583055589,0.004758797139017612
neuron_861_count,0.0369152965404871,0.02556793435404879,0.009766769479802678,0.018014751016290895,0.13163021587518547,0.009598235763976781,0.010473290269100294,0.013520271175925719,0.00940958768835843,0.010650766448560368
neuron_862_count,0.023566519028119265,0.0308121934492388,0.008833138561458518,0.03133185584252804,0.1636341974743119,0.0047967535881622975,0.01046509665370872,0.014193831498197071,0.012141063865872714,0.015065352860023203
neuron_863_count,0.06910148426894916,0.003132280237165771,0.013457921420803445,0.017245244485916314,0.09132269910172579,0.018867745177286205,0.009387336360689925,0.01049698542533034,0.014946311414223985,0.00236851315897936
neuron_864_count,0.061251750560272544,0.006353745399152962,0.0015069485761044568,0.029176901089749352,0.11061634095828957,0.01511988779546089,0.014315869824239338,0.00216776069799704,0.019194214362396864,0.02315992544336075
neuron_865_count,0.03789592237351895,0.0072404082194389326,0.010261634978649566,0.03249340749472542,0.1531026523257041,0.0081310216109809,0.012625307456848627,0.014412886763271612,0.02044833407580905,0.010326368515115685
neuron_866_count,0.05292840685197586,0.08360935702390088,0.0001115972685204374,0.03033741853287175,0.0806097789721602,0.02254905088403482,0.012808378339288023,0.0010633144055984776,0.033640293344854494,0.0005580753040892294
neuron_867_count,0.05114456628026834,0.02159212741271825,0.0017956554921449014,0.03762394762633933,0.10908424911796746,0.014893942688369827,0.01472225538062677,0.006740607102780322,0.023033467579803485,0.0071160578999934845
neuron_868_count,0.041730108167610025,0.039504488134887286,0.005454075024369849,0.03343338771774497,0.09824818763781179,0.01866629932102573,0.0057316612490015545,0.005927408096264734,0.023284636840866707,0.0024881018505926193
neuron_869_count,0.0615824198340858,0.025844602068025066,0.008210596755630746,0.035893090893894836,0.12488637299600443,0.02193101203821883,0.019111144568725605,0.016120486981421697,0.037991262658402136,0.008004140051104107
neuron_870_count,0.068322667945938,0.025830198876998292,0.004113488563262468,0.029275071016193255,0.10252988340183794,0.02582911827465484,0.029483451803411734,0.008639229926428363,0.034206487194839236,0.008505601675642502
neuron_871_count,0.07796412163957328,0.042082666289697146,0.0027467193485373603,0.03745949135753707,0.14181421363763566,0.028696349603656107,0.021821171492559105,0.00633562900881747,0.0360006260015904,0.00643961717766392
neuron_872_count,0.04013978345636582,0.02813682978391112,0.0006976165372739622,0.02959332207952814,0.05924985074946018,0.0152319324397905,0.05562705292363988,0.003149819652524595,0.03273338828012168,0.0006360249702021816
neuron_873_count,0.05105087767421268,0.01326651244956916,0.008038097883706612,0.03966069461472631,0.1721681390817119,0.024515510626265738,0.02130644144717922,0.011600496711649644,0.03643666283238224,0.009865976591569653
neuron_874_count,0.0823851136875818,0.03193351708820662,0.010480263779493487,0.04313847839225457,0.192894100095857,0.021790231477321648,0.00762670418507172,0.03949355447529934,0.041691884587068684,0.008090715985281528
neuron_875_count,0.0753159894658667,0.0233055107146595,0.017501936781511712,0.03599426240123166,0.1385077790313901,0.016944667102324423,0.016397827243620267,0.03757365107702691,0.035586988365874025,0.014464031868825541
neuron_876_count,0.03825718995016303,0.012260043190021053,0.002767551508172438,0.029556629512503207,0.11495383099182875,0.025832265762023673,0.07794688472343354,0.012441709217739697,0.054524054516876336,0.0045537566526120945
neuron_877_count,0.07933772338254466,0.014751772924955345,0.006624337464672329,0.012694656915690591,0.054701568595941386,0.01918540742876755,0.05097819163982653,0.025509573113898606,0.033960897714838595,0.010304755127793372
neuron_878_count,0.07139619529531338,0.01707491343280647,0.003875350627703892,0.02654608929836831,0.11413004456075188,0.014109338605669985,0.04911979671136078,0.009151951634599177,0.031891920685774344,0.00582204948713403
neuron_879_count,0.0362925567222068,0.003080341037091339,0.007044169655264061,0.035483867939663405,0.06585160953687864,0.026888845865620806,0.06241130750984693,0.04304550458743775,0.04868903682848527,0.01660429298065065
neuron_880_count,0.023331504028634528,0.017612775255692506,0.010062798723193107,0.028573894537455444,0.08734930181464849,0.018401714461100283,0.02225322701027814,0.014900941741995515,0.023992669143030512,0.009772645307916078
neuron_881_count,0.038272690610025306,0.010819680793580505,0.0037098596540672615,0.004171266910832978,0.04459279126511395,0.00010674375959288194,0.01959204817904331,0.019215903019867378,0.004974713959844279,0.00638287176846717
neuron_882_count,0.08450662043044724,0.009027813448509336,0.013018135056778804,0.01443458232656309,0.11790556123724225,0.005749748145217767,0.004463211568487786,0.06408046373660238,0.0042885982820042926,0.0311693692200275
neuron_883_count,0.033671903168545486,0.00422104866762062,0.001016761867853386,9.115654542141198e-05,0.005917488569024614,0.00022039921752329585,0.01047922455475159,0.005224730503720097,0.005771357278277295,0.002576012959155582
neuron_884_count,0.06875401371116666,0.006262840929248684,0.008419160627325086,0.008271815841365496,0.09081606547395764,0.012305109973034939,0.05394346324456048,0.023984764048014917,0.031238199725406632,0.0059779227774569635
neuron_885_count,0.07465703763404932,0.002724949040048205,0.0035037032058052864,0.0002950898064827713,0.01873087712680189,0.0006940587155509752,0.014346097472660281,0.015981608576570827,0.0011122657717510115,0.0047145774308305355
neuron_886_count,0.1050683856543769,0.004298106458505889,0.0015455705932581193,3.788416479424614e-05,0.02147669284814531,0.007122972180641028,0.05703081285401307,0.024241447150795306,0.0062451947658033885,0.009292987722142515
neuron_887_count,0.06981667306535638,0.0004089497855657249,0.0011408514871261728,0.008251019091588626,0.027366175882279072,0.0005007269879844824,0.042237506812613346,0.009277947203235461,0.0007926750842743688,0.001824273960894839
neuron_888_count,0.06954682056664839,0.014699380094980466,0.0050240807935024515,0.0019498655745894093,0.0038886999810759937,0.016019005757783325,0.17412390471182226,0.00619569005888642,0.05650813017277351,0.006979029892152797
neuron_889_count,0.10535672336291851,0.006399040450240326,0.004663406086604316,0.0003285197877977066,0.0009942561656621565,0.00038545965248513135,0.1552777487170186,0.017643242873871173,0.02914378384025365,0.015437594001330962
neuron_890_count,0.07358143175779813,0.0012242384866979726,0.003126718792020221,0.0028685494557196545,0.0008216248186090659,0.025216161742550952,0.10021231908913986,0.014051577573954144,0.017267439560774756,0.012072375316638184
neuron_891_count,0.10997807788736458,0.004482008617723958,0.0037029440678739423,0.0004923015740932978,0.0018493414091937319,0.00111826936917973,0.08002808856236912,0.011467767168394656,0.012635701626180357,0.007749846697677962
neuron_892_count,0.16393546851848187,0.044498006218799666,0.00572015378861071,0.002235442445214595,0.0028496563882329934,0.007827730283143264,0.08257091438069873,0.015502646157243123,0.044448319975959855,0.023924426710897187
neuron_893_count,0.11900472766136602,0.030851174703261063,0.002333388700087348,0.001209185843353387,0.004347111863595085,0.004210358664558572,0.0856637787645873,0.005581710338392047,0.017595747003087844,0.0038357731492790655
neuron_894_count,0.09337229030359817,0.010570342626137812,0.0014470532099266006,0.0059271949529979065,0.005585171584899934,0.013638535406055627,0.1474107175145463,0.0035915101781475245,0.009285974137251352,0.005107095020803511
neuron_895_count,0.03335344292958897,0.05365812886177668,0.0010150312844476837,0.0030497972044783717,0.01781106349833758,0.0014911876941436008,0.009986276282759464,0.005800820831828861,0.002654223966364253,0.004224390046376786
neuron_896_count,0.014429803498318346,0.1037587316435769,0.003096539587657322,0.005446217346329083,0.005874516272382085,0.01425703452855294,0.032090223619686824,0.062420304711352084,0.011005936992505433,0.035584932985214784
neuron_897_count,0.0708851235411262,0.7440635306054291,0.000987365933093681,0.007794095583292436,0.026555171280566753,0.020653421466837893,0.032160251919991056,0.005748346433382446,0.05566191352404154,0.07046334738497927
neuron_898_count,0.03137283239236539,0.6352664051852628,0.006424451571173766,0.016574057757929007,0.025073085772565312,0.033134971148806036,0.038626269146385575,0.016514494929610088,0.04883056864023068,0.06054624178883786
neuron_899_count,0.07899110857652239,0.9038545147065075,0.014248285360293156,0.023916297590120005,0.04770982044736945,0.017425653674612678,0.016057320633096263,0.02258735881774327,0.04687386022428553,0.061057367775318366
neuron_900_count,0.07212953397256863,0.9033272383655083,0.021110113649739977,0.037032815155110074,0.06542482829390828,0.018020291939469857,0.015993580723460736,0.037698767954972276,0.05142795858825287,0.060175507610817365
neuron_901_count,0.00010164181975578601,0.5469148938189778,0.01630068234560287,0.027280659350626082,0.01690634635419771,0.02685991130863309,0.03414516772535091,0.01125316256832802,0.04069957267448594,0.05906283605653094
neuron_902_count,0.012512280512016381,0.9221820235823635,0.019922596937226762,0.036143669733112366,0.04108651471810758,0.023025691191205684,0.022540971138467772,0.01647728020173158,0.04796278147006901,0.0698993561607197
neuron_903_count,0.02524288927987073,0.8782031426553019,0.006516863104504708,0.01776901492764254,0.057364308366704655,0.020784743100288626,0.016598785250482057,0.00928382752042043,0.04328626024716342,0.08322568917712858
neuron_904_count,0.0014189228375204033,0.36641126954581976,0.0014416697429011204,0.0027558368386661203,0.037767429409369155,0.019645514368016467,0.027236892587304398,0.004298367690805022,0.0209183988132096,0.08388051962367712
neuron_905_count,0.0003192136039474819,0.5202731140443371,0.007166397920525411,0.017322480485197696,0.04212543127217461,0.019319554149814386,0.02348247429691818,0.00350925326840755,0.0223957251603426,0.06602696409537502
neuron_906_count,0.026549909014071893,0.7035645415375065,0.018312518320273037,0.035792681824587745,0.038623699601996374,0.02249193673808298,0.02010935274197069,0.018539077614674097,0.03744667825600948,0.05189953528719562
neuron_907_count,0.03313947420338027,0.07032851111396339,0.0033208921300743807,0.0010492055190161782,0.029884922367227805,0.003448402656467394,0.012458762181752292,0.004551134856682666,0.005344155845278999,0.03160239448682434
neuron_908_count,0.012496770526179299,0.44947829085841373,0.008134539025687997,0.01448597295668197,0.03750670382365977,0.006326581856519478,0.01602588147978544,0.0007360349624863892,0.021148719222356796,0.05863702290738054
neuron_909_count,0.005965911606895129,0.33734300740019324,0.005743239024520577,0.008356103947854306,0.04202276902757705,0.008269911399044913,0.01800770160935626,0.0011352662845054082,0.014575623769807325,0.05709955196872492
neuron_910_count,0.07965911405995843,0.011446229908583808,0.013872036879935379,4.078695251591479e-05,0.012074062185200324,0.00026057201436439914,0.014486563888953613,0.03895560546726046,0.004263179954426877,0.0059960176768859355
neuron_911_count,0.04839643295502072,0.10173257908571709,0.007183577794199945,0.00016583931423229392,0.035555780320292926,0.00018321844575265762,0.018427891016761164,0.00042711172870336066,0.006515469947692545,0.03958215478100416
neuron_912_count,0.04968729158788662,0.0149056472647906,0.0068514804945203275,0.005085059344455009,0.03052969878046613,0.0009204822224408611,0.00614207506814881,0.005742247893998048,0.0015586067101245396,0.023666390564873616
neuron_913_count,0.03870757948625181,0.020612995926264567,0.0033916365101866897,0.046972517618708826,0.07499586500063933,0.004598429584383872,0.011652706978452863,0.011912042537921247,0.0006679530883433333,0.027084183662494724
neuron_914_count,0.07965539369458605,0.0239794385640138,0.009562261008653719,0.0038733952932064122,0.012066725457630087,0.006348946929470613,0.011079730808231172,0.014020733897282409,0.0023692715102874243,0.008527436730772164
neuron_915_count,0.06523551598014182,0.020136765894681566,0.003358267976008234,0.016763768581465582,0.06791291594685284,0.008724514417920277,0.013013738482230343,0.007599783285651439,0.0019481020885959884,0.0095439346387248
neuron_916_count,0.07386452548914901,0.06259229914019922,0.0009487303709100146,0.009624422036079563,0.0364485327443123,0.0065685879278225695,0.022097410150346997,0.01979061740409703,0.002304903496471014,0.004941025268913546
neuron_917_count,0.10570879453669846,0.03952558302218816,0.011040859899689143,0.009163263906882928,0.03849302759937531,0.015179440319390086,0.007350504545148323,0.0048860987756735655,0.000675426234400478,0.002793732200181323
neuron_918_count,0.09366741907946516,0.040317517803273015,0.003251957441793303,0.012648314314111106,0.026065399836127726,0.009816930411215327,0.004703511504098867,0.0015106523830871812,0.0017840504054552064,0.005182360431829999
neuron_919_count,0.06970153940457374,0.018524388894357716,0.0009346335559745969,0.016982398603398896,0.06615560821484878,0.00821771147030495,0.010024150076398834,0.00836158533546575,0.0009926763252407385,0.011896777433067038
neuron_920_count,0.07322512622207414,0.015151658880191876,0.004593813710319649,0.028063282990380925,0.1017312026355059,0.014738327759734007,0.001125345810978784,0.006616117196386287,0.005640639286290418,0.007735252941931572
neuron_921_count,0.06407179190846116,0.021113450937670197,0.0028303154401081165,0.02064537737844041,0.08559057260065935,0.012207256647238166,0.004613934854374606,0.001812552411163168,0.005541706542615911,0.00908644195745123
neuron_922_count,0.043491575972965116,0.0018759051142987083,0.007157112887397329,0.03822153289394698,0.09692331639569793,0.005675450493383999,0.008773536784265915,0.006453549447089025,0.004968756151788944,0.007312562242408185
neuron_923_count,0.06937333547233937,0.005739779115670217,0.005239577072130958,0.019827887236100652,0.09243304768618862,0.006965911403699107,0.008746571697617146,0.0022794560180773374,0.005631511658746244,0.015405316139759193
neuron_924_count,0.04708823964944195,0.003488833151078754,0.007321981101010406,0.030906128223022473,0.13614276771770284,0.010857114653512003,0.008721451873642198,0.008477228872685143,0.007937533737711736,0.011850093310943999
neuron_925_count,0.05631377321726175,0.004664207147811432,0.0031641660885271955,0.013329697202117824,0.10357382930271868,0.006882083134952255,0.012467311970731886,0.0037437595612442517,0.008947450735104355,0.015650474047671392
neuron_926_count,0.042961637533235064,0.006559083693016943,0.0067125296784054,0.034222052626764185,0.14740734503245628,0.009881347398075939,0.005286039970750424,0.013694935247545156,0.011083594317606298,0.010490743694646192
neuron_927_count,0.03788671212394662,0.01115165285582459,0.00825145075588965,0.019375132512900323,0.09425482715462742,0.009343357673731685,0.010183642214470948,0.009932221323358026,0.009214699200865657,0.008451805890558536
neuron_928_count,0.047539839096891884,0.03277875913204345,0.010203705735274175,0.032555059702634365,0.1522764119615217,0.0023031366381876424,0.019202270582252483,0.026347341777194493,0.017507774815690977,0.021015139150800673
neuron_929_count,0.05938738353789849,0.02224707920350287,0.00014420750411757964,0.032099099430486305,0.08058789606333885,0.016069025522089372,0.016832844392515728,0.002243164949867621,0.012073531717382388,0.01185891711074473
neuron_930_count,0.04058554987825478,0.0012733755023826947,0.008515393323951254,0.033048561348501385,0.11080760211196442,0.009166444765065167,0.0207007801040522,0.013335328859751604,0.022141576473816475,0.006367924111511301
neuron_931_count,0.03989092229953403,0.10261543695089398,0.001736335351300869,0.04147930051074822,0.08302960007119728,0.025844399237693633,0.014072534350977509,0.0010933857289070325,0.0327443036173998,0.0007358060773861282
neuron_932_count,0.03942164117401292,0.02987405617097237,0.005307010542553895,0.055922520456966635,0.14885739960526945,0.014411946418713406,0.017382327617069357,0.0043198381392330065,0.036603451219047525,0.0029935629800239977
neuron_933_count,0.048114381531839084,0.007069294409420078,0.005317326569498567,0.031539414326748005,0.12466425803151532,0.026595387011511942,0.022414565665041006,0.031603329536623745,0.025814674074995284,0.01627592147259073
neuron_934_count,0.04823679614105153,0.029399441394867498,0.0014072035376024201,0.027785141545048325,0.0822986617186523,0.0214397051059987,0.03215292665976664,0.0047138746350019745,0.02904101892699333,0.0029608658833037357
neuron_935_count,0.0444484460942057,0.038422954862087466,0.0006409924280168598,0.03257113556252725,0.08673263231810685,0.02347866122783647,0.02412801407094388,0.005666449754224048,0.022200469088462738,0.002375878891398904
neuron_936_count,0.07846328975487357,0.023307419112097646,0.00613666235210452,0.026062558977947972,0.09248192364054855,0.01527128792100528,0.05222491488447606,0.004054875990476416,0.02576475979963408,0.004144544151713787
neuron_937_count,0.08240815066779952,0.03129920265220397,0.002495514415166822,0.045590741315134464,0.13736277454010917,0.02984813935245159,0.026621422562584762,0.010465173432749428,0.02478285253921375,0.004224049564908822
neuron_938_count,0.08160054613192994,0.011347640980839693,0.005556843594670846,0.026741675745823368,0.1126325368249032,0.021434157611751534,0.057783905987130235,0.013490615189809305,0.03181327326966096,0.00675903849642822
neuron_939_count,0.06206356248312911,0.017064095114138214,0.005992918232229704,0.04205702862971,0.14520136349824583,0.019064387533296603,0.03581667900202676,0.01580422550061239,0.03876635482569045,0.007557582373000693
neuron_940_count,0.04757348883335838,0.01710358812222859,0.0006552164075440368,0.030520742509074522,0.03999275947519243,0.022916895424759443,0.13996600560915526,0.007252896452595137,0.04707905910993679,0.004197005240029975
neuron_941_count,0.045042831074502104,0.02605886549613791,0.00508249527436147,0.032991721971309146,0.061601164536920314,0.008991750843822241,0.12023472905028312,0.004437765060113768,0.05148822116205398,0.0026205898083842827
neuron_942_count,0.08937850809036244,0.02389423142772555,0.012419204749416907,0.021782171389761545,0.038352824104837396,0.018338955113649982,0.11319202688787494,0.02182821899242407,0.04323728783620795,0.01215428517597543
neuron_943_count,0.0908105790612602,0.005144950688388959,0.005665331177661569,0.013804478938224743,0.05278579362052466,0.022292178519068034,0.09327253458088022,0.027743456560500535,0.030408632791191215,0.010742234396601158
neuron_944_count,0.06677228538861457,0.009932891376908962,0.013217804782624049,0.017221753486810973,0.07126961146274957,0.01892076585925362,0.057520920900791445,0.03130197383705152,0.02680404559059163,0.009842855149409427
neuron_945_count,0.022052840864662665,0.002852845281990887,0.01741715052906967,0.02768310176905482,0.078492093380401,0.004533930330173963,0.035891870135303386,0.0305993371506314,0.029103106322421204,0.009887572417960608
neuron_946_count,0.035762602573712776,0.0033835223477467705,0.02836067558546257,0.03703151638252275,0.11912011798552266,0.005467688416437369,0.031292603144604844,0.060322047936595874,0.03965822692384274,0.018895836128242458
neuron_947_count,0.09559854960852851,0.004026447277220291,0.0032256023479223933,0.005183145511123519,0.05330120034656577,0.010748687508708832,0.04678179265046779,0.008584213680176936,0.0032275580303953444,0.005707954885856438
neuron_948_count,0.039861652828009325,0.003881509464675744,0.005553330755748813,0.01796498083963123,0.022783217235934072,1.1147851070722065e-05,0.13584027309330457,0.023002479147814822,0.051145400615742714,0.0059656428042362125
neuron_949_count,0.10552118281893466,0.0008408986242369413,0.001527897998169856,0.005536504006215984,0.04976326539384825,0.007144659588510759,0.06379156873486198,0.013755036640350438,0.003595945795735401,0.005773595617267389
neuron_950_count,0.06794281260824131,0.008005854110590203,0.0030322466578692024,0.006393254684519661,0.011092434744601004,0.016434489818070705,0.20481067440621994,0.014101293771019208,0.04146669350392196,0.00218930017610967
neuron_951_count,0.08054483783293023,0.007015348890768158,0.0018828090935074683,1.8312631717727536e-05,0.019329693564070043,0.004654617306092585,0.019163853778496352,0.006590145882829822,0.002712416124496589,0.0020926542044464487
neuron_952_count,0.05185239420738358,0.006352226849479052,0.001660982047757482,0.0004981784644352456,0.012668503788546646,0.0003561656181157403,0.014045512662680965,0.008782770727492405,0.002816540495575103,0.00391807977446958
neuron_953_count,0.10607165501176738,0.00377006963838334,0.003551917988326596,0.0009597410866180184,0.0021932027053155126,0.017542391821443182,0.0973759123098128,0.042514878288363867,0.004304715203351399,0.011763490066427865
neuron_954_count,0.13783176019096338,0.011798197760448506,0.0019106172304486219,0.0005424267495034232,0.004195794300797039,0.018048440589974016,0.08706784962111042,0.01667645650374764,0.018785580777219875,0.015218616814342452
neuron_955_count,0.06255297594431589,0.0006424584452057059,0.0006445723789931255,0.002603834296758034,0.0017020400897557533,0.012937816306371142,0.23066895262654197,0.0021440701292579755,0.020307898598668536,0.004424031456074784
neuron_956_count,0.13114493363209045,0.0031498485590798105,0.002731744916363292,0.0010682267154555995,0.0020244729170869613,0.004516742125245443,0.11115501791794109,0.00974574805553128,0.006851521241250658,0.00665209931866638
neuron_957_count,0.07056436254495785,0.003057490404546004,0.0007642272857878822,0.002809587448828272,0.0009288101260931571,0.03216250703329537,0.05781106284157881,0.016323853281612052,0.00984305933091252,0.010975052055037522
neuron_958_count,0.07426483486540382,0.0005541429822393702,0.0019340571238455032,0.0026865002508154393,0.0018401897547108692,0.0027358788024425124,0.06536973408061225,0.00450977001358362,0.00818922871945775,0.002408513804364555
neuron_959_count,0.10199212919051455,0.04044608599678144,0.0023231594246120512,0.014711557505100427,0.006614931091286268,0.1032178644977666,0.19950277892359775,0.015877930877228517,0.06627802953952769,0.03190555354049693
neuron_960_count,0.07246673374400828,0.764756702865953,0.018070212916882912,0.02285589218768324,0.0393963629322146,0.016338459457171627,0.011187457516404577,0.022425439379338614,0.04263102398873455,0.05053867401531528
neuron_961_count,0.09175578331200844,0.8124865993774621,0.003967100587541104,0.013640747164738835,0.037328672195591134,0.027981474758859474,0.03406258376778701,0.004497807300192306,0.05532963449565832,0.06260427225726752
neuron_962_count,0.011326087481746776,0.39312796519154913,0.0061509260748217505,0.017000115324365312,0.011683258844879418,0.018397064926099136,0.019639556014786806,0.005134876344915498,0.020696047576816454,0.03433886329781582
neuron_963_count,0.015668207234128442,0.25211158226357855,0.01529462203040462,0.022001668942562697,0.01946797154901366,0.010031636927466451,0.02732461039222097,0.03987723690318484,0.00915098318685726,0.053192107804523915
neuron_964_count,0.0031547505522874254,0.5808077995004355,0.009807425425407489,0.020147851755883614,0.030230333294070086,0.021688671242938565,0.02324727069924739,0.0054927652307311114,0.04513284171881379,0.05392962139331324
neuron_965_count,0.08169139155608048,0.8091518226143009,0.02058030952172732,0.030927843273107082,0.05446440581236249,0.017532146001422576,0.01780683305082475,0.03035301068828577,0.0474748066759489,0.04881406706421236
neuron_966_count,0.001006812378080462,0.7570272895556984,0.024658416929126778,0.04404396460881137,0.02654947803909688,0.028115109730524016,0.026069534856276347,0.007061284575316976,0.053136296143160955,0.043777660557373824
neuron_967_count,0.048841644913783455,0.8434296772021252,0.007811539124698681,0.02363014233149146,0.05632612477622877,0.02027954162970544,0.016756157766364528,0.010896481385100167,0.03831358113946903,0.08021372388168747
neuron_968_count,0.01701939907584328,0.9510097427522249,0.004593242167878292,0.016945577735343803,0.06572747803236904,0.023386707938378395,0.022969693906116306,0.01044514722393318,0.044082362099225184,0.09369933690979473
neuron_969_count,0.04727307110834368,0.904115718124233,0.021278416628471117,0.038326203179860664,0.0568508060461083,0.02586839139202897,0.020373122292472,0.03198957086957259,0.048527312970947006,0.056253213833094944
neuron_970_count,0.07508455171045664,0.018789748898967833,0.0100084470873959,0.0053110855407403415,0.00040771766225298177,0.010448692096019084,0.03207340261454075,0.08196940149451529,0.01814106550061982,0.01868586797796605
neuron_971_count,0.015590355271812448,0.2236588188605437,0.006171463674460673,0.002953014918629808,0.03766392755024855,0.006143827140772502,0.02619538933668005,0.003975453716235564,0.014300315341040988,0.06256780536661093
neuron_972_count,0.0031258641042093693,0.5193238451572633,0.015145015698347648,0.02379265971141744,0.03966084873313254,0.011663198597244039,0.023868648935765603,0.003232874245418616,0.030573931182965586,0.051077207596226346
neuron_973_count,0.013713456615019298,0.28346714930873324,0.0007911375092244655,0.0005056471521531023,0.05707287376864305,0.0023541024623170183,0.019178665578756568,0.0030046468697287956,0.009381048806438155,0.05921399510251149
neuron_974_count,0.0008290955504674513,0.5675251972216395,0.0009694300775603057,0.015317795660270236,0.04537144651529802,0.00528400677339351,0.010029634807206575,0.014500719241025029,0.011562850319441764,0.06303948722657388
neuron_975_count,0.016049845299260082,0.24775411030482075,0.0029341027386485634,0.0018143367175366821,0.059246158510930735,0.0028949449582550794,0.019045771513017715,0.0015473834327456165,0.010931326079360454,0.05107875070844818
neuron_976_count,0.06435513348574354,0.03315712545157265,0.0007575515722132119,0.014873806206092383,0.02938569459754163,0.0010805271075949412,0.02061576132494833,0.035453296848569626,0.0009900218396814552,0.025727125630536446
neuron_977_count,0.08794596238078004,0.041364829708324904,0.010959311618206735,0.01407655499254324,0.029459127997941967,0.008912503450139497,0.009087390819990333,0.011301018431661307,0.004277743022533526,0.008781974500293707
neuron_978_count,0.06562150667633762,0.05150310125304507,0.005272678945174497,0.03570040149151417,0.04886861835593527,0.0027569028935394632,0.016814021180058418,0.013238181943753424,0.00510169887289131,0.021278539124858456
neuron_979_count,0.06728074798431521,0.0540719153942649,0.03391571404821222,0.004772853146954196,0.012007261704256596,0.010403363578582063,0.007637455573875605,0.015887349419759868,0.0018892834609145466,0.002894062664673182
neuron_980_count,0.08935690095507759,0.020896706478548632,0.0025402010243067014,0.01565417429268219,0.04645973055853858,0.008750136171443476,0.004876711818111827,0.0002801878691321676,0.0019665593463896805,0.010968198962569231
neuron_981_count,0.08243006586311996,0.07374800937318114,0.021931032661674246,0.010967846745057262,0.007593708390346794,0.02253599326281462,0.003171218881308901,0.0022384574590240333,0.000495806563046547,0.002661889041455888
neuron_982_count,0.058562820117336684,0.045441840937632164,0.014405818324010042,0.011003654057973607,0.02336351517109915,0.015397834523993098,0.00420916778803624,0.006810309949019055,0.0019612270774803098,0.0004777644636508385
neuron_983_count,0.0824438401490677,0.02289481353796899,0.0059822925495037135,0.01401815934004301,0.06313104279986513,0.013405854336001125,0.012679634929118506,0.004124505841565439,0.0009648028749844918,0.004759575172971507
neuron_984_count,0.06580816328304129,0.017299227342881855,0.00047835434354668617,0.013324248622670135,0.06849344741817459,0.006559173627811436,0.0036703199209812618,0.0005553148713022243,0.0008045354078333247,0.015087371425618543
neuron_985_count,0.04761715179651073,0.010307843344593299,0.012038451877796064,0.014682603066897029,0.03305723014357149,0.007707159348653118,0.01037123256290878,0.01018072057498672,0.000782599776372855,0.002744874963271181
neuron_986_count,0.068594700415881,0.013782599232601375,0.006948133653002467,0.020107552503405735,0.05071910595599645,0.01179866289408188,0.018073521778811483,0.0014750861051337598,0.003171685435499713,0.007900895799398788
neuron_987_count,0.0427808380891352,0.01667912544860528,0.0061455192541508,0.022438776989975567,0.12893204912017261,0.00818206063115471,0.01204236280797756,0.009233928710026672,0.0058101819619158085,0.01248159150024239
neuron_988_count,0.0183629248740977,0.012654656948249049,0.018092927097075023,0.05380110329072543,0.1032902113084101,0.015419588381749241,0.00417231691412296,0.03645177189458887,0.010782969289041537,0.003966724768335671
neuron_989_count,0.023612957178360844,0.007023550605846592,0.009791136920599602,0.01808082142362858,0.06965451826767714,0.009810978924464982,0.004307914097683697,0.011527373021132818,0.006947692234949683,0.0026591593588929305
neuron_990_count,0.05847513829498302,0.050599777454473985,0.009253169809324058,0.02777322653532603,0.052018089155219785,0.026461645798772096,0.005252144160966046,0.0036499844186450303,0.008163531103662906,0.0019142506894681954
neuron_991_count,0.03464248790786448,0.0015795475685416258,0.004064417975463204,0.01511054745159036,0.05848673795376001,0.01021558102753934,0.023375348301763896,0.005401456706596811,0.007437428268594292,0.00492268665157377
neuron_992_count,0.008901913558074147,0.002644802431105913,0.010924792825504404,0.03398358974854679,0.06323686953670338,0.023702924583736185,0.003186918197561131,0.013597768908584745,0.01447385198298115,0.0008885672855909067
neuron_993_count,0.021391238371240268,0.009425266753326507,0.006687945936197624,0.02320702491633348,0.10410974937410894,0.007505783032952629,0.020085143633712655,0.00772906092113507,0.0214137491330779,0.00640418419341738
neuron_994_count,0.039855042949575675,0.001424451382447951,0.0016518357431766564,0.033571633993964095,0.11475524651024474,0.019505187098443164,0.024411364031893715,0.016306049708403922,0.020394865871075765,0.009506198161083057
neuron_995_count,0.033898898356631416,0.0020683141446337303,0.008573624035531385,0.017635245099589733,0.07664624440933589,0.01125650251633406,0.02037414370838661,0.004092254781425813,0.017085431134521656,0.0022697571575004943
neuron_996_count,0.04737248226093024,0.01620238105810795,0.002545703517935722,0.031095706928842615,0.12693322449182934,0.026792992148714306,0.02054671944451196,0.00884544503067998,0.02807911415794058,0.00269221566005879
neuron_997_count,0.049055519377555146,0.016550126808672835,0.0024487656410011986,0.020441303557058726,0.10867850389163766,0.01366948385851649,0.022351802664579465,0.006407863557345864,0.026839171959567004,0.0010924485433410278
neuron_998_count,0.03499959745299039,0.04186621748232054,0.0019498564348403979,0.03609643899762072,0.05983296017092518,0.02144724520162454,0.06064622630204669,0.002758919726797094,0.026538775264150327,0.0044134184571199605
neuron_999_count,0.047793966093896856,0.031586212511263645,0.00037016990849616724,0.02473022752581791,0.0719864163140796,0.018794387674253885,0.013756017006650176,0.013704050711405631,0.02911579318354081,0.0040506845391185264
neuron_1000_count,0.05052708880823703,0.04785805290831782,0.00044348921225324626,0.031056466244141462,0.082928630607922,0.027169774700634045,0.05318586758505066,0.0010212400523072328,0.034216570762706164,0.0007229445015379801
neuron_1001_count,0.02831349573435088,0.010287946880220236,0.00036942616510445003,0.033160805066894034,0.08677608824262088,0.022747557938092286,0.04227764962290856,0.009530990596395159,0.03088756696269626,0.0028450762547831895
neuron_1002_count,0.0402950944404698,0.04251903672604976,0.004426820318058702,0.024150159348275094,0.062433362857101216,0.013969425476303074,0.035599777708154326,0.005169269173226659,0.02505453291086586,0.0023885743448737937
neuron_1003_count,0.019445751211306053,0.04862493129553297,0.003503914906374534,0.023054853319472463,0.04737971911681779,0.014439472344076859,0.06005681116013123,0.002525796927592208,0.039953786666315966,0.004699493830820833
neuron_1004_count,0.08141882277521151,0.027695481224779647,0.017712238167595748,0.02434276629785455,0.0898914333383173,0.012421736736745001,0.025012591155937416,0.016898562913637713,0.019430458705087722,0.015321951047391216
neuron_1005_count,0.0802214317420328,0.024766969957362897,0.009198602840704749,0.01717027335967966,0.04911427568365538,0.014088788199829172,0.06667244600024788,0.01222935087684747,0.021538657593589347,0.009537642986539308
neuron_1006_count,0.09557482586342528,0.038668714951741456,0.001096901874261761,0.03588712182441192,0.06880158664909342,0.022375652436632365,0.0534041347043204,0.01129078677847807,0.03865143393992698,0.005088465358367586
neuron_1007_count,0.05943944957225061,0.012729841548952583,0.012248062433476578,0.01730385661959595,0.03640557832783407,0.0153461441972082,0.09570805892561093,0.01071879814111925,0.030871415660198895,0.009293394366239272
neuron_1008_count,0.03633479730668471,0.01164839734427521,0.006290141331695545,0.023733708884402904,0.0656394464857532,0.016558454185766028,0.08189976291721307,0.004936412751557227,0.02096911777866639,0.002512112984180366
neuron_1009_count,0.023071913598091326,0.005149290606775686,0.009877910975469001,0.03478386158082286,0.07024206605936043,0.0013215772582717382,0.0689537155027948,0.01945085166559203,0.05409343940729697,0.0027994697435115984
neuron_1010_count,0.01967124226934258,0.00870046481437578,0.012600622460059524,0.03192188263096293,0.05967569059985048,0.0034208406093974714,0.10481020284389446,0.01586825293405328,0.04322982586677042,0.004180182242698588
neuron_1011_count,0.021350274920631462,0.013676735049963674,0.005531221768488935,0.02183655623607962,0.06747619677160217,0.00021036373453599613,0.09034505982624921,0.011169809314142465,0.020691032187205943,0.0015115083827801634
neuron_1012_count,0.03923133688359095,0.00602087029827008,0.008814096265999022,0.01567674787992457,0.009462899911861673,0.0034332958362345255,0.1638590787639405,0.004547432454621955,0.057292138366044965,0.004514084638232357
neuron_1013_count,0.07329705183446303,0.0036433286565899607,0.001194623581862432,0.0033159690418663387,0.012462296124237299,0.00032867177667491795,0.07962802771064195,0.01763412064407887,0.002230068685076657,0.006293591643615034
neuron_1014_count,0.03847663613032609,0.007358564886597238,0.0015351407121069194,0.002200668997346206,0.017635760760126188,0.0007234586443763151,0.010879742216982867,0.007635059689127303,0.004131951922693146,0.0018563851120376416
neuron_1015_count,0.10687091623554457,0.000181101070060986,0.0013584384621032515,0.001879458494992115,0.018156838536190177,0.00037500941283344087,0.05272543842594073,0.014223269099309065,0.00029224719033525627,0.004313065012142302
neuron_1016_count,0.07004357295621061,0.04228250174218878,0.004514267687934084,0.0036513668933751513,0.006626543843675841,0.0005915848884789979,0.2886938040893244,0.014301608129362427,0.039036844812469815,0.002033238969340956
neuron_1017_count,0.0077250537387214355,0.08570406377743707,9.760283288633403e-05,0.0016350193785594509,0.00531101985126148,0.03394815550120123,0.010380416145802963,0.0031548441753688726,0.033605918685775296,0.000796563039303832
neuron_1018_count,0.1252423277245692,0.008751005652674476,0.0019470623140782697,0.004035703249909865,0.002048077143187027,0.0009006170546956432,0.1509179248136066,0.005067150498535351,0.019016468696399474,0.0036041079502201895
neuron_1019_count,0.15300129295625076,0.02532226672413737,0.0024821229247651636,0.0016033815271931373,0.00037420714605345545,0.0017933743520734784,0.16069447258802838,0.005272028016259381,0.01692271648584394,0.002411636072320103
neuron_1020_count,0.10743380255816762,0.0009862669008367103,0.0009611217851393569,0.001538118345518414,0.0019366079748391989,0.0008804613946828133,0.1428559384281884,0.006661980206702209,0.0029148392914383654,0.0037286876091306743
neuron_1021_count,0.01157073748995932,0.05510507648072452,0.001802628718157711,0.001509328048803226,0.006515503610536412,0.0021780046565390565,0.0036378511586866308,0.002721582519438069,0.013761417422667677,6.748476527645639e-05
neuron_1022_count,0.18273813655656318,0.08984197282535478,0.002170879747343299,0.009083132240583242,0.009972675862965921,0.0037584946234874503,0.12876905961721943,0.009385063291864601,0.026063464815008305,0.0009203362624901571
neuron_1023_count,0.14750460658620168,0.02768481816525902,0.0014880627159240198,0.014651300617941697,0.004748989273796345,0.06856193171089976,0.08843840873949144,0.021480848619090748,0.027319914347292404,0.03297256388122629
neuron_1024_count,0.06588090434885427,0.647915061022939,0.012638584204248397,0.012186636237232304,0.045671940653045695,0.0052011874244292655,0.0036307450232188065,0.025119615461233445,0.033473294027172605,0.03140956001585543
neuron_1025_count,0.05302285537475255,0.7158779212430165,0.01356975804945823,0.029228738478677532,0.0529322879738057,0.015479864805097415,0.006840888220191573,0.026663448793425963,0.03403566383750311,0.04466569122573016
neuron_1026_count,0.08768623970144915,0.9276650748673001,0.0015976539503147775,0.002816941001797746,0.03269304486560724,0.024357325444750486,0.02407237247066854,0.0025214468443920963,0.04879459659706456,0.05567908252681909
neuron_1027_count,0.07873276439452515,0.8427897352503178,0.016935035226508376,0.030003661214037115,0.055340714074414044,0.020005982782705732,0.014701075570200374,0.031850817124433724,0.04959673455861732,0.05477569911071338
neuron_1028_count,0.06456574528364137,0.6912989064049916,0.018486118455612148,0.028580477080103982,0.04985207822453176,0.019683652693305947,0.013855078160811593,0.03273438894081246,0.041673303071604176,0.04771629195913285
neuron_1029_count,0.02901653166536436,0.8932223906936586,0.02285650336231177,0.03121250332459289,0.04848896263374385,0.026517681315456988,0.022546023717771514,0.0173222272161486,0.05779328447436155,0.06062023204867797
neuron_1030_count,0.005155156548796502,0.6804055724670701,0.011052524057015942,0.021779021027459926,0.03944523909822655,0.026022072178526028,0.021812976699485523,0.004930548385625323,0.04184586612889569,0.0657617138279061
neuron_1031_count,0.015985993246862833,0.9268878088890772,0.015633425915815076,0.031665020699854496,0.05238734778137798,0.024769173708067888,0.021740105381745728,0.006787530400796507,0.04822700354233471,0.0620481946028766
neuron_1032_count,0.001529192758457431,0.43471992858044367,0.0123170973762496,0.0020146489051056093,0.06389375778878306,0.018100091319463496,0.0253722797192268,0.0010766883544003018,0.007635585070443068,0.09211889338733317
neuron_1033_count,0.022380635251232753,0.9316101528157547,0.004091902963319023,0.018413956381575794,0.05353793680382017,0.017860465033875825,0.012547199507646566,0.0182517393767936,0.03573617702932402,0.08190653301254211
neuron_1034_count,0.03107070389436821,0.998664996298382,0.011075975796938226,0.037221033357785774,0.06788684184493557,0.026280390947580078,0.01606033224165109,0.020323736298498936,0.04402918452778959,0.07816314005777969
neuron_1035_count,0.10357588161672707,0.14540685500655015,0.02172972267053494,0.0010931978317891555,0.0014634751288248437,0.003343807657634132,0.029614143638678023,0.06680227321420044,0.018516653469670755,0.00039660044531245227
neuron_1036_count,0.08310403509710648,0.04597512313563551,0.005293025176241757,0.001610874367942692,0.016454144423195337,0.0029052714847342988,0.013009582160206826,0.0157656465849357,0.009890472501947967,0.030453435322297148
neuron_1037_count,0.08104320290479045,0.06315861399768075,0.005865116116797291,0.004985994238784798,0.00855884488051209,0.0017064841354132408,0.016598647114500528,0.01667910594618286,0.009709538567260177,0.01564258682586938
neuron_1038_count,0.015050987082721484,0.32043559959049694,0.008853801524834067,0.0118537577358769,0.04966238162652218,0.004732344391319577,0.014623019659201104,0.0026189818496394554,0.013959492853692738,0.04948164972259873
neuron_1039_count,0.0894466716164643,0.016185886514747293,0.006831034764338426,0.003500306404355537,0.023833537171058183,0.003166600078409486,0.009577319136608739,0.005428189317325513,0.0016811008730838774,0.018144554654598202
neuron_1040_count,0.10721110798920086,0.021170294668966135,0.013354160886556228,0.0002684555020415749,0.006834458862606342,0.0002088329362407368,0.006790662945386425,0.01185646653257641,0.007573063357610835,0.01533232671152409
neuron_1041_count,0.08114883485329932,0.03602631524812605,0.00034160610983174564,0.004539626104944981,0.011969153514182714,0.0017459163681192427,0.018518806223810087,0.020767747950479684,0.00662851097925625,0.019369393827856504
neuron_1042_count,0.06735720279823887,0.06712776985208026,0.006970038107937462,0.013123351297208222,0.024266294752503095,0.010118263035070116,0.006139853250269729,0.007014817760047809,0.00262551644546926,0.006037173729438405
neuron_1043_count,0.11570077190551506,0.06404175186262752,0.001152136319256647,0.001506875353680149,0.004008722675213711,0.0041456419477627765,0.005960916207295275,0.0028130135258479932,0.0018968154127760395,0.010869467021755466
neuron_1044_count,0.08788555134057158,0.04475110460530521,0.005061492883563487,0.004666265884230289,0.041699209711879986,0.008839916352139057,0.008362311381919452,0.0036642272700267743,0.0019302296010255578,0.011801114140160995
neuron_1045_count,0.07097012244391687,0.0228586721132064,0.0005758009335258031,0.025239699984834857,0.08023308920072855,0.0037886884364714893,0.010557893567332846,0.0038197018017703324,0.0026171248154523707,0.018885208990931893
neuron_1046_count,0.0950072729464635,0.060935550852564774,0.004938381574690745,0.014140662101579146,0.040418200555206577,0.011240501244806494,0.010147824020525928,0.004009405473298713,0.0032401171652077995,0.004600441173101606
neuron_1047_count,0.07797674650764058,0.04696366081523108,0.003763469196963694,0.01862860984535586,0.0492738924755685,0.017529919639428182,0.002022458341380498,0.00017135907150896308,0.0021122601071070814,0.009362288299191668
neuron_1048_count,0.05476602733438826,0.012594191625012331,0.016277947659237763,0.01824788060066438,0.04366226442353334,0.01687548834919568,0.011776111017119763,0.009092723101546317,0.0007471369179153364,0.0040901172641907265
neuron_1049_count,0.06622735543486902,0.00902583224252132,0.008551625868968162,0.018976945527733408,0.06843632233205572,0.015309672629521251,0.0007140639821122848,0.0032806744887368747,0.0014186252208223775,0.003547175900114531
neuron_1050_count,0.06166904120020744,0.008623745838249326,0.005257075528729845,0.021798660716705817,0.061029583882309724,0.010773318600454593,0.0027459522401955642,0.007027387688500988,0.0008002501545631337,0.003196734448248601
neuron_1051_count,0.03590384326079736,0.00021807266106275373,0.00978038783213818,0.019774967821665775,0.08054152170297015,0.014495385247560139,0.0006594607254674558,0.01630564756090791,0.004846206849833744,0.003998549422732978
neuron_1052_count,0.04650667819353596,0.0006171776021325556,0.0044855121704565765,0.024473139571930064,0.0720250113454557,0.015615565104422274,0.0027668009443349573,0.017578335879938012,0.005685940795201086,0.007315726903251114
neuron_1053_count,0.036486144507426196,0.004745504458069759,0.010506416212072385,0.015272646348282001,0.047645650636892786,0.013793920146116578,0.005923257543716455,0.021123215657365427,0.005036665910333339,0.0021585335600936804
neuron_1054_count,0.028333345533833647,3.957408008438022e-05,0.007618141614786626,0.013074110816000052,0.08096325995727939,0.014604688328440134,0.006941475958029679,0.004622387816131543,0.01401535033776271,0.0032977943600277677
neuron_1055_count,0.04231805443817774,0.026259426409603645,0.0029888736373616907,0.015829559084840322,0.08135410442928492,0.030483994362845157,0.008518393616573534,0.0007779974005015372,0.015737363198499235,0.001753537285375268
neuron_1056_count,0.018146915964801384,0.008695095197287298,0.005746996083896561,0.022536792757895448,0.09106509235394414,0.010037470108082612,0.007853121840278053,0.01985244213032157,0.012403538119554258,0.0057629000880254425
neuron_1057_count,0.030664659190854232,0.01720391867528935,0.009442938666263771,0.027735742948703596,0.05156259475505201,0.03322191779316018,0.01814639222400423,0.0049856852986773365,0.018773722096910528,0.0008862167898946085
neuron_1058_count,0.029746305475087373,0.002776261271566098,0.00869746161582946,0.022718539144000183,0.14471429157518972,0.010931287144845994,0.011424240724416952,0.014900898962489514,0.024632788846066192,0.003386372383835084
neuron_1059_count,0.010694661884025916,0.006465959213926738,0.010721113889695197,0.03332812114440052,0.07312813692928878,0.02509746553554837,0.04624080982696989,0.003022876228793738,0.028368154751845884,0.003717757703861211
neuron_1060_count,0.015758401731297944,0.0056624057741486815,0.007210921114466948,0.038642202161608255,0.09034498175025366,0.006423915103423029,0.0034718810479107305,0.022683044940531732,0.021737677808186903,0.0017071584280397047
neuron_1061_count,0.020479591482217764,0.016256021750324492,0.005253192329601402,0.02065828220654239,0.07767860498921078,0.0045158112259146566,0.023133709160627874,0.014842584614061377,0.02001431886857806,0.004428971803227724
neuron_1062_count,0.04148188543252376,0.015041527209519998,0.00326209211061166,0.04303226144501468,0.10559099576293171,0.021708082624473296,0.04646040981063526,0.011830649763452786,0.04424580731762154,0.0043076513947272535
neuron_1063_count,0.06671690206027267,0.0458553021911334,0.0025841692224769716,0.036715670561980385,0.0891653239537663,0.020691271796239544,0.05281122568589938,0.0017159506740408378,0.032175399802270854,0.0011002290507616912
neuron_1064_count,0.05176394827473374,0.038620361722597696,0.004426461262599678,0.033508909662649286,0.107571141390503,0.017309661077380745,0.0316220096662258,0.009136731011836777,0.03552990034148201,0.004035536155731337
neuron_1065_count,0.043955437149032106,0.01806335918929898,0.0013368232969145025,0.038766841974102045,0.08380657805066646,0.02414801971776867,0.06132318263492151,0.0155942454192943,0.04884731999792702,0.0013254252122393596
neuron_1066_count,0.01714109056162271,0.012120645994321576,0.011554246556375283,0.03898097603784781,0.09381393920335822,0.004674915443014148,0.011468049056323072,0.010681311125087044,0.046575113463688395,0.006541566732563606
neuron_1067_count,0.007640245318325391,0.0036144329535709,0.0022587689575452735,0.03874936431206963,0.055408855930540096,0.012495075262347569,0.06251877607394629,0.00553702662856196,0.0331962791385305,0.002091554824744768
neuron_1068_count,0.03485385816219688,0.020637556702982493,0.0037104236573633513,0.03795077795389551,0.09401709149048945,0.013237049478364446,0.050836852027310114,0.008742405653242899,0.03909814153408034,0.003911287817872103
neuron_1069_count,0.05875127709440908,0.026415485382866546,0.003573615508597687,0.022600157922777392,0.07015738175632072,0.013305709036035548,0.048784291144377545,0.011146148187390521,0.0372531027863133,0.004570356826900809
neuron_1070_count,0.05353631189886976,0.015800777232934937,0.012645113825843615,0.025696602430069423,0.0639054581719396,0.008650415997226012,0.052468628943256476,0.021426409534714155,0.043939916182429456,0.014370255142214503
neuron_1071_count,0.07718475174245104,0.05929958995409365,0.0005088804659963454,0.021980669655336474,0.018794845027970894,0.01258230108971195,0.11542331879746698,0.001416048159433872,0.030558069964688794,9.289178329657723e-05
neuron_1072_count,0.04046020140386131,0.015926930522244642,0.0049023641611618055,0.022758716676980206,0.043978848756924926,0.010985898147941583,0.09196798238047563,0.003479949421172572,0.034589030492447825,0.005073153918809532
neuron_1073_count,0.019477935738066873,0.0036072430976322664,0.0057024269699373215,0.020138382501037708,0.049302653354614534,0.003988415556893284,0.08877443050297974,0.0049725654561373935,0.029743831590057224,0.004044367149517433
neuron_1074_count,0.05990082007534969,0.019237781592289435,0.010797363899485699,0.027154080217354784,0.06076930033804401,0.005813917317945977,0.08478857730167724,0.005735998936544473,0.04925616997414997,0.005907561216470444
neuron_1075_count,0.05438252882155087,0.026385078536480228,0.0019387888083885196,0.01002316525014374,0.049996759905702376,0.0005129722649314318,0.08066150107281302,0.02108934073479095,0.0079184698806457,0.0038675613322047483
neuron_1076_count,0.025970099284078955,0.013054565538093997,0.0059091184669193,0.006179801347989351,0.006037711358083148,0.0003146146213750011,0.10408253874960192,0.0035651088224360767,0.04965337879486874,0.0004818259506642001
neuron_1077_count,0.04986834591744255,0.0023257856937497472,0.011413013730546553,0.015988658868482955,0.0594535773787163,0.0054193396398287755,0.08242604989924184,0.020344686099687426,0.02374423334965807,0.005520283861343185
neuron_1078_count,0.03850110987477348,0.02173921617292736,0.0001757909469869718,0.002390819429827093,0.020053393601536587,0.0004088920791035476,0.10178036135665261,0.015027581442123322,0.015933508625319795,0.00037486293814102505
neuron_1079_count,0.06366426725233328,0.010710531982090203,0.0008696530519842587,0.004361248168273851,0.016823653696681228,0.005538116548606208,0.031168666379694704,0.008677262214773974,0.002422220185155765,0.0016764310404432537
neuron_1080_count,0.07620733173144287,0.008996992632745712,0.0001131771470811449,0.008753008514022526,0.04332219177259729,0.010553319667062744,0.12820907687504696,0.03191432956534862,0.025416039178145833,0.002071117505913732
neuron_1081_count,0.059732704810550985,0.0020616872760558826,0.0038427550904645627,0.0013300446666429933,0.0015334751911284597,0.00022373985018913842,0.20340269694971552,0.010052612373639462,0.04399747791881359,0.0010330197852748794
neuron_1082_count,0.0803787384512624,0.012007592320060163,0.0015572715668596363,0.00360658783908776,0.0185384833336737,0.0018759016990552435,0.03234220926945171,0.020776617972009054,0.0029413382508190113,0.00147583555539774
neuron_1083_count,0.03886463075041746,0.022614708623924576,0.0005724824362731435,0.001217379737727703,0.005629910955467277,0.001565882779801752,0.06095673718982768,0.00655390511797449,0.002465320417809693,0.0014305323304099303
neuron_1084_count,0.00020795006715572904,0.13864214675286846,0.0024556248032253404,0.004498257642227183,0.014086001681486507,0.006513734698744583,0.000207788891920733,0.006629443635668475,0.01149192029250648,0.0021838454676442985
neuron_1085_count,0.08241881485726288,0.000844428937450163,0.00031198786824485503,0.0012786331409407378,0.004726303671387693,0.004048552119450922,0.047241698009684585,0.00876552473665201,0.0003690665467117075,0.00532530424651953
neuron_1086_count,0.05583026524045871,0.03366647689714529,0.008313137540264182,0.016940005643085253,0.003277606419958466,0.011557105265643478,0.0643724379001743,0.0009874378914363335,0.0165794281512502,0.003108496891810659
neuron_1087_count,0.15968019250925714,0.011594209992620522,0.002105716210021435,0.0030716605727738044,0.0009535612184116797,0.004463884612737348,0.11527519878999583,0.0011203453310761405,0.01835277236527952,0.002870423764177066
neuron_1088_count,0.08133382419527929,0.7087002854338881,0.01561884830199757,0.01972059367472645,0.053790184024561975,0.013190720092552753,0.010740251428115442,0.026448767320991273,0.038164680793976655,0.04566985822651729
neuron_1089_count,0.01801128310229551,0.28783759561525357,0.003453507470551535,0.010337409164098145,0.00563386104229527,0.02974267405751739,0.06308719301790193,0.09941829531965915,0.025655923518726812,0.03232402512885124
neuron_1090_count,0.09304613150414826,0.7746366528315352,0.022840338538666342,0.025654973918011168,0.05271447554781982,0.017339247624125115,0.013418576553212484,0.039641239328964774,0.04484563159697698,0.050829924469502706
neuron_1091_count,0.048590082168673485,0.7173466851701918,0.004840856744893703,0.010161355859309669,0.03901654748366108,0.02760009418542085,0.022853258624524683,0.003762832820324963,0.0407996839707562,0.06956918973385016
neuron_1092_count,0.00922692963431989,0.817344320156467,0.009683342001876184,0.022419196850697973,0.03461999230351914,0.023133438386211305,0.0226307638184141,0.004642407172198649,0.045955251979956285,0.05243790006834988
neuron_1093_count,0.003643651907254006,0.8178900106828186,0.011188814840621363,0.02961589169572819,0.03986090081511559,0.023332927727093833,0.02068250512365391,0.002595855563296388,0.04588148978879843,0.06743195551750125
neuron_1094_count,0.03752892195677773,0.8377233129346375,0.017447004047522037,0.030521977997354052,0.05761988569434233,0.028911024851929097,0.02268761290520057,0.019342360123297236,0.04581981871597461,0.06806584753924953
neuron_1095_count,0.04905738225060238,0.9831740344781756,0.023015633032123173,0.04638602190918731,0.05754321405206044,0.030754011298966433,0.023552690614734882,0.030543537211821743,0.052532204026618026,0.062386835882042135
neuron_1096_count,0.01702981380210422,0.8573154440614266,0.007611146437655064,0.022766091712608717,0.053583691695732114,0.018020152225537232,0.016196991963036603,0.016087351826029904,0.035652428300437924,0.08305920289862127
neuron_1097_count,0.009137950774888895,0.5590048105802896,0.015699481372260113,0.017695081453695166,0.03396705109708982,0.01028712478970057,0.020300080009851923,0.00044247436000986046,0.03017720095050086,0.07022386110841358
neuron_1098_count,0.06155984670304407,0.06879218799016729,0.007339158111686082,0.005718914862029304,0.01677969848512889,0.006190893510184349,0.03237042076647094,0.03157612885750258,0.005868508113787217,0.04627933970720685
neuron_1099_count,0.04187142611693706,0.21730405855049556,0.018324319052338493,0.006666167566207127,0.02543128324848202,0.005256871372351576,0.018333326935484298,0.0030107529906804424,0.016351213639710115,0.04217638235496425
neuron_1100_count,0.08029300367037759,0.08706075463211552,0.032042921975447475,0.007254512785881469,0.006554784478648559,0.001604171204562143,0.013356548446078857,0.01236900568212361,0.013683518501094422,0.019994283434930267
neuron_1101_count,0.028506053865639272,0.18736430634352105,0.022531164260431037,0.006104447861021628,0.01793377566958839,0.003949105810047229,0.013184818184621364,0.0021845729791893287,0.015643589326623387,0.036993570181145366
neuron_1102_count,0.07594318032605041,0.05611475455786939,0.002826027653422174,0.019962985533119447,0.01622606052262761,0.0042391432910516185,0.026485588836212735,0.015423611461436622,0.006274704727812139,0.03365244326409417
neuron_1103_count,0.12497966056028165,0.03904424162412966,0.02272107753447969,0.008696823180371342,0.006451583882941682,0.01617431906979308,0.002331650642617044,0.003375436036014503,0.0035949725198012317,0.010514416355872254
neuron_1104_count,0.12468453988142453,0.031114028856257053,0.04014425217846081,0.00030876935695468757,0.015523256457881232,0.010645159199791282,0.003348630455418486,0.0033744553832423113,0.0024362930128264595,0.008511107621873223
neuron_1105_count,0.049437787784965104,0.10722867487472129,0.02137005124386776,0.0008728805128798631,0.051478332149391695,0.0019997868979155023,0.010353866019133129,6.78398173344385e-05,0.001331492625398667,0.02475901141929411
neuron_1106_count,0.0637869088208543,0.009435451804991633,0.005164133755583677,0.01980671320672585,0.037687554124130565,0.005505821316127868,0.010151996297384343,0.005878954278049861,0.0003945916953331393,0.0031898018206079452
neuron_1107_count,0.04390981353801042,0.03960021993512011,0.00981440752049028,0.014571165999069734,0.020497200598890944,0.014859385806744937,0.0013733776895879148,0.004093358037514045,0.0007816109537941637,0.0012959216185223985
neuron_1108_count,0.0588120528928497,0.05108794442433552,0.0037173798020016906,0.014019762265163098,0.009580755141682714,0.007031047628062358,1.7568717288274057e-05,0.007376625081453071,0.0010915098871904678,0.003459171366053792
neuron_1109_count,0.06353087554859913,0.019010630340379128,0.006369904690249999,0.019483819755518383,0.04519445667388926,0.013828152446094144,0.0034241382651240514,0.000572708807061938,0.0007972260989095124,0.0029547655827455027
neuron_1110_count,0.06695459312926019,0.023175255521379876,0.010632854319925389,0.01285150640270483,0.037670420437725866,0.010695135115944374,0.007815184900119367,0.01017108883590091,0.00034434198580823947,0.0009426285623883798
neuron_1111_count,0.0706774079372855,0.03887181478785512,0.00940947419949819,0.011066805916316348,0.015753011694052486,0.00782285207731661,0.006102511094653325,0.009644642951068157,0.00035748722765588815,0.0007327772992732663
neuron_1112_count,0.0529739567626786,0.015503028100297661,0.008037295321050686,0.02378520696496865,0.04890000891517091,0.014644526962272919,0.013186648563567972,0.006911659279834901,0.0002699468378736473,0.004203840016512601
neuron_1113_count,0.06858970089095667,0.01348443763857056,0.005167432964104567,0.023536250190032998,0.07645178420429799,0.015956737073789626,0.006059769569136571,0.004530264261331681,0.0015136840001837779,0.004105549240345667
neuron_1114_count,0.06113800411187545,0.023765980563626846,0.019487541894786742,0.008973118484400522,0.026448427954438913,0.019729580403450714,0.003855906797669645,0.0010426746985804543,0.0009273043221777189,0.0012944060355496272
neuron_1115_count,0.05038594970479686,0.0031580213087105576,0.004667376644662418,0.02480743679894883,0.07723184264310513,0.006328238379807227,0.004699225822674319,0.012393342627334394,0.003280700073569358,0.004844674905895692
neuron_1116_count,0.06176832627581988,0.06751039224178115,0.012273197112634054,0.0167182290149564,0.037552088127224714,0.02383334930203458,0.00154911251122037,0.0003359956722434679,0.00688930364690693,0.0009963546052483424
neuron_1117_count,0.03399979753994989,0.0021943646632464897,0.0062547309214696645,0.022146683618795918,0.07259753923218737,0.01309511519676479,0.0022382351434407713,0.00901130593322301,0.009176836609073868,0.003534734120589071
neuron_1118_count,0.048223719328833944,0.00031468847458653547,0.006130351804161667,0.0261882268364898,0.13197305893179015,0.013417938935588028,0.00422143988714499,0.014322386471723417,0.01205135907487731,0.0067915256964202544
neuron_1119_count,0.03059624294897487,0.007585147709506503,0.0044804892562443355,0.025401124055901992,0.13920183925943613,0.00950377828938248,0.008699444666684267,0.011560258239921385,0.013436479568924818,0.007146962111891711
neuron_1120_count,0.030431206704898378,0.007207667774289127,0.021822002264319205,0.017347404172453847,0.035025734320654034,0.031057524892070254,0.009320087220290534,0.007278572713711323,0.010579805843328086,0.0027035520442325106
neuron_1121_count,0.007091679639587353,0.001422527201385644,0.0073203034965290195,0.01913537262079571,0.033669051122526356,0.016198517626313844,0.006427064849910489,0.021743067550771406,0.007315445863483677,0.0051353412342461805
neuron_1122_count,0.040075247617851265,0.027719527068343547,0.0008830988500380978,0.021225121262508098,0.06802560350841418,0.020909071482933278,0.007327298995778678,0.0044930720800052185,0.01645123561788918,0.003000479688953908
neuron_1123_count,0.018062222142318465,0.004462377985748868,0.0041573070018498005,0.022882238427320657,0.055715482173842694,0.016548362537607386,0.030154682706103685,0.005568510641623739,0.02471251437560574,0.002339003098110911
neuron_1124_count,0.008408334618367621,0.002183019155906683,0.003771255671978495,0.01748682458474419,0.06723261370031405,0.002753693731649097,0.005636110312200432,0.004117297834123533,0.013565333725826707,0.0019059293501258977
neuron_1125_count,0.014768488970469378,0.0035287912846674215,0.006151090481482234,0.018414111059586635,0.029889670579497873,0.007788176956962448,0.036292186808479926,0.008151529032685793,0.01643640121761485,0.0024501478971384345
neuron_1126_count,0.009972986517071559,9.624914711588856e-05,0.005824068940165315,0.03192038803969824,0.061306961959582365,0.004734211900190112,0.03918521608982288,0.004395547158630702,0.024789210835924724,0.0043069094465773665
neuron_1127_count,0.012672525578472482,0.02676306513717641,0.0012959270482358239,0.036356863236916004,0.03902693021709612,0.019998422650067557,0.03885614041244259,0.0017654231982776776,0.025825475972113696,0.0008447370998389157
neuron_1128_count,0.04769693946339079,0.042799297771741185,0.0012521737661518838,0.045450561840100656,0.08258901836969818,0.015510120053870494,0.03548786472231652,0.0009721749644506089,0.0313928943053631,0.0007393412499153654
neuron_1129_count,0.031247305706956496,0.04392715646250804,0.00021650059404648182,0.03781946712313192,0.04822267958492593,0.020399188852479905,0.05658471467556135,0.0006379906110001816,0.029000334270518832,0.0013740907199396996
neuron_1130_count,0.008216891013612948,0.01825103814177252,0.0029388187768636907,0.04341609728391457,0.05100890697081764,0.011481598061309911,0.040751772900643024,0.0017152005109965125,0.03190787967474737,0.0015656040612626286
neuron_1131_count,0.024903198693970036,0.023402952222594572,0.002767746742758575,0.03993794331222458,0.05704739021323685,0.01143787558981156,0.06728539981882921,0.0018732132304325189,0.036869164752132116,0.0021759753153934233
neuron_1132_count,0.015711765656203414,0.03495255149376662,0.0005178737618365629,0.02312392532849357,0.05675113545144313,0.014112455951090938,0.061328571460179684,0.003853769986398895,0.0367208156370587,0.004911489170053237
neuron_1133_count,0.0573721459899057,0.029032634525230555,0.0024136544208089236,0.03503322563235156,0.1150302027541392,0.015737560504951897,0.052891845391835085,0.006595428062692123,0.046815942184436216,0.001974554975641205
neuron_1134_count,0.047309186154526506,0.029131617952038266,0.004890551906122517,0.019620462626710453,0.05904369833414054,0.01834223158674135,0.04608210282543197,0.005002437994552723,0.02344491910209283,0.0058828195139761785
neuron_1135_count,0.0450837893699276,0.03500319253966104,0.0006841846209047703,0.031711056115019176,0.05057151660267871,0.013051030856275847,0.10576372102273951,0.003299784243040149,0.0462032006965985,0.003265617557328888
neuron_1136_count,0.04668453747237275,0.013816273779583804,0.007030747728724494,0.029272574298346468,0.06725368373949556,0.009847406794177116,0.08523554952435569,0.0106644744189381,0.045698956861722956,0.0034548315139198704
neuron_1137_count,0.029691748709950935,0.02892262005646562,0.002670542840229704,0.01759148001295323,0.012917795031038112,0.008336257878862705,0.18720129502272032,0.009087833867436987,0.0426740062891281,0.002232017196005011
neuron_1138_count,0.034433282758527306,0.0109648818593438,0.008343472337330772,0.02139450357484972,0.040432169958090375,0.007776625573502033,0.09100303485151653,0.005414648377718774,0.028405345156469336,0.004446390809296756
neuron_1139_count,0.04485741648356917,0.011775105012019102,0.0027790996310974,0.013202114199862294,0.02598827185265601,0.002382175273778958,0.11821638126953321,0.0022122226114710845,0.021179962816121126,0.003351814984364305
neuron_1140_count,0.018420756690806485,0.023310383898466316,0.0014778933168978214,0.01968528320201619,0.0470419217937211,0.00045721861220575713,0.08985074278572655,0.007906706320951636,0.020546914991207813,0.00210056033182897
neuron_1141_count,0.055143858788236355,0.01889484537239078,0.0024304130005880567,0.000591715379408741,0.008658749454721587,0.015811123450171632,0.019245885758099712,0.004881624407844995,0.0008019058739421915,0.0017985100898516362
neuron_1142_count,0.07235687263903415,0.007962247329756825,0.006640393230299357,0.005236726504269637,0.029828879834381913,0.00015234995810556751,0.09896172838737244,0.015631911987902536,0.009665813322107766,0.0030997397824678793
neuron_1143_count,0.09321935781197052,0.0054266418811120265,0.0025655067468531786,0.002385249315946438,0.028069935809325333,0.0005017813312316686,0.06472191928136763,0.015616903956396935,0.0003144807373872058,0.001675900448529992
neuron_1144_count,0.15316938973250815,0.032240953407565526,0.0012650199500587461,0.0012325176524213763,0.010633639789755955,0.010077054636429397,0.14599672279265868,0.011339203260886221,0.03834668981936916,0.004000146733322399
neuron_1145_count,0.06312964838488463,0.03461740319180737,0.0001643179055666865,0.0016313218216790389,0.01638521499474363,0.019528263072887825,0.012294417032965549,0.009265264039322058,0.004270791501013851,0.0013749501777033067
neuron_1146_count,0.08761626619020976,0.0021361586787255714,0.0010421534446371193,0.001937730597946107,0.004727962980889608,0.00026099349271886847,0.13974175770161112,0.0073674672687472215,0.014353263821280285,0.0009309418171207905
neuron_1147_count,0.1417637053243518,0.005805909751782412,0.0002695102335230331,4.073875209957579e-05,0.0025493226900968717,0.0008344475848285383,0.11764830121990144,0.01642282489643511,0.023584554409247144,0.005445816355410138
neuron_1148_count,0.12084376544964998,0.016332228806259612,0.0020383328908259585,0.001764121823315267,0.0008479917775745978,0.0004227556287131253,0.16128701459664846,0.008920229331940165,0.03170383802809913,0.008757844638699927
neuron_1149_count,0.057176731046453794,0.07795525798411973,0.0009623040865558152,0.005248731039312705,0.007476866789057124,0.02858017931017745,0.0340821731753315,0.005233468508290526,0.000841711389210997,0.0030013559312271655
neuron_1150_count,0.09305424269633064,0.043376590835148,0.0027668840818324044,0.008969683998494508,0.020718679496921855,0.01903110361352854,0.18404436343671562,0.005906164688814518,0.04496250147614564,0.002560041569001921
neuron_1151_count,0.08248881617724281,0.004124013519927373,0.0045395916643554066,0.00761479497787081,8.316014788876686e-06,0.002296155768700941,0.04084174702580934,0.010630590876761676,0.003590678112428025,0.007208097725454103
neuron_1152_count,0.026824103568928066,0.6871951868785058,0.005168530565124403,0.015116090941058126,0.031556858578968616,0.02964924408577202,0.032463533589515675,0.003332576711066109,0.0478926731890318,0.05604789530829095
neuron_1153_count,0.03008897245686409,0.6424970055997706,0.016498441382858237,0.027632514885825916,0.048097112831310296,0.021030984774639803,0.015501064223213526,0.02728288505714144,0.04664930088902203,0.03543875891606202
neuron_1154_count,0.07102646814786426,0.8519201313683185,0.014413919225553448,0.024599097044272655,0.06219784617889499,0.020106590295995402,0.012004358181871504,0.024865296923342328,0.049508654266447134,0.07565657839894463
neuron_1155_count,0.0026991038571596154,0.6836330220228799,0.006773317577600482,0.016343565216151643,0.03026709573558832,0.027361059076978528,0.03552879925561575,0.00324149905326155,0.0411926962078107,0.06717643059981784
neuron_1156_count,0.002675398898337549,0.8076517719595704,0.02056760657257435,0.04422433002112934,0.03541407294661668,0.02108448275494393,0.0171132946118933,0.0017463429018661771,0.04284416961841811,0.05195894839269305
neuron_1157_count,0.014775807464476029,0.4419862369668095,0.024438720891377844,0.046570222048239115,0.013884689994634228,0.021303529026111878,0.028245174130954634,0.006277401094489141,0.033452603780116774,0.04350539359182447
neuron_1158_count,0.034051499088807446,1.062799222467284,0.013622611636918788,0.029487460092179688,0.06359396489222148,0.020049167360159825,0.01444858934742723,0.016553683418967485,0.0497912319487908,0.06838737525169501
neuron_1159_count,0.035217717087279526,0.9954711938189857,0.009271285632199054,0.02295127068086575,0.06837346202351569,0.02480713685336554,0.02160523346356709,0.013245843950230277,0.040368291772467035,0.0807265606329642
neuron_1160_count,0.010908463206749847,0.349254524069886,0.0042570716941723406,0.008198744264484498,0.04206706475370468,0.017993224570984775,0.02836286581604197,0.0008232610093766527,0.022831790360270193,0.08123202310603056
neuron_1161_count,0.06081870629327249,0.09576129445792317,0.006564036787984284,0.005755465802586915,0.004776701000740985,0.009528326999969479,0.02217572951756669,0.012582455707072698,0.015174786320195865,0.036152216033864364
neuron_1162_count,0.029370704751989093,0.346427944937254,0.009209087727666668,0.013055601731854237,0.026590797789119422,0.015984486955845013,0.025571564429278285,0.0005659814932176847,0.025459541591244222,0.05962018284999063
neuron_1163_count,0.06977899995310227,0.05459702034463275,0.0007892023758320991,0.001861295966352823,0.0025086090152664116,0.0009491560147369942,0.022896726936853885,0.04223234395510776,0.024908551866036494,0.015332899262514223
neuron_1164_count,0.09647233003261851,0.023419875301315864,0.046172706836530325,0.0009603313139399244,0.003671693644438666,0.0011708390539636338,0.01564720937392476,0.03481827911890663,0.016491242380634714,0.008963703873669272
neuron_1165_count,0.11245849579543848,0.08460463594919476,0.014699788105484488,0.0024296356047459207,0.0048319672483925075,0.0024435075218166256,0.014793805482713435,0.03435449504212487,0.011340253482132917,0.006604384904180933
neuron_1166_count,0.11116011590276731,0.01726186049635285,0.038356497447498715,0.0019554883598389486,0.00559769223114312,0.002567802603139477,0.008116941977048063,0.009891020681889365,0.003993862331633253,0.013960797465221997
neuron_1167_count,0.08565566302098845,0.03523515905017503,0.023541362768266114,4.078448023680598e-06,0.009245885865573185,0.0017304671275967208,0.009309590687125072,0.0006332922385219875,0.006798238901121412,0.025267752422330494
neuron_1168_count,0.06903108710620778,0.14768444684051146,0.028476154547563803,0.0074370476873417204,0.03715598276902092,0.0011167480221418377,0.012748734425036198,0.0009623711272101071,0.008650018914026364,0.027598741496651563
neuron_1169_count,0.14113467878726219,0.07630364506675645,0.028181597921630955,0.000350131570183986,0.002716021155674493,0.008264490896610882,0.0009118213458649501,0.003430170052982363,0.007918346208072387,0.002995287653822957
neuron_1170_count,0.1090625693404984,0.04181456272190659,0.006206215002808067,0.0025566977515107947,0.0112393285048202,0.0037449146613244486,0.004110848534919963,0.0064031829036697505,0.0006392251257400731,0.008024319416765825
neuron_1171_count,0.11539963854810742,0.12068470333906622,0.04027846470784044,0.002615944024195682,0.003040701100941366,0.025891126745937354,0.0006809698987201261,0.0031134844680898027,0.0020665534627263647,0.0024790426149711893
neuron_1172_count,0.11575840159083539,0.06646702157252411,0.020970252520995075,9.861937633588941e-07,0.007822723664322302,0.00797771641189806,0.0011806221192210108,0.0023358521470867623,0.0013702583226279813,0.0002950775328792489
neuron_1173_count,0.0905941788739297,0.07283502487335947,0.0049192253826516805,0.004589800527801627,0.023901886666479938,0.006255228056461663,0.004285388125888244,0.010208944636873087,0.0008186729293832139,0.0035645755714669228
neuron_1174_count,0.07916801687938066,0.060268216094102434,0.00017149535750294567,0.009745626591540685,0.019731126191448414,0.005348834772094961,0.006033387202462034,0.0006695414497778635,0.0017648120905166022,0.005202432002235566
neuron_1175_count,0.06481318254440185,0.020870879114518986,0.007753167440883925,0.009839135027221765,0.015184971269538439,0.011010333025292404,0.002980385819130578,0.0020284276504832256,0.0002328140649773807,0.001366800592426734
neuron_1176_count,0.09004004552213307,0.0653356160686825,0.019521886154603693,0.011635991380861965,0.008752518531258198,0.01550719471556615,0.004703865504485646,0.005647552201630591,0.00034375333186829936,0.0041197017080645704
neuron_1177_count,0.0485189270322757,0.009949270107099131,0.005776947710253916,0.01785910429890379,0.05642130310817893,0.016793529442370614,0.002585671726244583,0.0030774710820474123,0.0015774777925272113,0.001482927348308103
neuron_1178_count,0.044523565831696116,0.004832589594093384,0.007309419375734975,0.019584776528671285,0.09047859773930828,0.010975144838760553,0.011741056531827887,0.00398465685650741,0.002955421026586226,0.006081037058645045
neuron_1179_count,0.06925333984118898,0.046713408003696444,0.015461292693569911,0.01666747769456331,0.05533213154514824,0.022542792159106997,0.0024632979158963897,0.0010744555513726578,0.0063035648100985275,0.0014649039004325758
neuron_1180_count,0.035618370100712234,0.013679067874048031,0.006981214965768489,0.032451067489209805,0.039236981500275936,0.011120974114393861,0.006378787829984075,0.007621360589333347,0.0015338073748241022,0.000965536861421994
neuron_1181_count,0.02980618040582353,0.00048587860550008966,0.010227979416741875,0.011102201998178865,0.05267712576175783,0.012238142773936894,0.003958604052946239,0.009076614573224118,0.008969377413589316,0.0021480521335468968
neuron_1182_count,0.018832095178672743,0.012281410088942742,0.01462622172441684,0.021843225193405966,0.014028262589050974,0.01896924560942531,0.004706158044299559,0.00940400856535295,0.0027852545769282075,0.0018005905326898732
neuron_1183_count,0.04357564623479021,0.00532361011212106,0.01436454442121754,0.013953488091798819,0.05631786045191331,0.013942435232429246,0.004763794134828435,0.017753172794804636,0.0036276333789616727,0.002841734104494494
neuron_1184_count,0.02080935990993614,0.006431906957727981,0.006209349576333394,0.01684482001750895,0.04477251718290988,0.009585498272297245,0.016619839174961737,0.011254234001665565,0.008970902440826399,0.0030254193920346596
neuron_1185_count,0.010683220528072666,0.008386700782309166,0.017347091031406768,0.019665782266261894,0.03680265636244964,0.009350382440517939,0.024145204979350507,0.01799314136027748,0.014826526914152663,0.005874440743438595
neuron_1186_count,0.05072892116389496,0.03834914465012741,0.012567774781163832,0.023537977321067813,0.05131966733740549,0.022961358573053606,0.013316478465503392,0.0022782450044500913,0.01716706014911852,0.0032473446023542595
neuron_1187_count,0.0541417301214531,0.03290825114429638,0.0067586511666438975,0.02983921893958795,0.09058675678168333,0.03199933508261818,0.009898561364732487,0.010305525236712215,0.022944303623631118,0.0018655388895164318
neuron_1188_count,0.012259372501298972,0.0008502883054237707,0.0049717063438818355,0.022442133851336026,0.061085080673796546,0.014168230450981395,0.012927311937360256,0.010028642014067293,0.016760987063863954,0.0030262774538521373
neuron_1189_count,0.06369407558717866,0.017313344802497854,0.014103351368672537,0.028825826895826384,0.11532375814380053,0.014607238958268348,0.03094410415283566,0.01876667957317034,0.029221783483550368,0.009531151369049973
neuron_1190_count,0.035478695885179906,0.026576789979330898,0.0020620312740025864,0.03934687693520536,0.10126743688273503,0.023419805996094376,0.03766620872719305,0.004220885312849899,0.028298370182104376,0.0010606729979032049
neuron_1191_count,0.01686416871054422,0.020709123074788532,0.008931215598437764,0.029421751032924853,0.09579836996813482,0.018926558462441664,0.02963342240952721,0.0011464064648759771,0.03464504751033723,0.008966495748693099
neuron_1192_count,0.034790721053932216,0.05991379855435544,0.001635908872354281,0.029389132548213667,0.060624657701369974,0.015016701185763634,0.05283354020593184,0.0026944646829379915,0.026357916268877193,0.0011081439548967995
neuron_1193_count,0.03667414836278246,0.022790389137127623,0.001917145787203164,0.03154530748624901,0.10631794596044095,0.009406426716267485,0.0341947353816697,0.0015177596620250602,0.03616029446128502,0.0013595413561863848
neuron_1194_count,0.014736024878702542,0.03186574762715385,0.004757138308853555,0.00924273448863118,0.023094678619954387,0.010932318414490036,0.03194782415026044,0.0060409476869018605,0.024647624522522255,0.006689384436506511
neuron_1195_count,0.03136712490755003,0.024877158373362074,0.001531415143578723,0.033490876833080524,0.07514638854061317,0.011047387763573113,0.07028296531610428,0.0011640924528854117,0.045893684858359624,0.0013342101244492805
neuron_1196_count,0.019794658299932377,0.003888827732162991,0.0031370385405150893,0.025890356113301746,0.08102604533197594,0.014471206601034764,0.06557528847537078,0.009452179066757493,0.046949762500029135,0.0028331340797663335
neuron_1197_count,0.016462366749956422,0.016453687858127036,0.004373290203681518,0.03090876567665883,0.04457735860004461,0.008237237918971782,0.09899719643923276,0.0044650889227576575,0.03352615458824998,0.0016420383286197514
neuron_1198_count,0.044401519730666666,0.02593086898953051,0.003105632665460354,0.026688710699139015,0.06079242021496546,0.01033826519389644,0.05534573582327408,0.005530333298929012,0.03176087344405984,0.0018895990537622226
neuron_1199_count,0.018512123405714023,0.013615241551624982,0.0009488848922375587,0.059417241841881546,0.09595527779145835,0.018499690513094802,0.08102586059788727,0.0036194667180964764,0.026748920432221976,0.004988201508136746
neuron_1200_count,0.06072095371683253,0.02390345407433865,0.0008757391005987554,0.017152142668760806,0.056239738686530566,0.016854080196036444,0.08218692184008718,0.004928878721492128,0.02452091681733891,0.0017276823930597526
neuron_1201_count,0.04728316124680371,0.020367460313041652,0.0026880500482328942,0.02987337938114487,0.07315240016746186,0.013661694447088854,0.10411949279353908,0.0034228629067504096,0.04541574164980494,0.003371116875072744
neuron_1202_count,0.009952318690262488,0.010173407150930076,0.0016528672879413814,0.03875098659626158,0.052579260309947265,0.010682694392926712,0.16245710131052213,0.005423999459652652,0.028544512478321307,0.0067617441750624655
neuron_1203_count,0.060514706053259926,0.013309370041579019,0.005557087916204351,0.008644419330077383,0.010066241816124158,0.0004824862436408825,0.14529742675696866,0.004660321153470568,0.02015710704128966,0.001966199761557798
neuron_1204_count,0.051825443777516716,0.025027058137848404,0.006229010094959422,0.01782270441655688,0.021607701785341812,7.579176069353981e-05,0.15757316800858495,0.005522202328054379,0.028913719745188082,0.000369924074919056
neuron_1205_count,0.08319491396737241,0.04028943143074577,0.005616632862951117,0.01302692559432845,0.01239885610697989,0.00046259957477148665,0.11330738915226073,0.0034945494365345216,0.018692188015251646,0.0028884983025350003
neuron_1206_count,0.06067332972159592,0.009243275763655648,0.001210984745140059,0.003522769998964663,0.03438141505608154,0.003764230385937782,0.08190867148453877,0.014827140193319308,0.005164744993410235,0.00552053849372202
neuron_1207_count,0.07929537037678314,0.006998128294549391,0.0041287095293571635,0.0018529789223198263,0.024597342753784904,0.002599369641927106,0.061964663778085544,0.011658065717730745,0.00020078040508660598,0.002192498365504475
neuron_1208_count,0.10695492389621561,0.0044713092097658155,0.004645885685910234,0.00934651010261621,0.04354623696271755,0.00017379147537035892,0.11031927863250776,0.012493280061633263,0.013908843690096206,0.004591774985754103
neuron_1209_count,0.048899942996927875,0.00013301551791470613,0.002666962353257165,0.0009942213861106313,0.004066320797811673,0.0011488918416129416,0.09730763156366927,0.006100383415357909,0.015950460620524215,0.0002382986370090944
neuron_1210_count,0.12669875216740284,0.012052590856810798,0.003066222966847887,0.0006237333161416463,0.0026260580959028557,0.01251238987240506,0.04427411017981037,0.004168705831244814,0.006527230839889743,0.0028674311524553575
neuron_1211_count,0.0688832634581332,0.02137820504498067,5.229585705254975e-05,0.000883585422978627,0.0024315114618225983,0.006090182314755305,0.03129434358847785,0.00859679021471211,0.0017125368014284069,0.004021576048740448
neuron_1212_count,0.036054243431848376,0.0178009977203321,0.00043760283343776026,0.0027857558053543154,0.0038989377278783946,0.0010344929198200271,0.1311831619337778,0.004251964202086629,0.009246734890432838,0.00071220130048592
neuron_1213_count,0.10859059898396797,0.004037518162831488,8.209553631219595e-05,0.005145393919100939,0.0018912744259514842,0.00393714627188823,0.06752574970467788,0.004529094330818752,0.002885231426176013,0.0010040376853340683
neuron_1214_count,0.09467049620572934,0.02451827807546507,0.0009635698654549552,0.009674114204825716,0.010528674039889663,0.0018136891283852645,0.0240002336748205,0.00552292393895925,5.073117711389824e-05,0.005964948675000227
neuron_1215_count,0.0974753312728909,0.01334345664817162,0.0008758428212140533,0.0007671608450587463,0.0016812817997582889,0.002361770825204371,0.09738784289988713,0.002426634447130545,0.014336108839190051,0.0017045255859391116
neuron_1216_count,0.050634313359557884,0.7999512163284499,0.003704930426836811,0.014864313271306343,0.037607313506497986,0.005239897477328739,0.0037866483916625115,0.005252741690307573,0.03551967137542952,0.03473173728624189
neuron_1217_count,0.007021933769861807,0.17376306049790097,0.009246698799773481,0.012112890116506542,0.0011698881369103173,0.018871125077857424,0.03582830356084554,0.043258746097845996,0.028231353364268283,0.026190763828793977
neuron_1218_count,0.06356719060701554,0.9757788160092702,0.005218712089821137,0.016187574315819228,0.06018959165126439,0.014567737099840841,0.010740701433892816,0.009175752821539263,0.04244613139715206,0.05818021709704915
neuron_1219_count,0.004818264083177731,0.8706491840535321,0.017803258067394932,0.030087662907000337,0.04351228931994823,0.020630101114108665,0.02068459633471534,0.0049315830753990375,0.05944335701135438,0.06599655086389453
neuron_1220_count,0.0072312188888841306,0.9420666221512957,0.015371171950021231,0.03754785833676286,0.05056582386958827,0.02208707282753243,0.01482522324140402,0.00483580735268771,0.04423779075549837,0.058956966091822216
neuron_1221_count,0.021044077974108302,0.8159794997986473,0.012598232678501992,0.02271767731583023,0.05283190405987494,0.024261931173345713,0.02085817263524834,0.007344865081640183,0.0419376360581951,0.06029311925633968
neuron_1222_count,0.006930241217600268,0.574143918537916,0.02401790125738447,0.038711188497662696,0.025217240156382367,0.020484098899759162,0.0282201796885434,0.005123598983702013,0.047179970135913823,0.05988745876668149
neuron_1223_count,0.061857170155393076,0.08690629142178813,0.022047077854576012,0.007963215489268968,0.004174179846947852,0.002980778974245899,0.019403620995002625,0.025872242350214944,0.018013824509689615,0.026898209933048332
neuron_1224_count,0.008396242765998388,0.39991723346570934,0.016458451889013008,0.02231101243236107,0.027457219833038476,0.013129046874228521,0.021177326391472816,0.0021078198365501524,0.03296295696403982,0.0485254227945178
neuron_1225_count,0.0156793098389143,0.446656149998755,0.023417265205725818,0.020967694258209504,0.026851511918377285,0.015624069960543566,0.02869299595787142,0.008943134145061489,0.034876487340776474,0.05378363922576622
neuron_1226_count,0.013439126882146844,0.42255402731369057,0.019076375075778487,0.022006753394840553,0.030755883026510035,0.013266450670844886,0.024085252451085212,0.0037072048266406747,0.03665739580421692,0.04344141100724875
neuron_1227_count,0.0043673969722566805,0.6863373650354389,0.00696261960331588,0.006684948983173435,0.061467725461028744,0.008326688608884268,0.021757747323325957,0.0039480955165498224,0.02207830905454726,0.08622368416339324
neuron_1228_count,0.13687503771145232,0.07815666682475797,0.017218726667302557,0.005164476105648325,0.00012151864562509346,0.001911041074614512,0.022869653667996176,0.03604910841464183,0.028657505660036085,0.008738561708948087
neuron_1229_count,0.1452999173788347,0.18929540464103992,0.04195899880033027,0.00539684720136533,0.0026349999186747776,0.016498559332717447,0.010830484574005404,0.030329601985242843,0.014353437649714598,0.006315451304718252
neuron_1230_count,0.10771296492177837,0.04396534496647836,0.011190025522130102,0.0014448529164485663,0.01657380067477439,0.0038604620186012545,0.00790629692517332,0.013772707671653728,0.007967100188324822,0.007579664370120878
neuron_1231_count,0.11380066538114614,0.033519138454059474,0.04750366290243663,0.00023006746818220007,0.003150563621208219,0.013379238542781419,0.0031270461697141885,0.011166509140711448,0.008675416864752747,0.007548554175214245
neuron_1232_count,0.14600943224990376,0.07895958167845217,0.01761593801160457,0.00022537645512576933,0.003341237547778056,0.00486986990759615,0.00897525352996082,0.015160627346488223,0.012302683287466618,0.0033953246604797663
neuron_1233_count,0.12581458806674808,0.13778561546915688,0.03864995768303106,0.0007117089785863579,0.001267955506837724,0.019340684725217536,6.966935469997129e-05,0.0030915750659958052,0.004858485580462809,0.0017269532713536546
neuron_1234_count,0.15307707468768283,0.0734217985183345,0.024259494551986588,0.0020251581366266223,0.0015378657684092245,0.00835065632073402,0.0040145742803254815,0.0026864091027992525,0.011769125311819874,0.00030820760784958535
neuron_1235_count,0.13117138026711356,0.06491573745033932,0.026110300449340762,7.732536786325553e-06,0.0033651163643015833,0.01620508695012883,0.000508090718963787,0.00024177226124481345,0.004063372925789423,0.00045407606066428206
neuron_1236_count,0.12610520395747973,0.08240299010074137,0.026558128260408098,0.00011828717741356898,0.0003956024581248653,0.014457457603672313,2.4834766411255382e-06,0.0008743095609053363,0.0064219325827291895,0.00012338368113870395
neuron_1237_count,0.08563873572366937,0.06241655107579444,0.008224662257867353,0.01769849759383315,0.008679688148164312,0.010336542502517712,0.007619444447926341,0.004958919262766083,0.0025602552569020803,0.00038581811809277645
neuron_1238_count,0.0881460896006325,0.06652357020805887,0.014483079303382947,0.006257169793753036,0.004759206834036293,0.011449201572455353,0.002167883810774436,0.007162748983124235,0.0023459111268330423,0.0023673047276145226
neuron_1239_count,0.06880366923773257,0.036546609431303195,0.01560620650900918,0.015590944580767305,0.005929466083679738,0.013993459227440594,0.006076973553500245,0.002146219891427447,0.0007003641084143194,0.002446890224057606
neuron_1240_count,0.05643882170391565,0.057709614666546116,0.029152251653686734,0.0026104010771784945,0.002120520886085865,0.020120559154872514,0.00030488845792780474,0.002741881022870582,0.00034990105580840446,0.00645415477369253
neuron_1241_count,0.06520314589833774,0.0024079619464596642,0.011679832382159444,0.009851306897145955,0.02726803060265049,0.00728883668698125,0.00419086430597241,0.004442721019705685,0.00018248430303706474,0.0013033766422076553
neuron_1242_count,0.054484317291487616,0.008563673839539328,0.016779248109743954,0.009636140319740777,0.009439942939574182,0.014693512275415418,0.0036823765469349602,0.005738883438411509,0.00040635295100800543,0.002183092040518016
neuron_1243_count,0.007010192164619138,0.028693337838093906,0.006100593427161127,0.0031345319658262934,0.005301718749071142,0.0017550951398494566,0.00018196096416565714,0.023669003423431104,0.00216859610621788,0.011695911878009627
neuron_1244_count,0.05342896425928005,0.010559598979793618,0.00944023528401576,0.004651280928582717,0.030659911728836788,0.0028866310977241696,0.007250179996098886,0.011459641592599296,0.002924312015542512,0.0021765592549336113
neuron_1245_count,0.009100829658405751,0.007430650904672591,0.006841707985725441,0.03628835066191928,0.03068830444820214,0.010351284596077995,0.006753040906906198,0.030810650979100657,0.004461676393222827,0.0027629381681918788
neuron_1246_count,0.02155126543340094,0.0008597041039747396,0.006106987786726449,0.013125128526240266,0.04681901198503086,0.014448037247722853,0.004442704140791134,0.01578420097951143,0.007403583097366481,0.002280945654673419
neuron_1247_count,0.010372957510364902,0.028481109978365726,0.01134068234035987,0.01648695329322091,0.05105538689489199,0.002644760413171559,0.008283977002491782,0.021114712199252844,0.0036783761471765354,0.006718263823115366
neuron_1248_count,0.0035499494568222156,0.027942760435717154,0.004296432890716906,0.02275219145088342,0.018395140125283788,0.01949287088646845,0.00022726237500063362,0.005878199445329753,0.008850600950687446,0.0009173979980475443
neuron_1249_count,0.01849193086678738,0.004348399578622238,0.014681117981988241,0.013381506194396903,0.031281735561000217,0.01671927086331839,0.005288925057246187,0.007412342349682723,0.01041130157145858,0.003887440362087295
neuron_1250_count,0.017680041541680624,0.03340618403837965,0.01526059093625877,0.023035176175269623,0.0319452304631781,0.028977304342925433,0.007741322942953557,0.005015179043331097,0.010557753819456214,0.009363800011057598
neuron_1251_count,0.02122329796809326,0.028550926429671636,0.007376331887079764,0.02587590410500956,0.033275937001234004,0.02569340555334118,0.003908614519151803,0.02013894114900068,0.014794524037740855,0.002715907897347783
neuron_1252_count,0.013856915724132182,0.0010088120707150636,0.013344763307131316,0.04577626669341166,0.060990260283251094,0.013754338859597995,0.014787066647685532,0.0115310771880388,0.029154832828905852,0.021788011969898102
neuron_1253_count,0.010167774624482782,0.01830094712309175,0.01828631257854682,0.04096716922549368,0.062374394165458924,0.01946410618245066,0.01654035128615626,0.004904754941065972,0.039225650453555055,0.02980742963174402
neuron_1254_count,0.015828336520861797,0.014689589111765544,0.003357078762185616,0.022486405360291284,0.04624075308671365,0.013913625213763367,0.019035254731880953,0.004062092744586323,0.02300770978519863,0.001495270420256909
neuron_1255_count,0.022083140361055853,0.015905877301407106,0.0006048458395743871,0.041265244191683315,0.08586373528409907,0.015601707018309527,0.05906997393762911,0.00566462197675658,0.04353336648948533,0.002298302053049435
neuron_1256_count,0.00903596184136815,0.020119861505710143,0.013407210111055917,0.029112488474775905,0.10011405931145398,0.021924007320481262,0.002114098151289292,0.00600357494754656,0.02301722215384562,0.014229198413290609
neuron_1257_count,0.04907243513940848,0.03813300003290615,0.0009127647916776513,0.02287193120432178,0.05121682963949285,0.018046724836284528,0.06881087679669304,0.0031048149383309243,0.04357903114033129,0.0012838326488297004
neuron_1258_count,0.04576778133557233,0.0264919245849964,0.001925529665004068,0.03761205596039241,0.11117308746719323,0.021299351857262075,0.05784690031933448,0.0025197128009188732,0.043504114205477395,0.003924083638348383
neuron_1259_count,0.028318826528566238,0.047069275357246726,0.004060740191049808,0.03736821149422201,0.09595326891826472,0.020489135743800457,0.03873460396572967,0.0006393436310867112,0.05219307554198224,0.008449847588261956
neuron_1260_count,0.01851083205229797,0.020927979897233148,0.003321820618539608,0.02185637564984523,0.031405062587013824,0.004917065401247256,0.10051134692939123,0.0037467389610876083,0.06514596753311866,0.0009501586706544239
neuron_1261_count,0.01337084328689242,0.04830025541222237,0.0014265313445523536,0.03136300452900269,0.05161067089108333,0.007262676575629262,0.05003771189926333,0.002332350745148104,0.04242535305962314,0.00504263075286146
neuron_1262_count,0.03606626695667092,0.015387182226265658,0.0030824565181298905,0.028410306293856796,0.06195142822997747,0.010966276720113438,0.05942800505945724,0.004466689734052266,0.02431409213564717,0.004650247778925108
neuron_1263_count,0.019560899571191004,0.005399527229565326,0.003328208484001717,0.0232587454291618,0.0503666190195079,0.01058674020710669,0.0920945295717721,0.004504643236267376,0.06004404597333579,0.004336563009488852
neuron_1264_count,0.015710197059952427,0.00714168661022449,0.003028382825593867,0.02437576159158572,0.0873529832080803,0.019361554963793312,0.07251399681425286,0.00905015023855936,0.050362209972050515,0.002146122123205845
neuron_1265_count,0.0384345767221182,0.022260223794251716,0.001123424968778805,0.020372348660612397,0.0416875829393909,0.017685185388234104,0.1169894700313589,0.004856586328944448,0.0302501089430611,0.005408161264535402
neuron_1266_count,0.01843821148067222,0.012251079707257015,0.0009516291699502195,0.031489462677986996,0.04852851494491439,0.008726755092350033,0.09714768581552202,0.0034750254815896133,0.02282412611286097,0.0027700793621634225
neuron_1267_count,0.09075298401893012,0.04403667247914836,0.0008644476543675471,0.011547819051422867,0.046262359013795135,0.0005195497370950423,0.0521468678675876,0.004138074351163333,0.014925535094261769,0.0024004451804564217
neuron_1268_count,0.055312044724179776,0.005321245280653544,0.005852887642745393,0.008263081498477286,0.0198794498846947,0.0022946631111346316,0.06699924925174792,0.0077186316541051625,0.011447405398512508,0.003018939741465096
neuron_1269_count,0.03029292124044715,0.042111712386525876,0.004890639826142247,0.008855842930644106,0.002873051740529653,0.0002054103117412288,0.16838198019125042,0.01650065885217733,0.02722826357242797,0.002707603215879685
neuron_1270_count,0.05770583907757823,0.004644912950264875,0.013811156482831141,0.0022708205923211155,0.013361566842981731,0.010710604185976386,0.05816357390205229,0.01637029099503383,0.01653607756883678,0.0031374202037944623
neuron_1271_count,0.10382150080360927,0.010554481759043749,0.0051572834402223225,0.002414699784146851,0.01841970833414626,0.0017493684119860575,0.07076176930602718,0.02120731814053306,0.00244514472561759,0.004478534062726067
neuron_1272_count,0.04905868169432277,0.007247332058108916,0.002267758547561425,0.0007111634625276888,0.005115691642457849,0.014423610697549397,0.04945712484500818,0.004782779308936842,0.001924871599149643,0.0012552332610215704
neuron_1273_count,0.04899264993342603,0.005244496770933475,0.0020937145242233245,0.0027875850575941642,0.008301318648796449,0.012965259772763041,0.08025005989063039,0.0024230716339472755,0.008586697145491137,0.0012831795455734603
neuron_1274_count,0.040142549497259025,0.015149206281084751,0.00041512344676430946,0.0026779212613810104,0.00077892277337634,0.010414704455080914,0.0890370932660007,0.0028826098737753454,0.004633038296617185,0.0009379221277061936
neuron_1275_count,0.033823816151977965,0.0057839859599082555,0.001778467345728351,0.0004430486244433162,0.000431893869569858,0.0011698966818515823,0.06714027050918153,0.004188091138208519,0.004702404471405422,0.0033951478527695263
neuron_1276_count,0.10634083482495099,0.0016085561050174293,0.0007705790454794782,0.001833064938577312,0.0019049455282753348,0.008984924417822136,0.050090145779376594,0.0052703097142897185,0.0018046742418911244,0.0018950582384289934
neuron_1277_count,0.13997503898151906,0.02320078341543004,0.00022213580309676448,0.0018475421004801283,0.00034818309131387677,0.0014744035437342564,0.1582542974474526,0.005989845261598632,0.028542254627263564,0.006211128096070204
neuron_1278_count,0.07547758268605334,0.01647109001336558,0.00025166418658720095,0.002249567485886221,0.0010630508650400251,0.005414723165558723,0.13236586288074173,0.0025835340717041792,0.02533570445577435,0.002627499657640843
neuron_1279_count,0.18182945661684535,0.00029235004637724084,0.0006482366729155314,0.011151595497986853,0.0009524739547075794,0.00840415979227585,0.06858760302336706,0.002599610715926716,0.0021888833932107755,0.0032521218780714525
neuron_1280_count,0.004003026740648538,0.19147463693903943,0.004961997302036818,0.007135650181379672,0.0038036853998377213,0.01451441950203236,0.022834583890339447,0.042955981761516895,0.024343851519509206,0.017514590704017844
neuron_1281_count,0.06800674390471936,0.9492900179653175,0.0010631059645688917,0.006686522641565898,0.05489522535920027,0.00475419656332083,0.0004117446498272566,0.027232244946291256,0.019596148262789534,0.05073477223969891
neuron_1282_count,0.048127700209623425,0.7333429034755842,0.020081593302735484,0.03173944261835148,0.05899129192327829,0.025394267483502774,0.023865010315523596,0.029169118592201823,0.03854882333128122,0.06376411087175979
neuron_1283_count,0.010852514750493605,0.9202427184351873,0.008088544550981465,0.020877116283056454,0.0450064842152306,0.02411747165158161,0.022853212015838037,0.004246683556912871,0.048072833174981386,0.0669287153583294
neuron_1284_count,0.05395026097219205,1.0820313697490995,0.014040166195053876,0.028594148537835665,0.07588708925976395,0.02549618189212896,0.01583184741001189,0.029746884673392884,0.05257317230675619,0.05898434417480394
neuron_1285_count,0.00703611410949858,0.4682777929564835,0.006014627712858225,0.017200155237366357,0.025708101726046317,0.02628038459029078,0.038522680245031735,0.01192359374761652,0.0362766778860788,0.07122601031689998
neuron_1286_count,0.024788852531110114,0.19698506851096448,0.016159724492236044,0.00842566216893171,0.01408699373925515,0.006510106873057087,0.019724704328647924,0.004906506540373702,0.017603795313662213,0.026195869801708238
neuron_1287_count,0.06974873503548143,0.020227514725662435,0.033270823468591254,0.01039719304146692,0.000975937260100989,0.001345165760296127,0.01949121971250311,0.03691903363754209,0.007655538338315018,0.005772567047987419
neuron_1288_count,0.03600697243962944,0.3891091831906124,0.024905273624693657,0.03161145874932067,0.027988070287536797,0.011623705773235307,0.021618169912074353,0.005457880903542199,0.04149926515527496,0.04758352362306355
neuron_1289_count,0.01046005326046056,0.43410542776749866,0.010260938234125494,0.014335185592216353,0.03425321098115909,0.016760206552679104,0.024795187896819657,0.0013538915018753606,0.026673415396817834,0.061617492935395465
neuron_1290_count,0.21990342945438662,0.07940551529376165,0.044589491462732264,0.009686708646041757,0.02024732463273552,0.0017507209316100503,0.0034601816503707604,0.010015044523592316,0.060127518034544275,0.006218332147912543
neuron_1291_count,0.09701906572551491,0.12012734163787875,0.028545101422823002,0.0166838166888399,0.0008473223045298347,0.0029579508004062213,0.014279157237409426,0.0011715151262692743,0.03630383774034894,0.02745854386064439
neuron_1292_count,0.05502765172306559,0.13469452935380294,0.008122840617693541,0.0051414853077718925,0.018211536381418633,0.009546487732260585,0.019663018748254477,0.006581243769295773,0.014439340861322598,0.04933808346160018
neuron_1293_count,0.13136092406528777,0.1165784133965322,0.038766231925580055,1.517768515849104e-05,0.0015979494170908371,0.009022628279185478,0.006068626746770393,0.015492939474438978,0.013076052444771974,0.0028803616963444818
neuron_1294_count,0.08837035406596133,0.02274309181321245,0.011595504883133545,0.0010492186055045677,0.013947944389689257,0.00028150494126771234,0.015945814865392177,0.007784130412947024,0.007908910653572736,0.03346299435879205
neuron_1295_count,0.07278515094139984,0.027216971636742807,0.0009761626508749729,0.0031989758207063707,0.039397295737897964,0.0003036800972239335,0.010277833134949323,0.009463809629173488,0.0011399155632760317,0.017924334907884136
neuron_1296_count,0.11010265292712426,0.0225660692201968,0.0036628790637201827,0.0016802023289273459,0.01851867122374906,0.0007862236636179583,0.006272456715948227,0.01008407213502463,0.0011904984083064667,0.015142804863297388
neuron_1297_count,0.09310845446105073,0.13399299468126807,0.012668387329972594,0.00294862101807889,0.007046606642007686,0.008128074159270231,0.0009153764042102355,0.00895250631998546,0.00628648303770564,0.004552765990143683
neuron_1298_count,0.126996203984789,0.0494246234939799,0.006360226343365152,7.343917670390754e-06,0.009473685121225907,0.003317321946974247,0.0029179777034624467,0.0035616682558640977,0.003882088456299119,0.004427092473892266
neuron_1299_count,0.06907150551209384,0.029539154535049697,0.012799041842029,0.010694376966452923,0.035465625453108066,0.013479764441714337,0.011587252896623046,0.004101966471610735,0.00032791315108725815,0.005188696143662588
neuron_1300_count,0.08093212659312207,0.02158320324921842,0.003409597951341242,0.0030595042199284064,0.020491829305924136,0.008046863936635298,0.0006957356652228346,0.004235290352138252,0.00023432274924303428,0.006793069333488222
neuron_1301_count,0.0864619434126355,0.03559317703161759,0.018277185233285573,0.014473949150272239,0.018313640851412197,0.019480694107198687,0.0037294297905001474,0.001117737367889301,0.00247527228083215,0.0018270257416415706
neuron_1302_count,0.09386028254937287,0.02233313366671796,0.006193032336634395,0.017781565141346854,0.026323958293539382,0.007621681136487403,0.0012439912464792431,0.012149985332605126,0.000342816784893076,0.00177507309245575
neuron_1303_count,0.1211116348896848,0.10610308497537674,0.007788920721220727,0.016252299686484478,0.003946868922013222,0.01703039740203184,0.0006429982914380322,0.0018362252622095565,0.005234595786324986,0.0011673303449282503
neuron_1304_count,0.06315066159578278,0.023044446606093526,0.007282374726709673,0.00436598311474648,0.005336016105926593,0.010036937516669932,0.0009382729335610015,0.0028199669591776368,0.0011478395476336983,0.0014501448050176727
neuron_1305_count,0.037739715005782506,0.009104399265276222,0.007198561656645869,0.014431588810663878,0.022974590377666998,0.008457261578604533,0.008880543259569995,0.008209148394337673,0.0009059245637149608,0.0033679906249600494
neuron_1306_count,0.014237241367886275,0.003916372502305539,0.022307692856592815,0.006928912972823428,0.024631164282790094,0.009519272248372075,0.0039207486087983676,0.003216279845868711,0.0005983210565607428,0.0015012111633817835
neuron_1307_count,0.02696964077204296,0.04047698315285961,0.005282992791173967,0.022846201999587,0.02403286052438324,0.003923300632872849,0.0018511638289763661,0.01441459869102582,0.002019120785643192,0.002025678306463474
neuron_1308_count,0.017644212488894577,0.009553922334531117,0.007014284884418111,0.010553954447894122,0.03231729915066611,0.010892006730356181,0.003027877308422678,0.011774650273389711,0.003383639938172367,0.00503777786193867
neuron_1309_count,0.00722505960317445,0.01882493066236915,0.007679681021612017,0.013355605238595848,0.010671181904136328,0.0024936869561262096,0.0051962435498081674,0.012612057326204393,0.002538630702944849,0.009353404009622722
neuron_1310_count,0.0053788007302853335,0.01959096112296392,0.014410986885679225,0.03695226999211637,0.058366539505361775,0.00858707091545205,0.016127760714342257,0.014250767415767876,0.007684285582697244,0.0023661680835165427
neuron_1311_count,0.01859520101491423,0.004390059977009246,0.016872456155117864,0.011960442606745218,0.049181560165832916,0.012722783174996838,0.01577495152443862,0.010190207967257565,0.008964722265905764,0.005312267134492316
neuron_1312_count,0.005158908084691159,0.029612717388882243,0.003169696706118094,0.00839607016239351,0.021597015025505595,0.0013706271239777267,0.009583774829376442,0.012365348941377804,0.002316150890030632,0.0013019280153369335
neuron_1313_count,0.02660012714831221,0.004531750275061655,0.013432045165207143,0.011364809396926495,0.043222867312183624,0.0221168026359293,0.02113300829049372,0.002398713373476972,0.012433895747223436,0.0038858226799231115
neuron_1314_count,0.02304566574416926,0.024494892126278214,0.004931976208704211,0.021888942029605632,0.03890356579475582,0.020818455051470133,0.020087973679274118,0.0039661005308383734,0.020423280801732363,0.0038731294848295857
neuron_1315_count,0.015260655659302319,0.02724177814823449,0.0014749482202816126,0.03375677854196385,0.05759334118173111,0.023859610198846068,0.0037188495959765977,0.016668236181447027,0.017132778829697326,0.0008131801625723776
neuron_1316_count,0.003475002037192001,0.019309607370667198,0.020895385723083637,0.02085681884159042,0.0404676035824019,0.026782494731208417,0.0008012392610769713,0.003994881996085969,0.010813066802517236,0.014323593197183189
neuron_1317_count,0.005036596775294132,0.0007804999193629959,0.013378930948896701,0.012173100007638424,0.010215221609500696,0.008501005090728833,0.002500710350347081,0.005415054964903847,0.0058960306650741034,0.007983446096292666
neuron_1318_count,0.014126305296192809,0.006979550639290087,0.0049623085275073975,0.024626770746075555,0.02971211861702923,0.014207266845258915,0.011966204102312361,0.015736213026228997,0.01885175572303032,0.004146424741725194
neuron_1319_count,0.007843072408675343,0.029424203532696022,0.0026092787653048642,0.028602244442535035,0.04636858378296663,0.009072075722700843,0.03292196554548743,0.0016929278877024917,0.03812949448792764,0.006819057489885844
neuron_1320_count,0.01425886629151206,0.030079510030498843,0.0006536711468600707,0.03374675465715349,0.07254350768222728,0.011003027053346257,0.016803129873488504,0.000593411921624605,0.03356851420307602,0.0012931027092580316
neuron_1321_count,0.023540012819767628,0.04111793746123131,0.0016759549360716476,0.02904746687793408,0.08851788784597416,0.020180538220329405,0.032450704663586655,0.0028900423965595966,0.03810620481576221,0.0055362045446932275
neuron_1322_count,0.016587560213458613,0.008806469481329585,0.0006131784596564421,0.04687095464896082,0.08923122255885971,0.013027194703193731,0.034165447644360164,0.015294778304599854,0.043433932931373265,0.0009142175790659655
neuron_1323_count,0.014851530725320888,0.016154727504397004,0.0014017653117348976,0.04141849405554382,0.07334513413431257,0.009962067845172243,0.05604530887267942,0.0012768299912180418,0.03180252389725541,0.001405998711435541
neuron_1324_count,0.05525969074404655,0.07408474323984658,0.010777279620929746,0.029253741485332052,0.07659831363369489,0.00767757006491461,0.031032239219022206,0.002788582333371835,0.03817783592200105,0.0025081395847279947
neuron_1325_count,0.0350464957209434,0.04011750231619181,0.004555250946844447,0.020898285777523673,0.05009186500043185,0.006429264800706533,0.051559831251847654,0.001440859368075982,0.031097517224501825,0.0012095520781033493
neuron_1326_count,0.02379685560235166,0.020337822922036397,0.0014240183375730138,0.020781033950710945,0.04306314225741696,0.011758576473173604,0.08583709555799793,0.0021624619358734942,0.03989657820381398,0.002296874498531505
neuron_1327_count,0.06559604532342547,0.013074889916915619,0.003752880888068501,0.016324715830711142,0.06800134446877476,0.013372294537495763,0.08587944928185318,0.010365060181409383,0.031147934550203205,0.002275034661384026
neuron_1328_count,0.001954684993183896,0.008098914002642822,0.0005619581306953898,0.029905333127709877,0.0289612098891137,0.003247888352347794,0.0798004069521792,0.0035573427706816485,0.027549314374612652,0.0024200795034701877
neuron_1329_count,0.053031418658797264,0.007079955970126277,0.005774036256014532,0.027738432033880128,0.05192504014549973,0.014256872197046161,0.10225957337233496,0.009418844486292696,0.03716848371736717,0.009802923697644864
neuron_1330_count,0.02089319048191926,0.024635320019222348,0.002127826090543454,0.03454467987241322,0.049603750581623224,0.00493639305229511,0.049655578393803385,0.000520862980168962,0.025625862695619964,0.000843349402233181
neuron_1331_count,0.04260435916998165,0.005427340345453436,0.0026556808237083313,0.0234282926115012,0.03661111277577202,0.002619054968913112,0.14224208073910163,0.002809707425282284,0.013337243307438865,0.0019809920786494524
neuron_1332_count,0.03281401454036127,0.005226826728198332,0.005735470559889572,0.01113056919979949,0.03317396948746287,0.0004977125642419925,0.07095497192154746,0.0015717404071461973,0.009802395693445765,0.0012459953317390873
neuron_1333_count,0.05335025599691609,0.009806964281444591,0.0024562141757957373,0.009215166036360446,0.03089258588303402,0.0033285394970987287,0.11565767719708524,0.004936164008478676,0.0323638100844089,0.0031916118845813665
neuron_1334_count,0.0503419816586662,0.04085803956863614,0.0041962085582543385,0.007535431565597529,0.004263256628153085,0.0042234709130351406,0.12210441971016643,0.001872001024839455,0.033863604652867516,0.00016780609522195613
neuron_1335_count,0.09505536450831148,0.039425859426645615,0.004757536518899305,0.00305387235691236,0.008165339859399046,0.0028460075337646967,0.19705453228842315,0.0033513250284107512,0.0543867489849415,0.00019623866497716757
neuron_1336_count,0.09458992696892674,0.008307308576448388,0.0024055607358726555,0.006484319123241718,0.011726684604573254,0.00018737762607027274,0.12433429805758697,0.0034126835000109074,0.009625890251201141,0.0012874745862359246
neuron_1337_count,0.03324137273872689,0.01665024097198993,0.00208632923171175,0.000843339919923281,0.00860490559285948,0.007174960498609776,0.02800860529096546,0.0057000453079409305,0.00044789628765667163,0.0012341926240649857
neuron_1338_count,0.0976069430530192,0.01481470217409657,0.0012432803518892359,0.002888151810510678,0.015676380192223005,0.0023267125950402513,0.05098747263012446,0.017268518358092316,0.0012083412509437483,0.009800293719045235
neuron_1339_count,0.050190971980197965,0.07140238555764172,0.0012502601491693258,0.004698982787031791,0.019893212553079027,0.016016288912035284,0.012745006280725474,0.006161832444587935,0.0015043036799294654,0.0013762314250297218
neuron_1340_count,0.08061500035279162,0.0014066135990797417,0.0001520157848881815,0.0010655350140664974,0.0008049689877546902,3.1024098506094496e-05,0.09528577445186068,0.005849847574680975,0.007623135428529423,0.006628053207426134
neuron_1341_count,0.15769698244009048,0.01641830142104512,0.0011262618721072405,0.0012027318307348683,0.0006728135120911017,0.0005409561645605561,0.09907523159410865,0.006752502433295088,0.01877742707052686,0.009966859097854955
neuron_1342_count,0.12193773222644755,0.0896923262822411,0.002888770552384092,0.015562840521685405,0.07575557212954712,0.020142289531331473,0.15804385089112105,0.022055493229389787,0.050486169381093876,0.0003317785905169593
neuron_1343_count,0.12723560200120992,0.04599711763969294,0.009152734709795348,0.017332496390211817,0.008456823912127799,0.01469146873543977,0.04183884498319678,0.0026291790506116595,0.008554869127545259,0.0016932411604511678
neuron_1344_count,0.005110684684099483,0.6990041487728036,0.009163777775137279,0.017255429936070016,0.017757762090052948,0.03840612371878606,0.048805823086200475,0.03411522377491644,0.07293891897024304,0.04096054440058543
neuron_1345_count,0.04179202124048348,0.8649690859144576,0.010119991905773208,0.020500573981997408,0.053997600207635985,0.019802977383000325,0.019651150464509083,0.008674381634198789,0.04452652579570286,0.050674561125150966
neuron_1346_count,0.06659964248268456,1.0820054925750942,0.009722074344419476,0.023054229644391716,0.06412710158143116,0.017625750473582613,0.008361446113026104,0.023411581135886567,0.04032526076318706,0.056349200100618405
neuron_1347_count,0.020082283777540254,1.000502850586984,0.022475827063068568,0.03269060386629667,0.06176299539900143,0.027281606115893364,0.02023270143957865,0.0164339120441609,0.05128713808578733,0.04482284232351699
neuron_1348_count,0.0035862690324304537,0.9151701627626487,0.02104854234102714,0.04954856837884475,0.04355335757555752,0.026276514447438087,0.01641599503560591,0.007428245005068952,0.061110346841411284,0.0559712621575503
neuron_1349_count,0.013838703006840314,1.039582037230839,0.01959931565632851,0.03448944863790962,0.06874688514424722,0.021561338809586744,0.014910513705638208,0.01687108252349545,0.05171458460199051,0.04843868350086601
neuron_1350_count,0.04890984264830006,0.3408068470640462,0.03517081941177902,0.03928342118186582,0.010791207186596312,0.013912903333236963,0.021241146951901532,0.004312082530999862,0.041623764428931065,0.027304425631734727
neuron_1351_count,0.006430751483800873,0.6132323593205568,0.01790166825532681,0.0253041252612132,0.034827135466723155,0.01808821150348465,0.035180367934309564,0.013260429766588144,0.03463400534112415,0.06734237046734405
neuron_1352_count,0.0072834253952306915,0.7072487408366326,0.03955264847334433,0.04076434124887217,0.043306293784641264,0.010718902957639428,0.01703979343403661,0.005079081505835071,0.03506376900313972,0.04590833210520859
neuron_1353_count,0.043142936442875604,0.12220434467965549,0.013037230695371153,0.004231473250310237,0.015532685138562562,0.010010029501450218,0.024070771707951313,0.017075165248847293,0.01680315481958663,0.02609002228418337
neuron_1354_count,0.019284068476491056,0.6440618266171565,0.049836845231565854,0.03488368351222702,0.04450387609144439,0.01110155421066461,0.013321897232940146,0.00724352860408143,0.03256433709690448,0.0476511429618062
neuron_1355_count,0.11279564421926583,0.03824858091544317,0.0352607178829944,0.010951521465506348,0.0015912601283827876,0.0008788043848241382,0.008138922112568212,0.00549116658268952,0.012678567229746751,0.009134091176117735
neuron_1356_count,0.1027785816780745,0.039250746861954774,0.040981976960458466,0.004198914225459087,0.0061309549091463356,0.0018972202356316095,0.011384185652879998,0.0005555663450364876,0.00755003737633992,0.014575568336089258
neuron_1357_count,0.02969091078343712,0.3202672010170906,0.024750689839194033,0.016548785207930745,0.03551582877674946,0.005734635378154596,0.02136868657105412,0.0032801591262112163,0.023015938900882035,0.044963167892798056
neuron_1358_count,0.08439533890156714,0.06384038483335969,0.024738681789390593,0.003967486321700381,0.014286696680262195,0.00040010291036961763,0.024181809744211885,0.01545031673998426,0.007954463440438181,0.01861582131501187
neuron_1359_count,0.13905749671872852,0.009615672649115385,0.041554306185496756,0.001499767782946481,0.0012266099311681808,0.003816900635660661,0.00502513500328261,0.00494952117430035,0.01048923963969494,0.007052759999486673
neuron_1360_count,0.08318541254144354,0.04458757237618971,0.01184576453010125,0.005308899111467903,0.0016541426566106174,0.004173945835358725,0.00978021229457604,0.008255209532150705,0.01626117097463693,0.0005381903283491127
neuron_1361_count,0.14589658691659868,0.07022513407393738,0.019100740151920155,0.0010594788837921098,0.004545000108121994,0.008654429279931257,0.0003774931068144978,0.0007710223065890537,0.019601774273234042,0.0013227949134019153
neuron_1362_count,0.07314239910975637,0.039681115319657234,0.003510823983291323,0.007726019181846986,0.03319977061103712,0.004470777057007866,0.004767275373331523,0.0014878086795656002,0.001554119557191114,0.011439261821534749
neuron_1363_count,0.11662986041934834,0.06773562451539297,0.0037475763896072448,0.0044111325632318135,0.0018726920407836287,0.006586836709328123,0.0003442618259180026,0.0003685790115422558,0.00545701826250853,0.0024201412905688648
neuron_1364_count,0.0972288424358399,0.05626471876557687,0.017240559962346552,0.0002482355476725092,0.00048632941839616556,0.01079548574168604,0.001913148004295491,0.0014709100148754158,0.003016504589897835,0.0010644741589419075
neuron_1365_count,0.07855969622430259,0.04522778623856949,0.012309763348059534,0.0034763091609530325,0.012630512735477849,0.009961201706266729,0.0019448995720691142,0.00044029266079042683,0.0016813019564118877,0.00031599286669155595
neuron_1366_count,0.08880289420680171,0.03582044861520227,0.02598336729503553,0.006941783566245703,0.01763125738051237,0.01913564331595817,0.0016396344834415967,0.00045761571849312586,0.0012468251837769954,0.00032906850347379744
neuron_1367_count,0.02573178099216361,0.020432236186698198,0.01174443671197252,0.01586481475739391,0.01896771858357099,0.009804840435237695,0.001486202852015634,0.0017870392060675665,9.156875577051669e-05,0.004028558184919869
neuron_1368_count,0.07313136457119693,0.021099741948951492,0.024868191105815896,0.0003967426389339425,0.014391138901133194,0.01767895049188356,0.0005963949000963118,0.005629899188321588,0.0003316609444623513,0.00017709558385262288
neuron_1369_count,0.017904324688265735,0.016948771840292073,0.0181203281603666,0.01024912479302642,0.009798629901973367,0.00661836435263153,0.0018349521535696994,0.017781919381935504,0.0008703009810156924,0.004499999257740677
neuron_1370_count,0.0160305263613809,0.006070978435926376,0.020904909114575432,0.012154868146590295,0.04266859502713918,0.015056206649699075,0.004357240221827943,0.009950978595944716,0.0016806487544297252,0.003565363071207646
neuron_1371_count,0.03804061978797009,0.028587438589158784,0.002236327128761123,0.007417178682766444,0.00518891266897681,0.0019275652948984034,0.0026012068502648082,0.006833160700825569,0.00019783635020692299,0.005006298460836218
neuron_1372_count,0.04123307398505302,0.005936529762462608,0.019552431594572872,0.0025581751931569724,0.020983962515990745,0.009825535288392528,0.012602200756206383,0.0032861329052556038,0.0019061539060659096,0.007814823446751898
neuron_1373_count,0.014903803733475066,0.01218044729689527,0.020790443800294385,0.006428607414194959,0.04433123531545578,0.008904208165997476,0.0035317374821153547,0.008854123336452663,0.0067471364076536755,0.010960222301688558
neuron_1374_count,0.02478752152280693,0.00900234776432577,0.00690445854163306,0.0102948466244627,0.01766635421165884,0.009619729607243423,0.009682488509741384,0.028198171315758275,0.005514594993976239,0.0021937708536495584
neuron_1375_count,0.009174392763407771,0.055253824066298904,0.0117423268690857,0.006333618676024028,0.022238443445400283,0.00091356048278544,0.016119671467625905,0.008477582460685473,0.00612382952390131,0.009381489580136905
neuron_1376_count,0.005769488931643078,0.01714517184042918,0.01183479992467808,0.016630824417467816,0.03495579177971275,0.006075504988186459,0.019736221676303435,0.00761271203629087,0.014930400029102283,0.006283762442625464
neuron_1377_count,0.004335743517880434,0.02819875843825627,0.003784388073386078,0.019208157809973217,0.051917187640617486,0.003711281005599181,0.04012468397503975,0.009289149718602757,0.01643103542562154,0.003408684098479177
neuron_1378_count,0.03270555286372105,0.0011944664346192312,0.016776980539160685,0.008628773055671703,0.050977452595348166,0.019743520137285545,0.010724997388736196,0.009625314928472628,0.014384894790752431,0.005539438679517533
neuron_1379_count,0.0042457404147433556,0.0008482540632834112,0.008088987406073514,0.013986784598116052,0.025632195834785494,0.01643757178039934,0.013755690671515775,0.00888504502428096,0.01592231698523703,0.01816636744932367
neuron_1380_count,0.039881697579593894,0.036534642917386256,0.0021683578608300766,0.03042009993709821,0.10448754332271509,0.00978785545674385,0.023115766236469826,0.0010075162397330875,0.02902199222403612,0.00035828699509452347
neuron_1381_count,0.01962650393815496,0.006424689196896205,0.0029942007052350533,0.02903082302843646,0.0580142468587244,0.01666085556193768,0.0148502321321443,0.009253601388055407,0.020267860867648424,0.0002910299301335582
neuron_1382_count,0.0045260786118403815,0.022247587373844697,0.004150528460709475,0.017165541398087736,0.00964725967577867,0.0011509205719318176,0.024013717281133908,0.002729530806350672,0.02086152485633985,0.020512649958329604
neuron_1383_count,0.009954788792674578,0.023368137545258252,0.0018658690281434936,0.025982624111366842,0.04584287122166572,0.015999988156433914,0.021394209974440928,0.0023526138361161172,0.027195386255786186,0.0022606643556169793
neuron_1384_count,0.009277165819220307,0.06197600410030049,0.0036531914827859363,0.014775332719286688,0.008794345179463092,0.011803169752139478,0.020162646623049632,0.0011426852611585402,0.03408711932261391,0.006720413947352455
neuron_1385_count,0.02386726638192073,0.04986494496817259,0.003638547758983389,0.03420015843967056,0.051509607490003745,0.020908613390886677,0.03367864909793736,0.002002951627723411,0.04190475854971212,0.006966405600896251
neuron_1386_count,0.005351417657878617,0.029376451823998548,0.0011675675891099357,0.033416162104958846,0.06518715076108907,0.020416212844393322,0.024095507385884854,0.0024394103316462204,0.03744086213280304,0.005912347204393778
neuron_1387_count,0.0057183515115363185,0.01124409243015042,0.0012883427251071267,0.04378028121276517,0.10199096655883319,0.0070479029587424274,0.038688700665521464,0.0018129211111408607,0.039326485902068914,0.002774618210790578
neuron_1388_count,0.007021867232407351,0.007807997586083207,0.0011881872373889907,0.04203395454755762,0.06085601727150425,0.01863033570943512,0.05440045442200278,0.004904706327549718,0.040762884116772896,0.001079520740225614
neuron_1389_count,0.04190282509550519,0.03389469270342409,0.0036222468672261338,0.030072623649291835,0.07226932711799666,0.008229163097554976,0.06393333327356387,0.001424491519536615,0.03753486166275702,0.0008101019458640057
neuron_1390_count,0.003754933941855561,0.050526952312714424,2.6769898610425004e-05,0.024682578561740567,0.027807107541322984,0.005983079061164173,0.04345420552376121,0.012074859077355102,0.02148296331587571,0.002805742132800812
neuron_1391_count,0.05594259075285071,0.022618563960160404,0.005890193153993639,0.02111010136934252,0.048786400671552266,0.008943097353806578,0.08492015168981462,0.003772323174902434,0.028577031051134516,0.0027131585848629916
neuron_1392_count,0.04468269972105382,0.030278948250109433,0.004805940266788475,0.025530057748843746,0.06142336602534468,0.01500560083484763,0.08719144750831109,0.0023761039629790585,0.04303482857749555,0.0020491755981693824
neuron_1393_count,0.009443702533526319,0.032133136803449036,0.0083463256706124,0.03684913858966382,0.04143931544925902,0.0007804288994848509,0.05409299852598404,0.0022376072275681995,0.02198197790792697,0.0003791080366771678
neuron_1394_count,0.03276466712638221,0.005269642068652901,0.006823151326121768,0.015993870751500175,0.014612759804362274,0.000130597063077725,0.0854602969295093,0.0011181831165378454,0.015439250402722635,0.001288232316178025
neuron_1395_count,0.034342976339904685,0.019882547055181082,0.012768484482500106,0.009782196451781341,0.009251760024399064,0.0009780841529021742,0.08038469195912787,0.0010574750810236908,0.018372686610474184,0.00032276270337631453
neuron_1396_count,0.02276284895184391,0.018361023579143487,0.005481547861494039,0.021732063155017384,0.014690234146084058,0.0010582010810007841,0.16159378042883843,0.0033508673662163563,0.03907384873953826,0.002138414633970869
neuron_1397_count,0.02682308310334572,0.0006844454712428799,0.0037174248118131137,0.00544312133863405,0.017405315952118677,0.0019143168616161839,0.022430558596357394,0.0071724545176519924,0.002242197573131861,0.0031190825647465868
neuron_1398_count,0.02525603824646873,0.007621158100959972,0.00852923434269149,0.02198554607843292,0.03267049813990981,0.006803153085347957,0.15414772824916803,0.0028397070881167157,0.03184155029777093,0.002808011616909214
neuron_1399_count,0.049094257016069315,0.009246406929477854,0.003648302906193633,0.0012279917219374043,0.01662866145186071,0.024574159677365245,0.046664919585712575,0.002510174004970467,0.0013623229420222111,0.0005106524066791854
neuron_1400_count,0.18155270701549509,0.030932066580186587,0.0030084998061039384,0.0009468094843935529,0.0057497645250844664,0.00015434251465003615,0.12196317356251817,0.0022973914783479526,0.013920479865681179,0.0021883688203744728
neuron_1401_count,0.03792878821791404,0.04664490745138533,0.0001212235881457276,0.005496405361257931,0.02993180870720495,0.0037440855077375407,0.011196950050634744,0.01955324756950569,0.0033422321494836413,0.0011181547305526215
neuron_1402_count,0.010518467441031257,0.052412094899590284,0.0005182565598938794,0.001545721038953115,0.0037756102384704643,0.01823209797947469,0.05959600962833786,0.004408351551049492,0.0003685226359415924,0.002029652034282056
neuron_1403_count,0.012144162976009879,0.12131505813395657,0.0003864491080852843,0.0014309622815443564,0.025133199800616374,0.02242793298839068,0.001395089465306528,0.010029276459312085,0.0255169161341302,0.002551979176515574
neuron_1404_count,0.09486006420830131,0.05564465539585739,0.0013545581402924483,0.0047133253037854855,0.03570634968986021,0.01691597205229045,0.20056558502142727,0.0238021525279274,0.07040364688319221,0.003935027151899431
neuron_1405_count,0.15520741431095914,0.05404348877735983,0.0007495238032587839,0.007535542775349693,0.034773187108041725,0.013972583625924823,0.1385921085094608,0.0049130869748777155,0.02640289377695121,0.006369319750120343
neuron_1406_count,0.16825385866497103,0.06468676590722788,0.005111493662843278,0.008926477940617236,0.020121075858111688,0.014920442182968806,0.11758436991931678,0.008358498210471863,0.016697751476851437,0.0035637660043093622
neuron_1407_count,0.014856968874144658,0.08563319579506043,0.000503681332440142,0.004898099751678868,0.0012701001355622556,3.3530173205179243e-06,0.04903509452864287,0.007770211009040573,0.0009977425104788584,0.00833957393729693
neuron_1408_count,0.0053296054787795415,0.11148868278910089,0.001389032946268954,0.0004414165841893948,3.619198284870095e-05,0.011270345089324958,0.03992533513357359,0.08815114162737922,0.0289564326569853,0.012296644290385052
neuron_1409_count,0.012320058955510652,0.7711962681545314,0.011792349107383145,0.018455649138306204,0.03390541518258139,0.03866151438166228,0.04942761592469272,0.02147258211437386,0.06740550588245853,0.05672575385199585
neuron_1410_count,0.039620480119973905,1.0177233830270707,0.005017624022257819,0.01859805815103817,0.0671417483240386,0.02499239975413621,0.018335354376441862,0.006811396703732424,0.047391176878768676,0.05919781884573838
neuron_1411_count,0.04345315255288991,0.10933650622099012,0.018668914892123183,0.01657397019005985,0.00033165678375790975,0.009839139542282438,0.020997268712933448,0.031944387170902214,0.030988924129354153,0.03191827349752956
neuron_1412_count,0.04548850379555208,0.8984859483438501,0.020619726109703876,0.03749978046619566,0.06796355516591317,0.03191651822388208,0.02618666875131921,0.025998549141704637,0.06075632663072767,0.0524902411979921
neuron_1413_count,0.007779675918282589,0.8299500095229828,0.011279525994663184,0.018160875769876225,0.04791561910448752,0.01325003842683714,0.01184492594561462,0.001457673428340787,0.03197085108550614,0.046644982979423
neuron_1414_count,0.012063810895281905,0.9959962239796671,0.018216291421914624,0.02930518556430707,0.0745605927277238,0.027318413853246376,0.011832943276674869,0.021461811644390608,0.03629362215787947,0.05366216550720902
neuron_1415_count,0.0024832472830673222,0.8910796028379335,0.039780791122155115,0.05040240403662863,0.04741868772728236,0.02093986626101335,0.017559468272172064,0.012504133812723701,0.04690753660084994,0.04748033567048503
neuron_1416_count,0.22462733000326396,0.10887462867864311,0.07211859876976996,0.02654734802235481,0.017746072421145398,0.0005081261986351476,0.008718773399711145,0.0616890886250773,0.0414518372468487,0.005384321009315874
neuron_1417_count,0.023444092086015,0.5591028547535273,0.0373764579932858,0.0404252109128979,0.03219202881485697,0.022848339184674507,0.03031196045986971,0.002696397711026857,0.041029475143678495,0.046349943354406134
neuron_1418_count,0.043221623630204986,0.3389017894939498,0.055322678941296666,0.037933539304653804,0.008216675730236538,0.011370219806907528,0.03845844089423321,0.013474816249360339,0.04158199473465063,0.026703679191398155
neuron_1419_count,0.14451630215702838,0.07651317168972388,0.03451123927131612,0.031600474999305586,0.0024941157467518933,0.0062606000576170065,0.013356198288275403,0.01727044160759761,0.049732140787675336,0.01734169213415529
neuron_1420_count,0.15404948227673318,0.02433249794309015,0.03320019449808768,0.005902586401428246,0.0025392994386689086,5.67149121971644e-05,0.006569945351621274,0.01634259964312087,0.03118294452718043,0.008750220119886853
neuron_1421_count,0.10360523562537571,0.07536781168124265,0.03999194025922963,0.012664516388417466,0.0026171121704157453,0.0020882111242334703,0.01631424435134495,0.009289750218773665,0.025592789844691946,0.01986112948843617
neuron_1422_count,0.18292950324709764,0.034457251891044316,0.02693003195129906,0.0058566523629380515,0.0011928033559061406,0.0008795987799902535,0.005609024370923504,0.006882861784073442,0.018073077974155707,0.00924773634572694
neuron_1423_count,0.16169505076929083,0.11873747620934719,0.023652018913666112,0.001332564884130142,0.003892926247097247,0.00426324207401773,0.011151380998927735,0.0277839417071358,0.03715763414488558,0.001143459431926808
neuron_1424_count,0.0779336394375604,0.007903758644707756,0.010289189571862478,0.0013186903797322118,0.009248410994050257,0.004582741913390198,0.005382164265828215,0.002377080548623775,0.0010269173803715767,0.004571453616427877
neuron_1425_count,0.07725295254650955,0.04028795908239384,0.01290617799223899,0.00928900926997521,0.04484065840373798,0.003794004506928246,0.014516019884648165,0.027711949998549465,0.0006782667379248222,0.004217093478094312
neuron_1426_count,0.09469799813018576,0.02454333701132151,0.00677437631677346,0.0037340513240169335,0.02854936941006196,0.0035734888987016336,0.005174173622507855,0.004342030469792646,0.001328988082537787,0.0047662649966277865
neuron_1427_count,0.09169361954386493,0.03951324483684335,0.027430854170461358,0.006469779174279572,0.025145259300574777,0.013381814280891968,0.008298193350665978,0.017866078657692623,0.003304331563074119,0.00578837109554349
neuron_1428_count,0.07708542299164817,0.08006857599556262,0.013964618014343462,0.007319425257057581,0.0024303569516235315,0.010727039588887363,0.00431849250304131,0.011776756080017804,0.003705845578493485,0.0003149759485422251
neuron_1429_count,0.10381054466040274,0.09780996907841939,0.0076175408201027,0.005731364804218226,0.0038835238851770183,0.008395690465259113,0.0022071369537518554,0.004725813543734045,0.0045213578805944135,0.0019369141120332938
neuron_1430_count,0.08947890653122931,0.051361029920146406,0.021983037792941695,0.0005149374327607995,0.0008859666124760267,0.0158915583037018,0.00041932043377045786,0.004369305000884012,0.001605607098837298,0.0011105569850169104
neuron_1431_count,0.05703455069497779,0.017040838983416975,0.009594091055568903,0.008107229826945998,0.02355911025917136,0.012153037271269249,0.0010966006697446396,0.0033568863150187506,0.0008817392954634275,0.0003606696724473609
neuron_1432_count,0.03157321029624055,0.026413852710352903,0.029806579779107265,0.0030570890716146853,0.004246932146973054,0.02200462481504213,0.0009795017657280962,0.008035440100420455,0.0001347960484550468,0.009834386018552774
neuron_1433_count,0.00919013338661475,0.0277638817841523,0.016742478370272283,0.012923884109393657,0.004356647731414524,0.004799123556170515,0.00806311834911149,0.00988114400555026,7.633939721639164e-05,0.016243189958948134
neuron_1434_count,0.01345600741639047,0.04290022668378234,0.008984600283180516,0.012899556432228933,0.008139879725189002,0.003459531965311506,0.002840086229606069,0.015708037882564467,0.0003894330656734437,0.009618142075372642
neuron_1435_count,0.019735655313750863,0.003996455657637968,0.011854704635394495,0.0006569807658203643,0.00040778436394909266,0.006260384647883456,0.00018789945886941198,0.005348164226557886,0.0004219735704683522,0.004391933999490054
neuron_1436_count,0.006526988420318375,0.03925868867313252,0.01840610400575008,0.008090802538665627,0.0404758711506016,0.005698125176970999,0.006135025786540883,0.013128970956943382,0.005377792442506799,0.005439467344134696
neuron_1437_count,0.0249876492960323,0.022643701270461808,0.002211526360412327,0.004866453569104609,0.005549085946927733,0.0014916028099553457,0.004906825312172373,0.004377920447209924,0.0027305408988119893,0.0044889929312522114
neuron_1438_count,0.0006056369129853224,0.02406014902766139,0.009519419511850924,0.0043814174233269,0.012039904988742849,0.002808605730074732,0.004687602678479501,0.02141939101887408,0.0036337543112596356,0.0065169675561324684
neuron_1439_count,0.014224336228547532,0.004580169829645937,0.005770419947733051,0.006856871850317088,0.014203608161685984,0.004438385947240907,0.014068397828415596,0.004855138074159451,0.004040270248217969,0.0034319672623518427
neuron_1440_count,0.002981628454808972,0.011395865012859732,0.029096525214583654,0.009845352843922309,0.021821660979519972,0.004288223092275972,0.018592136243431638,0.007634710326178511,0.010614225608036897,0.029206521439345975
neuron_1441_count,0.006856332865485773,0.0003435584498032388,0.008085328769103776,0.008107485421551403,0.013150550187766494,0.007397684175929967,0.01777804148173616,0.0065060315886002265,0.008468750661503065,0.004472743095747959
neuron_1442_count,0.0022532567120673707,0.013016817947928187,0.006900595012375527,0.006321748247336463,0.010798377853616583,0.003331620572064764,0.002205553658377409,0.013899142514473065,0.00781897027086814,0.010050689908971469
neuron_1443_count,0.033870483130089,0.05626865218684579,0.002402036019497976,0.018379023918898618,0.036181509551557495,0.014680603161685526,0.013472612727751312,0.0031313934689004355,0.02435416802579911,0.004740746926879487
neuron_1444_count,0.0036579243140762996,0.0386136857143254,0.017031850273991053,0.009772801908905518,0.015918656096973648,0.02060748667938425,0.0001411583982928134,0.0037926824208481535,0.007435331928294493,0.021440637723576503
neuron_1445_count,0.02941961057289355,0.07132823034213251,0.004385982773853159,0.026688577724219037,0.040028608429377555,0.018215837608275692,0.009592941310945166,0.004890221333829457,0.02146217705061211,0.009878367262929039
neuron_1446_count,0.02475613266715368,0.12892948019780195,0.00042084063307634353,0.02672044199755183,0.03199713223923195,0.012752297358300205,0.022145323063625613,0.0006171406826567145,0.033397308734433584,0.005913703609873859
neuron_1447_count,0.011452488246298465,0.03971257085699348,0.0003106372933929804,0.0326838502396376,0.08834230391215986,0.010674213484479986,0.012155893140133767,0.0014827180439179292,0.029734783975412404,0.00461618831120867
neuron_1448_count,0.0028143604963555904,0.027678569960898125,0.0009424137919431148,0.03230805135255718,0.07017345697130609,0.016189331116582217,0.012449451752944277,0.002109146597837945,0.032139934300158435,0.008300491254977407
neuron_1449_count,0.0029781959866281224,0.017587321764682487,0.0008812502740659627,0.03214336549579287,0.06114125377869459,0.011270454765298574,0.014356311611855271,0.0027381427273405895,0.025076874708663988,0.004825342986186282
neuron_1450_count,0.005242548354364121,0.01854297944177294,0.0017593037965688424,0.03342154291276034,0.06340218914798107,0.013089179605968199,0.020981889005745755,0.00478965725086402,0.037793945331283524,0.0021974005582175125
neuron_1451_count,0.004816538467046227,0.012987041127735799,0.002852057078364209,0.030084083679642104,0.05866105176606856,0.004458252737346027,0.07834735489989678,0.0011890758015149754,0.05876549539714368,0.002227592194228776
neuron_1452_count,0.019776542285211106,0.013183530303469582,0.003687209134802984,0.017639116213740008,0.043191553384442846,0.0025550083896138977,0.05719436604330739,0.014370971074915154,0.05227922945591672,0.003689975801392218
neuron_1453_count,0.024116286839980836,0.03445652515318154,0.0032230966759771162,0.02460555577077289,0.052040279506412684,0.0051523033423656744,0.05346840946469808,0.0021151714867653874,0.05002423428665917,0.0007243688726085691
neuron_1454_count,0.0025999053481360213,0.014969915344149855,0.0009396833053393651,0.029304806092212518,0.011881523607225969,0.0011192797389435148,0.08868358046185044,0.006630403259992965,0.02935160754236013,0.0030764609982034136
neuron_1455_count,0.05334203711140775,0.017911500296112312,0.0032904440104536553,0.018709964034287804,0.08537565286148677,0.011260191962518692,0.03151350563817713,0.004835993461700695,0.029100962076597223,0.004883770286538622
neuron_1456_count,0.033362999121563736,0.007994259718056916,0.0038853236704662966,0.02846860436072908,0.05740472371015645,0.009029000764971887,0.08463761342160925,0.0025948870581083486,0.025274340808980278,0.0027485549574210733
neuron_1457_count,0.010081110447724279,0.004861830170446502,0.008584557851631688,0.03042092766507315,0.02181509917755367,0.0001743252917875606,0.06398959832731792,0.00021884535266064077,0.017644543765659257,0.006142555556452697
neuron_1458_count,0.017909986974960074,0.02667246060653692,0.00013200194689667964,0.002377966764512642,0.04157323507623381,0.0016263029431531299,0.0001068032264647475,0.0071642620068008075,0.0009125876668861933,0.003266807147683867
neuron_1459_count,0.019129071938930126,0.014743511303634271,0.013231860653253852,0.018472202428922987,0.013784656345847524,0.0002955703845704625,0.07326742709285047,0.0005242618329799314,0.015317990453392272,0.0020350074895126996
neuron_1460_count,0.060395628421949815,0.005177678456875612,0.004188457879452594,0.016827049686346907,0.01386687813259789,0.003976694935985035,0.14876716443983262,0.0040230074129485,0.015628432757612415,0.008327675663922895
neuron_1461_count,0.016952487591696833,0.005989012812939315,0.007030961806105102,0.021916840969989637,0.023514754633918625,0.001008074981890393,0.13343794740371376,0.003884923061484899,0.03543567168349271,0.0032835623310199097
neuron_1462_count,0.14223801766336353,0.019076234159279726,0.006704392674177412,0.003882676572924175,0.011423187709348886,0.027100759852798195,0.09016475020414783,0.015669420315083504,0.02302148429129021,0.025920053529215767
neuron_1463_count,0.00594181790852067,0.008208247139074327,0.0026790567552718338,0.006348336798425641,0.009824259741531859,0.0015451091490038468,0.06433703865424513,0.002855223024544093,0.014210116333085852,0.0012610194996716256
neuron_1464_count,0.004657720510650339,0.007999571966459514,0.01246571522145816,0.019527541357873324,0.04595031892435561,0.0003015399796906116,0.09829888486502508,0.005146600335623832,0.016289258545970325,0.0011133781918902276
neuron_1465_count,0.03940441371837605,0.0028351816446510122,0.0016636007903332133,0.0030837680662299943,0.005660106870724914,0.0003626821841530084,0.17828526827798488,0.0031611155762103146,0.018408018925094402,0.0008083068792648935
neuron_1466_count,0.12923050308248435,0.03814767187265812,0.002083257629699655,0.0008763410640455225,0.004457175434419064,0.005947737729880581,0.24242526801799041,0.00958933423240592,0.03447864214233935,0.002359452473858218
neuron_1467_count,0.11698342885332155,0.014507154028130728,0.0004174698594653506,0.0027516219593995,0.01991420892935923,0.0019624261029653894,0.055914293790985836,0.003419091327275362,0.0018294821137175184,0.002277813495431491
neuron_1468_count,0.1735990721525974,0.06363654953339808,0.0007905002855256409,0.00014929162085420286,0.003934505436468573,0.0019898518169544615,0.18029294672646418,0.0050483511065330874,0.018947429104448868,0.0014810792637530538
neuron_1469_count,0.11046926135740398,0.019269381922229715,0.0038378403974455317,0.014541605497740896,0.01770125688278595,0.008494211455110538,0.10303414911638877,0.013513766744443278,0.014603620425351845,0.003672410568025735
neuron_1470_count,0.18269193051452365,0.07753517053250472,0.006748506965908011,0.014225011716677546,0.02380089004184925,0.012652920036398715,0.04886226801996124,0.004025965557798321,0.005735599138718378,0.006009549200054998
neuron_1471_count,0.10887320868704708,0.005967128703810422,0.0011103700290335788,0.0028250437668145244,0.003042863080624139,0.017742496582660264,0.11490936101439696,0.010120473934164168,0.015142875326047703,0.00309702556751262
neuron_1472_count,0.01705809481754425,0.10821130581236596,0.004374786054113403,0.005775492718543038,0.0005236243279708348,0.012679356896393212,0.03529022042592231,0.08705112986178962,0.04996354040600088,0.016440074659635547
neuron_1473_count,0.049562813581168846,0.9857479228382677,0.015089508007108038,0.0282154352039799,0.06568954056917709,0.025724548004421137,0.02395294470583021,0.010512676126333984,0.05738397847962412,0.04335390422621822
neuron_1474_count,0.0004333850574770731,0.6180753181545995,0.016772723942903564,0.032187926872859915,0.027941213720483332,0.02872455546795198,0.026630890833249994,0.012486138184014957,0.044737036576289024,0.059743035989426665
neuron_1475_count,0.022339941413535472,0.9820764102681095,0.015171942845256511,0.024930920078732405,0.05653362203277132,0.022346848711451955,0.017554251948174115,0.008521332446211075,0.04001289871155346,0.04407140627425027
neuron_1476_count,0.053697493998009216,0.8365229710758566,0.02293589458468904,0.035276654804677746,0.07130989962878614,0.02950416903599501,0.026728663610904625,0.03474902141242355,0.04882432524434225,0.054661410260086425
neuron_1477_count,0.07879246480291575,1.0668147042754912,0.01765677242578375,0.031246254187785698,0.07934293890027835,0.03147301387070479,0.021371149253906353,0.02599309232967966,0.05397592146230136,0.04477338881185523
neuron_1478_count,0.04276385868662526,0.32074576798339677,0.046400844553896314,0.031707563443109585,0.02001073023862701,0.008969806269147639,0.017820278107762204,0.001989647202861278,0.03512624177094459,0.033052118783257804
neuron_1479_count,0.0012648707480993927,0.8657280889438432,0.02495261449470665,0.031467118683983525,0.05675918755392084,0.022377146174269544,0.020838238109211968,0.006579859281644489,0.03854093935306416,0.0532844950911069
neuron_1480_count,0.011845158429151341,1.0048928601109395,0.027040258388986077,0.03589440361729789,0.07210254408087916,0.030926684915280687,0.022503976729510967,0.023891201308545572,0.05236609995458844,0.04876366912866824
neuron_1481_count,0.09206343901774766,0.08079288673670154,0.012582670911032018,0.013658461309354414,0.0010034939018136943,0.001722658993138615,0.014999904114818496,0.0008304605850297658,0.034119135399180225,0.012190864830122397
neuron_1482_count,0.1422001177365484,0.10715586351290926,0.06703274203359005,0.04215310305603186,0.0031505993749638486,0.003070078022758528,0.022469195280733198,0.013518847479472837,0.05213658229072836,0.011041843031365337
neuron_1483_count,0.17956347346313062,0.04760768037928363,0.09926333033695897,0.02302211508117029,0.0331357455370339,0.009580758712087092,0.0014038069839865074,0.0039774192370724895,0.042082697181065165,0.0097213825170589
neuron_1484_count,0.20656573004903,0.027053635974264106,0.09650259494188548,0.02646084817719721,0.01822397469434986,0.003362696372980846,0.0035009589800632963,0.012042909091881555,0.03325247874309914,0.004888412787346186
neuron_1485_count,0.19658719517698697,0.10310405434415501,0.021819136245682547,0.00332743389067576,0.009738834263688396,0.00591882687502529,0.00379820965886489,0.004552286289545293,0.0381847338720475,0.003367976418347452
neuron_1486_count,0.09892774444804339,0.04104372267070873,0.003834183680776114,0.0010192073349388365,0.0018409113179370488,0.0002882933405474238,0.010153919835953037,0.005186994038250138,0.01704365030519382,0.001850129555433143
neuron_1487_count,0.13180954049642665,0.08215199261280158,0.010785992217563795,0.002612046936228459,0.0030438251925185263,0.0033902877993605175,0.004615385372740776,0.004936734375046312,0.021189941240430485,0.0005971552482992217
neuron_1488_count,0.16744126963941652,0.05113286219525762,0.02266346348693938,0.00013603337053139184,0.004330083328554793,0.008626491850744128,0.0004821297303028351,0.00041926083082204253,0.006462315227843171,0.004451089327086405
neuron_1489_count,0.16333442773797502,0.08455742459497075,0.016905700554048476,0.002376611579188788,0.001742180308505854,0.005178165443610716,0.003518775770292845,0.005262292442958425,0.011852598832769033,0.0007086743159478888
neuron_1490_count,0.11206301376892175,0.03837795142298707,0.02216622730028925,0.0011882369762161206,0.006847805093305646,0.007256795946539531,0.0028602199006893467,0.0027325421355220043,0.005112618562521064,0.0012407278482805748
neuron_1491_count,0.15570583873970634,0.06449964640823491,0.012586141500301032,7.17210290653511e-05,0.0042724851071670525,0.00532811220906889,0.0034674311164238636,0.003978628404853864,0.007126134321321337,0.0010309245464546202
neuron_1492_count,0.07290749062853763,0.01954690506368674,0.004514986823870731,0.00030727228876636405,0.0026212235168373704,0.0032280838371591333,0.0008596739892447365,0.0008097172370146455,0.0037748586329069793,0.000575191570177898
neuron_1493_count,0.08589298042837054,0.029403644052109393,0.0188926916771585,0.0011461086744938703,0.0013185840367626288,0.011027685371673895,0.0007063517513803148,0.00019381266410017743,0.0010477142751750042,8.220032586818979e-05
neuron_1494_count,0.11943882067044267,0.07240201093293677,0.010433361392911261,0.0002911718563033093,0.0027026473797514897,0.014282953644125268,0.00019669530552993662,0.001279573306463562,0.0017349114814783247,0.0007804134656515145
neuron_1495_count,0.07787359680614506,0.01692865122253287,0.03065381268759075,0.0009010238820308242,0.009763504624680272,0.019041733145692366,0.0004448535753282124,0.005216796772687868,7.415947174361105e-05,0.005655130852449116
neuron_1496_count,0.045856714310680724,0.01289115382995304,0.02501020308434418,0.0031392535077245168,0.0035063810424413658,0.013356036876583238,0.0002451551725541033,0.004781486249610355,0.000503371291775816,0.0028532795679166133
neuron_1497_count,0.010093953785639587,0.030790776750699467,0.01776210636328109,0.001142776455047935,0.0008207039536960994,0.0038744231271235444,0.0009057235248866521,0.008197030978569692,0.0005223127548015238,0.02234266750522347
neuron_1498_count,0.013309970244653753,0.01874329810752204,0.006325520092360211,0.01864403259945102,0.029412985106100603,0.0039984861554350215,0.0014736226864014712,0.013684710745284268,0.0028694437983644502,0.009175328944057908
neuron_1499_count,0.009156706086949079,0.038975940070422765,0.008008128153634077,0.007875626642255107,0.0038170054082174373,0.002576852512207937,0.0009092435773801703,0.010575606110298882,0.000552148021024497,0.017469178352678198
neuron_1500_count,0.017827239476687157,0.005778046457006726,0.017152400811869938,0.0006413050457570995,0.009236892488745936,0.004333730449721025,0.005447023362686466,0.0035198410612719555,0.0008591962757643354,0.009538948199210619
neuron_1501_count,0.003405314466359907,0.08534331305048296,0.0027893050412380743,0.004929397853665827,0.03283758976660926,0.00037602343926362077,0.016140109551716905,0.009586819709309358,0.005277919542883531,0.004338405944586669
neuron_1502_count,0.05112207636654825,0.03706207931844269,0.009882209817531226,0.004827498967375013,0.019569641175436248,0.011840951151038892,0.0006230236430956864,0.003149513559665869,0.005881465996002977,0.002117706847678014
neuron_1503_count,0.004119568386029716,0.018006055030329274,0.008100265761022699,0.00018639052234522419,0.0009379212031375536,0.00017714454665108265,0.008346312019608788,0.009945984985469683,0.001629887110782326,0.02738729123807064
neuron_1504_count,0.014185065677831898,0.0016222017114017567,0.011398784194150212,0.004109745099894483,0.011595065439235115,0.008800214023708668,0.00742955570206584,0.013503616530264662,0.007125112937185048,0.006870326253277631
neuron_1505_count,0.005373281458101793,0.027116693227477978,0.01090791605495886,0.005818083672472874,0.007508534017135207,0.0021251730801402496,0.00441062375507751,0.019633205312933916,0.007689613731712598,0.011918577261811183
neuron_1506_count,0.008205890070582155,0.0379275508650199,0.0022661479716834278,0.005581770057627902,0.0010232197813468576,0.01123273049636319,0.002320921902115268,0.010268670728886334,0.011090563127130422,0.010180831306106027
neuron_1507_count,0.003998243902595882,0.002002983588313101,0.01200388680262332,0.004196766640685594,0.006412692894106665,0.0060919196690957245,0.003632622147757931,0.009434404123806063,0.015399202100176817,0.02604795002691322
neuron_1508_count,0.004249452832656018,0.004906792751342757,0.003920201823325512,0.01430083620700116,0.01192867711867388,0.0028392623032965497,0.018629385142465954,0.005689122170168101,0.01781376693543957,0.018233486997181338
neuron_1509_count,0.013199814811924976,0.03386799759721004,0.004878002943951423,0.02578923459723652,0.03462890149235498,0.018760408990113928,0.010618619948889477,0.00872684632207485,0.023677858670075394,0.012337358225345929
neuron_1510_count,0.001562341126380526,0.040969391057698284,0.002828362744011541,0.015113510837500607,0.007880173932629575,0.008162176893424439,0.00161504820115662,0.005135979610262936,0.014168910556274283,0.01511210069874279
neuron_1511_count,0.01856192426446468,0.00508183055870174,0.004680745043828337,0.019185211859705065,0.004939982898964523,2.66519922482401e-05,0.0365621380228555,0.00026893603181345725,0.03472066449842223,0.03810552850853352
neuron_1512_count,0.0034720394916385663,0.002465985844775781,0.006192824655465785,0.02028494525704183,0.031007417333328693,0.00436523527146402,0.005191057522510027,0.013222478192199655,0.023086974845104316,0.0211883310791683
neuron_1513_count,0.0036445274979731226,0.013053934187960095,0.00321776544095366,0.025385837414644216,0.06235276565695701,0.013454263972072653,0.0046578319088255785,0.004304737689812405,0.021503376995504475,0.007547194498746704
neuron_1514_count,0.0007817755185847083,0.04791242496818375,0.00040477815668695134,0.026308688308742223,0.041514183660018356,0.012361879330788736,0.009617678114646575,0.0010001036367960625,0.031173907567956086,0.009731339867031771
neuron_1515_count,0.0019210412039096791,0.004078609138021895,0.0028352382666319773,0.02889164402170806,0.042361804333834324,0.008778875523167737,0.07662426014429827,0.0016919281262085077,0.04470104738525546,0.0059145679479956775
neuron_1516_count,0.0019069781295807144,0.043760663266986494,0.00053277537763095,0.020330634557818347,0.012952126805296754,0.0026288679202245147,0.042500313264572,0.0025609759465728896,0.032581512913527066,0.011670666582074093
neuron_1517_count,0.002051264252957846,0.00705411418295359,0.008751747362879994,0.02852762341640304,0.040754794851505544,0.0015620612999679689,0.04608692862648106,0.001641214069931448,0.034626129558055496,0.0016330466271878667
neuron_1518_count,0.027298167219999003,0.030982324671862405,0.0004523037272089886,0.011799193330575289,0.04516545255279017,0.0069648987134612456,0.0672823875522966,0.004830698007574692,0.021220195596179894,0.005610621232349872
neuron_1519_count,0.015393414763528276,0.01491667797452595,0.001121224127378577,0.0323249962563195,0.03896709097831197,0.006640078023146666,0.0755956559604507,0.0004592000366564087,0.029433982183875523,0.0005785878049409804
neuron_1520_count,0.033824934635491966,0.018652479022714552,0.0024333440333528314,0.029522403302754213,0.06130620878574011,0.007171623261247928,0.05791481635058804,0.0007462551648982499,0.025821457034212097,0.0004090754744057769
neuron_1521_count,0.05069589860929222,0.01544786572104892,0.006780686197605329,0.019738377008804653,0.02442772287929698,0.0005359318226773879,0.08066994527933577,0.0005126709434983001,0.02426537021677619,0.004943963312754172
neuron_1522_count,0.02317926598217361,0.024557849087232006,0.0049311277041860085,0.025934494206052497,0.037024441589844956,0.004107929529029372,0.0632485773082512,0.002291741051696129,0.021716248636508742,0.0025310649310461217
neuron_1523_count,0.03229985049195207,0.029989211189161508,0.00021097513224239538,0.004526426927411077,0.015132782072882114,0.0033083601139671584,0.003201649769713922,0.013516912335588771,0.008930753846093941,0.0076060223905213865
neuron_1524_count,0.0291121560392176,0.02409572759513129,0.0017513265504290956,0.007587121257258467,0.014342084878024255,0.0037865877003360054,0.1613080291993017,0.002570207363205488,0.021043155350541243,0.0016441980278308552
neuron_1525_count,0.008712413198837282,0.05727374369379268,0.0084652537792409,0.006542670999061868,0.004360132747073926,0.018704586623396163,0.12146583857409762,0.025819526772502058,0.02314738703600354,0.004415164283915824
neuron_1526_count,0.053226093824663534,0.011922896966401038,0.0029984833294340197,0.014800796297780035,0.010449541442858347,0.0014098350382249977,0.16600460666935796,0.0024470846227147604,0.03576553178491168,0.0034172559234730525
neuron_1527_count,0.029286517126519085,8.849112795239044e-05,0.003493638192130038,0.0037940590019586544,0.0025855604009908245,0.017493547657858717,0.09079270717925643,0.0039013112036204133,0.010189217380031132,0.0009690893437714395
neuron_1528_count,0.023165529944975838,0.0009660636344101491,0.004434637009147202,0.00435887896472559,0.002240624140060158,0.006681385057292155,0.06194309547893996,0.0021771212146057747,0.006024549861943118,0.0023997261695491365
neuron_1529_count,0.04052099217969249,0.0037033587192671358,0.002734635311372871,0.00027942694561579594,0.006117418530982327,0.02345859860031281,0.03736392701311102,0.0018437745048254846,0.004702264695692036,0.0005821703751995059
neuron_1530_count,0.11583563461442717,0.06535127067297264,0.0059612746749891435,0.003404671684457704,0.0066662265178004665,0.0037825069318228113,0.26585468975596527,0.004635357657770369,0.04991397911531886,0.005761724433837136
neuron_1531_count,0.01875542302003924,0.057868925867020166,0.000925744360762296,0.00837136127759987,0.021022130764289375,0.018564046131539017,0.0028155102558287508,0.010173553205114812,0.007078271716941878,0.0030171136086772077
neuron_1532_count,0.15935799414846352,4.168965698128418e-05,0.0003793891193518721,0.0019747193382996416,0.00252561547710687,0.008730237870177113,0.07510663569521185,0.0004483981002118857,0.002297059462709375,0.0026123630609478296
neuron_1533_count,0.07803959465030416,0.030107632553643272,0.0034514995573907813,0.005558011409166917,0.011778885095456819,0.006026161868305556,0.1454730885330785,0.010281069403703269,0.02037483162982582,0.0012123719409813053
neuron_1534_count,0.1186178258192877,0.028440222244418903,0.0032602311887452197,0.008807688194877886,0.007665340943060213,0.0038427816921303495,0.1434241468208078,0.0017447738401582535,0.02727486038030777,0.00022651746022243555
neuron_1535_count,0.17646077026703344,0.10807785163811937,0.009137317705371701,0.005413370183209247,0.009959347355564564,0.04044259511971235,0.013312930465951972,0.009036345721909686,0.0005331726757764783,0.0028190580379322955
neuron_1536_count,0.002698705536399351,0.33813992811610505,0.0088235030384907,0.00823796984728789,0.0030179652277464407,0.021576718953390694,0.04504052852866031,0.05854283394289729,0.06311376000630159,0.017282490054403347
neuron_1537_count,0.014011284546487902,0.19692432316620298,0.005051268734538171,0.004249742853696151,0.0016804220296833816,0.013410750003625696,0.0308679053733304,0.09216296004369356,0.023916625130194973,0.015183837613785806
neuron_1538_count,0.001396997764168604,0.6299991201336941,0.014706824729724663,0.01931855080139172,0.0280177155980606,0.03319104309189712,0.04516668590790615,0.02312258201896661,0.058642407835204344,0.059905832299224304
neuron_1539_count,0.013040907592004367,0.8366953769227226,0.019753946042525505,0.022040603044595486,0.0562130160841892,0.021305626127655283,0.022129920336386416,0.0030633385270780597,0.02619379856834146,0.04104068599717245
neuron_1540_count,0.07210474860510342,1.1372355087705865,0.016504893303742482,0.025727093163204533,0.09185383288231559,0.03246795003334359,0.021850694621351918,0.02161716818512372,0.04926889623132198,0.05036390020261433
neuron_1541_count,0.06457735090456929,0.2762143624405549,0.05298491570513808,0.03341931080588548,0.011288770800272761,0.013512183129929599,0.028327524676879323,0.022328121336267923,0.04037996904600583,0.02606920413734542
neuron_1542_count,0.010428140597177372,1.0334957960293374,0.02558705304612626,0.03744073745603832,0.07644789374530646,0.032479931178308184,0.02125328573619581,0.020786308755556857,0.06745860417619837,0.053239514364713844
neuron_1543_count,0.04700949345484151,0.30098600901367734,0.032469796094029564,0.030291495356527642,0.008512159818416867,0.017356668367142877,0.020734066202367056,0.0019067761831567703,0.04418304754926657,0.03189691366373687
neuron_1544_count,0.04423801780154912,0.4463296284923555,0.027477970120247483,0.03168133696972383,0.016492464743677104,0.015428681009295245,0.02669836305732194,0.003075518986939956,0.05592671219027946,0.04407721381258091
neuron_1545_count,0.06662588729383001,0.28523603939966674,0.024024753298661647,0.019940073258462192,0.024011977789252896,0.014751552298251931,0.02167793199729525,0.004426939170570092,0.029335715649892354,0.04165645374054067
neuron_1546_count,0.1324391333348543,0.05242079554760395,0.04790779875949172,0.018570032707033203,0.0038161633538885964,0.0006911937658234096,0.010172343627163107,0.03683125342204599,0.03348019134602455,0.0018690645507507056
neuron_1547_count,0.15615825371555198,0.0243810911537062,0.043656333996447055,0.025511426087781564,0.005859847622080375,0.00016951440115325553,0.009522960975408862,0.010293650977172178,0.02835214950496502,0.007465424460931465
neuron_1548_count,0.09158612236797328,0.07039874956105768,0.024670233024972843,0.005227031024999683,0.0037101761208217787,0.0008690997219057348,0.021584766882970133,0.019703989673480443,0.03507620169914705,0.02082363519669163
neuron_1549_count,0.18003936594722236,0.01354892876195701,0.0711382839350331,0.021566381412739186,0.010142250619257005,0.0034867359468565423,0.005170852310654957,0.011822254077150887,0.03692660271638777,0.009621710313113062
neuron_1550_count,0.07373535132895223,0.24351555786172174,0.04486609042197914,0.02503744875679398,0.009171567878247036,0.002797058900366446,0.01809040859997764,0.0022130576511472256,0.03047038166125067,0.02629423523868038
neuron_1551_count,0.11073648711096806,0.08456620033182072,0.01567357499875157,0.00040257201030522403,0.008415073810871098,0.005840465455796015,0.0014860076076704722,0.004630074976361427,0.013989491793879004,0.0011270853537419193
neuron_1552_count,0.06120498717987624,0.01629298682910464,0.018086944862985607,0.0007196399907533082,0.018522317105699806,0.0011286389151273536,0.007999132761713573,0.008670197484151987,0.00573425964924118,0.009578222596318381
neuron_1553_count,0.0952488518939805,0.060804463052793856,0.026016236035549048,0.00035271756544000494,0.0004938170862225245,0.004338016184403923,0.0014166178388500365,0.0053818588197833694,0.0055599444945753675,0.0006310031600711349
neuron_1554_count,0.05913940178293722,0.028410470567917526,0.016683993678060657,0.001943695106041015,0.0066805507395900285,0.004864120069939609,0.007265243780071526,0.006475354756467933,0.0009901793709476258,0.0006750847084815853
neuron_1555_count,0.08084560272157235,0.03895932737546788,0.018842962606876026,0.004907884711514682,0.0012827765788773829,0.006924252362177738,0.0008767113312163032,1.3742336679943329e-05,0.004324515211099174,0.0010085435480175313
neuron_1556_count,0.05622567447757351,0.031146531364110733,0.026644385178958008,0.0007008738285170443,1.2059962360406887e-05,0.008303589357856495,0.00033263129437653173,0.0008464039034415567,0.002200317812352831,0.0031513972046990496
neuron_1557_count,0.08437401024054553,0.04517092028530935,0.0334530822367259,0.0007690339097697063,0.00298262658190708,0.016337497625497896,0.0005027103158309343,0.0014517606101223032,0.0030089507945245987,0.004069963909998121
neuron_1558_count,0.11679596174622367,0.095708603879498,0.03696533301493084,0.0004608145118579973,0.0019342845290876987,0.017370687156373438,0.0008407176569554253,0.003014972647518134,0.0025376247963552964,0.0075261633351232995
neuron_1559_count,0.04935027349892049,0.025613175037475712,0.006451483127050642,0.010001681285295452,0.02354598730869375,0.00606812385501964,0.0033593980249880945,0.002304495907592968,0.00012710768339148771,0.0032829418143949744
neuron_1560_count,0.0140205511287462,0.035332074810737975,0.000857370978549616,0.003135919878704786,0.001383828916166483,0.002764780141359894,7.67348388769312e-05,0.004040385879831406,0.0005746768330218755,0.004765883012312745
neuron_1561_count,0.01530466637752333,0.02651271368287493,0.0037558979128491203,0.010584855273761875,0.00831611031492336,0.004288296805224005,0.005834616911165092,0.01100349400928282,0.0005439265013514856,0.0038127829479859456
neuron_1562_count,0.017599562987744517,0.03376875045796297,0.0010127318219890892,0.002329614311052781,0.00038758326188191626,0.0011274054238486315,0.00010120049566108506,0.002573648251735101,5.3543238098397496e-05,0.008905415233601744
neuron_1563_count,0.008249331265500265,0.022777406630709672,0.007724693589310662,0.0015140846459678363,0.003964756812994658,0.003619159128781627,0.0011345930055202342,0.0068146758180292755,0.00011497780101921375,0.01130142988216526
neuron_1564_count,0.00871600837572116,0.002252977502463744,0.014396191388941174,0.006908939173281857,0.01952693836628415,0.009719929713122369,0.004289190282202059,0.01002076957074853,0.002460906819276354,0.006323359971319657
neuron_1565_count,0.012344605169785125,0.006851281648363548,0.006294635286641231,0.0015251851496977222,0.02077303652949202,0.0010920466895393728,0.0007348249807363899,0.006638009509696181,0.0033545672997815426,0.0031783157124501155
neuron_1566_count,0.009513238552251132,0.025908904543353876,0.01644922449313773,0.002666268472248736,0.0008637188077791434,0.0032504322902570226,0.0023001013460096052,0.004242701049626853,0.0006336407706052352,0.020233798025659784
neuron_1567_count,0.016351765764831716,0.010248526268377356,0.02146160488742256,0.00030059526447000776,0.0029485090463345354,0.012753852767834514,0.001989836299887495,0.004399990761336556,0.0032412164706880527,0.015678321328431916
neuron_1568_count,0.009523433874635601,0.008418553391927257,0.015693552649734367,0.010004025406712996,0.01569188277580772,0.0026749026328837335,0.0010562646827977033,0.010768124893998171,0.010264793478974906,0.027808617522038413
neuron_1569_count,0.014259872160774997,0.015414231846630586,0.020067110167504815,0.007430932180780052,0.00939796051851731,0.021512219068649155,0.00889629546105826,0.009572231910353467,0.009678608418552087,0.011906792596444185
neuron_1570_count,0.006133851697509211,0.0021082271736322412,0.01958519162425109,0.016711078178192448,0.028298369176128414,0.0030603682991835503,0.01583526537961081,0.014756750787584143,0.022664895616425082,0.03420230321442258
neuron_1571_count,0.026705067949669925,0.0023422139373470534,0.014133473366142589,0.018983442055495445,0.012982485311693888,0.0008161104814100109,0.014381215249438688,0.0011445352111474627,0.02850965023808867,0.04744236174798154
neuron_1572_count,0.011700717914996016,0.00248038239174651,0.007669886822005936,0.00968814178999132,0.023558450041131038,0.0014406148066149933,0.005272626956208396,0.013397961523106072,0.016716222900004976,0.02210729204116746
neuron_1573_count,0.002526240189433684,0.012129266467257795,0.008763507402002477,0.001620511663882285,0.004081753991296188,0.0032982810362700878,0.001774805672897381,0.0015229503516413674,0.010110362440349532,0.01821595677432499
neuron_1574_count,0.003948684589340563,0.036863473717886425,0.006925972650930645,0.01587550260326258,0.020260272230915755,0.011992993639155333,0.016909880026267407,0.0002476610464030825,0.023216711206707832,0.015612042562307527
neuron_1575_count,0.00022267707652053308,0.04014419107020849,0.0008932686953520147,0.023922385164894172,0.0299370912319996,0.00891498812136124,0.012483152255989782,4.202166844548196e-05,0.022428126184740355,0.011587163598803796
neuron_1576_count,0.04003050049775986,0.0060712592282409494,0.010285493523367814,0.0198586996942266,0.006297199361349509,0.00016556576462182192,0.0020500102089319096,0.0021291673988640854,0.015821469353307027,0.05608144873682391
neuron_1577_count,0.0024758833703955804,0.025401467974836472,0.008999973161404301,0.015000621629625288,0.019604829894846562,0.009063919581637297,0.010399029901458093,0.00172939471375428,0.018195402788433776,0.028970040456306523
neuron_1578_count,0.01170304953067662,0.09101092559911558,0.003337242404874971,0.013914991602373639,0.004117783128135835,0.009566101895078699,0.025774004014050514,0.003125082209230662,0.01929976030488402,0.00695533718888864
neuron_1579_count,0.012170892546683632,0.01495794360841142,0.00041958806607842423,0.024537277868472138,0.013031730697487615,0.0047152793679384325,0.010522303058474666,0.0009144991058077576,0.020617462174948656,0.014581647974276371
neuron_1580_count,0.004880211630009311,0.039060382880382466,8.880350671418031e-05,0.028892796717175304,0.019813046651535354,0.006104936902382382,0.05527540801141656,0.0001377525069216146,0.04208987311236512,0.004578787915052021
neuron_1581_count,0.0009522412195689511,0.031872326510979904,0.002235338069571966,0.033525027795346635,0.014529712376594534,0.0005342671643788315,0.07453857756293605,0.0045206347521685175,0.030918439660300973,0.0031288913110715418
neuron_1582_count,0.014366687062860234,0.0198631099226739,0.0031272595715457555,0.028969005429327677,0.05676026175934748,0.0038754081118421504,0.04551232606977154,0.0003102837505161394,0.022907871554590134,0.0005953941601390591
neuron_1583_count,0.04284520298595271,0.029357860092090057,0.022453727730290945,0.022664009056406614,0.030260075141470777,0.0009855922105144709,0.06508253108351089,0.00037117665005069467,0.023308889298467805,0.00410065529312046
neuron_1584_count,0.01090924489869212,0.007542817259619014,0.0013180065922675684,0.023003118984095072,0.03390450340852166,0.0020424088837725438,0.049382960933243514,0.001957117613416954,0.01307213480888536,0.00022762202064313068
neuron_1585_count,0.03443168237845953,0.007558696674055496,0.0008043553630978492,0.02526663901499837,0.04706534089657083,0.01841125395867775,0.1300427607549015,0.0026216651985296463,0.04922358766724974,0.0026355030611057463
neuron_1586_count,0.03227115030242811,0.02646370067311664,0.003976399919161565,0.024362156725821246,0.024845860773472922,0.00014020523977696913,0.0728102104686927,0.0013548848555558872,0.020052374812965415,0.0005149361603136501
neuron_1587_count,0.05068146675997509,0.015588052589409998,0.004314351493911413,0.013777081201323621,0.041930752483303746,0.0023063344845993122,0.08560871180659707,0.001005594379152444,0.024166816970136798,0.0017069260252386836
neuron_1588_count,0.10495030470309177,0.01692739717441183,0.003196617267446876,0.004792270619866756,0.006466253384519817,0.0011282478324756116,0.11821254657472596,0.0005017267945904031,0.013983923961402495,0.0009379560164774828
neuron_1589_count,0.03724407184292061,0.008068184793286637,0.004334169307004435,0.017840779066805257,0.015307961908292492,0.0003169839275890289,0.16081979506685665,0.0018649913301574273,0.03342053649308259,0.0013308475372965072
neuron_1590_count,0.04713818968174335,0.04823744256775686,0.010433470091652117,0.01137918436142786,0.0006714329444744548,0.0018055855352010486,0.14275442453103632,0.012260743016692749,0.019742965420605052,0.0009962391661746985
neuron_1591_count,0.011519388463849159,0.051745926179229046,0.0015530014873409714,0.001338121795586345,0.0058982065473272074,0.02349179312383167,0.051926298306967725,0.002129584561579325,0.0040013554245151225,0.002544158137993309
neuron_1592_count,0.1025692057152332,0.0006738105027966719,0.0031830376317544123,0.0023907668813711418,0.01009987600768597,0.006209912762595159,0.05693493104365034,0.0005664105770032627,0.002438267857494413,0.004676962811921703
neuron_1593_count,0.10468456671310153,0.0015481848248636923,0.0018495797831265745,0.0030002322231573522,0.00672017929629274,0.0011766344702883909,0.08965535524770243,0.00921525661653784,0.006346266098519536,0.008196566084442886
neuron_1594_count,0.1674052485719424,0.09136504737640787,0.00555956054885854,0.0007019278399661363,0.009645355723788919,0.0059429749884956674,0.15667049582037762,0.003967689358188495,0.02937257573457258,0.005247080334842839
neuron_1595_count,0.04651122525063371,0.02362503973022516,0.00025609258691325267,0.0032572005880415027,0.0011123676891042402,0.01665454612442214,0.08560194025581747,0.0016551388737956543,0.001235674562921623,0.0014750911244290777
neuron_1596_count,0.06886796698611292,0.0108759180023867,0.0011943825421217857,0.0014739484667926836,0.0062164415267102965,0.021531874961575465,0.14129095774297,0.0029229398217601715,0.018855099507877005,0.0021262349912680566
neuron_1597_count,0.177949234487019,0.006048488840875624,0.0023979966602335444,0.008423714894695775,0.0011578552696819705,0.02303345670938966,0.05542781558821949,0.0012610082315899374,0.0011492364750739364,0.0005753585908913304
neuron_1598_count,0.10691903428517045,0.05189925272982272,0.0019127883013140279,0.008765564841694055,0.01510036156330066,0.01862246984718106,0.2243397104701763,0.014635133574090388,0.05123670146016859,0.001665890523348361
neuron_1599_count,0.09984490700470766,0.03284857689332861,0.00046887332798164214,0.00916700557644752,0.0015757441600043748,0.005749422796757336,0.18159286069680997,0.0046503897767200195,0.039707750312451995,0.00016135058272735486
neuron_1600_count,0.13823142230229224,0.9936912804019633,0.026388880666997044,0.029227899998302907,0.08662178232809595,0.029465538955348605,0.02724877823704406,0.02215808423762019,0.0539504982708028,0.060250340894221315
neuron_1601_count,0.015629327043660657,0.47967381902739314,0.032843029343881364,0.048243668150272166,0.007807471181266616,0.039290433027734155,0.030507466498983157,0.008669028834742323,0.07649183356360695,0.03630506836461426
neuron_1602_count,0.014412804096315582,0.9293869019415147,0.028379681100845773,0.04309893568038444,0.06206465630972495,0.0375164500853455,0.03285973357099767,0.014136253404330834,0.06001654850118693,0.04609798055454287
neuron_1603_count,0.015069997837040813,0.8368634604762745,0.027405191822469872,0.040722140137384386,0.05237256089557237,0.03235754484117378,0.031004320531689895,0.023165156033944694,0.058042588198104345,0.05634182488609502
neuron_1604_count,0.060029513933425496,1.0654284862260321,0.022135212389497658,0.035513051531586834,0.09174726131052716,0.03425807703071168,0.028107627763132775,0.024762781411111365,0.05229960936778581,0.054863627588300566
neuron_1605_count,0.006460741592362686,0.9480207581397759,0.017784997131839578,0.03263997000481052,0.05780580372601721,0.029970508030168,0.020184914955377484,0.004252801497693422,0.04879804155081667,0.04004163406827345
neuron_1606_count,0.01439281912049524,0.5595844509863805,0.030105096298984307,0.02770637832773941,0.035933877195644184,0.022524984560838845,0.03679404000809311,0.00942479365588239,0.046171840622378654,0.05318034551679533
neuron_1607_count,0.0499723461420403,0.3422265786758649,0.05412992046572779,0.04960056998503043,0.011759934782686499,0.010878228878679903,0.03404247848409574,0.023381317227807813,0.03949762915893096,0.021481756023158632
neuron_1608_count,0.07321315317446586,0.3086143387783467,0.05053180627577766,0.045545969718641374,0.00540311290558311,0.019430684728413417,0.022770418086562695,0.0035675006426818725,0.056389109175534566,0.02261201065597942
neuron_1609_count,0.049217291502325816,0.45510056357501,0.02659719463569743,0.020490205270980236,0.019257652932922018,0.007521459239122334,0.018284142891255406,0.008129565806152268,0.038780932632283174,0.04713470247083533
neuron_1610_count,0.021843577824164268,0.47108650914064215,0.021096625010376638,0.015114905698705397,0.023580046397481985,0.01910623208458896,0.03322370235058417,0.004320329657033897,0.039281054096391474,0.05193978877156333
neuron_1611_count,0.12818260440376064,0.027848173188141635,0.04094324561723805,0.011975427133071474,0.0030424094402440264,0.00032537751407398473,0.015131896334769232,0.02442171305502986,0.030440430203554705,0.006251574472907737
neuron_1612_count,0.19653694598924493,0.028474621970036876,0.020251604921311193,0.009086310431893535,0.00515204220125022,0.0021273108009072436,0.0034306316869458786,4.759545813289197e-05,0.023746869275109293,0.007053480734614079
neuron_1613_count,0.20921126633440354,0.0878610619936553,0.03541877956251786,0.02936971761736247,0.035623595647140405,0.008292450038306316,0.007344995147324285,0.0056226916843700875,0.026844736252412196,0.005087606962801635
neuron_1614_count,0.17263544955159899,0.057024343301227076,0.01720761730634121,0.006041760078935282,0.000617562490376815,0.00201136263296196,0.0018868135784045857,0.009860468978929511,0.020368018055396224,0.0016375801243029564
neuron_1615_count,0.09552270316239736,0.01847933320177783,0.0018482336083188236,0.011138203206503827,0.00017253363103528555,0.0005160148382293873,0.0015128708182440588,0.0057017682096116434,0.0115680740617628,0.014752296131754924
neuron_1616_count,0.08415962956558218,0.03919987390867713,0.034085656238729695,0.0002925878047037294,0.0003410787866457241,0.003447670170484342,0.012304918458980046,0.03399601856428139,0.006339173597179726,0.0006633497493062079
neuron_1617_count,0.108444792909792,0.012294554873697315,0.01153310735033708,0.0017111294362958315,0.00012428365583693445,0.007243119917488189,0.0010908848649366816,0.0020356508504044274,0.006631319222997756,0.003972060040832767
neuron_1618_count,0.12811499449041555,0.058112310992359834,0.03212353683565608,0.0019889906456639073,0.0006107038848856411,0.012211764915797257,0.0013061806520763622,0.002730996932246231,0.0029651395373932327,0.00035263862763969603
neuron_1619_count,0.08905908756977901,0.06346375670313183,0.02179924988484795,4.8040027593512606e-05,0.00035398838605631665,0.007967025609972284,0.00029440227671336406,0.0018005240919863781,0.005196812507098299,0.0006796636182617721
neuron_1620_count,0.04237347771138833,0.05354052939201373,0.013802685484404366,0.0004752682937789552,0.003330311834811743,0.011280718326129285,0.002733914236275156,0.004013986076985082,0.0005109432218944696,0.011180684188177394
neuron_1621_count,0.056265491261054956,0.021791001857676434,0.031914181453915516,7.423766725841562e-05,0.0054438913467377975,0.01544466395146625,2.2956424204292436e-05,0.00018626898506960907,0.00029508379453296266,0.0011093605237742742
neuron_1622_count,0.06380823505110511,0.03429537231061233,0.022463949838703867,0.006436465070900947,0.002290940032823572,0.009482915236190319,0.008194219704137355,0.005829531198171992,0.0006323391795221654,0.00495150735808967
neuron_1623_count,0.01489380000818762,0.02043325542464598,0.005423536729151544,0.00025976192234010865,0.003964057739325941,0.0017212331183984152,0.002270399763377867,0.000956226930037332,0.0011772282771131386,0.007767021336494033
neuron_1624_count,0.008231514923477234,0.02394180113882805,0.003332777365949561,0.0002647254225903971,0.0021203993052359327,0.002229623841378755,0.0010904237774225813,0.005834877316430842,0.00019420303039906022,0.012177197321101695
neuron_1625_count,0.007445617325396909,0.02199735032312084,0.010922875099642723,0.001152200734909065,0.002455129734322648,0.0015146555115738668,0.0012046705137624299,0.011895534239340536,0.0024863953184591334,0.005350440114003865
neuron_1626_count,0.00911383331064576,0.003325931547846085,0.022350703296040914,0.0005673379819183914,0.011790597921298468,0.0048643418984682316,0.000418162298699027,0.0014689936414377866,0.0016144078869868433,0.0026388071338532687
neuron_1627_count,0.010062980264622611,0.03355378266571252,0.013581536247170302,0.005219873885313239,0.0012839413965929965,0.002023850836660292,0.0013294748093329641,0.006741510261598825,0.0010682370278297573,0.014835992023448093
neuron_1628_count,0.0037464294849891833,0.04618941103097135,0.013626628595069856,0.000744368899632598,0.007565125255663944,0.0016938321920104624,0.003350885193153883,0.010271408192262872,0.0015639806944715432,0.012222268534003395
neuron_1629_count,0.006292028742535323,0.010482908339030803,0.02811144383143868,0.0013773163545119371,0.0008162033441616902,0.0016419343570519725,0.002239308125265859,0.001989249054435902,0.0004925481963741329,0.033927455817426996
neuron_1630_count,0.005459237889001468,0.0097459082791346,0.02910065817650133,0.0005684902429793689,0.0024910461623954333,0.0016936644016960524,3.020553286505216e-06,0.0043772261545969166,0.0010815825544365255,0.04312235879414285
neuron_1631_count,0.005148978249339067,4.404763244176776e-05,0.005446759814630164,0.0011753366700190376,0.0013304334846650275,0.0018760428491606043,0.004456473466841145,0.003002403539478636,0.003111682392371657,0.014559227954918437
neuron_1632_count,0.0015323146231286874,0.0178092368623759,0.007043640321320276,0.0013157057231279472,0.006412798508391094,7.025530751881197e-05,0.0016859812358788334,0.010442716451407909,0.008120849239501734,0.015793627756666616
neuron_1633_count,0.0035313481705826245,0.002719190246634629,0.030135186530897036,0.004430946643628541,0.005185377634868534,0.0020683978070331448,0.011152480842871848,0.0036200284242913425,0.006190491109152766,0.040131012939965724
neuron_1634_count,0.020354218806576792,0.007811380806026912,0.010657917442346843,0.0010238842891394182,0.0032195698859523066,0.0009024409121429523,0.008196348550071841,0.0013493524667295568,0.013308788334136436,0.03951696776973676
neuron_1635_count,0.035345113595483216,0.00115634925407957,0.009365018689079244,0.007441989379775783,8.017167783815234e-05,0.0005428163970560736,0.01691285032068477,0.00025531070903229633,0.018694672519438273,0.036266338795734196
neuron_1636_count,0.008805527592066167,0.029596322621891533,0.00035905720541744117,0.01177873854262848,0.01748123936138206,0.007313287697190224,0.009053345170345208,0.007491146443320107,0.024053597337986343,0.003950348303946218
neuron_1637_count,0.03812173307251457,0.001425863852006902,0.007835018756077353,0.011993042900266995,0.004665887167562381,5.265759968723542e-06,0.01592538832370889,0.0007168256463456757,0.021022607869425836,0.0508913496198361
neuron_1638_count,0.03142009924051031,0.001641865035970476,0.009159672301712926,0.010173513095490888,0.010596274047353887,0.00040950911976673013,0.018770365366276465,0.0006904038098107862,0.021947297440115726,0.030982744837260698
neuron_1639_count,0.027900282515023384,0.010214174959749613,0.022224734308814373,0.008682288231764604,0.006110472191141483,0.00012424097670892236,0.004524634290729895,0.0017326057228956963,0.036597019217793195,0.07443566453035838
neuron_1640_count,0.03511478715078125,0.014569318501163102,0.008599402586903324,0.015336051233480572,0.0007012309429481429,0.00029801330130550807,0.009165602864696764,0.0035678915387834945,0.02028027700070892,0.05407357997938368
neuron_1641_count,0.05069815751665302,0.024438441002039457,0.011624365084970861,0.032730491571455175,0.021032832757064156,0.0014973500597181555,0.00728103974943671,0.005529938790373593,0.03867959576993764,0.06039180092957144
neuron_1642_count,0.025346294920053233,0.006957110802673812,0.0060258251562091865,0.006736633592970345,0.021037310190773192,0.00045407129884235745,0.028636451258358137,0.0026505651061805007,0.021195987395651494,0.047750555411111
neuron_1643_count,0.009484450712833034,0.035614712411633984,7.796099260594944e-05,0.03562062208450048,0.01998945344579564,0.011217967398329476,0.07933299193396522,0.0008720347580807204,0.03620709279818943,0.005730144028686206
neuron_1644_count,0.002173672987655863,0.034111782506603544,0.015196879255633379,0.02585956782489919,0.007825491505341231,0.013151925298954661,0.02768844496113973,0.0008783456898740216,0.027284099554651012,0.022255483889572436
neuron_1645_count,0.057457494109349166,0.038459895120962054,0.0023900287185396954,0.01691252632432716,0.031519896100799,0.0013740648227423824,0.09297258364989774,0.0014454458473374138,0.022692045589457283,0.0002859607814405668
neuron_1646_count,0.0046514877989843745,0.07467032979478042,0.002074706874156715,0.024143020477603763,0.00584229152694362,0.0011053169880782913,0.05169082150666064,0.007883964552357604,0.019158954396980787,0.005899716204873975
neuron_1647_count,0.027410055317538762,0.037938438982428074,0.0011544218867336788,0.04206749457234474,0.023851041065856504,0.0032432263006193437,0.10233140206769695,0.002166621018030654,0.02906355678968675,0.00033516333956807014
neuron_1648_count,0.028056027905742437,0.04706992791727563,0.003613418767462899,0.028409415549648015,0.031372307532420304,0.0004023664577279297,0.051732336990080674,0.0015295182735679085,0.02163610891729062,0.0005613717496243384
neuron_1649_count,0.01837715197124437,0.015518633733372464,0.002567498393633516,0.022553519107789896,0.0017428329202632438,0.002207402931443392,0.037237744882649054,0.010781168403113717,0.014590269871418732,0.011210780017182675
neuron_1650_count,0.007916316843286489,0.03744194501826932,0.006988136840397452,0.01613791662616912,0.00992408097319547,0.00010496831896559655,0.1206578294704197,0.004401786728161904,0.046671526156081666,0.0021498662077028066
neuron_1651_count,0.04573208731584252,0.07148484108711525,0.006323976870476457,0.008563879415196596,0.0020520748669082475,0.00385667212192619,0.08203519457599143,0.018712933503674076,0.011743685095106468,0.0006049655593756108
neuron_1652_count,0.045868278687247965,0.022772822084179106,0.010716734371916725,0.003829824492996528,0.0009157537780036321,0.02576991855614298,0.11001240411973842,0.007282720323340736,0.018739009573784715,0.0010328756315184737
neuron_1653_count,0.06814252554461447,0.03996054347192281,0.01376380260394798,0.009666175341946262,0.006165885620299204,0.0038987476007010316,0.07863054190492108,0.0015279104554541123,0.016077154745865546,0.0021107503101166977
neuron_1654_count,0.006602217555709146,0.016110139206534854,0.010160638539450137,0.011982043554205374,0.00035412783224429527,0.011327603221992208,0.1067110257601952,0.011888516472780206,0.024288836063808467,0.0002836032608586527
neuron_1655_count,0.08944146538297854,0.020369144373848583,0.012416371550020136,0.003834906870964931,0.009335724397294624,0.009693014715186438,0.07332240741470784,0.00042788519253732747,0.01269286954967093,0.0013451588153631476
neuron_1656_count,0.060264227863649406,0.009330831493744605,0.004571922653899392,0.003655930655825954,0.016671560812093998,0.005432041638142433,0.02701707822441289,0.005966406360440043,0.00033285593716536784,0.00574662619743628
neuron_1657_count,0.0049017821225358,0.13126104273998318,0.00039844186489479145,0.0012407156335041028,0.03303404125020471,0.011926550203349403,0.01994190652358804,0.012044762759559076,0.027578583399960922,0.0029020218474203417
neuron_1658_count,0.017563324866493965,0.005556191156121874,0.00025750186295111534,0.004027663179813129,8.026099670028087e-05,0.008279347702578786,0.11467504922601925,0.0010324220547176912,0.012276029117425633,0.002687693425939169
neuron_1659_count,0.03522498391388448,0.09184450758446669,0.00022983313464181292,0.002224870336801771,0.021851652760701855,0.016473698136896697,0.007339601859483527,0.009251261749368474,0.01184199566901592,0.004078082425985802
neuron_1660_count,0.10095466901061559,0.043936623797296986,0.00028604110827162247,0.007956974057458752,0.004525719531253358,0.01605229974460736,0.036742095803800626,0.006824249715715457,0.0007406425614789563,0.00455549127183176
neuron_1661_count,0.04166003929558244,0.0004991694801629361,0.0006701576976361461,0.001209727335171669,0.0016631508931559888,0.033324171440322306,0.07779660716449885,0.003183647513670201,0.010108659548283841,0.0023588153067967176
neuron_1662_count,0.09989348420843024,0.06697662346248683,0.008112712357339055,0.014428847076751267,0.0356359688958397,0.037620809817909315,0.1448516438200509,0.02595886348492568,0.030841509396507205,0.0026180233135250953
neuron_1663_count,0.1081016665989451,0.001991795967522872,0.0001098863199275853,0.004072882846047125,0.0005384390568572866,0.0023627186856140965,0.10107155780888004,0.004914196961553104,0.008719951673187537,0.00521022645014544
neuron_1664_count,0.18447874156257338,0.8841155068338143,0.02243735413089825,0.02893098876006188,0.09054862537816528,0.017296542367059756,0.005405575135179405,0.030200394329579557,0.018832473546501784,0.0540399562651975
neuron_1665_count,0.012723204942344898,0.36506525190160904,0.03888653906416466,0.03705257638194713,0.011934782645151465,0.025905073430160165,0.029633351230095167,0.023240782087301612,0.05119329653537744,0.03105563733081934
neuron_1666_count,0.11821236842637721,0.8430464381305055,0.018218250154080608,0.024506616899691556,0.08149819708657834,0.03137181730114603,0.024444587478944336,0.014492175384090231,0.04481922296067515,0.03223791358147604
neuron_1667_count,0.003530000901747727,0.8787197865040937,0.028319824610491595,0.03321205860832075,0.06304854047821995,0.036698179466756985,0.03401617856835346,0.00511666213273727,0.06089160322476647,0.0501520269833244
neuron_1668_count,0.00195441151961458,0.9182059351392691,0.02287507030215849,0.04245038228519289,0.048498252136915235,0.029560423873420588,0.022764389485656636,0.007441971539243152,0.04264158561455708,0.04361955051443195
neuron_1669_count,0.034044482905536085,0.9811838046729642,0.03235245899050898,0.04486201307777497,0.07273503860050767,0.03697052860467695,0.025791353773175506,0.019773292935010067,0.06284064605356435,0.03999567236731506
neuron_1670_count,0.002881924051004207,0.7263261704849315,0.041910339396015704,0.04710828531098262,0.050935318711081014,0.03280420210801806,0.03168231542785752,0.01649914516054695,0.05496411428323638,0.0416691532774964
neuron_1671_count,0.04271134656160777,0.4928203652969712,0.05754453674594255,0.03243430282221246,0.01754320129128864,0.009971038106826896,0.022063617227535387,0.003132734497036063,0.0540961798447359,0.030768251244197048
neuron_1672_count,0.023886305985521827,0.5790558310056817,0.04700555376996014,0.03723733411039068,0.02328824347333259,0.027451040591369366,0.029949913598869088,0.006114827843772937,0.05605121876563551,0.03585570563516907
neuron_1673_count,0.05611813982901645,0.3382902719160356,0.0427774529258559,0.025601501434487174,0.012429393929452526,0.012645528187870646,0.02594894207134489,0.007002714506250372,0.051291267969791526,0.036867653886079294
neuron_1674_count,0.038137157096483895,0.3976660297945763,0.021115203063492252,0.029761359887846034,0.01328181961462499,0.01996537346787563,0.020841444205907,0.007242637764518063,0.046707913441606484,0.038104711708751994
neuron_1675_count,0.1917577341221985,0.05480595548953311,0.020485017477550105,0.009163771224348034,0.01129679768579862,0.0036671519383109086,0.0036373067257644068,0.008455859372283304,0.04138209351042401,0.005103532317482819
neuron_1676_count,0.24695211056965438,0.046702565710386515,0.009593592500579687,0.01667560673043883,0.010042218485969628,0.0006231649089111727,0.0011563891307257816,0.0005263426037977652,0.038776457969621383,0.005825616040891143
neuron_1677_count,0.14648124499239287,0.02829812545737581,0.013278617295980732,0.003789886670627879,0.0017304170328973113,0.00045154250139544175,0.0074138915084713194,0.02545878930178841,0.02394962264000513,0.007602667434277052
neuron_1678_count,0.13406645834236236,0.08593367949374486,0.03162165480195897,0.008241218996809435,0.012147501007131759,0.007975475735779683,2.7716681233186727e-05,0.0012020615394558107,0.021874110508890064,0.004577816720929641
neuron_1679_count,0.14053034445828844,0.0840063276208586,0.00467098504440016,0.011099099461010536,0.013650207666130301,0.0065368897703238366,0.008787980572304593,0.012743312753815544,0.007749455172568073,0.000980736507075787
neuron_1680_count,0.1648635940031577,0.08765942889447087,0.007667744029002839,0.017949237576081647,0.006048507977821485,0.003826371279819829,0.0015815635154976977,0.0001800170996944135,0.013600978825670323,0.00025430765199352737
neuron_1681_count,0.08883683165876222,0.05330661625123184,0.024052314246208975,0.0005321923185258072,0.0027919358371116462,0.007408383718622014,0.0014822752773388723,0.004023814725443588,0.006976406799101241,0.00019624541098271732
neuron_1682_count,0.08135542184362016,0.017006878022027258,0.022150215566622847,0.0002738302044214373,0.0031724453214062726,0.006531089097558437,0.002596987714322603,0.0014070548160805274,0.0030586656528134096,0.00045197219681807066
neuron_1683_count,0.003401468560980621,0.0018414354953647967,0.01726841612071571,3.589724562187127e-05,0.00512008471971466,0.0019349491248500036,0.0008223007002974639,0.0005091511333281411,0.0007310969817216836,0.0036559224512367067
neuron_1684_count,0.09528586641578338,0.034240181228046604,0.01758977187234021,0.0050020509084938575,0.0009135389443896032,0.007018242749182842,0.0006493875986964617,0.00023394520530041658,0.0016982512975698763,0.002129436336653112
neuron_1685_count,0.061307305502120824,0.004683822388088399,0.024334820704696017,0.002576949800388622,0.0027720520685664933,0.006575488537171381,0.0006768588341426549,0.0025758585979651152,0.00035448904095009004,0.0028749412781736688
neuron_1686_count,0.08672351694855429,0.03415686942976917,0.012416977340062252,0.00061792744546511,0.00422042149742545,0.007381108525060298,0.0009939238727514916,0.0017429903772053085,0.0008511286628708785,0.00033748163450997987
neuron_1687_count,0.023550376675339893,0.00790545404350608,0.002996874303727484,0.0014994973396848903,0.0015806706387373822,0.00038295049616888545,2.802469212322134e-05,0.0007262933893082881,0.0006406198500052054,0.002083036932608636
neuron_1688_count,0.030320933725905094,0.008074447421439184,0.011674129731236646,0.00017336311572177,0.004231783096861293,0.0019076679612047079,0.0006231736144506443,0.004427223037216876,0.0006155533062640562,0.007169517723995933
neuron_1689_count,0.0058616405355490925,0.006574948478960319,0.01189552442722732,0.006369185534281903,0.011146091757220082,0.007297840241071926,0.0012368947560598177,0.0095421396751533,0.0028476482918858848,0.006900491126669274
neuron_1690_count,0.010240221173161167,0.059353188192931144,0.010814778049888871,0.0019288624371780923,0.0013455757182513038,0.0038577112929943716,0.0030914162106798673,0.014418519862894184,0.001094602217785923,0.0062148085978475116
neuron_1691_count,0.005442434325697618,0.041478792182376295,0.001645047050529095,0.0019433160036477562,0.003364723654227412,0.0006961933734979196,0.00014557455253062747,0.016777116381759216,0.0022880246852965925,0.010077206955841689
neuron_1692_count,0.0038282863154979127,0.025070319531384305,0.005704835963676776,0.0005909570006966316,0.0022078947843362055,0.00016562396034875033,0.0005887576142609551,0.014847130052929251,0.0013750879786533343,0.013173364593592973
neuron_1693_count,0.007014751866221622,0.04194807979788091,0.00956172275946296,0.004045600482551565,0.014088722202834178,0.0006372732173324739,0.007469342065346066,0.008965698693387349,0.0029923577174810444,0.013345085119610738
neuron_1694_count,0.008281012897453324,0.009646586963163319,0.022823863338883213,4.636840375330442e-05,0.0011159241276852798,0.000567454981429993,0.00029330992894983227,0.00413773324480695,0.0013076896677667628,0.03339563104563899
neuron_1695_count,0.011805231863799275,0.004556394821604234,0.016752712466945444,0.0017490574805182936,0.005728517980754799,0.0008656817843530479,0.0016311316492527567,0.004823282262873589,0.008433004605240157,0.03453993770621765
neuron_1696_count,0.0011845442089538603,0.02013952765837706,0.013999355853987976,0.0033598145828398437,0.002641281980068258,0.00014612117080197438,0.004079632249474826,0.005473792618187572,0.0044568249834981595,0.022965691445801087
neuron_1697_count,0.008800064541435858,0.014437031050542962,0.0190825437403329,0.0018306970694552745,0.0016715977876809937,0.0008589870071928594,0.006406344061228548,0.0015774749742645776,0.0023974825905083152,0.03926300193344971
neuron_1698_count,0.00019656226460488917,0.02254815536676326,0.015489888295181387,0.009062170953848078,0.003923573323459481,0.004311993550836363,0.00509563890569819,0.0038065644149413227,0.015337512017769006,0.042322440986629795
neuron_1699_count,0.015500111236422615,0.015459185124423819,0.008679909269688951,0.015312759197600029,0.01613411665945963,0.0017294981325038684,0.0023903394498409614,0.007984157129780511,0.03380179956379667,0.06363336007997689
neuron_1700_count,0.0013716390802890367,0.019481972638342546,0.003782026988250968,0.009457429358753128,0.005303002417693013,0.004492324584187003,0.00641361663694251,0.000661099177715261,0.018318040365415483,0.01695256290528857
neuron_1701_count,0.00048320096172864164,0.01747701513979702,0.010888831425591099,0.006946681320335067,0.006175179973141192,0.006306250221533499,0.01095274406305792,0.00040466706322259127,0.012353205860629247,0.02261228395922974
neuron_1702_count,0.021083357393820203,0.00017339028280851168,0.011340331604084077,0.0013955449722023536,0.004165935030654818,0.0013216915496775707,0.004701255612244919,0.0005445497708386881,0.019509627469382063,0.0480922760648657
neuron_1703_count,0.018603075960079568,0.0014931568896957223,0.005116937493075395,0.005234684978524223,0.005038675145892582,0.0002677037630269951,0.008701869243441372,0.0039538355279790174,0.024222465475108854,0.029320939451593378
neuron_1704_count,0.005435042710274229,0.04549412390397867,0.0005157941599733592,0.014732606711733612,0.0020520671679218686,0.0006113433507538065,0.02283002189392945,0.00369051578084173,0.01757910458854961,0.022223287073734097
neuron_1705_count,0.009628647728630847,0.006838949615713311,0.013437233155990574,0.005813706743395819,0.00597365324349064,0.0001843022724300654,0.0315956296646783,0.0019637757063550344,0.027699981940024238,0.06008252333073194
neuron_1706_count,0.013892202459447181,0.00018017400345364098,0.004062399234012026,0.007292376228461052,0.016976895454823098,0.0008926985027013657,0.0249199363783571,0.0009348778071128442,0.019459610180601744,0.02802418118292968
neuron_1707_count,0.005575202609386577,0.001656032924802226,0.0035417914139061965,0.02015506561547619,0.023421048078197254,0.00174799855175993,0.048131795880587205,0.0010416915316334048,0.024779404563788174,0.027143924103815636
neuron_1708_count,0.0039011368798254377,0.010658467634456666,0.0012218434268435842,0.03751794178078317,0.03347505745492382,0.0032294522349031046,0.027790517008815754,0.0006050872326645862,0.025816137529591693,0.003836329999230932
neuron_1709_count,0.0017932212367360173,0.04209869055190987,0.0027286595639684844,0.03751451582393264,0.022550889109735697,0.0014806257423185185,0.04313090410645551,0.006156036578721644,0.02131390616033753,0.0007474564423918337
neuron_1710_count,0.0005344484345024582,0.005363370010157784,0.000431007506423638,0.04508503515684609,0.0531206506886418,0.00622455890859519,0.01858689775343897,0.0018183629315895455,0.01558357317144643,0.0030285467335377306
neuron_1711_count,0.019969911719575448,0.018511324371820154,0.002936900257261378,0.03610314775099027,0.02770475950545767,0.004583907180576351,0.09063695649367617,0.0007475578081256908,0.026332759380085585,0.00041697674076027896
neuron_1712_count,0.02161803028006465,0.04869555755829741,0.008151094021883118,0.014250014655974377,0.004725418202699949,0.0010317090356729355,0.1035866153060285,0.0037127844846575678,0.033561887884278746,0.0004241804591691087
neuron_1713_count,0.004720228765481206,0.0039829870320653715,0.005167113148822303,0.019363631289114766,0.029082952769181922,0.011359566140851096,0.04290158663429318,0.003532397498581294,0.019285546719653157,0.013498119411124013
neuron_1714_count,0.003469468247628421,0.009996156914111723,0.0007282098413219605,0.032963600981949615,0.021734835388219784,0.0004496023936484267,0.08641331618613454,0.001948741603482157,0.024629196711424828,0.0013778214241097798
neuron_1715_count,0.037534299664450876,0.06049886923301165,0.011385494075088431,0.01379977637472539,0.0005493723004022016,0.00611309229135,0.15894800463090794,0.017279295841457293,0.02201939969858077,0.00023307217900699322
neuron_1716_count,0.0070480391681502635,0.0020186216451654852,0.0014447382999063021,0.012822159819462026,0.01515933254678295,0.001141705711489107,0.0453605439219088,0.0015020069969955106,0.007731666329474217,0.0010142654191789401
neuron_1717_count,0.004352293394775268,0.028317313254411086,0.0016976672232075427,0.017246442973106776,0.021992719988406573,0.006242590270957214,0.15683510670039838,0.0029381923815143887,0.024898603189691504,0.0020214101870381085
neuron_1718_count,0.010918451115952521,0.09247419026829953,0.01598049881173,0.004028834009805964,0.002236749270634209,0.014223124964575881,0.11537520456094169,0.036553145933093834,0.02789293772174732,0.0032973888188096677
neuron_1719_count,0.055090425074259514,0.011080353908201682,0.00019956959113429616,0.0037133553174996912,0.011525100024759545,0.0009137822791057335,0.061829519164182944,0.005456807018111513,0.0023124395689579982,0.003469805053310064
neuron_1720_count,0.029948085721897777,0.08365766492054874,3.7105196655197285e-05,0.0009178643738939609,0.01079187356607296,0.009878044435952998,0.050327854509765985,0.004043259140618101,0.001370208465363943,0.006316073297182145
neuron_1721_count,0.12397823533080701,0.01774408604055809,0.004000503373246894,0.00466716466304604,0.0005227933295304573,0.016144843854080868,0.10641561516335526,0.0005617907833837029,0.014364487900489428,0.0018901452167878821
neuron_1722_count,0.022423613953926863,0.003603677472483288,0.0023010913380345777,0.012457971223526723,8.992406151252588e-05,0.009852053579155001,0.16857085007028275,0.01076135606428974,0.011827197593149666,0.0008025780208051926
neuron_1723_count,0.029816043023159405,0.005679407196680246,0.0021661093470577465,0.0025106238422426923,0.0019084835320508156,0.013910108042549968,0.13149641515888044,0.0010883159063090693,0.015600588414464933,0.0018446145268432197
neuron_1724_count,0.09439816729619266,0.006665039833937854,4.754238472303709e-05,0.004771155308892695,0.001914602349596943,0.011954148547049112,0.07171417116040246,0.0008663082398163782,0.00590306923906489,0.0021173754583592615
neuron_1725_count,0.14089749168052437,0.008477388907972477,0.0018938801986029168,0.010342328231894175,0.005526925459462255,0.01955889910213577,0.056289803718989465,0.0005243829586748542,0.005904140758978868,0.002101377799677416
neuron_1726_count,0.19197614128845203,0.1037439849970488,0.0036993141690332605,0.019641382667638832,0.022569014208760063,0.02179477324555852,0.015268725793888188,0.005355386566096923,0.00284436544780977,0.004258538363355728
neuron_1727_count,0.14087467450501356,0.004827104493124283,0.0017346997730304844,0.005789163677948336,0.005343086541068326,0.01946338955287681,0.08507294607482242,0.0009748966718285783,0.009664533101450393,0.00128034245253128
neuron_1728_count,0.05786877038416022,0.887095670485194,0.011152269915332108,0.006409048644643957,0.0703867369363979,0.02001563795689816,0.012435778456327748,0.0018968724751204404,0.03362615113183712,0.025219540713503172
neuron_1729_count,0.05262027082741011,0.32666782360678664,0.037420357270800654,0.056869524079779826,0.004811044818269026,0.021357052649485155,0.02398191685623735,0.008110731357890654,0.06630666370970209,0.030387668692872405
neuron_1730_count,0.038086565417897345,0.34312289909371496,0.05439645344170693,0.05261482829853463,0.0033321190014515487,0.026218409938115868,0.03395985947037966,0.02047635383086449,0.06528788859797591,0.024229678592321557
neuron_1731_count,0.023179460236896363,0.9586823535913387,0.010325691910729545,0.02470068596561814,0.07899700712510142,0.028603702404061265,0.01991758019886225,0.010525335442955794,0.04259787974983596,0.0448883689212935
neuron_1732_count,0.015307796769841703,0.6428090889273572,0.04428322733380105,0.04138706427719173,0.021476427281296694,0.03770593203922257,0.0426709082849213,0.007497097421762577,0.08333141988815838,0.04265494524627195
neuron_1733_count,0.005639382090389264,0.7562072549824757,0.04794096450393205,0.049269181682628935,0.03413021820349853,0.02800852153993255,0.03664641787285235,0.008244231550858808,0.06552363546764288,0.043758020108382686
neuron_1734_count,0.08074528204606872,1.0090784818592438,0.02699949435950845,0.03350921270271954,0.08846620305994683,0.03883052752586603,0.027899818405492306,0.02067789869979108,0.05599372295901708,0.03862013286127034
neuron_1735_count,0.02030707580944159,0.6516218614221483,0.05023264974874124,0.04147111863921961,0.03391751062662583,0.019117544790472688,0.033677618251327535,0.006876923730191761,0.051294223387387025,0.03750393829750423
neuron_1736_count,0.01718213446766137,0.6524221139872748,0.04847869898721291,0.04282231340857541,0.020059423950388983,0.008928180992580387,0.012981177452124557,0.001855503248294605,0.040252163354349224,0.027436645082938735
neuron_1737_count,0.014618685052761704,0.7234002718732107,0.03000301251172359,0.02975278047404692,0.03963935891198413,0.017023682550140515,0.02554043632221395,0.010708944358618813,0.0454523240490638,0.042156800217490756
neuron_1738_count,0.053689906397116724,0.2978133564204019,0.02838382957059541,0.034574701759044556,0.006375725023737629,0.02241475129814282,0.02151874447917941,0.0024195800081451297,0.03710475339709623,0.02720992710535975
neuron_1739_count,0.23652531720044173,0.027728278033625042,0.025121622185710235,0.027348646611680072,0.029958261682449847,0.0023874307188547356,0.00019004475329507508,0.0007021872819907484,0.046837276201771055,0.007637631067880846
neuron_1740_count,0.1451649390408596,0.00540057314995371,0.017711703723396463,0.015407853573626562,0.0009345615585509403,0.00012150323682765755,0.002850307180998657,0.002283504367208946,0.014929809573418482,0.008976361889539153
neuron_1741_count,0.21329215774010224,0.05397314714814698,0.030847407563745946,0.012391367412555775,0.004722935731450481,0.005494510185437236,0.00025997485912923265,0.003020637381441378,0.02818571059586321,0.0032624043868678815
neuron_1742_count,0.10327375652123708,0.106855469050737,0.03981605618156109,0.024914803759278528,0.0041600734669931805,0.00451117869661713,0.011328486583653284,0.00178647885674324,0.027974324208299248,0.013521095895162046
neuron_1743_count,0.12879895042413378,0.04171724436805599,0.01619219305289278,0.010705948349344747,0.006900779692399439,0.0031867625357154677,0.0006140591793176477,0.0007727448748219576,0.0070101308113975705,0.001751575180144637
neuron_1744_count,0.17706209628722547,0.08606908108723534,0.008348713224170835,0.021561693434946322,0.015546019763459554,0.0026456109042028372,0.00048140495957252685,0.0004338410915712774,0.01040904486755767,0.0009114328924741347
neuron_1745_count,0.05137203894249863,0.044680817507998544,0.036703055007148544,0.006688589567174438,0.023773671577052548,0.007547681249403408,0.001701579707922575,0.005297183321807092,0.012649920723228597,0.017384654927747538
neuron_1746_count,0.13947963897734533,0.049827374047960976,0.01712545412405507,0.007794422350788463,0.007504545566932905,0.007824839267571576,0.0011863864513098725,0.004171795865251023,0.006448697234608662,0.0018567189175087428
neuron_1747_count,0.11771138613118198,0.05811183115230763,0.004785526392481768,0.01592465952163251,0.0014328801437918318,0.002211525922664319,0.0002153659144353108,0.00017502111563237697,0.002574915706166984,0.0014738312028282664
neuron_1748_count,0.06111885292631769,0.02573723426346749,0.008617984394891823,0.020703102317063835,0.012722264638239625,0.0035659120425434315,0.006003513407444077,0.001585274406146575,0.0031201394313052355,0.004961774832596487
neuron_1749_count,0.013601424344203479,0.0079303287403263,0.004692552493307467,0.006910369790562615,0.002997194391288982,0.0009686532909651754,0.0026315256331735787,0.0036933379016627667,0.0009837604304858624,0.004820983998069267
neuron_1750_count,0.007026382170221408,0.009724490685741424,0.008194915746032053,0.007320849803253648,0.005743527306457916,0.0035935302083208165,0.005153420002168174,0.003920913716965478,0.0005746719989424241,0.011020105741335218
neuron_1751_count,0.008280426427009404,0.01247512241404656,0.005736522336826644,0.001084120318594558,0.0010565603085410788,0.0003381848646890617,0.001630355822795599,0.00039695370247165487,0.00021872454382710748,0.005620871179390294
neuron_1752_count,0.012231094576097605,0.024472922677206924,0.01831779773671037,0.00017540092067860023,0.0009476388856618414,0.006090963604319578,0.0003951698034979969,0.0008561288134224226,0.0003869601109926079,0.014730588354666826
neuron_1753_count,0.04989101358746639,0.0051136555198928735,0.015839496038027527,0.00018074534477364144,0.008300856493439451,0.005160672736561928,0.00015869100312133119,0.004640765714349175,0.00190087036637482,0.002175473534883737
neuron_1754_count,0.013890447956151353,0.059181824106402825,0.014603159727661658,0.00034368604314348634,0.0007324512512783977,0.001255295508062762,0.0020016918748584555,0.010493058614566494,0.0014131841551970497,0.006802303460166317
neuron_1755_count,0.002918074780220322,0.025370662378983416,0.006362045147626845,0.001497302391871085,0.0010096569235150173,1.7578541324841804e-05,0.0021809757184621595,0.0050232178078773275,0.002057388331068097,0.011609217427861654
neuron_1756_count,0.0007144169230826579,0.013227852514131333,0.010342493067101888,0.0020807236975146845,0.0012509575545714326,0.0006747310808843197,0.0009982487070087215,0.013799842726823157,0.0006288898271098135,0.009969297178201643
neuron_1757_count,0.0033955864640372417,0.02571955366300288,0.017343127900011357,0.0003935938526864061,0.0014094943266849992,0.0001392608422009587,0.0007591454549203576,0.005255938612268255,0.0007147763487477411,0.017521954888919965
neuron_1758_count,0.01215877577323248,0.01285860297971501,0.006102662652285231,0.003227823792288073,0.0011552238579581346,0.003102237677536363,0.00040685665127450366,0.01059383922823816,0.0041240262691803935,0.023165063037841466
neuron_1759_count,0.0019932628124724582,0.014491665919680013,0.00013813694707617082,0.0010731067360124748,0.004306073242946167,0.001248348113346974,0.00012078903829816547,0.008125616040349573,0.005115035338273154,0.011205176126130052
neuron_1760_count,0.016596815706353407,0.00031773419907072525,0.026315610430197076,0.002001445627867783,0.0005785123796140986,0.001101847974257263,0.00031098232489185605,0.003351990881040205,0.009758224634167041,0.04070870637511291
neuron_1761_count,0.00889827466794535,0.019691326658837063,0.0008869219129326112,0.002922446752409942,0.0042014022122537995,0.0025292603098304514,0.0032283724554087023,0.005517978444967975,0.008420765879431082,0.015479331158690681
neuron_1762_count,0.002636613773141054,0.003319429219382719,0.01935935046744485,0.0005083540189428672,0.0038732925947949845,0.008274978155593686,0.003953924882237163,0.00804487807611623,0.011463900745025402,0.02448652488837748
neuron_1763_count,0.03382410992584053,0.0009438053521928459,0.006293342884262157,0.0015250235686441599,0.00021600094859047618,0.004038053084821514,0.0010775736705116949,0.0056934830424138425,0.016818748660263998,0.06901461497838646
neuron_1764_count,0.009131023794352846,0.005874831340989629,0.01290389508826794,0.008255179556494099,0.004855409184844963,0.00043867492651485963,0.007103963614527909,0.0012348168228295212,0.017584000814881914,0.03841011893612505
neuron_1765_count,0.057189301532907924,0.017280380898824388,0.013936141869482041,0.008397131830378227,0.0009153515855051921,0.0008162238121546999,0.0018680073089401943,0.0012544044926903336,0.020488250559300328,0.08408080743899754
neuron_1766_count,0.003863661140203291,0.006499234965896862,0.010903120306806346,0.01201373298654114,0.007067874772011255,0.0030609910647969446,0.041653941234154376,0.0013492264561611646,0.02314090908556593,0.033085133356751326
neuron_1767_count,0.006234406864930132,0.009882455612022653,0.0027504896440893496,0.0030797609714159208,0.0024024130368771636,0.0012823964753037737,0.00046737094986144985,0.004610896585092693,0.01495737580759067,0.025615935346801483
neuron_1768_count,0.029154649474266027,0.003911207065457825,0.006983642902064546,0.0037567860452597263,0.002463835949834653,0.001226051144079681,0.01200878368487486,0.00225326061851994,0.015051433700128396,0.045663454964567585
neuron_1769_count,0.004601473330525921,0.009955684726102865,0.004102568748290528,0.01588992986890718,0.02215003695224435,0.0036185718174673726,0.030497775668923296,0.0007440873053331538,0.028110476569757598,0.020568023255153986
neuron_1770_count,0.04761258297607886,0.00039625171176194563,0.011683339570194795,0.011646902224304773,0.024348108992190018,9.623080645642518e-05,0.0083678225380083,0.003076186399853507,0.0231303134437688,0.06752072465497361
neuron_1771_count,0.00039558936480316945,0.033216149621554544,0.0018389016605780371,0.026962453949701953,0.02268361704275494,0.007445595351249654,0.014324630181418455,0.0001347591630580943,0.023369480124004832,0.01380785208254344
neuron_1772_count,0.00095080698766788,0.026629216208975806,0.0009278551309306951,0.017750012126362902,0.0069115005064126975,0.0011054714248550472,0.04184007373431127,2.021950018712493e-05,0.037974579979441425,0.010725247670106422
neuron_1773_count,0.01231554373745379,0.010266820909366425,0.0002690648000704479,0.013635232890621518,0.004281117183308841,0.0012747321087842826,0.015813285060267745,9.80389773605761e-05,0.01809914075064463,0.015015740495092744
neuron_1774_count,0.0016735348536499363,0.03080114708882961,0.0015798112813022284,0.022744835476370934,0.007604652089544861,0.00604690213678144,0.033828283350834404,0.00047384539243191387,0.02506744762465983,0.005996258328595433
neuron_1775_count,0.0015250446430009681,0.023842545275059024,0.005641751231067929,0.02673732576242202,0.0073257859040708265,0.0015729841800033676,0.03245104532757563,0.001730333075554407,0.016425283620654513,0.0021263056539451005
neuron_1776_count,0.000823719367694372,0.03144952824046887,0.004332307100412831,0.034366476294397735,5.981212023485876e-05,0.0003494299590781208,0.07874072352011102,0.0034641565584695513,0.014534045528266981,0.0007191748384290878
neuron_1777_count,0.035999557436839275,0.05101059955783699,0.0024293719468051617,0.020258775776580126,0.006106521556596564,0.0009556096020680201,0.09288591906347363,0.000917379969506386,0.022891819679110734,0.000196022509310452
neuron_1778_count,0.006070645447731678,0.06294343715930814,0.00958334530838384,0.009118355819213733,0.0016551536051093254,0.005587277904363086,0.10000177365663679,0.01777756152919578,0.02834431321460723,0.002788279044039027
neuron_1779_count,0.034998433407119695,0.05854212889897248,0.0031627000926249746,0.012645011342008267,0.0013921832043748417,0.00030814351426218,0.14009960466209664,0.007163495349087161,0.027402928692687942,0.0015642975471271935
neuron_1780_count,0.013189438462243588,0.018467389013606936,0.0029849326823415887,0.017797621449400697,0.013168506808456722,0.0009365829405298016,0.0562353479147325,0.0061034166476786125,0.01353576567323203,0.0009506881322010712
neuron_1781_count,0.022102017055416825,0.04595980777471634,0.010779652758388242,0.015008152412840522,0.00013145056285355193,0.004928776144194631,0.11103915090844046,0.011916220023645285,0.01754158771567607,1.3404056328471302e-05
neuron_1782_count,0.022889892988724292,0.0010214356649357968,0.010552229033028132,0.014868086263532365,0.016823482356022976,0.015324149864850825,0.05117213049725103,0.0002875943586062857,0.01210648846547499,0.0015687190508609505
neuron_1783_count,0.010010669162017996,0.0029774049134391814,0.009222020480526422,0.00936949180981582,0.009561321461323415,0.01038286202988567,0.0496767301936446,0.006872558295630514,0.007387793823437683,0.0009397492982139571
neuron_1784_count,0.024743555813557028,0.016833300728267817,0.001866845460759596,0.002487683867734238,0.003785628132432304,0.0159838816393853,0.05376981271378642,0.0011024509634281962,9.662205602670171e-05,0.0016640579799185456
neuron_1785_count,0.021800785066423356,0.04494060288777843,0.00015609903686502995,0.0011070773619466549,0.0011467678764849453,0.03945819746594116,0.010981168119161118,0.0017686294858634231,0.004581533692755144,0.0018604409359977113
neuron_1786_count,0.03925562540954983,0.003102041053329986,0.004116871329284559,0.010386508021273624,0.00640119298473707,0.003887122941113763,0.14131954665898366,0.0008617152823325366,0.014200928906857577,0.001265036522684677
neuron_1787_count,0.06750215529690493,0.05328618714645397,0.0002855672059135007,0.0030489173875718964,0.0047465496140938895,0.04086212114569829,0.010183234574048516,0.0021052502440402562,0.00363668721337386,0.0017717534034346755
neuron_1788_count,0.23571715498659468,0.07487584978780171,0.002947605576165073,0.0016050709862850537,0.005266869009730252,0.02934058681886259,0.05098882076093561,0.0004200876307336558,0.003102766623817671,0.0011535619977650034
neuron_1789_count,0.19340919547806168,0.07307297343299757,0.00600351622661293,0.0025496173444700156,0.007250299491445671,0.04405905264902715,0.06145914958197332,0.0011061700356772737,0.004209537392918718,0.00044730237306600876
neuron_1790_count,0.1440824812478337,0.14155392106522288,0.0022069519336657406,0.0014029350651756714,0.0322211344812014,0.02683057829796902,0.176790145190456,0.01736112217859656,0.04243624070723656,0.0005996537364621416
neuron_1791_count,0.17581364056037568,0.010292898854778815,0.005992152913127071,0.012929796316423998,0.0009332565348384014,0.03942583848473215,0.02040128523899068,0.0015913749325951222,0.0005777349212407277,0.002057181370867394
neuron_1792_count,0.010161122065882003,0.5555703774069801,0.01903242266010379,0.04177942709456503,0.011672302865013598,0.04347503028651767,0.03222151023801455,0.01608052450925576,0.09704096840633387,0.04062812527498505
neuron_1793_count,0.0020443337750401212,0.7322348849849807,0.022443585729733054,0.03377650351373976,0.047128796735610365,0.037679281624029004,0.037987112603668535,0.028819595356469774,0.07386862777881646,0.045167115432971805
neuron_1794_count,0.018151000611028402,0.30810665752063443,0.026599411726885812,0.04067405347308013,0.0073429533640281194,0.022697767135085027,0.014509066824345523,0.009959009880578485,0.04467652580508327,0.025188963600184966
neuron_1795_count,0.04730529025193128,0.39994053069737395,0.052834190539763126,0.04634125570508038,0.005240502949453774,0.019596244986309602,0.030407698573744424,0.011413155388195756,0.05952780229233712,0.029370871162299098
neuron_1796_count,0.004095795547444742,0.8925340563720483,0.028763253393650573,0.025873693755410043,0.06695033524188794,0.037642939545530524,0.03013695602491795,0.006756024118123993,0.05597729957669606,0.0409616428675644
neuron_1797_count,0.0556235567268317,0.4134205667157445,0.05581352566690344,0.05377314161634385,0.011022491502912034,0.02570820897728212,0.02974809445158781,0.008251180555949606,0.07026623330537175,0.030763911754403517
neuron_1798_count,0.04074832583052914,1.0206649921610171,0.027683039932003876,0.026007054237029197,0.07647963634549981,0.03886740839565886,0.02922956095995833,0.010813366799450518,0.05762361283209156,0.03356904346554241
neuron_1799_count,0.044597092978393565,0.4954448601402112,0.0507558065586944,0.03693675410374009,0.00627219300459627,0.012471048209864742,0.02008852282094198,0.001912912745723909,0.07915996588247538,0.03184081971595425
neuron_1800_count,0.0010872139963309588,0.7834038969767682,0.03441342726078139,0.03575447473079662,0.05208322763975423,0.03229859106491694,0.03150800247684278,0.016184310199218246,0.05315226123366706,0.04614006831477758
neuron_1801_count,0.10436053720343882,0.10808482524900528,0.05780015814728107,0.042580431452215114,0.0020834939663834373,0.009317668198449161,0.02144586665185262,0.017700809655510727,0.041519780814656376,0.009178643103920976
neuron_1802_count,0.12463073613957865,0.23936286467719958,0.0653480106383672,0.056424610596281566,0.0025085167919950083,0.014893748026847058,0.023149501895191438,0.0018778519596050185,0.06349562214701387,0.013420700032705707
neuron_1803_count,0.20581663185327928,0.0642017137884937,0.006977734919838059,0.0267038269609344,0.020127899156406788,0.0014639950845577523,0.002137739182138779,0.00024186762998245487,0.03203204940852878,0.005631785799111243
neuron_1804_count,0.19393458096376587,0.031193675881455656,0.026160837947458687,0.017035247868327642,0.005912754471272326,0.00023915694854442435,0.003000188205099036,0.005446955797945768,0.030449857703639095,0.0037961175747847978
neuron_1805_count,0.17822176618537885,0.09582795670690292,0.0033835148075468426,0.027436640230173476,0.020140910649517334,0.0019328827798166838,0.001735627536467485,0.0011489491920653296,0.027529425715256642,0.0031841288301499363
neuron_1806_count,0.12572946661889545,0.1384366656577234,0.022813744877181408,0.005274907775564913,0.005240424260161627,0.008557181310233065,0.0003063009871731269,0.009060195999148243,0.004935441703708524,0.0026289393199269567
neuron_1807_count,0.1771181003247571,0.02379790314114151,0.010072350759093893,0.02330979301654032,0.0030826415471792434,0.002471588916938189,0.003114787738790814,0.00664420197384126,0.0027467006822854065,0.005127037724042598
neuron_1808_count,0.16345375336822793,0.15238976226178638,0.022009867858820115,0.01048430641244033,0.010507313004270602,0.00732495468847999,0.00026028223543614684,0.013682979828546549,0.016378202938026262,0.0029158608919227086
neuron_1809_count,0.1331042798387887,0.04488170365953227,0.029409043931908907,0.006923872350157581,0.00023792234204960067,0.006832626039570432,8.474586601133491e-05,0.002830634329661151,0.0038897442388488856,0.0011390370452764934
neuron_1810_count,0.1653811622246966,0.05370444969182826,0.026225846198904397,0.020392365525930642,0.0005428258385243483,0.0019441099065083088,0.00032038098342838245,0.0008294700926669129,0.003556307821435109,0.0006664760519651675
neuron_1811_count,0.14279327487423826,0.05024118121111422,0.004810874570677026,0.014566595321133052,0.0016420820230191972,0.0025542980470429286,0.0004908794163784713,0.0003320492023685725,0.004463184368161,0.0009533317367192186
neuron_1812_count,0.03814951673661569,0.011023663147782699,0.010040296709601923,0.01979636788296813,0.006978812786513388,0.0018029285865693925,0.002034723318992234,7.92572977222441e-05,0.0011787204523888428,0.003883221408807168
neuron_1813_count,0.017548679819436697,0.004603982681359978,0.025106419804516972,0.004085691144195051,0.0011229756060430866,0.003176981638813175,0.0016937076239614476,0.000457907458894187,4.035527922151543e-05,0.007546872331887996
neuron_1814_count,0.03388786646587408,0.002278310703704947,0.0368811666142357,0.006479024226678634,0.0018816996609762014,0.009817400114727703,0.002420571589893533,0.005376178732536027,0.0014171219489878184,0.01117592080689378
neuron_1815_count,0.01628165251738327,9.108791194778042e-05,0.022758076623725892,0.0042469888768756694,0.0007732635446174255,0.004865051179862884,0.0005004480633680024,0.0018022090571329953,0.0005786041468368065,0.007457299307375341
neuron_1816_count,0.02655798397589669,0.042735605672019186,9.205879941287672e-05,0.0034162353475257878,0.003913346955661816,0.001387160690607448,0.003879323818135324,0.004695038912636153,0.0010123783872443217,0.003552575396911879
neuron_1817_count,0.015741987209475047,0.0015276864433864043,0.0031147350303324,0.0015761551750702874,0.002226401604014532,0.0017860233463406483,0.00032301466625906175,0.00718359959711716,0.0019349429553574288,0.0020933290478707713
neuron_1818_count,0.004984641141600391,0.012905945019232229,0.022493956829079825,0.005019285240675183,0.00849390666903246,0.0004140424385491977,0.0005616495553332126,0.0004817233958981492,0.0005470606311082076,0.01931919223168618
neuron_1819_count,0.005340592518892226,0.009374953559246536,0.008832554149501938,0.0003935871447368483,0.0025109332259352045,0.00025729630658491605,0.0002078749252423075,0.006055732403647568,0.0008773097663738886,0.018395438870643266
neuron_1820_count,0.0018587483881669746,0.00804971820791402,0.03715959966600227,0.00234455726525783,0.0010650328699429576,0.00305436227535507,0.0014446249703534315,0.0021292249375674185,0.0008059859084373743,0.029523070672910406
neuron_1821_count,0.02207396328256895,0.02543291623551966,0.038506677710032584,0.0012073465364742558,0.00453431105731188,0.0009932505018354942,0.0004377869345481844,0.003971979787892897,0.0024525993181091724,0.03462432875490089
neuron_1822_count,0.024625694584783427,0.03345169743286197,0.016945183187566826,0.008728423327885468,0.0026199332337770173,0.0025460672169806894,0.002242572734305299,0.0036308833575210524,0.002523758885255133,0.03302858780442211
neuron_1823_count,0.02479238049420706,0.002286842455250345,0.01812533550836351,0.00027873480519700813,0.0019233380454813011,0.00041395930279436964,9.10430559149019e-05,0.00019711811080698038,0.0035875413431088465,0.0406519300865575
neuron_1824_count,0.0005825411512292806,0.011622933097552059,0.0032133330386731242,0.0013040086262854859,0.0031711796601612986,0.0024990361192588047,0.00014342644421569645,0.003798247661941959,0.009486531252604836,0.01751089307628103
neuron_1825_count,0.010372342421488882,0.007361145806527386,0.005160433432431812,0.004022496053659688,0.0001711469625960832,0.0030579668423194126,0.0003085206319750561,0.008559305189888983,0.005147373855851086,0.033788461926852906
neuron_1826_count,0.003344322060620738,0.0158639930257167,0.007288851836954293,0.0034338262224194466,0.0006087725327633315,0.0027569480947185615,0.0006003897891414455,0.0018135389483124754,0.013576816407399318,0.04504861934150982
neuron_1827_count,0.01374666167098896,0.008502552597177603,0.008049429141905692,0.0025908423794213133,0.0017595779252143756,0.0011528705098008164,0.006699598014646622,0.0011004141698180894,0.009018488594238781,0.07147993829892749
neuron_1828_count,0.00430881913918859,0.006564217265280316,0.004739864791011697,0.005751446904531124,0.004304837020695285,0.00015356011331311807,0.013619907996561986,0.00096509148567063,0.020436024174588077,0.03569865821438223
neuron_1829_count,0.03698152580924337,0.019958384747066765,0.0011905515729346665,0.004611779414053925,0.0035912248411270973,0.00462558960957174,0.003486692585338942,0.00018709313000190957,0.014515303241784565,0.0513170678277732
neuron_1830_count,0.046929173662607127,0.006496941499271797,0.009471297858540825,0.006131861681672936,0.0013300238299829951,0.0009124016686290273,0.022454668537351993,0.0008321778280551452,0.03884562036140382,0.08307893415965434
neuron_1831_count,0.060274355603669935,0.002147447562877533,0.007523548274308692,0.002254736425798237,0.00047145183946130636,0.007382944234316048,0.005374441210976001,0.0021879825247217736,0.021308020406385048,0.09212362397499707
neuron_1832_count,0.012121243483790692,0.00858143588995642,0.006910806160006097,0.005647724047277439,0.0023227108821359393,0.0019199234080781516,0.01323237062685216,0.002036090969415462,0.025043766319453112,0.04717111595090978
neuron_1833_count,0.002710952429999195,0.06724708802301388,0.003641911133125744,0.016163978039849522,0.005728477093157568,0.003457419377268227,0.0029360842838255,0.0005487538942549157,0.022927524261442206,0.03186222286017548
neuron_1834_count,0.09395705135101369,0.005972925727625752,0.0027957618403817337,0.006595028130129403,0.0022639829160050785,0.003435642727389252,0.008146124544285493,0.0035699168786888884,0.01961361802309449,0.04848282236809054
neuron_1835_count,0.022860065999450466,0.002829740510532232,0.00031852925005912934,0.015108025274177664,0.0022125526594611936,0.0006557866493346748,0.005636973778348937,0.0011159563637022016,0.01795541866046263,0.02003890896635621
neuron_1836_count,0.034867498275559974,0.002827694906334652,0.007043590982138158,0.018423625167838895,0.004481230472832394,0.0019217025959810743,0.0029825388121794937,0.0019452746517882764,0.01936171418825794,0.023502541086348624
neuron_1837_count,0.00830066629774985,0.03315286340153206,0.002883043897810987,0.015161853118942206,0.001159996156162607,0.0032672022673665424,0.06011322330595387,0.011381156709264428,0.020970771351381992,0.012207922276874894
neuron_1838_count,2.371530725460728e-05,0.036077035486972386,0.0006532712543905715,0.020295853066729708,0.00022913237090581035,0.00041366149335402697,0.03628325325347376,0.00022986431293378455,0.02076213753846208,0.0025818165892391373
neuron_1839_count,0.00427874807299123,0.01704906461335684,0.00043073941769642375,0.03774722590953422,0.02685285470451272,0.002444032060492256,0.07824888947657455,0.009359836601874616,0.016560928060944516,0.0015594642880783494
neuron_1840_count,0.0004052569422226763,0.02870378725425539,0.0022140758305328884,0.02119997798329748,0.003047049200856248,0.00036404000554351394,0.05583275329268336,0.006333305365846885,0.0170154003763119,0.0023327235487444163
neuron_1841_count,0.048596783982426145,0.02827552451611877,0.00027169869110719655,0.019399413993150455,0.02045225168082057,0.0006560874647291957,0.1254532194191607,0.014794327429375434,0.01752052787968432,7.680026424948527e-05
neuron_1842_count,0.04439556341906714,0.020485299978992122,0.005771189643837833,0.01485701513399415,0.011410086959394633,7.967020452307198e-05,0.07073795457092028,0.0008717890529869876,0.014617378595739583,0.0037117823321630855
neuron_1843_count,0.01956212194673633,0.009989187824588103,0.007268016384067988,0.016489325049281287,0.010013807493337301,0.0011104029959073843,0.12621020202547562,0.007479653940030459,0.01836954184552525,0.0006372123085068536
neuron_1844_count,0.0070627619253241375,0.06089687069013003,0.009585638330082913,0.013271987124929552,0.001711042228784078,0.013433981281659152,0.17494882288932587,0.03292343765386613,0.03559082903652047,0.004455697467151493
neuron_1845_count,0.07342227658548928,0.0018983004017691513,0.00040330861489680514,0.002447858366504265,0.02129619849296456,8.59005158693497e-06,0.08046857118985763,0.0006875350981019668,0.01163755982111181,0.002210905137530965
neuron_1846_count,0.000958053581000512,0.1438329057543196,0.00011186297843211821,0.001562163090027189,0.06110640068618569,0.0029146497980186044,0.0004998357357710089,0.011659721651262438,0.016564465634413675,0.007537161378119099
neuron_1847_count,0.01051425016099096,0.020091041621029884,0.0024345463673884626,0.00094616807830002,0.0012974156846223966,0.026681676760184292,0.05475685520049774,0.002362860525206272,0.0014121981705280204,0.0009486320617947269
neuron_1848_count,0.02097023567970857,0.0038752208214643605,0.006736210707291898,0.006061299032527813,0.002023282111626473,0.01372070714464138,0.04192411233854053,0.000982496887544546,0.00409497610414937,0.0008883153529134838
neuron_1849_count,0.02921463241977433,0.032985639202923744,4.069543850457715e-05,0.0039248728540071005,0.0002845801116766978,0.013574700068852336,0.0771756563420157,0.0020371365506381836,0.003356592859297327,0.0022521867970990185
neuron_1850_count,0.08007148195309685,0.0011764480907171283,0.000980835546760546,0.0009984390511336618,0.0016335843207528587,0.005702895734693507,0.036091130357494186,0.006018870554046096,0.0002344839665389519,0.003033330712738265
neuron_1851_count,0.10019760862103783,0.012525899935000029,8.188471674718152e-05,0.001386997940312138,0.0006639238751590705,0.01198137021080764,0.055953156201336895,0.000906226352345444,0.00031501373372840903,0.003143610251798566
neuron_1852_count,0.07066654689773019,0.040897313306331645,0.000264440265636938,0.003197036092838036,0.00013258391646456345,0.025251801873255597,0.015539456819410366,0.0037112610642109703,0.004015813736662752,0.00699253498480755
neuron_1853_count,0.030282731573364766,0.03377108280626054,3.515263856228388e-05,0.00039584319640559654,0.0028082619940473508,0.04565743571981473,0.07906486669614705,0.0011858228283711237,0.006547721449970033,0.0011445379482819939
neuron_1854_count,0.1583808774363582,0.09841810239498339,0.0022297273041626195,0.002142411729646479,0.019129877253966532,0.0177928917179542,0.24852762441701137,0.014055279113226293,0.03763615871241868,0.0017674994673367445
neuron_1855_count,0.1489599697037687,0.11073932524219612,0.0054668814400383355,0.00858389739461261,0.04545594019951524,0.05176845832354425,0.0592106356882742,0.0213092057507258,0.019680831228171006,0.0015744684869375865
neuron_1856_count,0.050170772255238055,0.8176360269926846,0.005919292496487698,0.006126646119522933,0.07157314637216408,0.02205479392225755,0.019318309987979523,0.005467736466082847,0.022613428251827578,0.021915576739845233
neuron_1857_count,0.0875829799945989,0.8964298963164762,0.01611836079918512,0.024776378703298386,0.08021769955927296,0.027584011145309874,0.02840210333980832,0.005625303969984844,0.03851875527058182,0.02570477974619096
neuron_1858_count,0.08704451829945253,0.9259712939103566,0.01836357730356339,0.022494641461094825,0.08141856724486306,0.03343220413952569,0.03766239308171628,0.0032229819494763064,0.04634886777689327,0.02829688556862659
neuron_1859_count,0.1158981163538294,0.29257003103091256,0.04920427304576508,0.06452717892279423,0.0019967903708451064,0.022691563300094947,0.027015871888455167,0.012330309698273846,0.0877334777709587,0.01985771294993177
neuron_1860_count,0.04992403237731055,0.6256791061122027,0.026434109378448097,0.019061185920773428,0.057422991517340344,0.030642540187268058,0.026819819291484952,0.005034600377424349,0.04334557816930523,0.019325978321798123
neuron_1861_count,0.020544375256845743,0.6016338591077067,0.030446852642721456,0.04118511293152063,0.035229098066584606,0.030402455954926605,0.02956584610036346,0.005733527063349692,0.06389456391721955,0.04515467264656477
neuron_1862_count,0.010370051104625577,0.8746137842748744,0.03192980453610708,0.03652788902037337,0.06374861784098176,0.035135828583120934,0.0338445272212523,0.015465678779511098,0.0655056125630823,0.046131249734551794
neuron_1863_count,0.11923237118374636,0.2528031748216798,0.02816231096607924,0.05986943182439766,0.0020029462466053215,0.022816947473152632,0.024572528955847148,0.0020306359258440623,0.06424568180393113,0.024131071416937322
neuron_1864_count,0.19654936170195986,0.050473948162542234,0.036297198610178896,0.05749661884129971,0.007527544541194831,0.010633823768644843,0.013672040881814167,0.022240159557454675,0.06915220264907226,0.011524287351934212
neuron_1865_count,0.12339574939149667,0.18854050368572955,0.034565316742153365,0.0386074117108125,0.004406929421997798,0.012937339075780166,0.021098855641154664,0.0017941101344536832,0.052297580562348345,0.022921368079010344
neuron_1866_count,0.1547883147486615,0.08845880204937728,0.04879448205244344,0.02791641892195927,0.0012165595343367225,0.003225213899981233,0.01282674867219194,0.001696394605582574,0.03555445784882204,0.009575172612424
neuron_1867_count,0.12304203519229423,0.020426060840780077,0.032896073173404795,0.018374782240589055,0.0008895479940106733,0.001078104857905016,0.005505515619417742,0.001400728435817791,0.01770725259065599,0.002929587725929838
neuron_1868_count,0.09253265286789383,0.33333871045590596,0.017252891309996854,0.04315050448112803,0.00497562291225849,0.010907483422790971,0.009776426617272453,0.01463386530877138,0.047624635262103907,0.030617714311819644
neuron_1869_count,0.18320646993366857,0.07238117670139042,0.027562678463609117,0.02839918092998457,0.025029343020714495,0.0047638533366642435,0.0019221531787533708,0.0005381229208627596,0.016948050158417598,0.0017841230778507678
neuron_1870_count,0.21142881038242511,0.04110144094363205,0.025765489021477767,0.03488698850238828,0.017994129358456068,0.0011471763341951435,0.0010120031370223215,3.571840756704751e-05,0.013989748058491583,0.001304580343054437
neuron_1871_count,0.1570775155764774,0.05728896648085688,0.016264167998147165,0.020152912403332182,0.013843824446348092,0.0005864277538151601,9.557490255883365e-05,0.0010003451049719857,0.021834889681140383,0.0014118172671260393
neuron_1872_count,0.18022637880249917,0.05725162188322576,0.012898361762065318,0.024439646151593705,0.0023439278005818465,0.000312267921579356,0.000194017856119404,0.0031878298852880543,0.0089844787683757,0.002314313198726131
neuron_1873_count,0.14452363888266836,0.05027613533700642,0.026086150720887213,0.018622239795849052,0.006402539254157007,0.0039062285798080396,0.00036082524408913644,0.0004821501051933408,0.008159096265960515,0.0008239773541496298
neuron_1874_count,0.14321627305103174,0.018295038917862876,0.010569810436214133,0.024455937274068612,0.0013248849883670914,1.3765434989210668e-05,0.0006716483695151983,0.006100882143318331,0.014749205891340017,0.011538308517502788
neuron_1875_count,0.04952701202320514,0.018010054206258994,0.006407594993067076,0.007115073239918723,0.0018554551318654341,0.002316144346601493,0.0022973436049665216,6.134039264240297e-05,0.0003550876142681611,0.0016560661954762058
neuron_1876_count,0.036664044139955984,0.0014798877572943271,0.011415502036357252,0.024675590085443178,0.0034743825324028534,0.0015556031458399157,0.00845386133357745,0.014616652518779062,0.0008625135553008059,0.002848795810247171
neuron_1877_count,0.07727097296961924,0.024731447884583577,0.029865665758628063,0.006826478716973165,0.0008123949984476953,0.009450508506761893,0.00041547416088580456,5.009613619074479e-05,0.0002611664389760727,0.0030534328688737525
neuron_1878_count,0.07729551444076721,0.030516959298878057,0.013773699007618281,0.025235469230742505,0.004204075741390035,0.0032350439757958607,0.005721050622335459,0.002815417142290451,0.0010390213785731713,0.008516132993848975
neuron_1879_count,0.030378746032635767,0.005764524217404608,0.019785186760875415,0.012253260989191966,0.0002548292864569292,0.006024753844829325,0.006254630758442431,0.01590130035595197,0.0007823680951126403,0.00528923670792774
neuron_1880_count,0.011438228633711307,0.01786484535983448,0.014140480021674909,0.00405327822704124,0.00533532082988377,0.003537490534691372,0.0023907710497529065,0.0024205315831879286,0.002494244837792689,0.014244304648548832
neuron_1881_count,0.004879267766678449,0.013575800797903236,0.02255803236591887,0.0068410787894854705,0.002842004207880269,8.604430445268113e-05,0.0008259965635797808,0.00024292000718492712,0.002827054049522243,0.023848170910473282
neuron_1882_count,0.008280398872846241,0.005479033674282499,0.021011010116186495,0.004831616888782794,0.0049848409650114014,0.00047238954588355985,0.006143848438910159,0.007491604725811139,0.0005083568417436884,0.033610917557393455
neuron_1883_count,0.00202671256081164,0.025809981545887303,0.0006715974087573582,0.011513202348921094,0.0008154324694693658,0.0015558636434865863,0.003318883425475979,0.015166713065877108,0.0038378279121146983,0.00744357739022786
neuron_1884_count,0.007825571677470354,0.017797091191730285,0.023916158742346816,0.003950648075725004,0.0002120458844699939,0.00022072960002952197,0.00023874644130218552,0.002186532150426638,0.0003836348743097469,0.031444077908021326
neuron_1885_count,0.01286711378990972,0.020704215593879485,0.014789132407838697,0.0027470754528386397,0.0011288000028068686,0.00014364414101387685,0.00029706504874958163,0.0020830955822106235,0.0038459311204289415,0.022410774220223903
neuron_1886_count,0.017913093156746773,0.0005151618205605848,0.021831132831878125,0.010764846227819279,0.00795566969673107,0.0003880797469323228,0.0075163088181427196,0.0027135560849927826,0.0052860073408187574,0.041184764935619955
neuron_1887_count,0.0063629149136788035,0.0015139291825671808,0.014188005170581539,9.944315149305752e-06,0.00010029379180995701,0.0006444342029204514,0.0006157473699615525,0.004160161038943858,0.004574659290244774,0.038736251097498134
neuron_1888_count,0.013838010908340524,0.010183047349958299,0.002497597467519065,0.005681184014919445,0.00035699289172310745,0.0025298667734428397,0.0013076385160257422,0.0033757733279083527,0.008037958311727638,0.030828006673939007
neuron_1889_count,0.010607541445817256,0.007767166642189186,0.014443382741349785,0.002207413085708758,0.00018689029571469958,0.0031624977712782915,0.004009425728739257,0.00492849253558298,0.01139453609061412,0.038870101367222534
neuron_1890_count,0.00561853563924743,0.004709032126428078,0.001747180623435502,0.003828104493871557,0.00034357714348177623,0.002362006995353775,5.633917850376936e-05,0.009745880987126768,0.00718004520653279,0.03176915272101376
neuron_1891_count,0.020698620563362878,0.003926203160159953,0.00880830049166911,0.004582479673138495,0.001757795275942618,0.0016981003199979961,0.00179374107582163,0.0013453305820676428,0.012320432813049925,0.050048482053874147
neuron_1892_count,0.048406313349164794,0.012991581564997606,0.01665390173503877,0.0069848041277461945,0.0008256645166707065,0.001251654426944731,6.261565698841855e-05,0.004230009324294777,0.015353309847807164,0.07773019791827007
neuron_1893_count,0.00020793113363396822,0.07681699058403671,0.00012858008040407022,0.0033719518980174362,0.001208104372127542,0.001773801316306424,0.00025192205205818493,0.0002312503174828305,0.02074521433679359,0.009963663812148763
neuron_1894_count,9.301400210530984e-05,0.06035833779578936,0.003932565628765879,0.016985718641999922,0.008139862307952536,0.005724997615532364,0.010055819042975783,0.0028413040116504404,0.020378425684005455,0.00985290010139725
neuron_1895_count,0.01650342284450074,0.007921683794061237,0.004967899402132058,0.0025422738196779343,0.0001239128763067007,0.0014134364159257007,0.001985039271833153,0.000802853825622429,0.012372158003351955,0.056567551503113975
neuron_1896_count,0.01409361915852618,0.0033404742661328132,0.011877059344700083,0.001778645022651783,5.19294153563301e-05,0.0019387027594956622,0.005854409675484652,0.0028284118477234707,0.009362442776430772,0.06558378826770714
neuron_1897_count,0.0005922293841168214,0.02961590306029377,0.004058276213979736,0.006298436904311172,0.002995405018331003,0.0032373820623428015,0.0048062401103429395,0.0005376926199201753,0.019949976925195984,0.01996597711180835
neuron_1898_count,0.001157577091168165,0.045019160298877606,0.0003246630181441921,0.010620542382249534,0.002895238408089286,0.0005008750820888093,0.002818897940057692,0.0017519911361540963,0.01969601340194921,0.012028571024664786
neuron_1899_count,0.01513604321147076,0.0021356201995445245,0.0006275024259723185,0.013042821077832709,0.006829758554949314,0.0007525189065993761,0.02551085561697565,8.176033770261365e-05,0.028757468383062895,0.012271811114182386
neuron_1900_count,0.02476931715480997,0.0004401717268355948,0.002488684383083292,0.008150100250136988,0.009922662466672463,0.008282463298919053,0.031761739222303936,0.011619902772068577,0.024586296693653045,0.028691679270273773
neuron_1901_count,0.0014268236548285428,0.06438620607659049,0.000766636627062561,0.01381505187236072,0.0014998052830486712,0.00012834435578146664,0.03096407641449049,0.009589101043706916,0.025768800407201878,0.019503868621176826
neuron_1902_count,0.00020374732588777401,0.03242985474887049,0.0008315682147553467,0.015693044767144212,0.008885674911411429,0.0005111807597725088,0.02510445079897332,0.003713591801098863,0.016965605218064173,0.0057454729001134505
neuron_1903_count,0.0039964836473297925,0.05068883601864291,0.0016606032148158388,0.024388263194053003,0.0010068931521326936,0.0006300409511160853,0.05405367801915979,0.00940432174053596,0.015807502979302432,0.001525957537570304
neuron_1904_count,0.0031792682508814916,0.04640596486709864,0.0004895077238540289,0.024832812805035673,0.00269087677808888,0.0003435310201370797,0.08710392127007349,0.010267466739130107,0.03982073336938291,0.009209625204472494
neuron_1905_count,0.012624482003739113,0.06380949540606577,0.0010465653800918809,0.01794268226116666,0.00030397836887539366,6.493016656581381e-06,0.06094219920732581,0.004231740977883654,0.01582084307732534,0.002539577911530033
neuron_1906_count,0.0048169518232604805,0.03517995004209529,0.0036994007744142188,0.026799522868673473,0.00025356499510544896,0.00024883464757698235,0.13264994665823335,0.005331781869827537,0.03516938171746645,0.0010716873030103225
neuron_1907_count,0.0033668347218872366,0.0025343681435663623,0.0004118276450197165,0.02454246611313529,0.0020242279557627363,0.0010624749021717079,0.08117158148174167,0.003385635664152814,0.014551595574938694,0.005331991340478598
neuron_1908_count,0.019752482366351576,0.0761678733598837,0.005799547217019321,0.016321445279188315,0.0031003493169719162,0.0013708875549621607,0.08362795711963975,0.013612477555020444,0.024212722279274318,0.002919689345232901
neuron_1909_count,0.0018437058914131978,0.024017960009698497,0.0003676191396518757,0.009178207445391176,0.008424607909799,0.018010427189028413,0.05250974615008418,0.0024588388435034074,0.005929066267059739,0.0002689207098413239
neuron_1910_count,0.011620472360325526,0.04798113152794374,0.006420001478190759,0.008046857616557539,0.003267175601354748,0.019209466147506626,0.06524162794538235,0.01435365490795927,0.017343461145327407,0.00042435050133178066
neuron_1911_count,0.048945378490091895,0.04504223726279474,0.007086198717205484,0.0037915816555445445,0.00019859721825655693,0.025530100636396005,0.05254295546119224,0.012975540901781768,0.007198987469967874,0.00026940657230261397
neuron_1912_count,0.04666351538386948,0.030926073927370304,2.613933623733496e-06,0.005767125719457262,0.005466826419733312,0.01826083628363643,0.053379895363924804,0.003035440323696313,0.0022908532266075823,0.004272454578095816
neuron_1913_count,0.013914880128555213,0.03586601502341516,0.0006371826551838898,0.0009830632231418984,0.0026355099647138447,0.030289683157768622,0.013640382660207125,0.0020990821734886717,0.0002030378423370497,0.0015632110576435446
neuron_1914_count,0.13785481938785416,0.039914058067357455,0.0009881064350814768,0.000827419067649264,0.0048211318350440124,0.0030557910996159704,0.1262358986945766,0.002472863930295173,0.012725382031049712,0.0017200970556579473
neuron_1915_count,0.012222683842587834,0.22926712221682308,0.004752696602909216,0.002226034932020421,0.030394789996604013,0.014039285108861724,0.005904736073223234,0.02109306966325336,0.016177873662831216,0.003456173193988367
neuron_1916_count,0.2227821677284293,0.03232130800282705,0.0012696966823248189,0.003167975849390447,0.005140739866838918,0.011246321605779597,0.0763997670616088,0.0004577901542186834,0.002761416126094554,0.005423354268873394
neuron_1917_count,0.21805185574688818,0.004025756528432851,0.00042578577572223875,0.002348013296129048,0.0003848905937252761,0.024637224491668525,0.0271875474476259,0.004842404849727706,0.0024400649934264926,0.008006131372009784
neuron_1918_count,0.20486308241943366,0.13417248411792299,0.0037685062438663763,0.0047179186685436456,0.03174656941189166,0.028734510717348033,0.012354747268064015,0.0028066546242310197,0.00116898723466596,0.003993021435138702
neuron_1919_count,0.25394378588953365,0.0607459892543846,0.007307631410151318,0.02233656164745744,0.007588082646808637,0.02900772765187598,0.08523770793482333,0.0027879934912743154,0.009951745668767276,0.004014559619941913
neuron_1920_count,0.06950642330785504,0.8046700941992252,0.02410188487687543,0.015454342230425806,0.056687228363900874,0.032934064780892607,0.03570700604798032,0.001369820831141376,0.04675963442596501,0.02495647161822366
neuron_1921_count,0.018011753271279414,0.7795193171520074,0.02193537353294893,0.03399620988681543,0.04836133411504118,0.03880037095248158,0.036453995288393465,0.0171304282715136,0.05832122213244814,0.036158865546282774
neuron_1922_count,0.11751561987920581,0.9767264863559881,0.022940255430515526,0.02931202529295622,0.09457784663100682,0.04030843035976297,0.0367692841505111,0.011039639720021931,0.05664250655796946,0.040161392184781104
neuron_1923_count,0.22933798226750707,0.052261225324332,0.05987808998895762,0.06982305442996493,0.0092935991283581,0.006594309985214857,0.010973014913580138,0.012491371698128743,0.07421598568809037,0.010889397774058354
neuron_1924_count,0.0013827083148604696,0.7484437998854647,0.04737774545233745,0.03294481897472333,0.04800536114568198,0.034170920414851536,0.039688502706784014,0.005281169088409114,0.058657863155316195,0.034968782088655934
neuron_1925_count,0.011521601360009348,0.5987802432324134,0.055361126728944055,0.026650167223126228,0.019723304776470413,0.019398803020589356,0.03134645117719789,0.015104511944351334,0.05552844570671142,0.01669233360838901
neuron_1926_count,0.017972849660289975,0.40506953972800686,0.020393576197671397,0.038323956252719504,0.01321466281441254,0.02954326959764972,0.01868152017001705,0.0060925288920961225,0.04657706830991294,0.03253004280429603
neuron_1927_count,0.024499453120307296,0.5227477173318953,0.0348742056680235,0.043412809579774975,0.012145149517844608,0.03434450629820994,0.029916154041111295,0.003227844617852787,0.07151073441431313,0.023774598318038173
neuron_1928_count,0.14886706685060586,0.20959180912316164,0.05073527538845604,0.057609680073549,0.0054043752061787905,0.012008384478551105,0.01627709836948755,0.0015412261589293694,0.07827923048288314,0.018744176957199626
neuron_1929_count,0.2711392588931785,0.05114123253650378,0.01684820474101581,0.07837023846741058,0.017057512078436067,0.009818980719190226,0.007732397210215007,0.01825193702486292,0.05336649392308804,0.01348965237604225
neuron_1930_count,0.18538833985679554,0.012464056096430578,0.029268434246771946,0.027704518295241398,0.005172626041047184,0.0009205659761718603,0.006167551542991548,0.0037082365217436172,0.02615143577262225,0.008427443477331889
neuron_1931_count,0.19274036242290968,0.013163723937903327,0.0546020386074264,0.03186240343719494,0.008179419340684845,0.0023604058726082924,0.004734762934379681,0.0009738955470139725,0.03557679987918675,0.012628227808784809
neuron_1932_count,0.18761461372378418,0.052992124921517364,0.027744267619645463,0.04710840663727538,0.0327419098179524,0.0020664916928170157,0.00544658630202912,0.00018538572545230472,0.022837733349252584,0.0028986715801636864
neuron_1933_count,0.11646194874687327,0.20159051692065744,0.042941510963927634,0.037948164333078044,0.0013102189430583971,0.006827726129652718,0.01437102263718354,0.001181488461507103,0.03307512618717927,0.017230004531152615
neuron_1934_count,0.19446354739330995,0.012351018755388323,0.010260959237146997,0.045845150796948925,0.01617489302343135,0.0002906467594849405,0.0018690623435139095,0.013442541460461616,0.012477694492418687,0.007556487326059624
neuron_1935_count,0.1319704659504039,0.08666006665569327,0.025632373846670803,0.018703999439272763,0.012402437982111263,0.0049968750208098725,0.0011424009779909573,0.0031248607203632484,0.01086396594906696,0.004483286320266525
neuron_1936_count,0.16719612152771016,0.10069584328419892,0.02789233481231833,0.02036330957073952,0.020913027994544302,0.008384701625660712,0.005708186190445878,0.0023254844149864923,0.010035236912123442,0.0038764377281422097
neuron_1937_count,0.12026671056261118,0.010638818555292723,0.0015341685394037342,0.025617951928778332,0.0008854525505539628,0.00019252376674906268,0.001865138507927697,0.0068989812941804216,0.0015639820152142138,0.006087806167873723
neuron_1938_count,0.1195521240176041,0.009039244089825767,0.01539564612463265,0.02098755822046655,0.002133907464704772,0.0013213068124173465,0.0007235195730695089,0.0023682392547079607,0.0023863984435689156,0.003767068011758884
neuron_1939_count,0.04975924886005076,0.00970668686265562,0.007222994211428271,0.014273725017366644,0.0026414719579816136,0.0033423678493748957,0.0057324605016114,0.01621080489345652,0.0014019278585693101,0.0030729520629944294
neuron_1940_count,0.0723439299178158,0.03745642722065512,0.019181316982601726,0.014708601387441081,0.0013159753172174889,0.0048498673395273376,0.003440531712023652,0.0018353991544813215,9.467955545620736e-05,0.008362584476799773
neuron_1941_count,0.08386233801657011,0.03574188780260806,0.03995223084124952,0.012696223923106001,0.004702852576357285,0.011311751782428006,0.003944798650265376,0.003594543348004048,0.0019617005781958907,0.01569660663548235
neuron_1942_count,0.055739544215373665,0.008641623854868018,0.026986489561972304,0.031985907894661034,0.010733709639166485,0.002912253682365161,0.007616589094591231,0.002461136377071925,0.0019040826320869605,0.010659100840262822
neuron_1943_count,0.0342780671668413,0.001245045334805954,0.01647820783894268,0.017128293172562724,0.0042483401663201865,0.0013451935330847722,0.009060191667598624,0.020649903687613227,0.002018091550724783,0.006245189195958227
neuron_1944_count,0.006623959443823957,0.022462702834319934,0.0042538207408370585,0.010510115266734246,0.005400410766643649,0.0013462576023961174,0.0014517668149349947,0.005756030500964614,0.0005386674709663879,0.010899569758307458
neuron_1945_count,0.005216256414093897,0.00738430570596213,0.027090408364405565,0.004161264108838256,0.005789796990469297,0.0037362217502669853,0.002432754000583001,0.0017227863831765604,0.0007610299529203744,0.01312968361016259
neuron_1946_count,0.003921836486510146,0.022557344933080398,0.007515853732483738,0.011246693335401261,0.0010198928684874119,0.0009371182435199306,0.007717332139562775,0.014139670605421286,0.004912401236255588,0.014968851477240478
neuron_1947_count,0.004861649703836825,0.027325610505358505,0.0023125473078668118,0.006273092578150556,0.0008755530172066851,0.0007172293099400578,0.006405149434889401,0.01030237618403992,0.0036764113063328077,0.011179688010564626
neuron_1948_count,0.005026001710709372,0.03514238050937751,0.008009736719752228,0.0071743070362185225,0.0004289033499837542,0.002718490471740595,0.0016401400566040392,0.0017402861900848877,0.003590104806114722,0.015527324262445664
neuron_1949_count,0.003743105848761516,0.0460779063578048,0.0007743373036578176,0.004389664459036994,0.004307211341457628,0.0025978430883284685,0.0008439814033762002,0.012471766557427495,0.0011937011386023112,0.0037915203439457847
neuron_1950_count,0.012355488422238964,0.04678485117030701,0.000401333995125484,0.00850587217463349,0.005276798033053393,0.003563982775997041,0.002173009200675511,0.010751343966064811,0.008788258818409396,0.005088091130816454
neuron_1951_count,0.010342506278072516,0.012294292582405681,0.014370031061519854,0.002590199420984759,4.6630920329220906e-05,0.004314691377263477,0.0014270709692408975,0.002124396744750477,0.010378357908292103,0.03178062198980751
neuron_1952_count,0.0020921914091954,0.024730205133392948,0.006144938628865525,0.009789754602110443,0.0014548532024631154,0.0016426824107951352,0.00213580269567786,0.006516948818701518,0.0017978192263126654,0.02826971636188142
neuron_1953_count,0.016389034308744943,0.002693254898725782,0.004426715509958762,0.007830561263925704,0.002625059816532535,0.0019636743999455666,0.0003112161825877865,0.002655668520342545,0.0083091488232876,0.03808290612408714
neuron_1954_count,0.022338811911719998,0.0031853097513470296,0.000754164947661163,0.0052593119981948384,0.00211943763701556,0.00262076638527688,0.002888290463712695,0.003961787185036016,0.009453741267628983,0.03453553923106001
neuron_1955_count,0.03775425041661187,0.00976359085643562,0.009334500352396378,0.001470996053598763,0.0017376450182874405,0.0005794645561056702,0.00294707757362396,0.001090465941958536,0.0161455230213432,0.030596758861605455
neuron_1956_count,0.010079487158453915,0.019487675865206493,0.003199977453201216,0.002501748930097152,0.0007483542362455003,0.0017576789214611612,7.0682771172544034e-06,0.0024242564867856652,0.009720274413163121,0.03702971772361041
neuron_1957_count,0.027175007796393712,0.005124949948546443,0.0008007558702205295,0.0021078129194351206,0.0005982116707633138,0.002842757991578411,0.0009470097078301083,0.0012184059391849456,0.017066315710476895,0.03334212869403577
neuron_1958_count,0.003534849803197189,0.003645353102027661,0.02357583400246127,0.0030262806062487796,0.0028052833458251172,0.00029291757837601046,0.004261886242833857,0.00020920867499351573,0.007877778977642226,0.051112566387602226
neuron_1959_count,0.029460445603226734,0.0056830909599418986,0.004586786805178808,0.004809822660918658,0.0016744645728567313,0.001234126044499205,0.015353353326869185,0.0009153074376650437,0.026141504194865786,0.04380924769531147
neuron_1960_count,0.04604504247479381,0.012609227434660072,0.010303151650800604,0.001586784301615093,0.0006298611546234883,0.0030746593263876014,0.0022868649154500226,0.0033306447123215566,0.01568584185108291,0.08191075116587396
neuron_1961_count,0.01017792457359331,0.010087697968906587,0.0013701405492937378,0.000669262280622137,0.0010343897059139164,0.0005066303542872966,0.003255021945645791,0.0018151932321034472,0.020381147689317786,0.0355876420224725
neuron_1962_count,0.01277848238928736,0.0001064785208916199,0.0008286632726793551,0.0018543110739077037,0.0023758309120614426,0.0009604984747314943,0.02411359402467464,2.0852060806640562e-05,0.022288300939768857,0.02413472642133442
neuron_1963_count,0.05348225720301586,0.009825814814272464,0.00037113292919522785,0.0027233388019310967,0.0018644444918850178,0.009744014292359743,0.02027636038016059,0.007823842186533286,0.02964070695069977,0.0441823917472203
neuron_1964_count,0.04794023621198354,0.0007362996078333654,0.00014155318375332125,0.009500676960458858,0.002223596985394546,0.0011155629738808723,0.037308432125799526,0.0003886117699569234,0.02448335342308197,0.020303643079137637
neuron_1965_count,0.002094605540816488,0.07803612569752745,0.0009325348840475874,0.01176053003071148,4.567542860581318e-05,0.0007564232465052563,0.008934907842899242,0.005018273694670332,0.013630183572889615,0.0043682674145097584
neuron_1966_count,4.421644690807394e-05,0.022573982234209977,4.0111725409614114e-05,0.034549666357901965,0.00948005510742983,0.0016362451571464535,0.06142862824740025,0.00242913156164435,0.022103889069448546,0.003858012578072799
neuron_1967_count,0.01050054339983758,0.046494205041313824,0.003630464231791211,0.03156685688132252,0.00020981790973207542,0.002763804848272794,0.0893110973410571,0.0021195077495123824,0.021603113948511082,0.0014030597522359783
neuron_1968_count,0.03347563685203292,0.05834739333796454,0.0009389429234661351,0.015509025105784377,0.0013008905607823223,0.002110452600646927,0.0627612194141776,0.010480657475141889,0.014589082530365519,0.002754550084952385
neuron_1969_count,0.007358845133470543,0.058191134382054144,0.0014188244723566598,0.02232199761740096,0.0007656861995922852,0.0005939221229479437,0.06989903307819095,0.016803212043184496,0.01443080663289563,0.002933188264641458
neuron_1970_count,0.016186011807831455,0.0794892471335461,0.0027072271957076163,0.01552200560542176,0.00020974108925017262,0.0034457044362288664,0.12151799489166362,0.02230185184264559,0.025504085288544864,0.005042054836465713
neuron_1971_count,0.024434490023765965,0.03613509684952754,0.003536376403914389,0.01092519862184152,0.0016073581324262814,0.010822010992859052,0.1044845909053578,0.01750399908340712,0.017508146651925335,0.0033026350187285655
neuron_1972_count,0.004326116323400533,0.0018596805848871863,0.00586077535186031,0.01850505630730878,0.0009129847840667268,0.006980040863074674,0.10080229489414452,0.011617366362478052,0.015980164631770155,0.001717868189254363
neuron_1973_count,0.005375776159434506,0.01617422107300566,0.0026605045144354744,0.015155110410037531,0.016491401284354307,0.0004919822313052997,0.05424090363979392,0.0013088110927185273,0.008166013705773731,0.0004808314383014595
neuron_1974_count,0.010179228671891305,0.0021836989676632217,0.0015770415478237633,0.006900961296958906,0.0011282030231062196,0.002496288535115597,0.06987929642409377,5.172605742882622e-06,0.012714658886654504,0.0034634694441225203
neuron_1975_count,0.012268783753093024,0.04810439667510097,0.0007953939157825853,0.0014225697331524524,0.009428436480271682,0.01956817906301768,0.06212959978237681,0.0094437086195681,0.0006475911237491506,0.0005312195098695072
neuron_1976_count,0.010823663606650505,0.028177382071282245,0.0072391141462251896,0.011715366527984078,0.0068534443110001425,0.015088850814241495,0.1465561174728484,0.006401377758365807,0.029870797155944928,0.0018650614006632728
neuron_1977_count,0.06696576140110974,0.016073200828530393,0.0017020545494818504,0.00364692257000801,0.002261072396690704,0.002945097131651378,0.07116673224777259,0.0014914167196412934,0.0007985171302707754,0.0007597682805276437
neuron_1978_count,0.11318016359407637,0.018570416530268335,0.002558405151794646,0.0013587021057815136,0.0005667622848859327,0.01606556636731124,0.12170176472335115,0.00368456813208139,0.011972120899939431,0.004081758630407689
neuron_1979_count,0.11055073684635788,0.00031208924473840986,6.045783058675983e-05,0.0018664532434496742,0.0004952294703024253,0.013041743687495999,0.11738282538782066,0.0005781350042927504,0.011030457465232499,0.002039364672532358
neuron_1980_count,0.11788609213700937,0.12252575043424795,0.0037016319033657194,0.000564182861323247,0.03231542229917149,0.03497680843781438,0.022008112161468002,0.004345619274802065,0.008285472839714189,0.0031225868121269353
neuron_1981_count,0.18567802815286283,0.06269425441461524,0.0034897414045408637,0.002262517846084885,0.0010832958059912717,0.0600840517814738,0.05978925525746526,0.005318736570844425,0.011021600748447657,0.0007695777779866515
neuron_1982_count,0.3323032491781238,0.1821445674571926,0.004112363440111656,0.01280378332659806,0.028794703932297633,0.05730054274681494,0.005106616043773278,0.007405290967488147,9.998079830899394e-05,0.006050727788979929
neuron_1983_count,0.11948947309925441,0.04100487141292826,0.0007956790436326171,0.006474815973634772,0.009633657478050318,0.03783269302810538,0.033662485387604996,0.0006046704314261291,0.013452006229900393,0.011703527674956155
neuron_1984_count,0.030559028375976627,0.23430356701867885,0.0061526556605584065,0.03414301271915262,0.007470490478392017,0.01768490030468617,0.010668471982032343,0.0062988283881525164,0.06748144567851466,0.025413172964376216
neuron_1985_count,0.025849357856924035,0.537989768835683,0.027250352847993445,0.05281885968494107,0.014015539387951761,0.035428552625475146,0.03334804368956247,0.00721300795740594,0.08965488235711759,0.031460390298860524
neuron_1986_count,0.026328074269968346,0.6752883722454299,0.03481813135653106,0.05354044698334004,0.023407183514649765,0.03954928931294868,0.02234211347303354,0.001559149833716827,0.07653375772301628,0.0429430871830872
neuron_1987_count,0.05823491709449968,0.24040957231263355,0.019000631990186208,0.0345853312086347,0.001006917069101448,0.017028061364320828,0.012474450745669986,0.003281370868420211,0.045868727250418115,0.024630917702587324
neuron_1988_count,0.012665551083498837,0.9551015098557945,0.025424702921768585,0.020851837867635017,0.06124063173603188,0.04533003421398757,0.038629474735758354,0.013311464259052686,0.06414285804978725,0.03104708359965598
neuron_1989_count,0.001969962455171977,0.6521950323263532,0.03058974627093712,0.01653898956446169,0.03922291287728809,0.01725816595392686,0.018505344046459607,0.00024717956658984117,0.03768258361850731,0.012784900133263957
neuron_1990_count,0.009884571290460047,0.6918325073365386,0.026915877908920756,0.03170857418474226,0.049736966721982225,0.03323473353293131,0.0349719530804604,0.004572860089436047,0.05730207367295149,0.045287750563607225
neuron_1991_count,0.11489619496146372,0.2073995418386724,0.058768751061025644,0.05169314921178105,0.003557359972481921,0.014560822295149538,0.014884600285824813,0.003376408835623798,0.05039665903243201,0.01736673239831342
neuron_1992_count,0.3100061125660125,0.0231088282379429,0.01023323002882235,0.07006178100370583,0.022098560764913282,0.0014303578855403738,0.007182680287577115,0.005982067487534451,0.04879351328564138,0.009755791415153328
neuron_1993_count,0.09619769769019607,0.3561241885159025,0.04089189475831921,0.046168182512844616,0.005745652058448993,0.016790019678629725,0.025830021748406443,0.0008622335500333873,0.056776924084853755,0.021743322781569957
neuron_1994_count,0.21596881477718932,0.06221995138198197,0.02970402530191585,0.05133044282074599,0.008434000999686326,0.0028811892119149154,0.007588700422634764,0.00038655993211160304,0.05781182923262869,0.021551577060159297
neuron_1995_count,0.15509017622961313,0.055171481654713014,0.025173906330258275,0.03386138280784658,0.0024147040228885983,0.003221434428570015,0.006858463003194239,0.006671384778594851,0.017610328459723608,0.01380397421798453
neuron_1996_count,0.19317208110871112,0.0505950084411452,0.03736176685129976,0.03766022536113404,0.0027860787283974734,0.0025351922183572233,0.006787133845118448,0.005339305475341616,0.023873149807579944,0.01615228949623828
neuron_1997_count,0.1811717037727052,0.039141816238309785,0.011915592928134447,0.03941132467479744,0.001605616001775223,0.0008015544567716373,0.003061742347049848,0.018385770458417952,0.014008174495577258,0.025342631176404798
neuron_1998_count,0.18054877519870904,0.009143956976902519,0.004004071682099673,0.04066310083680348,0.00288198818614141,5.307196127855309e-05,0.002778551785818699,0.02278945765969416,0.009568436658586865,0.016517109712973918
neuron_1999_count,0.11930802176995894,0.057797734431773995,0.014066160432940282,0.03371715731840948,0.03537708459791408,0.005043803963739574,0.01809654179215997,0.020123347021916455,0.004568213675129051,0.0035656636903481937
neuron_2000_count,0.23139099875296354,0.056600695270149826,0.00033375039693118655,0.051263984185831335,0.01604620746399439,0.003929138920760265,0.004197905428951328,0.015592460268347402,0.0057300801826174405,0.0035917323079668467
neuron_2001_count,0.05058582726301966,0.02886377266239798,0.0021091322760822782,0.03474961145516259,0.010898179447543361,0.00027360966612206567,0.012606701073709203,0.0025614643684254675,0.0004333811775284607,0.0026178953842966495
neuron_2002_count,0.09421507449635375,0.01982537036375187,0.0006142900487829811,0.0196823962591645,0.0008579524311888298,0.0011475430821940736,0.0001365726258423343,0.0013671932627077957,0.00033961910653677874,0.0032917371590255942
neuron_2003_count,0.0433020229054238,0.003995151763809213,0.003462203282979373,0.03437278098207124,0.018869925439557074,0.001188458408477238,0.01983339033053655,0.026718416749150126,0.002536054868340031,0.004569354675200378
neuron_2004_count,0.04671185263565929,0.004088407012765517,0.010957160455590115,0.03281894899801144,0.010598630523496202,0.0020525514928299952,0.022109142123655376,0.019866615618716596,0.003703192970551168,0.009379938145161427
neuron_2005_count,0.03856047765866035,0.02252138644008246,0.011772718400007688,0.01243573556249241,0.008916574024418006,0.002822602140208527,0.0020506894237571627,0.00030974575216602537,0.0019030451855685734,0.010280703822539145
neuron_2006_count,0.0069406154657871665,0.018496920254493607,0.011731804863008122,0.01820947121571819,0.004666513314517589,0.00036322511476843456,0.0007625518109512187,8.385593846490028e-05,0.0009643427715455106,0.014871390518593347
neuron_2007_count,0.025514263058148565,0.010073981124600475,0.003156140579583619,0.025271160701431233,0.009078452483447765,0.00015531692186717024,0.0071812460456805866,0.004839502856469818,0.0023299524512631273,0.009147856664854133
neuron_2008_count,0.018560479304705335,0.0046585119424127006,0.023174753988628213,0.003655133826019688,0.001973478559320351,0.001324604314245588,8.868182850279014e-05,0.0007902129398154375,0.001213631403390189,0.0086053350245155
neuron_2009_count,0.006645554277604606,0.006859992963208841,0.008219457726849979,0.007769956435655551,0.00023214983372146433,3.238750242419474e-05,0.0019878720009719533,0.0031014959157646075,0.0003996847764301704,0.0043036161145835125
neuron_2010_count,0.004174244604125851,0.022988375189019125,0.007847984202163798,0.010204239925573566,0.004197170749229845,0.0021463836196563453,0.010441823921828831,0.006389968058428241,0.0013662788799794143,0.014613070003738987
neuron_2011_count,0.013047010522972982,0.015544763582937396,0.011670172266671781,0.010953816134177848,0.00462603757684091,0.0012887790984160256,0.005682223234742358,0.002088551807332528,0.001802443630828295,0.019162775108754658
neuron_2012_count,0.007049838121931211,0.005604306597185509,0.013912830515250822,0.005557398891522784,0.0017169387284344199,0.00023334781243422088,0.00817868809515622,0.003875567744264889,0.0037646186200004164,0.025982812249834314
neuron_2013_count,0.0016280988175866838,0.0008264728655560149,0.00921745855547678,0.012443641032793412,0.0013425519970348791,0.0004385659953099162,0.005842122433438908,0.004180859799642136,0.0018943816763805459,0.030878020959611244
neuron_2014_count,0.024782942452367153,0.01717061943802259,0.006651927059144816,0.01104163826012939,0.001330898740278334,0.001793759551710676,0.018133546881074568,0.018896629019333838,0.007172902540790917,0.01545802422200021
neuron_2015_count,0.00862612743484538,0.00920746056075706,0.024030809112207188,0.01113868253474723,0.0013788288144512967,0.0024296964723210667,0.01867609975188314,0.0008759558250770738,0.004319235165110428,0.049196248823050015
neuron_2016_count,0.02452079564951522,0.013351956290287955,0.010693455513818947,0.002103461774829951,0.000793424499378137,0.0027969957375068603,0.00043190801477023923,0.0009459235083380379,0.01007073714256584,0.03436348011642092
neuron_2017_count,0.010013277202089187,0.02227067365619209,0.0018688684808629077,0.000979911438561621,0.00024956076872562245,0.0016825344096161043,0.013152593381055469,0.009864820112108395,0.012184975445848262,0.024576412566824343
neuron_2018_count,0.0242597298738872,0.004408986348895427,0.0030925896163707736,3.762445459970618e-05,0.0002584029192717204,0.0012158730272213139,0.0018006656099550968,0.002353571464031333,0.014184357235016279,0.024912721702838328
neuron_2019_count,0.031026934099707776,0.01173249542318952,0.01102663066133433,1.2369903902970081e-06,0.001173340817199546,0.0010129667153810328,0.002541254121102149,0.0011759198718057362,0.02530003680783567,0.06391592755370581
neuron_2020_count,0.027538738080113825,0.004536069952836369,0.0031109624220293786,0.0012507843774699542,0.0004494287927234962,0.000881787253914121,0.002609128045844667,0.0013232704076125631,0.010037710831615101,0.03123039734916687
neuron_2021_count,0.0015651344772682,0.0846757605680884,0.0001679412653876021,0.0064806967519011605,0.0001311586640664478,0.0023588653108656474,0.0001338753927421308,0.0031840735043769663,0.022208480788508816,0.005620375101370818
neuron_2022_count,0.049159698019655244,0.0019884642704752556,0.0052137636175097445,0.001206525441253443,0.0002995217339899301,0.0015869386094544535,0.002087655119932006,0.00022569735238738963,0.017050024327812975,0.03578397305380371
neuron_2023_count,0.0357207508766826,0.04999725895513242,0.0033012343118951626,0.004837679839561709,0.0029240695633616937,0.0007981030184574219,0.00033109614495402395,0.003354814656666084,0.021559384708645962,0.05083267756240309
neuron_2024_count,0.050130073656867016,0.001797473857860818,0.009175323487143977,0.0014525239266244445,0.00017606744737370082,0.00588188634701306,0.002730222259790735,0.00032079600187003574,0.01257386166939553,0.05011864622347466
neuron_2025_count,0.024302959270658592,0.014439418747751358,0.0007660952967343876,0.001986377175310073,0.0016324860283429303,0.0012351112828188592,0.0015880788971759322,0.001133582397959985,0.011126974843761947,0.027278627866071777
neuron_2026_count,0.039428755958737766,0.002222420791437415,0.006487743529865926,0.0015390035404069784,0.000700507074353162,0.005513836303054395,0.001992738682317266,0.0025046685037831765,0.008773239321545084,0.059272638731490856
neuron_2027_count,0.08812587076720621,0.00033016528055411845,0.000523054579937194,0.0005977776571563682,0.0019538224086546215,0.024010832629422024,0.006959165438121584,0.015988186267033855,0.009413202822200789,0.05918162171552163
neuron_2028_count,0.028788853198675787,0.01928105956258311,0.001045170195382545,0.007220425713907824,0.00023887764115428371,0.0016585635925930181,0.0005876995203200688,0.0005855231774190769,0.014678564239384198,0.011668600759951867
neuron_2029_count,0.00501960004385886,0.03663828333920624,0.0012380995401149383,0.02651480561002635,0.004654314152236778,0.0006627047907786458,0.0068244080051592035,0.003133920336680321,0.01194953266864536,0.004682917336394102
neuron_2030_count,0.006896114976042457,0.012536913074251449,0.0012249174095182464,0.024266473175441214,0.002671399189554155,0.00022853790282439425,0.03023898499572915,0.003178554686714935,0.01873716633799276,0.0009448276484450811
neuron_2031_count,0.008819824222733919,0.07408026922397995,0.0009253567383203098,0.01673053715167451,0.00011310605707230258,0.0007308126632244484,0.037009858267072676,0.012751660627433742,0.006621970448857109,0.007408356625147876
neuron_2032_count,0.00820702773322559,0.07599471731489604,0.0005958800618322112,0.0168454555069127,0.00026608084255447945,0.0004085416568189986,0.04003616871428467,0.006688365634019443,0.009451666992251515,0.008313722106620063
neuron_2033_count,0.0065570858920029965,0.048346956819697945,0.001608444881657442,0.016216001263417157,0.003383094947753726,0.0001094942474352198,0.027900692115707323,0.006357502827663411,0.006934254963153516,0.001581347925608087
neuron_2034_count,0.0030581914728336976,0.010907333543718783,0.001672781358311233,0.02300732010821234,0.004570500461365305,7.394761787096662e-05,0.07704938448903867,0.004236576621596891,0.01280337733248818,0.0006821049639132892
neuron_2035_count,0.007867755787269747,0.010915795617330713,0.003485705046148896,0.014698405933347161,0.002081062310125316,0.005124117283230228,0.014707208241312351,0.002892617778904403,0.001956679254762523,0.0006114774055649055
neuron_2036_count,0.05766912831415519,0.02338824240363238,0.0031105877855880787,0.002091019272095658,3.144174928233767e-05,0.002700155847939527,0.07303558826606389,0.002129865150448478,0.009793099149031356,0.00040618189761333114
neuron_2037_count,0.039323683866464176,0.0595465079390336,0.005643080618000507,0.0060265247610089695,0.002244354955225264,0.014761416035793035,0.06760608564947632,0.011739642563221742,0.010969815905194122,0.0001920755145497291
neuron_2038_count,0.003399536686978094,0.011126385620210962,0.007163020460869501,0.009561603110247625,0.0005580910940607715,0.004265233598566863,0.1576878814310468,0.02821592568882479,0.02890391559415191,0.00286404348688633
neuron_2039_count,0.012579047928968669,0.013900051950758427,0.004877798147776939,0.007701112486858709,0.005944543846950409,0.000179819719019347,0.19609126092570023,0.016130195570102132,0.02048703242612615,0.0008147639997752067
neuron_2040_count,0.0007155502312327791,0.017309901521254598,0.0030462772479845843,0.0018406408121543032,0.0017993569865731793,0.05958610248349733,0.04493015442633748,0.006982269940307151,0.0016933402580342205,0.0009770918452351174
neuron_2041_count,0.002568817010386335,0.08964681648183645,0.0009931433326572656,0.003240597160257184,0.0014547132775121936,0.040524612859286824,0.019271905604274407,0.0019375562789297023,0.000365894203643277,0.0007602797830864975
neuron_2042_count,0.007709905804716741,0.0005780872133241167,0.004209926420665651,0.0018444445734295428,0.003004078836314275,0.03588313972843772,0.06928125561411934,0.00907225864487754,0.006155821223706455,0.002886698647608885
neuron_2043_count,0.024214350230703327,0.1188473019780496,0.0029142340798279966,0.004436445490559916,0.008111181471317393,0.01513481020817569,0.01973725339522646,0.008658292407292174,0.0060219570232137275,0.0040398111958521755
neuron_2044_count,0.17714044941298387,0.05728561956656597,0.003344651230809806,0.0030384476399540547,0.010522441815470893,0.021498966486692056,0.014567934663174846,0.00021082753895801734,9.07266080243576e-05,0.00723001292929297
neuron_2045_count,0.1507372012221461,0.033378797504179644,0.0013770650587941434,0.0014965445563256373,0.007542209489877105,0.01179960275762839,0.14618727686428867,0.0018092893124766157,0.015306139739979976,0.00365019422519499
neuron_2046_count,0.2122592763015183,0.10901505341812469,0.003585013418462582,0.0072425915270193306,0.009523387263288559,0.057803588894709754,0.011171823545568123,0.003958780923905857,0.0013164959642730442,5.756932069618092e-06
neuron_2047_count,0.12642798096199245,0.02540246702390636,0.002434393371404839,0.014641632655164466,0.0005662258227296154,0.045375262497462696,0.02531561208467327,0.0003796231865448793,0.0006823418661267358,0.005524837511199331
neuron_2048_count,0.024309689852536266,0.721307227321479,0.02044683651616723,0.021004586543497433,0.049714670387190144,0.028208529481214523,0.03934539168686775,0.007393911952904526,0.05669469495353083,0.014457117364178929
neuron_2049_count,0.021378466637716767,0.21697633778740194,0.011731790716752462,0.017928560244908087,0.006329224970340639,0.014068522104770387,0.02470833794854465,0.026484348293346192,0.08347425205524368,0.020310885000440888
neuron_2050_count,0.02248525352124254,0.7624594957815567,0.02921252529342882,0.023259373963536653,0.062406403260567365,0.038694804797796065,0.032853820411157524,0.0035894848281500438,0.05762885517746516,0.02222718208933342
neuron_2051_count,0.10296327969460656,0.35116029044220515,0.015445581877610588,0.04876980051049931,0.010911464310651611,0.02248303769798722,0.01480477371409964,0.004110946439824306,0.06197344249845707,0.0494891438131498
neuron_2052_count,0.01968249368137917,0.6173423665955355,0.03279941312660144,0.028628673938673146,0.020507794361607143,0.020478553210888636,0.024851811855505626,0.00013079678443497474,0.05921033995202818,0.02459330553645178
neuron_2053_count,0.14582547233172907,0.16370690073396774,0.017558151372213678,0.03351219131702787,0.0071050684708918906,0.004757286755200728,0.005777163355510914,0.014826111517947493,0.0472358926799641,0.030862306769809777
neuron_2054_count,0.0016314644597726045,0.6972929016427676,0.03276535727397573,0.02270010175003314,0.05585985305533129,0.041642863515126215,0.03507294634679903,0.0010299525551691377,0.054232890659320125,0.023694010387729045
neuron_2055_count,0.144938739055763,0.2175612966223514,0.014186315776178932,0.06881818778876081,0.0008425895028450468,0.01721369488248717,0.008885036875660043,0.0036824667401271632,0.05175136120104572,0.019548224703880165
neuron_2056_count,0.03589085606186149,0.5440556789118556,0.03203108487841337,0.03212684507366606,0.022544024532704807,0.024864063205802964,0.02436923894019717,0.0009776220606978747,0.0580050206668591,0.031440864181533607
neuron_2057_count,0.13137654776937693,0.21894386633289803,0.012570401087796626,0.06432173718005597,0.0019446201853340582,0.01383064691420649,0.009061034136706898,0.010004012782883057,0.048663616127184214,0.023695958749893123
neuron_2058_count,0.16467237144012764,0.20709694165901982,0.050075849726525914,0.059474773644934156,0.004424349692155018,0.014489539043993874,0.015524629756637279,0.0011892587276065808,0.06275118619192001,0.017534190710254097
neuron_2059_count,0.21388385870079796,0.013944285964092019,0.017460568353284432,0.0428130615813089,0.004528241436491233,0.0009510212353703862,0.004471414269822831,0.005069461603528919,0.015534146606664918,0.014911332088282013
neuron_2060_count,0.18880350758329378,0.011957876086377031,0.0027902239714799014,0.03068314512207479,0.0014759358470123832,7.964565172630881e-05,0.0006870432482959134,0.012917844539274706,0.005066955589695027,0.014684295930599334
neuron_2061_count,0.22312806213382486,0.017405485329964228,0.00457444729538584,0.024902448701694516,0.0023671244758328054,0.0005238052986553665,0.0035731336774936246,0.01668806152317532,0.008753279520141537,0.01398177159587835
neuron_2062_count,0.24924752452518212,0.011403354823289559,0.00021510746738173832,0.04485861168304517,0.001520376004098739,0.00031608365864625385,0.0019584603377856193,0.017000275003875236,0.005924204899632739,0.02289274062278497
neuron_2063_count,0.21759528750853532,0.05883407283360392,0.005443692314273781,0.052631486330993155,0.02979695265238111,0.0017785969384348788,0.012674250325300049,0.018304849427184307,0.014696249146679566,0.0069490993677081905
neuron_2064_count,0.14184978797708567,0.039765335798316676,0.009311006014207812,0.05957781687821745,0.02958053045087805,0.005474868979472067,0.019689409238184644,0.020842419381607885,0.002719177514548067,0.0023884605499959514
neuron_2065_count,0.13984871881310887,0.053962047436856286,0.004688110705676728,0.03436148076230845,0.011832368439194704,0.001771179912329536,0.011416214823526297,0.003775130933336354,0.0027427898757917193,0.0028633718534142455
neuron_2066_count,0.059501208362343905,0.009996481308330866,0.001987928318984901,0.030767655424821308,0.002725477133328648,0.0004550421137695729,0.016274607773045305,0.05261890949773115,0.00059831893555372,0.012413775787240566
neuron_2067_count,0.1727090479120838,0.0737552567478287,9.350867680061638e-05,0.017940704918638903,7.778943285642863e-05,0.002808180261482447,0.002533993573186434,0.0006710411493629324,0.0008145737136520531,0.00431607042405463
neuron_2068_count,0.04841203526239869,0.007303733373489628,0.006709103307259601,0.027815839369090017,0.005836514157588971,0.003478005744928417,0.009897380367093311,0.013931229412126697,0.0016177735839253034,0.004716256817141121
neuron_2069_count,0.04500651185195578,0.017592705163916922,0.034825318163271335,0.013769992281516819,0.0064959330607537715,0.005927105196249102,0.004068975389079944,0.00021672731442047392,0.0012779324164007948,0.01590857433000655
neuron_2070_count,0.029325789434841862,0.003308534191708401,0.00608869289464864,0.0350956772663929,0.0028314762630026157,0.0016916435510423294,0.01940816174797365,0.02202981540197911,0.004904807017720156,0.004049883968041321
neuron_2071_count,0.06420342410941066,0.012874525795709385,0.019809176499326328,0.013318347112518183,0.0012492658877988195,0.0037025110049087734,0.0034861219055131246,0.002785958947599431,0.0012949815746539882,0.004215768976617941
neuron_2072_count,0.009811022647906516,0.004841361296111159,0.013361553409480594,0.030401940649903605,0.005593142774158847,0.0005629154756312537,0.010309106182069872,0.011287905577196132,0.002536924584147244,0.0060588940208950726
neuron_2073_count,0.007011504416508843,0.007105010443431051,0.013527640476834996,0.0072837603355378686,0.0027214681768872526,0.001537088727011064,0.021687477218971032,0.014768278239376112,0.0017454554205431315,0.014319462472800096
neuron_2074_count,0.004126456254523823,0.009860933808182586,0.020253676867736756,0.005296408269260734,9.793857159007529e-05,0.0018273882007525076,0.0024191214009671586,0.00017689165568789654,0.0014874535962014525,0.026895984210179913
neuron_2075_count,0.01584298218698453,0.004895181094835402,0.027004492491612908,0.009049186065344328,0.0041104731248085315,0.0003922566115845041,0.017448498836702755,0.0044049152616783965,0.0016243417540593233,0.029476894387723135
neuron_2076_count,0.003009493348236891,0.01840978127539253,0.003307686681263078,0.006636113232642231,0.0010133093780805343,0.0010828128943936623,0.008198343906655161,0.015495300665545695,0.007757176491322515,0.0032378677394244715
neuron_2077_count,0.007069047543156383,0.03429973830056361,0.00816067257187882,0.01772571400819179,0.004485895467448545,0.0030209910290787366,0.008012602217480166,0.015504161026814012,0.0032086081351071103,0.026539070683186027
neuron_2078_count,0.0056098585795749945,0.0001232445615999729,0.00837237313214035,0.011167088873179264,0.0038684660367366824,0.00015588050608835932,0.029399457073786023,0.017162135273644782,0.004654708562449608,0.01661492990404069
neuron_2079_count,0.021272383430661797,0.00977103336401753,0.014651452197711244,0.0027718173672258307,0.0003480661264681885,0.0031498279234492693,0.004569595495158039,0.0016028472232884668,0.009898647039659947,0.01880952524966653
neuron_2080_count,0.008055063461618349,0.012042520695985916,0.0010658048923754475,0.01398990940190625,0.0004043339806838759,0.002058095430455424,0.01571218434533079,0.004548923427347411,0.007388345696037615,0.01161246136938397
neuron_2081_count,0.027408724411736377,0.0033829865108467687,0.000779931122984006,0.0011102227876893765,0.00019994827504912164,0.001521757725361804,0.0033081437778576944,0.0028470754802951623,0.014738756109782168,0.027075696100940086
neuron_2082_count,0.0641248997501655,0.005774934756012519,0.022136531400284196,0.005446468117613193,0.00854215837594905,0.003515462673383058,0.0047675882623184306,0.0018712015632540817,0.004883980798090732,0.09065815105409247
neuron_2083_count,0.05185773376038529,0.013740724050019124,0.00110449415320606,0.0044848483507157755,0.0032289602499170154,0.0031600296577192696,0.012875122903458096,0.0006064516189225981,0.012152359116000818,0.030366965247107747
neuron_2084_count,0.045060418798032215,0.02120840625426071,0.018046500740821175,0.0016840674115415726,0.00919993249465293,0.0032876421380496103,0.007216528776693716,8.960912464735758e-05,0.017579949348449343,0.06786362826266529
neuron_2085_count,0.06110364730990611,0.004020366760501444,0.01151248219434202,0.0008760949907913032,0.0005053168244618118,0.0022943759793236478,0.010114232145280656,0.0003199139977524733,0.008690561997314834,0.05160684009035871
neuron_2086_count,0.08729519643615112,0.006715255461443608,0.00040959973948498374,0.0023817713103643575,6.807141381649106e-05,0.0007089661283569168,0.0001874326646776954,0.004032858567639291,0.02135566522957289,0.037219426831064856
neuron_2087_count,0.03760362160032477,0.03927978371038047,0.0016940179728960145,0.004184016934559358,0.0067168787922535465,0.002004250849991172,0.0016427626172244776,0.002109667188486127,0.011572638590432416,0.04144212144523078
neuron_2088_count,0.051600593052122765,0.0010195953023762342,0.014892251975502015,0.0015039010129589197,0.000531382086301985,0.0026707112662633196,3.764370024882222e-05,0.00017102382249966556,0.014481199899425496,0.04502738584748198
neuron_2089_count,0.020236365523102956,0.004032799921105938,0.0001281009254459342,0.004140177112613025,0.000677438602072894,0.0014170202101396953,0.011046615360943021,0.0010828460292656335,0.01791617438973217,0.015383149362359363
neuron_2090_count,0.006262963850113851,0.015689885193811592,0.0010582781320245425,0.0008339344854022476,0.001535581257867083,0.00028639499534879306,0.0012355022984524046,0.0012684253477799022,0.01925684776558989,0.014296520081599429
neuron_2091_count,0.0033153063727565935,0.022431343198831458,0.0009542625056990842,0.01247620593696723,5.4935166392160346e-05,0.0012327683588714937,0.013616675266678799,0.0009943860741260524,0.01678796482731426,0.0030981193013479777
neuron_2092_count,0.015241199675845002,0.011442656064341944,5.032702029290903e-05,0.00456607627065686,8.73347743972977e-05,0.015944917232942342,0.014315005058130228,0.014727733634073786,0.00954136747326445,0.019844174305625392
neuron_2093_count,0.07295157795603421,0.0010096711331675189,0.00043831761359467737,0.0036221547494556805,0.0022765045965495827,0.022656658598675924,0.008221082334310306,0.01852758976428169,0.0023798677283334187,0.03503708579434198
neuron_2094_count,0.0017028305321708619,0.019209710722997167,0.001545703036193516,0.010471183855647131,0.00016239646982677686,0.00040401049767551473,0.02134528504768919,0.00044078264043545187,0.015011293407487497,0.005278569841055361
neuron_2095_count,2.213380967140124e-05,0.07779439123762227,0.0016828747213360612,0.028957296987840997,0.0026502399625311437,0.001211757996944219,0.037352295001833125,0.003576235286240549,0.011061964185302475,0.010356955326244463
neuron_2096_count,0.0250794210578085,0.005552144235602477,0.0012994894709456271,0.008678544837143767,0.000344209026706524,0.002966765502850261,0.04654030914281966,0.00012252982596126956,0.01654634932248189,0.005992140802326067
neuron_2097_count,0.01878006221634365,0.02528390044200733,0.006806919985624174,0.010460265776717256,0.00010959536681572762,0.00711409387749682,0.0370730320761329,0.002690948014455144,0.005962328465419879,0.0009303172432573621
neuron_2098_count,0.0030312400129543157,0.0655374067353719,0.00252600630408243,0.025854231791373278,0.00016182776958437693,0.0018235294591841672,0.04448206221809886,0.01206682367644861,0.012505290214552281,0.002802619481698472
neuron_2099_count,0.01088180485986144,0.09673948365978399,0.002977706880802511,0.026553340826828503,5.214233292391828e-05,0.0014927678181964402,0.05025032345653939,0.01584257383536697,0.012466187482120444,0.001740171039576062
neuron_2100_count,0.0017833811572782396,0.010508807446504592,0.007769065191721089,0.006529114458458565,0.00076902128001256,0.020027164148188267,0.07026861238170579,0.01449209976142074,0.01211771221391418,0.0014031707488506226
neuron_2101_count,0.0671777710369813,0.08446802424920119,0.01526047897101973,0.004862369924853567,0.00022070431044613446,0.011319863983046616,0.03112019558592359,0.007268172836244695,0.0048769207882185805,0.0023451231866371512
neuron_2102_count,0.004556188419254204,0.07962371509214296,0.014169404623719267,0.013058291032679817,0.006661817443579146,0.018339201039746372,0.014807581522990915,0.025658711127012512,0.0004302757392173964,0.006180293701240867
neuron_2103_count,0.008457114777494917,0.04716840969891917,0.0004522335759240201,0.00028386997771426606,0.0070994175546559846,0.0024135175733717706,0.055560811035660435,0.0015025082234222005,0.008094436759762097,0.004920795342904183
neuron_2104_count,0.004107108068158935,0.0018999609762771937,0.005380354120702639,0.005423483615190357,0.0004885785719124253,0.01748167669647878,0.06745407364459999,0.012323248543311016,0.005272213076324736,0.0015738677830892077
neuron_2105_count,0.10039002269466625,0.20549788894165993,0.012020888826761764,0.014752878467797458,0.013525811540608834,0.018538933529665493,0.004363076327383085,0.003961644553176286,0.006801898575317156,0.0006458051589684766
neuron_2106_count,0.11070360731317264,0.3091989229425495,0.01107369680693282,0.0006921737321358978,0.0410511988788374,0.036545064992134,0.033233898950721624,0.026607277636091053,0.005946404766774327,0.0009083303658407142
neuron_2107_count,0.20631293111142351,0.15306734314678866,0.009041840971974607,0.0006358975500732542,0.012369550069256816,0.052102944917259086,0.015300258807784073,0.001165178137923075,0.00044776028102128454,0.00022706170270916145
neuron_2108_count,0.20040834516893904,0.06449761155377544,0.00579252690321469,0.0017557472065963323,0.0008781460311260026,0.02678129939018825,0.04376309126296045,0.001398268320183504,0.0017428195100992645,0.0010596967089832147
neuron_2109_count,0.17288949726345917,0.05086975444723035,0.002340769107972554,0.0016104811693777336,0.0037940117137531815,0.03207577973458722,0.027837680932751407,0.00596580155567325,0.023945265142115202,0.010347342642292666
neuron_2110_count,0.1817007953662355,0.0314504188063907,0.003764618298272739,0.008146425700574868,0.009137597759517405,0.0287781503362175,0.006807722034496894,0.0001860119696894891,0.002248723423782739,0.004192165852957869
neuron_2111_count,0.14208545294251843,0.0233073446017973,0.005077098124259788,0.009504668858674792,7.45793367619152e-05,0.031217985608123694,0.004938924481002985,0.0065393702403486395,0.014415974542056675,0.01008658268313227
neuron_2112_count,0.15783002755297698,0.8049221894692029,0.026790794298464378,0.017146349644335986,0.06104956999708333,0.03045990292722589,0.041840343963096625,0.01516175567026766,0.039625405984696764,0.01056446902337533
neuron_2113_count,0.05677092690403492,0.6873523655202327,0.026044907089604788,0.023078910462775118,0.05464872530528398,0.029497863883452408,0.03424865326900206,0.006006668477384671,0.04531673902262102,0.017733361604700994
neuron_2114_count,0.0013333105707185565,0.7040672192035551,0.03076968504943979,0.023130203020164095,0.04599113580787978,0.03602530417623548,0.03612884005958436,0.0015917752152068611,0.060038277253157774,0.023376638213407838
neuron_2115_count,0.10864396874945301,0.3485776801349793,0.032728512633568574,0.06000886020317921,0.0035728557960724647,0.027248962026791154,0.026744321847925773,0.005351053782790969,0.08119648863810712,0.030750165640237345
neuron_2116_count,0.07163979998849579,0.2720187254359693,0.015702121448146873,0.03354123095971177,0.02005081609640945,0.021237422873253538,0.013646609580077941,0.0076315650508947015,0.03802926678185898,0.03412072718838028
neuron_2117_count,0.24109130099328735,0.1080994191419247,0.009945042911453573,0.06967911753203661,0.002527841785364863,0.008607721225891818,0.005634481016151306,0.011517001670200776,0.04678304127499967,0.03318663121408959
neuron_2118_count,0.07051311257252732,0.34403765327477603,0.0071266542573375155,0.031087071697131242,0.024691385398991794,0.01794530732928576,0.024405881380452195,0.004814220147268414,0.04294300807567197,0.044478164401502845
neuron_2119_count,0.11805866389992609,0.32270430039557074,0.0349921242910565,0.04862767256863834,0.0071368647024361576,0.021361276958007075,0.019699088775325183,0.0012793654316866129,0.06394025549973065,0.02858914529439774
neuron_2120_count,0.02857608387280658,0.5990504387481425,0.035991387988633966,0.03928217388472484,0.025693137845010483,0.034074812967696905,0.03644648441914812,0.005458203735406958,0.05711828966277162,0.029976874115376834
neuron_2121_count,0.1262535047496005,0.11033036500492704,0.00994218386745932,0.052700987881605,0.00724088006079006,0.012036565214902227,0.008218800052827498,0.0013754689539170369,0.043037643378999985,0.021088880150407177
neuron_2122_count,0.17905190611647415,0.08550106454288148,0.009066022230733294,0.05243141448070843,0.0037800100797828924,0.005109539321023482,0.003575704793844184,0.015638965525130916,0.032162450365771506,0.024663713750052663
neuron_2123_count,0.11759157530304196,0.15404198006453773,0.02313333275549105,0.04485550331360767,0.0014495214080156062,0.0035166004087519437,0.007876643050694583,0.006105538038632896,0.021848361123396512,0.017152718568433867
neuron_2124_count,0.2049348679610204,0.015254469126279542,0.029731237711742825,0.0433784956754609,0.01758881331916748,0.0011032480303622971,0.0004518115287785473,0.0005496742849994459,0.0255064407365225,0.007971865027637234
neuron_2125_count,0.2108000613614937,0.03232899756274395,0.0011897702374955906,0.05708233298359722,0.012451576630193244,0.00042096851914829973,0.007646408717987947,0.018284726857454747,0.003000586656989622,0.011757772924702259
neuron_2126_count,0.15993310571428893,0.02024174632254612,0.0003628603147944956,0.03897234693364819,0.0025631051179535944,0.000895614937897582,0.005372022578271372,0.011356190561975538,0.0016471961660354008,0.012461068324495436
neuron_2127_count,0.15149189654653006,0.004983210750911567,0.0015816619226621392,0.02462025240265732,0.00023937791664293932,0.0006164954578048824,0.0033760882938404582,0.02378442580109902,0.0010695869566229553,0.013243700817643506
neuron_2128_count,0.15776138484089572,0.0566628613954665,0.013074410538064213,0.05251603003489355,0.036122400476388934,0.005740551059465214,0.026029809736159863,0.05270108792913626,0.005470667005791852,0.004588883969361541
neuron_2129_count,0.041500669017703676,0.0016702873785262654,0.008420452818941514,0.03820571468960453,0.010490855595518916,0.00047083050391288905,0.009016269740684722,0.008243442110686634,0.0012863412230423865,0.0034834922485226646
neuron_2130_count,0.07836548295959084,0.027299726606718464,0.014177178445171995,0.04176450165794343,0.017899474258209043,0.001941275509869847,0.011702607575338385,0.008107457570879238,0.0008369723894831836,0.004122670725428861
neuron_2131_count,0.014657051053847063,0.030862508940147415,0.0005899414429613448,0.02647632166253191,0.00595559615092724,0.0016284490476774017,0.015771709514960416,0.030650189948346916,0.006172386231534953,0.005363596861146826
neuron_2132_count,0.06207633025379666,0.004472713526225518,0.006173689273569143,0.022852971476469267,0.003070737571663174,0.006004494656439055,0.008795703886651504,0.015006507738436925,0.0011840099230959918,0.0017224022639661884
neuron_2133_count,0.003915893162273903,0.03783853682669766,0.013204924609924,0.02680572366662444,0.004311628930690133,0.0007779711338354641,0.012600294324183116,0.0196231561749824,0.003370955857294994,0.010899773045424138
neuron_2134_count,0.008380133660243566,0.014666804115699456,0.044791431640092264,0.004949349542406764,0.003472030295996187,0.0027460510217041656,0.0004441370013756876,4.080295067165939e-05,0.003437482258734685,0.01017050883242085
neuron_2135_count,0.00927668967793694,0.0007820048580911322,0.05581809389857695,0.02293835989541139,0.0068815085796969724,0.003368319530430444,0.006350614748221739,0.0015100774049203597,0.007274505875409003,0.036055344976543405
neuron_2136_count,0.008103942625808956,0.013132858466125538,0.0025733096346606255,0.05716575513354279,0.006768875992144992,0.0012847494035281917,0.02123515793320116,0.02422282758259401,0.0030494440754640223,0.005892506362870413
neuron_2137_count,0.0071982080142324045,0.006638926429428295,0.0016848233253245644,0.020779401976908515,0.0015901930477289633,4.865649614683564e-05,0.013046639097465548,0.01279952887451627,0.0028409963965530145,0.0012514543793329756
neuron_2138_count,0.004312030216743801,0.022166558279585427,0.01540695664079439,0.025806154568209776,0.005532357094055279,0.0005608499965756124,0.014136741858880933,0.00825723096198179,0.0013748388077037689,0.01409425402187877
neuron_2139_count,0.006989189979786037,0.05724596403771651,0.0024806109352354944,0.02244330515335876,0.0030299231252565832,0.006592980047732032,0.007575436390551964,0.0035636005268445126,0.0020604600553946082,0.004660352437219075
neuron_2140_count,0.003123052916197709,0.02045065762899015,0.0029024112029869854,0.011766404859601787,0.0022886608670142808,0.0019273565827265318,0.008734147602370311,0.015826282177151027,0.0028633955392809163,0.008761187507508046
neuron_2141_count,0.01718234606088668,6.282779508618493e-06,0.004653178110739994,0.007092318614979762,0.001065412535212475,0.00045531381593009665,0.03277455373151396,0.020109012689238107,0.007118613502713242,0.01631697375126709
neuron_2142_count,0.008789711762233442,0.013585603797493191,0.004368622190628842,0.008387524719852879,0.002628610116954106,0.004511295582439616,0.002507171241611098,0.004292557496566242,0.0019090208993667868,0.025990010565825172
neuron_2143_count,0.021455289151814542,0.006450181936686762,0.00402397202673184,0.011235814573591747,0.0019922029412466086,0.003591925606754382,0.0069503550070103524,0.0005777527836626339,0.0043859936816368185,0.02578648809574019
neuron_2144_count,0.0022147958772885477,0.017901731794612075,0.021737692011619642,0.007853620733483627,0.0003905517153108915,0.0031691833215661738,0.00039581549230581525,0.0009231165204599805,0.003680739506607805,0.02572368460487584
neuron_2145_count,0.02697317652205495,0.02206328061063989,0.0022451330763961115,0.0033526987818907825,0.002065945930780146,0.0008067230149367602,0.025497883672735283,0.0010069694976499038,0.01178164891800806,0.021066084084480477
neuron_2146_count,0.057135554611855335,0.0032788805304136068,0.00040124791834210936,0.0009758635525506567,0.000735371170279304,0.0010286276283360592,0.009528805839770421,0.0015324781005939987,0.016810352563305007,0.015095588489474239
neuron_2147_count,0.030991101692187398,0.018500804306121173,0.0014956838103730701,0.005806216406905852,0.0007640006190762602,0.003020631054804244,0.013022573094777539,0.001205211714022614,0.011797314097872911,0.029545848609657283
neuron_2148_count,0.03476018450095776,0.02102149062407775,0.006798796598360267,0.000564393790521478,0.0026802494483547934,0.00241454515156558,0.01813502740764822,0.00013929428640219437,0.013268152130987934,0.027719582442168794
neuron_2149_count,0.03230695618271168,0.01129256762093419,0.006464338610739806,0.008039570865980013,0.003076233451128497,0.0029975032140655486,0.013186501765071003,0.00271138215093282,0.008861724724535003,0.053928268960362874
neuron_2150_count,0.046325772236764366,0.002395427601225162,0.0013695479591101824,0.0027203520719016015,0.0015912561613230778,0.0017339659400329183,0.003473862988162041,0.0011135820102901213,0.011416371371001394,0.025644369124913143
neuron_2151_count,0.058923092133569055,0.0014138478279613993,0.0011850182694513461,0.00464385673523887,0.0014192837964171617,0.001782491701743781,0.0026013056657409155,0.0021277834724029512,0.011991525809346565,0.015305290126359103
neuron_2152_count,0.046203562111327326,0.001500251555403679,0.0006146985812299898,0.0013277832353109096,0.0003466434035632711,0.0004553607601050138,0.002490406148499196,0.0013726417960719557,0.019760872109915444,0.013920269368419405
neuron_2153_count,0.00796733478093,0.0855400565683043,0.0011334740206428127,0.009629466254232083,0.00013643822283356498,0.0002469891948453358,0.003049995559044401,0.0018894126955558907,0.006989255390360424,0.005962614719438174
neuron_2154_count,0.0395130777543385,0.005349081241542937,0.0025053051595015814,0.005566838851478212,0.0009628976717959287,0.0023109474052718966,0.0010688015300000138,9.457823461100738e-05,0.0049699924800570006,0.023791927681734562
neuron_2155_count,0.0219210886177187,0.004342558332886399,0.004614217409871644,0.002366598733310474,0.00027319939905267633,0.009260306017102066,0.006297172184027634,0.015043157739667308,0.007823309406077915,0.03512064286384725
neuron_2156_count,0.04682944189942864,0.019480648958736344,0.0027568925393802804,0.004526953412343375,0.0003235036076906471,0.002406242664102772,0.000954816042595015,0.0010372503665874444,0.01585517729116863,0.00932793315968207
neuron_2157_count,0.017586840613131968,0.010293419868952602,9.214306128995427e-05,0.024026846478535632,0.0004373090171823843,9.558617448464628e-05,0.015555133422244197,0.001517138035032041,0.012416055088175712,0.00433413122622308
neuron_2158_count,0.0030149249008444984,0.06683148233645775,0.0006346737598266674,0.0206751327367483,0.002966019877810998,0.0036435103321072054,0.02061447992587208,0.0122833625273336,0.00904069078113609,0.007824343253118753
neuron_2159_count,0.0002128891923794396,0.09915874869485852,0.0006719703573291359,0.02444402942111451,0.0010595384563740831,0.0002890109677201741,0.0009232284997796394,0.006132496746954569,0.002621527178424371,0.0019710686296722305
neuron_2160_count,0.0007353172818764997,0.04336202471692838,0.003929578804346419,0.016131337433791262,0.0004869553989192473,0.0027354317288817084,0.0454946041994725,0.004180305263740448,0.017217495316668024,0.0022692305387854786
neuron_2161_count,0.00473949635250024,0.03481628089913939,0.0017123436429823738,0.017477889976642624,0.0003694851680612083,0.00039261148512298276,0.046460608902500075,0.0042248385352011975,0.01108942347094688,0.00030721398725065165
neuron_2162_count,0.007012976697524952,0.10316626822179878,0.00704870542750527,0.019884574391959287,0.01129355779917178,0.002741080016688366,0.05869603420868644,0.013893309154819039,0.006749532883052259,0.00124991543877127
neuron_2163_count,0.0028695383853332354,0.03162787903205236,0.00947614225391201,0.025992480718833713,0.0011832760703513329,0.0007332318138829411,0.09737087484583554,0.0061125062336167685,0.02905700334548958,0.001338604389238187
neuron_2164_count,0.015430402276978589,0.14494606359800033,0.01665788154933673,0.01720865310693978,0.00828760206473489,0.01662184931627192,0.00034967957567001544,0.003850211029918539,0.0005287562974980314,0.00014358471607819716
neuron_2165_count,0.01887981559282846,0.008417248472550896,0.002597145872931198,0.01728074123175291,0.009309289173961552,0.00019478651025575406,0.024945395425491623,0.0007940545864338275,0.0010236333938939014,0.0011356950917910565
neuron_2166_count,0.01866813638658612,0.09885349053843615,0.00015185519404463388,0.003834605282043116,0.003554827781383548,0.011394006626382194,0.005803404477800589,5.1287302295748016e-05,0.0021035509507459985,0.002758839378558642
neuron_2167_count,0.0022449796998264306,0.002926495286390161,0.0011030734389165277,0.00866903400595695,0.00019988861010811318,0.03014291105686935,0.03623456047480615,0.015902643466410585,0.0008734875803427869,0.001665216339957535
neuron_2168_count,0.05472570813822164,0.21428102405477764,0.006470147966844156,0.004944615991203584,0.03455482761190311,0.013217512329343664,0.05931978884263969,0.027716120029864455,0.010311954455822864,0.0035034850861370426
neuron_2169_count,0.004707723432989697,0.0003896886690034993,0.005798791300004956,5.6007067715865746e-05,0.009374274298889256,0.04266473604549269,0.06109629618087946,0.005111400435726353,0.008036764257779078,0.0023558785695691705
neuron_2170_count,0.06337052985718487,0.23533154699899858,0.01817524817144428,0.011359069667174072,0.020035306418609254,0.021041525556771995,0.002095107080505639,0.004747954713162032,0.0018801312644909423,0.0008844624655297449
neuron_2171_count,0.013607291511737049,0.051150757791306845,0.001223436823688074,0.0008998814601066038,0.00014107631151300242,0.024983524155817102,0.022013006880743938,0.0005172438922682182,0.0019123564057363304,0.00025455087749921834
neuron_2172_count,0.0876545660155007,0.24743929909239648,0.01167026127573724,0.0006031526471772979,0.04256831250140729,0.05012306985824831,0.0341520778771936,0.021047723514456093,0.008250145270229284,0.0008265888777824991
neuron_2173_count,0.1831385002253103,0.028662888373655646,0.0020414236080714097,0.0043855477720057615,0.007666187553478643,0.05823163820717342,0.000882166439090358,0.0020595016690328396,0.008671617022314705,0.002849830821278262
neuron_2174_count,0.15148646866151932,0.08345382122902031,0.005346489613018028,0.0071078144383428694,0.015865926243994043,0.03224713166660777,0.010421602234074387,0.007697018013124744,0.0041919288018463785,0.001652720146352907
neuron_2175_count,0.1062537952053349,0.06670506589235897,0.002083324512297355,0.007126972071394372,0.015778045929704818,0.046051281547545356,0.007331237372338713,0.004286037757411702,0.0048759843237188155,0.0013247842756821723
neuron_2176_count,0.020019974075327004,0.4246565328632758,0.02004433996556875,0.034468996871253106,0.00858747352654407,0.033197551445947986,0.027698092921028553,0.011172179826837669,0.06574636575918502,0.026042295703282196
neuron_2177_count,0.08066098676468936,0.42639174248156625,0.06235350231720985,0.06940134652853222,0.0038670357713959727,0.04148372503410204,0.03704540930177233,0.025477110388622923,0.1076200934834811,0.025354495650542458
neuron_2178_count,0.007852727426397546,0.6788983059093565,0.04407717978141956,0.04134739742390896,0.02770853856097004,0.04758649902392914,0.04010016603685285,0.022480725280950534,0.07928224092628745,0.03300797068527521
neuron_2179_count,0.06261492418959219,0.3534403479922924,0.059308372202750134,0.04573535313954381,0.005785748008972261,0.02166647109233459,0.026681662937736383,0.01354501226339589,0.08485588465287638,0.026404253002468986
neuron_2180_count,0.0010251592032826592,0.6902796465768366,0.036631580585404666,0.019523652602957686,0.05433903418991659,0.03598721453659279,0.03777120887079745,0.004807646693060427,0.056306882435435884,0.02125134179037272
neuron_2181_count,0.015945420048536718,0.5983627958470226,0.03348785663036584,0.03616233625490822,0.03415229398214252,0.035552254121068785,0.03437799666238135,0.002868733695679122,0.060296702027353904,0.03904967018952235
neuron_2182_count,0.03127440777262143,0.778691925883733,0.03070102626733333,0.016287143864019644,0.07020994413255349,0.05348747870646289,0.05631579134383011,0.012915686258374304,0.057377818818684256,0.01688354738998584
neuron_2183_count,0.10657516241917758,0.28623050922049365,0.008297547272392444,0.052897119833271264,0.002742025344236697,0.02269496485559172,0.009415968701121477,0.0004977095111129218,0.05446716414700742,0.03818489095261203
neuron_2184_count,0.09160844831253401,0.27704440496564414,0.05887819078768872,0.03746383598406611,0.00252110617192592,0.009449484277774325,0.022193389248868878,0.004102394139236243,0.05075176763829155,0.016343557899484232
neuron_2185_count,0.2035974420865641,0.09726762682107731,0.029332211857887133,0.05459973783551693,0.0083076608747241,0.006741044839003459,0.013040104597602548,0.0007694945224737786,0.062401171162608585,0.01376206878162807
neuron_2186_count,0.07076542120268944,0.15984713012496055,0.01703889808709021,0.025403512912810417,0.00556868137698226,0.009331590368862198,0.013084044257478136,0.0023006353127375985,0.026334037487150515,0.02373210159027333
neuron_2187_count,0.28683288000977303,0.009669398133401966,0.0065938948693471874,0.03128757213764989,0.011103084418540899,0.0024517848246323687,0.00583148332034162,0.0038191434187639234,0.04293213354816869,0.019653516039696173
neuron_2188_count,0.15924690679194947,0.11948526290220071,0.003228766438179431,0.03572865513673559,0.003945622226275654,0.00693447902894731,0.006098699596327327,0.007663609658840213,0.01895694646785076,0.04210333159088847
neuron_2189_count,0.25643532634766286,0.018049103526732495,0.0001517174729914741,0.039303119435336195,0.006047969104254418,0.0034968896720543145,0.00532521916393397,0.005626401895326108,0.015558573898372612,0.04218585434774777
neuron_2190_count,0.21840324293267405,0.04400114237583809,0.003037617908966686,0.053259171922963866,0.006497011090225463,0.0019364203305370087,0.0054162320247028856,0.0033942120277565616,0.0043958640283555325,0.008193619009724339
neuron_2191_count,0.18822823686032403,0.041889119875268305,0.0002403479944739998,0.04689862234214534,0.014457679506597501,0.0025838135439097895,0.017513253724170993,0.03676114641991521,0.0020400176531542163,0.008326130952319127
neuron_2192_count,0.13063977712972594,0.023320120217186505,0.0005978794002226475,0.03029370863100035,0.0024110635805511815,0.0019757794829042587,0.007930645379324919,0.013719478238742387,0.0015415778446349164,0.009386492381241354
neuron_2193_count,0.13238843099442424,0.04877558620429433,0.018431943437529352,0.03532587165161381,0.0119949727422137,0.004765253939547118,0.004409194311474601,0.0006606675271020211,0.004742219528158072,0.002198712078598503
neuron_2194_count,0.09030662088717678,0.03921022095883951,0.0006087916256591677,0.03240058618180694,0.009088192810969512,0.0025697776328070174,0.014029731728875353,0.01591589052857536,0.0005909485587094741,0.004842460118025981
neuron_2195_count,0.015023152230384668,0.0036318010961216597,0.0035344737514796977,0.04153357819087541,0.00891309314230097,0.0005574181994743091,0.012178295069147665,0.016151634220517824,0.0010580510676591534,0.0025929355739129755
neuron_2196_count,0.010896825703299758,0.0019423906303855758,0.017066960556372416,0.02124488225637771,0.003918276594192027,0.0012133909684178415,0.010577379479469667,0.010799800892107959,0.0013502188395056285,0.004780994225669707
neuron_2197_count,0.013002871468326167,0.007156932338909919,0.008618919002298754,0.04250953218026779,0.010863799519585292,0.002058125507038466,0.020011987744628673,0.011158783838828006,0.0014179889953301293,0.006331528918619605
neuron_2198_count,0.006942771624364789,0.0020529362351767097,0.015625662039724875,0.0250591157145183,0.0034751037310140967,0.00019907248557498626,0.011959109562936929,0.0076788542703269055,0.0007717017792152701,0.006794952808158949
neuron_2199_count,0.014319781417514048,0.003119196797593246,0.008410540922546138,0.0508970427906375,0.02396942288434159,0.0005402458781941233,0.0175736090737571,0.011935628056433216,0.008077357612708884,0.007818281212146429
neuron_2200_count,0.010702178193167114,0.015314833637826722,0.0018813392160812493,0.026493536629424413,0.0027501766272350694,0.0006764788481975273,0.028787637957639403,0.04848877067102808,0.0058450065950784585,0.0014178951259003168
neuron_2201_count,0.0036149536102676877,0.02774428312918306,0.00046634922128594054,0.017327716217495924,0.0003668804620404597,0.002225605899124905,0.01726318765487879,0.033879165184259236,0.003482324004559431,0.005796774776018254
neuron_2202_count,0.005215776172986356,0.005941439478603997,0.01118133369999787,0.022537727649916028,0.020078952335511983,0.00012193290765096735,0.012419496826471015,0.003057701138656768,0.0030627410388745398,0.03940788035977232
neuron_2203_count,0.002953440778640553,0.012101919604249944,0.0043832471687007026,0.018750304137558786,0.004262377644320076,0.0006643798629948384,0.024562195355762068,0.016607675689309126,0.004031823105407905,0.012756173934088705
neuron_2204_count,0.0014407206770141803,0.003563391053946492,0.017053832679823286,0.013491944484336132,0.0009119604063979794,0.0013684421391913504,0.01639703643692514,0.007488257430050375,0.0034915461570540155,0.01793123290297062
neuron_2205_count,0.0006259461867263085,0.001411419221169523,0.006115897126136437,0.005018785965125429,0.000325910283932246,0.0001031376752756762,0.010140792377450011,0.00629381807065775,0.0035934372339848277,0.015833459810255426
neuron_2206_count,0.0025366903705350673,0.014081540783169547,0.0023894101996968856,0.01336393518911869,0.00024923210898863046,0.00223940109200336,0.002313445489626695,2.8160785167103048e-05,0.002416487539999709,0.016826610158128565
neuron_2207_count,0.014464407224124655,0.01355804628667491,0.0006694937310521114,0.00301936494336303,0.0003116865947920492,0.0024687914087353872,0.03508567364942444,0.016102633866813112,0.01903858821442475,0.010234564138548174
neuron_2208_count,0.02086027972876996,0.0026816959396834504,0.002309739419703966,0.0038514197129663474,0.00040175782638030965,0.001233390520738913,0.004441033468659091,0.0010469845822858098,0.009777759555277541,0.008828407734584747
neuron_2209_count,0.06383974396752942,0.0059390201065618545,0.0011720941896117415,0.0033235708146184748,0.0014212487293230325,0.0018002515390254173,0.012522779980308284,0.0026424983600363446,0.018191616886664447,0.00950461640583105
neuron_2210_count,0.043108637751051566,0.0015595890420023917,0.0013391333231496409,0.004811469914782544,0.0015691279731009687,0.0021047121841237127,0.022981272164107273,0.0038143089186143224,0.008569945235231965,0.017718829015174825
neuron_2211_count,0.05043934501038098,0.00866041479305944,0.0018046616324037465,0.003252365765421289,0.001745542667649301,0.0018059689443535743,0.013853371841728173,0.0005095370202940503,0.008212129789210078,0.027962743827194735
neuron_2212_count,0.01648876834082117,0.010850078641280684,0.001110534776965712,0.006065518326506345,5.929930332509493e-06,0.0015538080775419402,0.009197384748438692,0.0013929019129310313,0.013168753647944004,0.022865349013495496
neuron_2213_count,0.029089286812615175,0.020023165506127066,0.0048417205736266955,0.004544293293162055,0.0012784842829238405,0.003438015115130498,0.004973830967979431,0.005940070154296755,0.010622575824347696,0.043351467451888004
neuron_2214_count,0.060072825856449005,0.000951464958897287,0.0006140425121102721,0.000422221256550258,0.0009181346573536977,0.0014341590204465394,0.001859483638942257,0.0012140363021746238,0.02284620108302137,0.015209215448339732
neuron_2215_count,0.1138152527156906,0.001895565825685383,0.0003708847750289743,0.0016009823088527428,0.0076597402032862055,0.010289402885707538,0.001118457605179509,0.0002297655694502819,0.012783014080063645,0.04848653802964864
neuron_2216_count,0.001565463272552848,0.0547358210866134,0.001198492952138898,0.0028730483949528304,0.0002901039622226695,0.0012133671863673052,0.004501510009454618,1.142533797624792e-05,0.0256322332474494,0.01213559063900134
neuron_2217_count,0.027610858784834907,0.013661354769954746,0.0012556909297814466,0.008604216209463958,0.00015426526122286257,0.0006227042697501857,0.00012636519245158313,9.148514555281598e-05,0.01578073694067071,0.007952650058479026
neuron_2218_count,0.006675668100087087,0.046308487861449185,0.0002508947245496761,0.016461704628572424,0.00026772464707750486,0.0008955454041846347,0.006931174704457997,0.0008111954481863151,0.01959455802586381,0.00872114943152686
neuron_2219_count,0.10205699958630668,0.0016697579916157904,0.0039178006326299995,0.006022428912175755,0.006637120099593843,0.029014227105755686,0.0006795340605139054,0.04659237838240862,0.006340737532266164,0.06048099306890503
neuron_2220_count,7.649029704026914e-05,0.04309057183480523,0.002342760237138433,0.023112719854095007,0.003777140015336043,0.0008788006690658538,0.004217033467234142,0.0008332890637860056,0.020827502588780994,0.0009378994531937489
neuron_2221_count,0.0012466893702886526,0.019012337991338432,0.00021676208136711672,0.02538172867847549,0.0012780447855584819,0.000993020136926901,0.022818952947040186,0.0007454188141668358,0.009457399461047677,0.0007066680996746198
neuron_2222_count,0.005166935881396557,0.0625046849337311,0.007842586690802289,0.0248204590321663,0.0005795820842357787,0.00496624129461478,0.04000570526017522,0.009363840831086462,0.014021754795037034,8.835548273553517e-06
neuron_2223_count,0.0008911872173147026,0.04366619909328369,0.0027879917698125367,0.016965879990093816,5.450428792477119e-05,0.0027367909044307692,0.05779915184896446,0.012355095701721164,0.016132492578030636,0.0014346280901389487
neuron_2224_count,0.030677386179103316,0.002328451827605986,0.0004714023265523677,0.022555464991558916,0.0015925871271388684,0.001450005888132197,0.04926523172992525,0.015904636397771885,0.013205135146430624,0.004568011490194777
neuron_2225_count,0.003198082984340482,0.11647558409149453,0.01037153733854522,0.01113833362090065,0.005097240854274335,0.01511657554898968,0.01457291211104314,0.008751180140603942,0.010327245298157858,0.003035543577375975
neuron_2226_count,0.07148287729982036,0.14078320055131419,0.003792168027190332,0.011914341610452087,0.0037255101952249417,0.004206037494952519,0.023739976775398464,0.004167643414901036,0.003189101878799741,0.00039959040350729357
neuron_2227_count,0.004259746938753806,0.10708932355667614,0.0049292680886746515,0.009720802536461334,0.0058791868807148845,0.0020730805417569775,0.018503715022506487,0.006758711872947763,0.008984402122140633,0.0007502783953719783
neuron_2228_count,0.0035701833007418873,0.027205873235963268,0.005427491392465879,0.01926410195665977,0.0057252886749963,0.003892017020457411,0.14858862672218168,0.028859556251737473,0.024103524657390768,0.003369041051939522
neuron_2229_count,0.008915581342517145,0.12423020705124138,0.007295586452776184,0.010379573054523139,0.0025165526801396096,0.01276427982411979,0.0037228827230596506,0.01602367576741867,0.00098134760657842,0.0026949226726653286
neuron_2230_count,0.03216391970061863,0.007076811277994657,0.0036491956012027343,0.005588335794742744,0.0030707206019614797,0.01857053353424455,0.056837680209472746,0.028508070041957864,0.011980667018230265,0.005314900948771774
neuron_2231_count,0.04615976355564608,0.11755896936651683,0.010841716302276191,0.004493164493251413,0.0055890317048333665,0.02401874289921671,0.028492898125320146,0.013150745926526958,0.0027792064084692716,0.00108534285566695
neuron_2232_count,0.004084545839920611,0.003209446766843177,0.004767129724904923,0.013072203820355954,0.001383924266583958,0.0029688700404931143,0.06809960873328705,0.002674914552456234,0.0018838336241847262,0.00043916566274228384
neuron_2233_count,0.008516765447449608,0.0413107544028255,0.0003727074860005921,0.007526715050894063,0.0003762537548753619,0.04702717908972667,0.06696741983080802,0.003959313050823511,0.012921921672702966,0.00045052103363389315
neuron_2234_count,0.09656583008956032,0.0035422114181973482,0.0010510118457984531,0.00101660139642646,0.0013005248796430988,0.03392738364060084,0.011677798021809821,0.000271767996254421,0.0017231302153115045,0.0017521646571640945
neuron_2235_count,0.10506175966613321,0.12447055047985828,0.00876490988047958,0.00032349178904860984,0.008016209010086608,0.034179477459272425,0.02894430585259461,0.009286464252302569,0.0025394610139779852,0.0010002965890033126
neuron_2236_count,0.09635439642670476,0.03439187803244596,0.004183800695341917,0.0002963323818427205,0.0016118369716281132,0.024656286860879062,0.07801116952245976,0.0031678286629244247,0.005551256712825581,0.0009835730174156928
neuron_2237_count,0.17245750510310465,0.006952466217152169,0.002988773980305986,0.004122611361394163,0.0010086898327025893,0.04937743106622082,0.0026548884206881555,0.004204462099003013,0.007542492988633985,0.00754393927344002
neuron_2238_count,0.13864526706170757,0.11156141833560242,0.0033260614500931346,0.0034053308964395942,0.008875124651750825,0.04325031971108649,0.03754266094877562,0.0003467050082238515,0.020542713065754642,0.005670773075140589
neuron_2239_count,0.257153767864624,0.08874445132241948,0.0025769150309558134,0.010437603046876992,0.008520557151168215,0.07253514597079827,0.002213991154475417,0.0025150830913296812,0.0007096280060818437,0.001697361528182055
neuron_2240_count,0.0017542934289614572,0.7238357491088232,0.036267617099504615,0.044142982435132705,0.01387980929493076,0.055456720233560575,0.04096705817100228,0.010565025130611125,0.10354483358354954,0.021368122898439465
neuron_2241_count,0.10254780537639413,0.1178661864323216,0.010577641058200221,0.036253058446854565,0.0008230999284084186,0.021655600926727026,0.006815546163393582,0.003185039234658696,0.05711508254394296,0.02682718981122824
neuron_2242_count,0.04480050666109944,0.6344809405261173,0.03700693787431009,0.023050434227489404,0.05383078169561216,0.04850417678838215,0.04305156228073875,0.01835647202626915,0.05487121166574031,0.01633253886371653
neuron_2243_count,0.0017861218140653185,0.6622041809299681,0.026652779033637664,0.02322824141448264,0.044998218895365746,0.04528562079940185,0.041840617392273356,0.0009978531586487395,0.06528865933096194,0.023067954525547302
neuron_2244_count,0.05635010282432211,0.8089115939167009,0.03302434213738317,0.01821362517846986,0.08721798105572272,0.04815792098912787,0.057418431435501224,0.020860569185029453,0.04849219254452102,0.021678063151212963
neuron_2245_count,0.17365891272964737,0.14215627572365147,0.02730731179372954,0.05415707056636401,0.0006215309320675971,0.014321549321385484,0.013018094266011013,0.001426519224382453,0.0575298407851466,0.02328970270599809
neuron_2246_count,0.08258088022364138,0.2948010599202918,0.012460723329976102,0.030437670159802005,0.02296975240217207,0.018694282845761467,0.016584899878475293,0.00046880506434478914,0.04652758683926053,0.02566214361607505
neuron_2247_count,0.22612975006997127,0.0651800067117546,0.013821511760535851,0.06521647921352171,0.004991235494008761,0.008625638149563027,0.005180293838628454,0.0049543150265167896,0.040630842991648014,0.016721566780874796
neuron_2248_count,0.13804294318096047,0.15265939310205223,0.019878539161277284,0.04044966112929814,0.005033125459856055,0.013292325312498729,0.012073410178796512,0.0037871231745624755,0.049367227699456576,0.021407515477388304
neuron_2249_count,0.18406224017374548,0.11622272909669143,0.027227819353746602,0.03882143314202445,0.00633148658810972,0.010348823067659461,0.010364434105538736,0.006978074857021926,0.050835144359945295,0.02540087850010303
neuron_2250_count,0.21705224990416655,0.009068569149917553,0.0033146305128926856,0.046061968802629846,0.00929653592945067,0.0002472750315523596,0.007828929129549557,0.06652305859763288,0.003470021351614158,0.02575638247462403
neuron_2251_count,0.024996750509476126,0.36369386382178465,0.004986699431853481,0.02025817518615422,0.02290361851833203,0.020546843381543015,0.023165149902309362,0.00028068401974808664,0.036480096104518064,0.02458337692768371
neuron_2252_count,0.1456752724448669,0.1435175449416129,0.022833959320324226,0.028028008919378594,0.004198975464911679,0.00323354802618029,0.006770696459453197,0.0012714829832581633,0.028066763377054493,0.02543855596968249
neuron_2253_count,0.17610434387061474,0.016088891937053464,0.029250623070772974,0.019686097744949928,0.005580844115178958,0.0014230937103305655,0.014887809305788785,0.11426892598641263,0.0018396747422821484,0.04662529806593528
neuron_2254_count,0.21838767972779183,0.0238569121879752,0.009741481229250344,0.04764948443659077,0.014336383397482472,0.0004874596049783825,0.002728528785471949,0.003640212984308673,0.008350283019042476,0.012042651742115912
neuron_2255_count,0.20808772872914477,0.05972731436853364,0.016062695570335628,0.02455176893299864,0.0120435719956615,0.0021822916440355743,0.0014725101058767828,0.004202190977289452,0.003300725650054806,0.005225808702814541
neuron_2256_count,0.20487582094206808,0.016778299228937234,0.018123006489761333,0.03509646586708477,0.008852306477729964,0.00013869671489750036,0.0003393048165980638,0.007171333223773335,0.004039799367568236,0.010719225164004233
neuron_2257_count,0.12926597303240078,0.005811882911777887,0.005049141324778288,0.0430894356347446,0.0020874591413184117,0.0017235118525621602,0.011786359635913402,0.029901536132492093,0.0019963102301413776,0.029528998486109487
neuron_2258_count,0.09770169725050382,0.05233521152760609,0.016970634214409808,0.025908562575759117,0.01995275675450743,0.006224370398104785,0.015484356094038629,0.020516432442670082,0.0005751070515545749,0.001719470171081032
neuron_2259_count,0.06620503384578055,0.00460260737965882,0.0009125398241953825,0.02914522493708764,0.0004063615054651238,0.002520945151567415,0.0061485203439396174,0.014194511904816146,0.0008747487923772522,0.01012047223026842
neuron_2260_count,0.06904548955174356,0.009580341906590906,0.004174255923273064,0.016009163814737548,0.0010408104483938217,0.005845328399809557,0.008853982096329621,0.028651275557153896,0.0012566839036738178,0.0012510134300593966
neuron_2261_count,0.02597640114247131,5.544217207776019e-05,0.0009600083172299177,0.018650658950001862,0.0027487263097284707,0.0006853473566402566,0.016061757059296522,0.029040700447861452,0.0017827966127427451,0.0015714718372964974
neuron_2262_count,0.03630681328972746,0.018731782468506153,0.00684208307503676,0.023672350491751967,0.00549563277028061,0.003757040208466896,0.029897165085605762,0.028852451480115573,0.003797503206698841,0.002394497208133544
neuron_2263_count,0.02233828197609601,0.002830654730065593,0.0033142447623981004,0.011321233479231294,0.0012638617282158537,0.00180697343804289,0.011238526578701738,0.010602299908785348,0.002452229687795928,0.0003993237031954056
neuron_2264_count,0.008415628252147166,0.07182708719330257,0.004699223988259563,0.03127198717808112,0.0026437590236724068,0.00348564959303661,0.023892964059108675,0.012394135414100796,0.009144237297908003,0.0046565581537044405
neuron_2265_count,0.00945560958093919,0.0001533612722937512,0.01609280565585855,0.013188065605067842,0.0025495336463606452,0.0008639239325031762,0.03747264329490979,0.013586683921849335,0.0008143866111444964,0.03315289697320059
neuron_2266_count,0.010510462986616814,0.00728194032558304,0.0011987817677560839,0.017774879334179178,0.0027020820648549736,0.0008153346388935293,0.018585492635096207,0.021609470509929563,0.003392013490191574,0.012828311386775551
neuron_2267_count,0.009807640472686355,0.003649358426467665,0.002607850348959651,0.012105630366929063,0.0010907411895108173,0.00020942803181435736,0.0399359817724349,0.023562862328278693,0.007373090623015371,0.006350870103413075
neuron_2268_count,0.006357609392795657,0.009257170736210619,0.0037295361952443817,0.008474671887298241,0.00022983667794904475,0.0017021641659211864,0.01746732257299967,0.014544294022072909,0.0058261105998972116,0.012208381846879902
neuron_2269_count,0.02385082359966035,0.0014838648085996713,0.0035720548802237115,0.008758402682422901,0.002900729320917743,0.0004796813067001739,0.02964229486083375,0.018713495671466636,0.007788814076680424,0.015627851846769757
neuron_2270_count,0.011218584739735658,0.010474424090221063,0.003636179370129715,0.007358271066590816,0.0014703056496126882,0.001924611824941195,0.02170716074275489,0.004794671832291642,0.00535755206457925,0.014713594105467433
neuron_2271_count,0.03090914704676355,0.0001413920285122548,0.003968199213998741,0.004600086495731022,0.0003630780482234454,0.001767791181597731,0.014072100182780038,0.0023318522092740483,0.005975949681785667,0.022879511156560894
neuron_2272_count,0.0061401304072687506,0.001969499369389607,0.0023165024289392676,0.002393857969640808,0.0007179314339881323,0.0005405765113407693,0.008131855660082545,0.0031076792467182816,0.011546180757378125,0.010025495376252674
neuron_2273_count,0.02107760913297125,0.0044272036260612005,0.007502162006314365,0.007092168733180228,0.008015039659301428,0.0029716924464462877,0.01735398202669171,0.003548769623238697,0.003271534178483297,0.03806880082474261
neuron_2274_count,0.026406751583690775,0.005506279800326731,0.00451894703413119,0.004992701581153166,0.0010807585042232467,0.001404072178201909,0.016450118375005554,0.002745083629832251,0.007875319078786074,0.0298052970289871
neuron_2275_count,0.018546638043866293,0.005083259802492587,0.0010779685143650984,0.006184894574883222,0.00037960052164963485,0.0014303853099203578,0.0013609834285846596,0.0009048010653942935,0.012167584671918117,0.028409894494477263
neuron_2276_count,0.02996914437698245,0.003940329252440276,0.00046621960370008507,0.0071229605861599515,0.0007270254954410225,0.0038178315392152495,0.025996210901663236,0.005661896501415228,0.00832804481765343,0.02610400507923824
neuron_2277_count,0.05471320177055618,0.006630280603234652,0.006387955385471045,0.0005945274155854247,0.0013701971739935107,0.0012944204602552169,0.0069223873827985866,0.0005776829775129052,0.01807395012578311,0.012108455870706039
neuron_2278_count,0.044753834328353795,0.0058086473092512775,8.109600562061607e-05,0.0019894303949921574,0.004238926728803917,0.0058188830291694485,0.0036284211360142274,0.002032032919857884,0.005638392799215304,0.024566929968659404
neuron_2279_count,0.06081916754515594,0.004005958757471652,0.006051052683476152,0.0008286891831867822,0.0009166194623849502,0.00445784349125302,0.0070798876327926585,0.001176964272298353,0.012034435776312073,0.04162320822791893
neuron_2280_count,0.033059369755856105,0.01827961904356852,0.002964291884654302,0.001925092836580225,0.00012200313005890796,0.0011552169918149172,0.00033726359123119505,0.0005774178556214905,0.02137591011365425,0.005332878728899239
neuron_2281_count,0.0006684947384245736,0.08857616161704704,0.004808783116055364,0.009131224173334326,0.0005338449455989051,0.0021937507733630277,0.006449361158283692,0.003789083752192772,0.03100297894260226,0.0015189441089831814
neuron_2282_count,0.10580708440365286,0.006890846223884452,0.0001685409689930476,0.004256956927890549,0.004886009576681689,0.014657086256027248,0.002393689356236994,0.009810130427512151,0.01896889763769309,0.033107863277958754
neuron_2283_count,0.05400365294562358,0.0027340006088507167,0.00932390805580411,0.0033821667569953334,0.0024534844745242035,0.00455642825861248,0.0012361278343599492,9.411227850511777e-05,0.011570140420611913,0.052922563940336564
neuron_2284_count,0.04513636871770796,0.002228623673022685,0.0031331539947456258,0.003595972228802584,0.0028309732090342835,0.0027455523429079157,9.424538626630775e-05,0.00031473398784792,0.022129377614393986,0.006662089262481227
neuron_2285_count,0.02173335900193568,0.029802464069735496,0.007682269815758952,0.006710196101548771,0.001042386510083964,0.006959525220347582,0.0038105279534087558,0.0011941012598726992,0.02140991233093295,0.007401427387818779
neuron_2286_count,0.007806237590722867,0.01088864995396406,0.00036149339286176314,0.04295133247343616,0.005955013628809611,0.001836649451273896,0.033551157896510475,0.0017815122625456509,0.022135271308583337,0.0003059261966179821
neuron_2287_count,0.009473497785470852,0.17080165373607856,0.009682621905106298,0.02521671633845407,0.0014609486775460055,0.006829810119206893,0.0009497084193809541,0.004631123788318925,0.006649130793337711,0.00011409700289688116
neuron_2288_count,0.03915376470833973,0.0006253661516175124,0.0017606006302827784,0.0048216074156626695,0.0018653072390526163,0.011066943346330821,0.02526251575667944,0.005410748671052686,0.01819728910638975,0.012166646166016357
neuron_2289_count,0.015517318857700052,0.08992557346548691,0.0033649793286364763,0.01824093067048417,0.0010167692153563168,0.00747813289911313,0.00706708888571575,0.009341238985797043,0.0009523272856510369,0.00022483759150789852
neuron_2290_count,0.004026841372426912,0.06762404671011579,0.002626828764520195,0.021528293587362857,0.002923508614947841,0.016860068074701196,0.0015596866032573098,0.004177429590386701,0.00021741418139163,0.0022705695719334312
neuron_2291_count,0.012651973372402536,0.03540965414463616,0.006472755810457094,0.012927127388793161,0.0006619924959922474,0.010139951388595088,0.015813822445541303,0.0028773228523797448,0.0022377835535685245,0.0007238015775248817
neuron_2292_count,0.0011217603109793875,0.07806712457965129,0.014275939491292952,0.015393590509180183,0.0023399462808895155,0.015101660043537121,0.026188103389908346,0.019253829020484545,0.012166210886513984,0.00392166237525168
neuron_2293_count,0.010599981670578712,0.019600358176535715,1.2299109669844724e-05,0.005346368857905924,0.0006021697704512545,0.009976354633256163,0.012310132027462353,0.0030378841508551524,0.0002753914723396707,0.0008670469521234354
neuron_2294_count,0.0047941615543443394,0.08091680791718064,0.00011657273308288011,0.0018457567260430838,0.007802625248686419,0.012992164938112064,0.0029153554468881702,0.0017342746816134888,0.0007483812618507384,0.0014020156915485037
neuron_2295_count,0.0029351497363163757,0.015275138378189057,0.00959549209804568,0.0002983822929733008,0.00284593156641863,0.018744353454313217,0.079522815346108,0.01116326297108472,0.02601637959719831,0.0005703141153400356
neuron_2296_count,0.0342658095153367,0.0003397774808491221,0.006568157499642957,0.0005036157239314033,0.00033815994952116415,0.038319285582696136,0.043179463786277406,0.004092018205212843,0.006384463467182279,0.0007354038953348591
neuron_2297_count,0.0023330956298362486,0.009555089487958357,0.006008131290022575,0.007598965971208321,0.006294995346106072,0.02841969127723508,0.021142026504977388,0.008560220827482937,0.003102502304005793,0.000757396342427585
neuron_2298_count,0.1239195258688929,0.17119954202641033,0.015565174835755674,0.005536156033912137,0.006462507742754836,0.02574370019522379,0.005278088576391671,0.0005649406664625274,0.00010829882535714867,0.0014031765737850567
neuron_2299_count,0.02369830177397174,0.2295744805056912,0.008897218022204716,0.00909200499388687,0.005250907416692898,0.003922160830481785,0.00875059938468107,0.00042188975123917845,0.006236726206154362,0.0025851322271137622
neuron_2300_count,0.14112251804381917,0.10390246426479802,0.011308645305674672,0.00146907995672374,0.0031905737248841617,0.03283202822400752,0.0031651527566260163,0.0006103558025028592,0.0034444778456320588,0.007533017727180097
neuron_2301_count,0.003130288341536107,0.27999005660314225,0.011228127715201937,0.013842819044696697,0.00793113424051703,0.01936407263513435,0.014496955043421508,0.0005060543201066536,0.005368334757012837,0.001172493363135317
neuron_2302_count,0.18175824563547063,0.14232643313510582,0.003514087202079727,0.002390578160293356,0.028545559121786454,0.04053289713219625,0.005558508107915368,0.0085380104849253,0.00044495976672751306,0.0028911382194958266
neuron_2303_count,0.06620391920246052,0.06188278417117768,0.003535761251386719,0.0022946614557707024,0.0007943669006531106,0.031713411200942995,0.0013624203355015446,0.010061180497096998,0.011278658800779204,0.00844172483517016
neuron_2304_count,0.07100585639939744,0.7494835666046032,0.033129490407200424,0.021209444500473247,0.06520472625375204,0.03657032375378671,0.0355301519139605,0.020009375358250196,0.046532321518954416,0.017959326090709216
neuron_2305_count,0.0006974378197672762,0.704273214506844,0.03658512811691797,0.02821938090419155,0.043982300933848306,0.055186377070887555,0.039235022145585025,0.016854274829725832,0.08340904124469554,0.03995219177678652
neuron_2306_count,0.010467206267309473,0.7729585462625903,0.03697486220225139,0.016497834085609314,0.06558500232582806,0.05012744838865925,0.04651401659480861,0.016597499974263713,0.05944960796820094,0.022713156718487386
neuron_2307_count,0.007010077537794562,0.5569504218445597,0.034148058839587325,0.03528367166424064,0.03574481645266758,0.03703327985377247,0.026786453555016118,0.005959471232653793,0.054668491945828124,0.021872671666953947
neuron_2308_count,0.08386047086958386,0.6437408479584283,0.04121041261110834,0.01465537116542634,0.0658153623406858,0.04446302363248079,0.04931507551851716,0.027903105733117536,0.06004300197779687,0.0066422918617474215
neuron_2309_count,0.13157054702675253,0.1896095485531859,0.01618795194904686,0.05038139776115769,0.003429474921343871,0.010499535220300199,0.006722492661415794,0.0012803852740066943,0.033738493950262766,0.029971322595932187
neuron_2310_count,0.010820267178096407,0.561614778291573,0.035439652927685236,0.03023597306279588,0.03460038725618922,0.04734164910410378,0.041179833148085584,0.009125392957198497,0.06483864869952118,0.02492204959832192
neuron_2311_count,0.07729887325960838,0.29846955215618065,0.016492757543990808,0.03731744519159379,0.010392596224917922,0.01846762548371514,0.01392726310383205,0.0012260877834533723,0.04043433199806948,0.025060777149047017
neuron_2312_count,0.21094100745275673,0.11041771363263134,0.017511356693385625,0.050304636432551716,0.00643703535909506,0.015530990864237988,0.012082093618852562,0.0032895591898665366,0.05330807966563812,0.02464251256486115
neuron_2313_count,0.20225960844758423,0.04456267572837748,0.019378506495713786,0.039097499097565505,0.010902978810679774,0.006273056253697028,0.004371424928976124,0.006676708763394379,0.038859470902190246,0.017137730828627025
neuron_2314_count,0.17943172546785574,0.11978626299562103,0.0007054715258432674,0.03512176741989603,0.0073386235160645755,0.0063051947270507044,0.004222687765529989,0.018503553231350237,0.04050564370779691,0.04184170747589351
neuron_2315_count,0.20824084830612383,0.030809406325673153,0.04403638923341839,0.0317451258265925,0.00213392336592072,0.0011626006390774444,0.010823513029654674,0.09603904528056884,3.8373609171889114e-05,0.05139297431394532
neuron_2316_count,0.22986343696920297,0.019377791168764057,0.006142021385549576,0.02373120271175294,0.00045261351037823635,0.001417728332010624,0.006855847095486277,0.05061052224378833,0.0023568545125362966,0.04378081542249633
neuron_2317_count,0.21645480243681936,0.0992971756122871,0.07609367927984537,0.02045988874645628,0.017412535093117826,0.004877922734144266,0.0027684040321185165,0.009392681645789214,0.01874415819602676,0.005209082031786097
neuron_2318_count,0.1736840325755702,0.05632623013655995,0.006905141741024683,0.022963970175416334,0.009310707035026348,0.012035345791809315,0.015986854130935188,0.043392283467510534,0.00042508913277597687,0.010418085470459248
neuron_2319_count,0.21320193247178515,0.054894915171278466,0.002169094538999286,0.051847553961119563,0.03046738637700272,0.002021188928701803,0.008443779807912374,0.03462373212037574,0.005130078174648341,0.0078043284014729306
neuron_2320_count,0.06742813886804203,0.00277921925967934,0.0005923932118767506,0.07310626349605162,0.012049839271023627,0.00012193711050077945,0.019391176451645856,0.021791268118165924,0.00027613248944144885,0.0041450622515352455
neuron_2321_count,0.09047886743188349,0.014694903094309028,2.9435492061007756e-05,0.021989475464927077,0.0025582712611234215,0.0022697530504414594,0.008252167251284089,0.03117941400113522,0.0005652852842016401,0.01350027120030041
neuron_2322_count,0.05371559298850283,0.007348158350818335,0.001595161028089053,0.022898442425340837,0.0006182780231396637,0.0004901797818189363,0.0067532994370748285,0.03296810351102839,0.0027306017467647603,0.012293127828581982
neuron_2323_count,0.10105426002124226,0.03727075083969508,0.0012873477822992908,0.039493703691555276,0.009359429550393511,0.005608390334286437,0.028018176445451848,0.03660251897031279,0.00018628592845081667,0.0028759545067571675
neuron_2324_count,0.06116003965221792,0.0029886966185639625,0.003431963054695772,0.06370339851040169,0.0007659128704861724,0.0002566939029620442,0.02294607889310106,0.030767398500530077,0.0019017053968551807,0.012172175627923276
neuron_2325_count,0.05610807220751535,5.9051027116693725e-05,0.0007301135560299245,0.037372523775828795,0.0010547523838994356,0.001943281725390985,0.022348200395495413,0.041435328303197974,0.005981988945246455,0.008590257673572112
neuron_2326_count,0.029614827186929496,0.0023322734187365413,0.004132104024111582,0.027866211435071356,0.00531464998578866,0.0015350524069043924,0.01897362671695224,0.013893181041011747,0.003485070079245301,0.0024322740810344134
neuron_2327_count,0.016185919359937434,0.005808305102083834,0.0018315336502447814,0.015441111597477991,0.003696029988132718,0.0007335422866116097,0.009471153171850474,0.02153296318300363,0.016083860962234513,0.010542308038700411
neuron_2328_count,0.0463508377908618,0.03677410437183541,0.00048634237280762056,0.021870884850486577,0.004945890108378818,0.006462894256422519,0.0333918266263486,0.05972723581516007,0.009312812839545201,0.0027953957017882985
neuron_2329_count,0.026049293921166176,0.03405197339378391,0.004037710338969342,0.016860989626335494,0.006348472395172619,0.002651315499183158,0.013481229065367327,0.015931394481023167,0.006144706019333285,0.015844894907603196
neuron_2330_count,0.007412223855093715,0.010003105013813074,0.010188029415569995,0.016660056841732176,0.005572514089402568,0.0008384928063817163,0.02048779111230702,0.008006379791109781,0.0037537436443518535,0.01741743948444642
neuron_2331_count,0.00985243033021363,0.02814698147507677,0.007408474024073908,0.007731658820262836,0.00021611243613937382,0.0015817768055577056,0.02183277093098414,0.016533615741231928,0.006052604737085148,0.006358417804187378
neuron_2332_count,0.002081478363792518,0.010024549423023686,0.0022090507723904716,0.011816967798620095,0.0020189842213945465,0.0005129451862769478,0.02393847802859088,0.01475902096179156,0.006857679340889761,0.002522743716587986
neuron_2333_count,0.009639854146561655,0.010409340151422832,0.0057662525686432015,0.008845647597234722,0.0006317104527547301,0.0013336184699980335,0.02026383773333524,0.001580016138811773,0.0035063340550542145,0.017672443009163777
neuron_2334_count,0.010145338912301058,0.010228683792862864,0.0026674562545762268,0.0033434353887271395,0.0014829795947427166,0.0013963102856732043,0.021685050667155634,0.007526636168215637,0.011708924230773316,0.011791315012177995
neuron_2335_count,0.026093440751421296,0.005910503252167049,0.0016326935338362158,0.0018377573658230131,0.0007580905826482004,0.0031996629317577975,0.028739857989208528,0.007962259635837503,0.009915750499778057,0.009735723797592175
neuron_2336_count,0.009674452881708501,0.02160509145381779,0.0013596133272052186,0.0024968924175432974,0.0008898239287988986,0.0028284022666365373,0.03567206227748948,0.008235980594339085,0.009540169782957917,0.009764034191192258
neuron_2337_count,0.023298800860338368,0.00752399007435549,0.0040979142403539046,0.002210746691407438,9.776870505004399e-05,0.0032374899375599685,0.020400893209336968,0.005187295629712083,0.014450790229690572,0.018244381667574965
neuron_2338_count,0.06552076364879836,0.006698354896183749,0.0030628137745715225,0.002344682249132722,0.0006069835617971905,0.0022079141419811613,0.02543745161023324,8.602231763038017e-05,0.007475705924394657,0.0466169640541238
neuron_2339_count,0.024020978899528006,0.02334286924092019,0.0004764621181567886,0.004989091711358723,0.006911073187743366,0.003908738050376913,0.01244143495763858,0.0013408543676225008,0.008167566417343737,0.019325887407627793
neuron_2340_count,0.048499559470415246,0.027143313222473153,0.0016274481431954244,0.001202351997068727,0.0013402412951893754,0.0005260581237921409,0.02443902332437929,0.0002602481986752978,0.012264344018153371,0.00906469485668051
neuron_2341_count,0.08844623778363936,0.0037206493131708915,0.00033072045370485803,0.0002324354133208988,0.0019887720070782752,0.00039031574144256405,0.0074508238275106595,0.004193733033386798,0.02559048443118192,0.020257252749603355
neuron_2342_count,0.044058847276426796,0.0011738059179854203,0.0006306885526129909,0.0031435163318944484,0.0011043548171111896,0.0039993781752608315,0.0013829848697151197,0.0003915371751789902,0.01107410212538084,0.026324437724477068
neuron_2343_count,0.06543105693093933,0.0011510211886498652,0.001831322585290224,0.0036509271475443396,0.0009844601110278895,0.0012583366272721098,0.009214172128117072,0.004295771998183522,0.01112200656137688,0.0263622221866998
neuron_2344_count,0.0781773519387313,0.0045383855104290105,0.0008961689620352962,0.004027106776189442,0.008038934755461236,0.007375189173483621,0.005447630083457049,0.0031025601025826445,0.008498492740103562,0.028764148018709357
neuron_2345_count,0.03769677950554469,0.014630874267387559,0.0020210257227220862,0.00026572956679193384,0.001954283397360471,0.00048141081826983886,0.005524623574655531,0.0008338243160289581,0.020704614041011316,0.00739330152301295
neuron_2346_count,0.08961722929025434,0.0006579866178074451,0.0013733582927665773,0.0049125447446903,0.004191301262872748,0.00786825441351284,0.004579994845749693,0.0016191506174293366,0.008170760788771797,0.027233546080152535
neuron_2347_count,0.0008636728021815462,0.10771898426340334,5.6068394714798436e-05,0.015395347060744288,0.0002036121899049309,0.0003087197755061496,0.0007544491406865569,0.0008468838959905696,0.012815518324148137,0.0018440971491927895
neuron_2348_count,0.01827585501159079,0.02329257099128612,6.05106475202212e-05,0.0018585421102858928,0.0011835414760582967,0.0003178316071067652,0.0019046884927776467,0.0017011689960338035,0.017405181901029285,0.005189222525902162
neuron_2349_count,0.01589396831829719,0.05036826294962568,0.004596544188320534,0.013230991274478937,4.644355315542876e-05,0.0003761462029286764,0.0016764492060515994,0.00033782118833710663,0.013846999142649863,0.002000054305062733
neuron_2350_count,0.004452767546151641,0.059742638841685264,0.007376178920765981,0.01194388287849478,6.74124858530159e-05,0.002765651183295241,0.0002795722526104886,0.007582983523155271,0.006521188369107658,0.0003253933820580035
neuron_2351_count,0.018226190109564777,0.08566721932926083,0.0018036411054369265,0.014470026880858383,0.00032797956400883177,0.00030248762472979626,0.002693433895424341,0.00025970985887322114,0.003949542331473384,0.00012127596367943368
neuron_2352_count,0.02563488508265227,0.027845552669790982,0.0040558269408008316,0.014680426171894717,0.002480822472522383,0.0011415151761326459,0.03389977264142055,0.009297747268125767,0.01718744282938392,0.005315495891792442
neuron_2353_count,0.03693535986019866,0.13437363267535693,0.004998507156321663,0.028146799956005608,0.00039282574768248653,0.0006947823691555409,0.009772785136362996,0.0008962826406864327,0.002671191490378845,0.004025566476933494
neuron_2354_count,0.015059123683078629,0.06954440675352376,0.014881030878947252,0.01569924546973693,0.008830700426594604,0.02361643460875283,0.04368277947711617,0.032904382116699535,0.021475922281538815,0.009527081731234364
neuron_2355_count,0.004014882207036677,0.0717877448648322,0.0048759314392254685,0.01595564583222399,0.00012040123235076364,0.004532037257924032,0.005511354457877815,0.00020054793599338016,0.0006529035771062428,0.0010685469650477033
neuron_2356_count,0.003907638944601079,0.0795927531172724,0.010213706352818971,0.004411862856867468,0.00589200160002859,0.020856351053980052,0.004342196271836005,0.03548884907991179,0.001164202350943798,0.0036280208925121016
neuron_2357_count,0.003839600960956071,0.0899862735734997,0.0030616445312976436,0.002288696427975228,0.0010362510306935451,0.02471174864600674,0.029759833417275762,0.0038434850025547505,0.0022427365824579577,0.0012343313577923998
neuron_2358_count,0.036899187339460515,0.07223535950858861,0.005754277654224427,0.005788431970836505,0.0014607542728945697,0.032437902738827545,0.000988863501461816,0.008821186533986433,0.0009370787991940105,0.001992644803227382
neuron_2359_count,0.08529262652167405,0.24505146182624937,0.02944250694905115,0.006895248515719446,0.008133780249478514,0.04321599241667795,0.00447855521483892,0.0005492610310268119,0.000803250046174743,0.0015251173828555523
neuron_2360_count,0.0038720695916085388,0.014566175312041948,0.00818612871906868,0.002069580775589358,0.009892583707199115,0.031575045576278424,0.022899864417382926,0.009742920976268624,0.003672774494026282,0.0018837057439380356
neuron_2361_count,0.09037891176611473,0.04171567020268517,0.004396515319368431,0.0005419254374603757,0.0019194618004074807,0.04147700796712957,0.01974009910649535,0.009983352026840947,0.0006750558392888337,0.000944118266601901
neuron_2362_count,0.0187799185741903,0.0007678104372197334,0.006322921773585066,0.001500587932828281,0.001119111725719199,0.04326162672964402,0.02509276084096143,0.005138199208879271,0.003985909518167206,0.000607141027365244
neuron_2363_count,0.00573616316300387,0.14464511976173922,0.00954147989005897,0.004677017901108339,0.0032342857859045254,0.026171574670094205,0.0023996932596729373,0.0017425692242551208,0.006983930396580712,0.002493395650142144
neuron_2364_count,0.04643376873328722,0.17521992423376404,0.0014154829381654854,0.011278650380835226,0.007151042373342832,0.031875007012487175,0.011062505402278322,0.0097022682308123,0.0028783479051810654,0.00995602688202403
neuron_2365_count,0.12085091639313103,0.016462807394014997,0.0010760531850310612,0.005411690653872779,0.0012209162894280985,0.025340763699382263,0.002705443588369022,0.011498038628233787,0.008197519942694943,0.02008827375710806
neuron_2366_count,0.15063280384525754,0.1295973008236221,0.004749120792771504,0.00017208347477613937,0.009657611577447517,0.05701363591937528,0.007716093153220319,0.001421931033030694,0.002388839463841136,0.0016636452305020671
neuron_2367_count,0.24376404002251512,0.14289381944521123,0.0022563327697916885,0.015549524041892387,0.01381111646926926,0.07461147929864925,0.003329371001732223,0.00804830119349511,0.0029897280043704516,0.0020589765104865945
neuron_2368_count,0.006072829453132332,0.6773838810294964,0.03042763687917327,0.03446983507871332,0.024611799514138374,0.052649998346026725,0.0478865335758758,0.009960889822536907,0.09567987155183799,0.03209215538416198
neuron_2369_count,0.06789013836072212,0.631050047953856,0.04496440621720217,0.013446279428590488,0.05018247885067797,0.038907313751532134,0.05005345998276702,0.03417415761816579,0.05352261134987744,0.005756056637164709
neuron_2370_count,0.04296569530345373,0.46272894645861656,0.03241042196201724,0.033089205490353935,0.028731908560581484,0.032221279437337505,0.027774545196103187,0.0026735767840382688,0.07043693556805969,0.028138528681962677
neuron_2371_count,0.019950457015542267,0.4090968085789547,0.004898033275380881,0.021374181369921946,0.04891407164937976,0.03873183777509624,0.02084319516247718,0.0007525876996553049,0.048102641784523614,0.025027350871663495
neuron_2372_count,0.055838831826461946,0.7120154611790259,0.04709680158950471,0.01518557508728613,0.05688145530031857,0.047534525859881493,0.05635272300574304,0.025524402225519063,0.05717375571356816,0.013258479751223101
neuron_2373_count,0.02292779955639443,0.4901918464402637,0.04067948309582931,0.039717632801097864,0.03571189448227466,0.04185381605390403,0.0394942727698321,0.01022996766629473,0.06236636524257818,0.027038740265687235
neuron_2374_count,0.15006592304484473,0.23069040081005016,0.0283755650381122,0.0443858665807987,0.009728619534561583,0.026223505451083706,0.01995673479294883,0.003524739067522136,0.07122190843622557,0.024872196514070286
neuron_2375_count,0.05563389149196708,0.35195474837880636,0.027903351444366203,0.04949664203679244,0.01645432968646479,0.025848784472240316,0.026376412089804784,0.008824066471847542,0.06407072257355588,0.027985044554869165
neuron_2376_count,0.13481066926501642,0.193480827489445,0.0006402128376025509,0.03447780535608232,0.00954319122293186,0.021547501396824306,0.009040963341760522,0.004204092531655289,0.04290655204546927,0.03838110559415152
neuron_2377_count,0.15421523855141156,0.12517246408863286,0.0007564750023678832,0.03566511277882374,0.0015003361446555008,0.009767468595205643,0.007644285454648535,0.0179878474345862,0.022260766833396464,0.030110431290306425
neuron_2378_count,0.18282869924651585,0.028369933623766358,0.0007923812327494933,0.028033562502768714,0.0019662627973509143,0.0009250313759838636,0.0003837373403569053,0.03731648165795147,0.00851599330418696,0.035000286571725145
neuron_2379_count,0.17161009719251086,0.061527531555597786,0.008073579981369816,0.04648913081039974,0.006623343718025957,0.0020163556568457315,0.0016400734124303006,0.007724551946241588,0.033389854754758225,0.024880824257254602
neuron_2380_count,0.16411920971196303,0.0058388613866645145,0.016646232390991125,0.03939225518570555,0.00030488867871943364,0.00023470864631358352,0.008610764628436456,0.0596452921415109,0.00045359719470241394,0.040940104586281695
neuron_2381_count,0.19155493431702922,0.012476731895118467,0.013845741939191095,0.022322396286041775,0.006688627465165957,3.742282298268033e-05,0.0008254656472544818,0.03533529100098673,0.00043716019642423866,0.05511764646198995
neuron_2382_count,0.1977585544447345,0.004309929528395031,0.0023304213883017857,0.028928462823832553,0.0008889731018044203,0.0006240164929816446,0.00020967450279699889,0.009047174517364101,0.010221076313580123,0.01927397416255531
neuron_2383_count,0.13411196218274157,0.01333485716201728,0.002898622941276338,0.016102594296847503,0.00039169307985177995,0.002430403370504687,0.010587535036585494,0.05002516879386315,0.0005023541769293097,0.02441716924493474
neuron_2384_count,0.1613124026354429,0.031402698722509004,0.012107453273205102,0.01583611156318558,0.0006283041485836104,0.003405537802605871,0.012164761667917301,0.04050114002200225,0.00011998874260067422,0.0363237595823976
neuron_2385_count,0.08038974897373918,0.004632751864288007,0.008848015802555453,0.020000657929163244,0.0031615176224338397,0.0005963098085616956,0.012242432878645751,0.06203840194862239,0.0020514925713089292,0.015856007818901556
neuron_2386_count,0.09414216412998255,0.03819869956820669,0.002283138594996993,0.0440466563435795,0.02861550669003203,0.0019910362388457364,0.010039028758774493,0.03785947710059724,0.00013852544001374467,0.0010995413518684587
neuron_2387_count,0.08292369649018633,0.00940690280209807,0.00399587856515482,0.015459230453082284,0.0008680679981626464,0.0033670126189394925,0.012790051498642777,0.05592972265162384,0.0042162972613356275,0.02153892366967687
neuron_2388_count,0.08398866449105793,0.005208387154516304,0.009186849140814538,0.03569725988312619,0.0036257918129205665,0.0016516363873520963,0.02625206401711811,0.0945788579454426,0.003053852401272438,0.014937884009881802
neuron_2389_count,0.022203188667088716,0.0014066991723943913,0.014124741329640991,0.0205775966952898,0.003576195281331157,0.004013605124984395,0.01705710815579549,0.010260259051421458,0.0022977692931036332,0.002044454283750014
neuron_2390_count,0.03104186996364776,0.001999287162852678,3.710852827662481e-05,0.021999675254506287,0.0004695257060398695,0.002493824399192192,0.03445285340823648,0.05144387535079352,0.00971260833062794,0.001792121945961546
neuron_2391_count,0.04499212923561163,0.009286800108667448,0.01187561112877529,0.011217514658829274,0.0040448849867309455,0.0013773235691971232,0.01911231487959246,0.06075110818308235,0.022506248434286696,0.02247864812648935
neuron_2392_count,0.05094776331643039,0.0483329950375361,0.0006669151793077463,0.019541101118967105,0.010022321419992458,0.0009463696158424802,0.012349315519937967,0.021921901996994744,0.0008353029362022524,0.0024703928528643435
neuron_2393_count,0.0046659300577302784,0.00869597491075784,0.004177959710038755,0.01389712286696706,0.001157105159342588,0.001636011355849924,0.03795098673981349,0.08019384940799065,0.017577036356946504,0.0003819786487326265
neuron_2394_count,0.01080505967861358,0.01921610994697407,0.004780610704817778,0.018145876419319078,0.0037020150239598665,0.0009571820345907305,0.034248607021508504,0.029868993624489946,0.005145184264928465,0.009500736254180474
neuron_2395_count,0.022558876079409623,0.013261114602846999,0.0036795923600616495,0.012225515103724334,0.0007830918826463602,0.001179927688325453,0.03214033916069098,0.015932758140433247,0.006191581702102749,0.004670808744424028
neuron_2396_count,0.006693669654491301,0.029726234556436804,0.003082328799879932,0.02322980203748686,0.001260260856255916,0.0007214113060674942,0.015538685673816041,0.022036402952280872,0.006694394563476735,0.0057751322606498685
neuron_2397_count,0.01036725714044328,0.0020450158270183434,0.0040026383713246474,0.007319168663700276,0.00020271201256263395,0.0009446890230497629,0.03143993485826267,0.011394545286338084,0.004565972666042896,0.008773123935558437
neuron_2398_count,0.03656256859543923,0.00114560410875314,0.0012921711962255791,0.003805937978576507,0.0009249425839682078,0.0019298711345140654,0.033932245576660906,0.01698137064449626,0.01336809159160882,0.006047006794795105
neuron_2399_count,0.011017795453219553,0.007376804338084408,0.004409321870585178,0.00927717639120796,0.008485143858433155,0.0005488234935689664,0.04187982608892281,0.019861792010641692,0.007630835133810276,0.021374130041380737
neuron_2400_count,0.0495324495761936,0.015383307524119968,0.004448967910440277,0.004533142050832856,0.008240248160424915,0.00035857154549161956,0.059918469038493294,0.008216899196393818,0.005849036217368812,0.029257012363796048
neuron_2401_count,0.05153776160934122,0.014340949635236258,0.0014307919449291183,0.0058524732628928156,0.007021142067994278,0.0012700057766852069,0.04574292099971458,0.002779142236088168,0.009709027213564828,0.02202159965131692
neuron_2402_count,0.01594680241255339,0.02022950289446568,0.000841681648134588,0.000607025491931118,0.0015889399754804544,0.00017368806989025414,0.03423284837318369,0.010739585583371083,0.005569811326444955,0.013983346283584108
neuron_2403_count,0.07042910241731487,0.008601658403377309,0.0002505900896009137,0.010346145295534966,0.005348448309257285,0.005788882698958012,0.047345698284945975,7.191010608936175e-05,0.007624455215258057,0.024719503071035445
neuron_2404_count,0.07403897873743048,0.0029488237105663104,0.0037750891105814213,0.0027607121042492397,0.00012775388868490256,0.00684736111412558,0.04433263977242602,0.0027032791629732766,0.021105068198185,0.004507876181182681
neuron_2405_count,0.08259068302058728,0.008719680431408992,1.0855603945747732e-06,0.0006590756297303419,5.829812787397446e-05,0.0009153876063145647,0.023018294552487092,0.000556826355602765,0.013151969986124376,0.017725655813591368
neuron_2406_count,0.0808313569784509,0.002048003865063484,0.00030963382934334673,0.0021692068662272704,0.0001099049213380476,0.0012328968803821134,0.006853360549321064,0.0015238324557197858,0.012749243221560319,0.015922662900236556
neuron_2407_count,0.0956898093236532,0.008033572353873628,0.0019554868093394273,0.0030518399537048796,0.01040883543010935,0.0016526491887542526,0.011177155037529536,0.006782932813038857,0.005667587418324155,0.041876657834574005
neuron_2408_count,0.0526967227083334,0.007640332854633893,0.0005717355991069623,0.0032068058653911442,0.003442296543427247,0.007032276710500586,0.007757376028748857,0.007238569488454593,0.0027565836499847196,0.0179488100048195
neuron_2409_count,0.010583986734032519,0.03471019690519196,0.0011790096422757135,0.003863430078618446,0.00019011354552870077,0.0019844328920510766,8.749648776018148e-05,0.010859981666627494,0.010604922072783442,0.013409505914220354
neuron_2410_count,0.02728989717631572,0.0107697117569793,0.0005433853161653061,0.005835203285489733,0.0009326906026207518,1.2730136661079881e-05,0.0033571966353930435,0.0016885195600491107,0.03776656503879358,0.004005063470321313
neuron_2411_count,0.10097666937782795,0.0016041748559063908,0.0011253846898525675,0.004753650759833706,0.0012309679223411751,0.020947370774926324,0.003337661373752715,0.006256834625000929,0.011238785757171528,0.020254574081546017
neuron_2412_count,0.0028559633584306354,0.0750812148915613,0.004176920104159806,0.008004090947156997,0.0005054712873384468,0.00017842802111420252,0.011440676350940301,4.49534967513778e-05,0.012173405996658254,3.335633048259239e-05
neuron_2413_count,0.015318892820394975,0.03541381599798504,0.00031983736838119003,0.012414879217803959,8.900760937068119e-05,4.002047720910208e-05,0.000919393144481917,0.0005299207361095775,0.015561693069478577,0.0010637618811425095
neuron_2414_count,0.005653820925565996,0.04231778629401836,0.000560442828031759,0.011141677321018006,2.2689289391050835e-05,0.0011860490171070048,4.0535718969259525e-05,0.0011736529870365955,0.011384893039337304,0.0017273558071228406
neuron_2415_count,0.004918794731021865,0.04134822990444986,0.005619580484627129,0.002718664011562358,0.006134793263978373,0.01603220790033852,0.0031088168438715147,0.008527344187533897,0.015412543741580353,0.003360467747461869
neuron_2416_count,0.007218111151335499,0.11972995810532377,0.005133463437156198,0.0175736996622355,0.0027868030935776014,0.0042243655672534255,0.0016714006746289221,0.011048044663724554,0.013277980205919263,0.006240606022249316
neuron_2417_count,0.04511905801094229,0.06267927505930165,0.004452707526827415,0.0007835657958828804,0.013614357000760677,0.01719394895468207,0.005858588658729694,0.043725740703902116,0.015735736947858986,0.01861745163646583
neuron_2418_count,0.04929657998493013,0.010569036713966501,0.0010728146021385249,0.006513448987625216,0.0008435955905704718,0.020168541363770304,0.010254303224641548,0.0039189857858808255,0.011579631402947425,0.001622471663976029
neuron_2419_count,0.0027703290316067435,0.12024713836760695,0.0140386892854958,0.014550397476129073,0.008239848446198891,0.016654907331168256,0.00017895078396458226,0.01000337419106942,0.005066357222727892,0.00016154232153745094
neuron_2420_count,0.014954589190141684,0.04612993998170804,0.006819742131824985,0.008991432444491021,0.0003556084541473416,0.0089405908727484,0.0018655784002683667,0.0005502749651749468,0.0024338118407979323,0.00032665490416096746
neuron_2421_count,0.007098149876330111,0.0004660596500453574,0.00483179042097668,0.000844008905417172,9.496600920039754e-06,0.019546212836791504,0.003884211874206178,0.0003297285326011789,0.0011138310156262807,0.0019688921804175245
neuron_2422_count,0.0029586065843488496,0.07603720510921766,0.0014949525976356536,0.003402994009347002,0.007325273286785061,0.009656714521197166,0.030245795678263403,0.0025232207076304695,0.00484803444359053,0.0019701504771450634
neuron_2423_count,0.003917003624772826,0.0008573724241411253,0.0012414331341124504,0.0019248279436054963,0.00019725107091730226,0.029301986122398205,0.0005125064461974881,0.002038610660594884,0.0003856435715870188,0.0008513767476079643
neuron_2424_count,0.018426725568926203,0.004390943791971642,0.00038377039469597064,6.909363865053534e-05,6.214774437430896e-05,0.021576799638908045,0.008675036154711421,0.0015150135309400098,0.0003917270384388655,0.0006238344513003809
neuron_2425_count,0.03717997404772405,0.0020957412898409064,0.003409992893576838,0.0007519534199983951,0.0004292111783964266,0.03695759515833921,0.003979170075559493,0.001547039218500943,0.0013368858905317763,0.001696724798836655
neuron_2426_count,0.04551125467299191,0.009920170975716416,0.004081271339711708,0.003385567803255232,0.0015378095892195354,0.017024754650663457,0.004897369616290448,0.0012029034323858268,0.00729089402427837,0.002700002857831507
neuron_2427_count,0.06445275470842274,0.003652699054581536,0.0017501161316677803,0.0017916205362706016,0.0006548165169833857,0.03940945305356565,0.0023122592515479393,1.1009116110274149e-05,0.01024702159815849,0.001759548210212715
neuron_2428_count,0.0773437673827497,0.19050913131917713,0.013022872295375132,0.009219084338111999,0.003971228263361597,0.04145802985464017,0.01679948680822428,0.0008321071126436187,0.0060055421384531266,0.0008270203010372883
neuron_2429_count,0.14233557391715923,0.1709414095957918,0.014306771454433223,0.011487569533767767,0.00856493156824752,0.04661860003317847,0.0626425695600601,0.00043761639919525155,0.014047022285783986,0.006399869078602689
neuron_2430_count,0.27351798554586915,0.1970900351332347,0.011019628034315637,0.008463711969330937,0.004098872752557985,0.05688643614171936,0.08258042592771694,0.001170746382379257,0.03083100115938832,0.012866629448900976
neuron_2431_count,0.14952104722814116,0.016692442165090277,0.0016669799717147736,0.006177340638768111,0.0033225888312229043,0.07432505078511545,0.026675923670775398,0.001348486833619409,0.021583753665407684,0.006759895147429813
neuron_2432_count,0.05760734246635443,0.4502310557037714,0.040824121972612794,0.01698731935529841,0.030837202094259653,0.0357644088028142,0.03168044734254292,0.042520399490359746,0.039096630292341714,0.013442330984815561
neuron_2433_count,0.020793520006246555,0.4605125980892515,0.04710570866168107,0.025718094406336253,0.030641388332615226,0.03887448610267485,0.03759852923156603,0.02599444958660374,0.04957372153800841,0.013747508229718756
neuron_2434_count,0.0011256198802499194,0.5398821408170666,0.058116034035983574,0.02641202919087105,0.041613817346741674,0.04176224934912644,0.03990171890597265,0.022243051649697004,0.06587954367069578,0.01782045228897866
neuron_2435_count,0.027286751531434596,0.505081487591623,0.04678396782119329,0.021831876452181573,0.037211774616786625,0.04515133705031317,0.036811304163616644,0.02512268884070944,0.04907128284022795,0.019257052984700686
neuron_2436_count,0.0032691967990903337,0.4603265022892406,0.02870775747157555,0.02610261514147729,0.03709493361301966,0.044967561814700394,0.034835154186859604,0.005809911325070371,0.05257463189229117,0.01480567777272973
neuron_2437_count,0.009982099982437667,0.34194942501906084,0.022202348470371974,0.021645486056443133,0.017985474800132156,0.030118762275595276,0.027236922134155184,0.009908600166402229,0.03823239485461524,0.0034178997789269527
neuron_2438_count,0.13761342108598038,0.20673614481776204,0.04322525659376955,0.04987792439283242,0.014395549588663285,0.026672009351670266,0.018716418317413205,0.003433981611843397,0.06841040788013217,0.02308368302620533
neuron_2439_count,0.05315476311278711,0.36473377384513117,0.016206407559639938,0.027948490994488838,0.03979247493645749,0.03353090305253914,0.023139099207915403,0.002550577396756553,0.05182045458110336,0.032355639381476314
neuron_2440_count,0.23576083700792205,0.07729868406036666,0.0015051444964999522,0.0638842823238798,0.003432286835412166,0.006309224270560548,0.0033431548563083377,0.01317393409629744,0.04027884269141249,0.030691147291472765
neuron_2441_count,0.1838421879162529,0.019122373168725337,0.00016378627541571017,0.038135781960735,0.0028035989099580855,0.0031538275983268964,0.0015556187575515995,0.03701459606778182,0.010250544134624652,0.029006663686286085
neuron_2442_count,0.21991574191414293,0.04903870385584369,0.0009035022151324436,0.0389550884440531,0.010563948231986878,0.004979998788520873,0.0036425102700383127,0.01700655812610885,0.03349383642189684,0.04275530654546379
neuron_2443_count,0.16161443785279994,0.020413761629355404,0.006298278405844494,0.01526104420812311,0.012201766602100372,0.0023360470752419246,6.87911722608717e-05,0.022991513115572015,0.004997376046690934,0.05140129015982485
neuron_2444_count,0.2407429911375802,0.023021727489075217,0.005342264133695956,0.02760208659591286,0.0018465399223662644,0.0007119994435699443,0.006574905827592938,0.04585356757288253,0.0015593020345217833,0.033834900199160634
neuron_2445_count,0.2299796112979961,0.04799650655883747,0.004629590455300134,0.02000343634186777,0.0013417769970999575,0.00721004925319943,0.0168194217221021,0.06062379895928488,0.00019303459874642648,0.03252203635429071
neuron_2446_count,0.24896002084889274,0.028144462618244978,0.0030016202389789234,0.021656486308448325,0.0013707015208929522,0.0032344570176626314,0.00924769682138371,0.042646181768807495,0.0003708961047637037,0.03470029669995439
neuron_2447_count,0.13783099762128598,0.028950542729226036,0.016285538699161037,0.018445084122520897,0.0017406667453112278,0.0018259554227277631,0.012931387408076173,0.06528791341365563,0.003338992575134689,0.03490870577268927
neuron_2448_count,0.10599984789935335,0.013466071735504868,0.010978492638589347,0.014026811545512732,0.0032696931821213533,0.002311284821523839,0.011876481741069901,0.06710024117142872,0.008834429069186488,0.03970487873186382
neuron_2449_count,0.021986001241248082,0.006389113460783278,0.00259588762719188,0.05786156455536863,0.009856720431061276,0.00011799424680474001,0.026740746985533914,0.05966116784629233,0.007080522494606015,0.004136477255784428
neuron_2450_count,0.06411836835855367,0.002085538566144889,0.003753475649583199,0.02634945318881937,0.0004964136379420787,0.0006688623239324357,0.009442166766270771,0.057587787984068384,0.00802698814676496,0.01849581877172253
neuron_2451_count,0.043551553478320404,0.013963816031759446,0.0009052613158310983,0.03491808082691811,0.01407262084277465,0.002076532511331653,0.03147383871418617,0.056163230128552885,0.0006810061204484963,0.001308686402376625
neuron_2452_count,0.025171457491112215,0.00021550351089036297,0.0025125183894018494,0.018122261764407926,0.0007671773381413109,0.002220201653752814,0.015659881290118652,0.04978734078570124,0.009426810550933681,0.005277094128285441
neuron_2453_count,0.010410312675223202,0.010482487858579782,0.005274396973502123,0.0524329761675984,0.01225463311983577,0.002511174425795069,0.04616189143557731,0.03363218343792482,0.004698011576790673,0.006558200919331099
neuron_2454_count,0.003348356607577676,0.008576249193665716,0.0007335456654556406,0.01396343356022424,0.004634094763495002,0.0021935001942100796,0.018691891673618427,0.02806691146591142,0.00783493384860496,0.0013646607079996036
neuron_2455_count,0.006595232930952863,0.009960960192065868,0.015389283856757488,0.009546942445438238,0.0046730378918609025,0.005363762764507084,0.028157349042997173,0.023116874214299407,0.002357644525336198,0.00973751531359695
neuron_2456_count,0.008281598651490087,0.017789545507837887,0.0024811889498258834,0.03993296468676936,0.0034360901199702214,0.0013669280456291184,0.03499725506812337,0.02435478059443951,0.00331892322913736,0.004677363580028359
neuron_2457_count,0.011951474992838357,0.0018802889749897841,0.0006803240125409383,0.0067999040730431365,0.00013425374237794035,0.0006659002844950392,0.012975287655633494,0.014634738688197702,0.003956214464641915,0.0011726542926068957
neuron_2458_count,0.002487512253281912,0.016331984340335795,0.014668781608315175,0.02910428121569791,0.023723062004949894,0.0025280840024816554,0.039161440360076,0.008340205110660026,0.0024411656312676965,0.024644662907151046
neuron_2459_count,0.008952673375182837,0.012383720954188607,0.002918574145712713,0.026114257249433653,0.015394920525149413,0.002065889319986948,0.037979095253025154,0.03575739865300667,0.005378214431102944,0.013711408413420844
neuron_2460_count,0.0019121813513987077,0.004832147346732346,0.00441762158039706,0.007480753513075448,0.0008819232644474836,0.00019849079782746724,0.025244845001070083,0.02330878521981915,0.012182902849962133,0.0020994731136824533
neuron_2461_count,0.011409234703513203,0.003145958630375388,0.00436018817119168,0.010694065009225241,0.0018728132471036475,0.003533122007019048,0.06703860003325002,0.029250029082431572,0.00930944832058403,0.012212673554315254
neuron_2462_count,0.004349339144694979,0.007634742681696226,0.004190046669983367,0.00593003286694703,0.0001820380262973131,0.0008892148634408441,0.03784996770956034,0.012120149951897183,0.003956928017572113,0.00762915450061824
neuron_2463_count,0.004774211317334069,0.03694385070071383,0.0025551712170377647,0.0021016363765907764,0.004946133118078637,0.0024048257995398356,0.03499423171376771,0.005640489879582083,0.007928072648571101,0.00819694486288857
neuron_2464_count,0.016575487824790715,0.008436575873367078,0.005509100061217138,0.004525675398106967,0.002901134532322283,0.0011165810203919695,0.027808348858097617,0.008288624114374813,0.0071242585322700835,0.00208870440467304
neuron_2465_count,0.005809972066234466,0.026511935769677544,0.006490631748750163,0.001200647492748761,0.0011833596727284191,0.00024161733316006113,0.029275424404235473,0.02150839189143071,0.022611374772849746,0.0003904034303529296
neuron_2466_count,0.0005391088862781689,0.04951853134286871,0.0007115963982698703,0.002397521993128107,0.0049793850655884125,0.0037299890315393783,0.01331188565869508,0.00379329608454447,0.022019265336235855,0.00019723626911179247
neuron_2467_count,0.009476988289249547,0.023599689454240583,0.0043962168988692304,0.0011196733003599885,0.0023804079653658786,0.0006758724275906045,0.006936028481711272,0.00041967898738954484,0.02254441230689025,3.4602224973677605e-05
neuron_2468_count,0.043833516666812594,0.010968135259474994,0.00206899619992185,0.0050599376902244475,0.0009821541292694379,0.0017867940688725235,0.037915511431367274,0.0010111798693432927,0.007801276450410982,0.008499560587998618
neuron_2469_count,0.01666311746014071,0.003988374769545666,0.00019157436295077004,0.0005082101962024903,0.002758552124878251,2.956491229076175e-05,0.010075282311897665,0.0006330579341735053,0.016837501762693635,0.0009367358939892552
neuron_2470_count,0.02149679787843193,0.005740241082076745,0.0028644017114367246,0.004493642590960582,0.0029255517473176125,0.002951750510340065,0.023210243744006057,0.005495476135763209,0.0011388603825190254,0.014707746069583007
neuron_2471_count,0.05029498589173783,0.001011567644565609,0.0020473411497868655,0.0013648499909197573,0.0005861351615885854,0.002056080536609564,0.015451634729617194,0.0019846531456764287,0.005992621124884641,0.009707084016114642
neuron_2472_count,0.008253947840546783,0.04544325764360835,0.0007946550018189599,0.0008551764906390182,0.002129963931773629,0.00026349869901425883,0.01974528299121263,0.0016201986827363048,0.010231334876956835,0.01153345776387564
neuron_2473_count,0.032380561667160065,0.0193540736828009,0.000760966246789993,0.0035201913225947346,0.00197245648368043,0.002886527227786914,0.0005531157929989927,0.0021309039643932423,0.016629260044211336,0.011365950951256379
neuron_2474_count,0.00598616191464519,0.03195633490004855,0.0005489808593171774,0.007613012400301183,2.607559079907673e-05,0.0008100598231781525,0.006750837371827058,0.004675685562319093,0.015574179668574079,0.00010396603961170675
neuron_2475_count,0.02449274246589908,0.03763406715193515,0.0011635010627928204,0.011949386388940844,0.00027941462719246503,0.0001284144849953723,0.003582509405317222,0.00010889144056568361,0.010846322188657997,0.002382503199288226
neuron_2476_count,0.046822708653706385,0.002669169520351398,0.005718916363923965,0.0009972752599610646,0.001207515521637205,0.022473481557052533,0.015065895557597644,0.002629131581680662,0.0032687833201253853,0.008670918180914214
neuron_2477_count,0.010551243318092082,0.024288742209478728,6.0744943842758236e-06,0.004205479534247471,0.001684332223310274,0.0009434723701722027,0.0003916869282068556,0.001854808221904685,0.010599924878591654,0.008353442546815817
neuron_2478_count,0.012609533949839866,0.060226720774586615,0.006694992882094464,0.0056342400838466575,0.0005877606953747592,0.006370666426759521,0.00536572262613734,0.004834753529356674,0.008675512415743845,0.005036057732853802
neuron_2479_count,0.008781988502967714,0.05042185256676546,0.0055722407913982724,0.01399504857853584,2.3878214358642128e-05,0.007633414277011884,0.0009130396419700891,0.005200859141098725,0.013202619543158517,0.0005242425510233288
neuron_2480_count,0.0002723816694655441,0.09213180499599702,0.006538251541651732,0.01724095516091964,0.0038589308005221035,0.01807414907095528,0.00022488158409151443,0.00844898427231254,0.0011321866670864558,0.0060764742356540224
neuron_2481_count,0.0001846240850713575,0.11608465293675005,0.011698927883401489,0.016795628006781818,0.0012997294999893584,0.0051216860338475015,0.001586418826163026,0.003654154525548875,0.0031905533665791026,0.00020867495943011592
neuron_2482_count,0.006983286902221809,0.0909443983850669,0.013301161552443638,0.005765763947089025,0.008472469132298877,0.013438442457160013,0.007098928185260388,0.023292748866491866,0.006344256496853461,0.005005163080175248
neuron_2483_count,0.05680860889727407,0.01855082570803572,0.006285788614100216,0.011211212466552725,0.006111901276754518,0.008670702306473432,0.002711816724489703,0.006539790431185612,0.010929250881769728,0.002932937160710941
neuron_2484_count,0.0019420952269297471,0.19347313581524084,0.0076570442839244066,0.021126806879010876,0.005315610399307426,0.01183561336744289,0.0008912737888427148,0.008158234118318924,0.0028406383783582817,0.004512288208677766
neuron_2485_count,0.0028553384661060034,0.05404302860843113,0.0017923859617424258,0.0003860651215761065,3.9663884094225024e-05,0.028771379590801144,0.009085571651371832,0.0024159798470784165,3.541458888321747e-05,0.0003319227747688603
neuron_2486_count,0.012290661029322372,0.06064612169344476,0.006848551980312534,0.002753355108136256,0.008177706830732559,0.02987078221321872,0.009412138940760817,0.002665594165861207,0.0019809020796431424,0.0015312137281672323
neuron_2487_count,0.021284981850749167,0.06438802779995026,0.0006827954316035514,0.003027103770272703,0.0008365723327083373,0.04144675659159201,0.03290818537298058,0.013097559276464048,0.0014080731070611682,0.0027845406260639406
neuron_2488_count,0.021701973962865356,0.0037108967435111814,0.0071840199780944525,0.0005837062073457099,0.008608705130922004,0.06378862359164872,0.011825946594915274,0.018053492674935945,0.00945748673514693,0.0043187298563089616
neuron_2489_count,0.025322465358792887,0.08433253141044852,0.0012540800790723054,0.0027744374817067208,0.004055373070138896,0.017173723074969213,0.00960443967290757,0.0030076526088048117,0.0015241220010015384,0.005853240675115633
neuron_2490_count,0.01969556331992388,0.007559506559877915,0.0011492358679200607,0.0008379523516756169,0.0019512340123615593,0.0438090689242374,0.006696459767877541,0.002522519167778726,0.0057795864087462345,0.0019420879209484073
neuron_2491_count,0.07005864577523752,0.009190460325419425,0.0013731048515100274,0.0036361240084926486,6.927531634404356e-06,0.029766622816775223,0.0015812022232110125,0.00034556496253626383,0.008830769939870274,0.004147508406156547
neuron_2492_count,0.2236012481097885,0.35371135395820386,0.027602947963853423,0.024507511654343807,0.01188581407951065,0.041989383308206174,0.11662914697089982,0.0004328077545865767,0.032673403958544206,0.00636280320353233
neuron_2493_count,0.10132161587841976,0.039567548287266704,0.004854117745810037,0.006531960032528761,0.005368872257193957,0.039668830754983314,0.022263767505054738,0.0025765850172115266,0.008100705841048758,0.00027947929631910035
neuron_2494_count,0.08112252324603533,0.022783255707528483,0.004552272926833422,0.012369228066156084,0.000822256567621072,0.052946288280945664,0.015798336042940717,0.003128837417292186,0.0012618264812903589,0.005217900684584498
neuron_2495_count,0.05841557204016064,0.49805458506834793,0.036353566707712226,0.014948498551997848,0.03343302535990234,0.004284483170466218,0.04300514449921049,0.012008632133470837,0.015234221462636335,0.005791817325946091
neuron_2496_count,0.09014635805100521,0.2877325023868,0.013165617064602259,0.04014533295618268,0.003624993684392997,0.02192746703909501,0.016923208856437333,0.0011987302403222346,0.11123730884198853,0.025931886545061206
neuron_2497_count,0.09570116784825486,0.31685395788177545,0.0017522791832681912,0.03319205950781681,0.012289657161673934,0.022838345755463674,0.015624166002314907,0.0006160592241164914,0.10603006142839293,0.04646545741816313
neuron_2498_count,0.015691310358881383,0.5038378735288785,0.003834841808080462,0.005275012678516829,0.037325147148523766,0.020482020015182956,0.05290027079989153,0.0020122536517881012,0.09134731152349898,0.03631827417404378
neuron_2499_count,0.21067775259447297,0.1322916470193854,0.004859285855276403,0.02329869935231771,0.008472697386694726,0.011516813359273188,0.003803270642586752,0.005114618965484367,0.09201933718816804,0.06926662521640096
neuron_2500_count,0.0022893241568136876,0.41646266544259547,0.02576603084159247,0.012263097394885757,0.042557097478160506,0.036054398630230605,0.040185295116670405,0.01623352613161018,0.05707278313100095,0.008616039577757528
neuron_2501_count,0.09828337894259243,0.5469593922330005,0.04464597311486336,0.010031631927781386,0.04392172556802583,0.05371983381111755,0.0520368608921016,0.05109776598954545,0.05945410872116164,0.006745415428161983
neuron_2502_count,0.002665770927799044,0.4543883731072151,0.033455165814044785,0.015396177245560631,0.04011892538764309,0.04101988538507417,0.04300179867469978,0.02142397931482149,0.060593261294057496,0.017659294915765518
neuron_2503_count,0.1258289238018335,0.20888519478413742,0.0015078826803860959,0.03550314576243574,0.009673741834349152,0.019682189848250084,0.01860220557863354,0.005342106137754134,0.04273523368494557,0.03879498172351832
neuron_2504_count,0.11220133047581299,0.1724203524180573,0.0008454380612578794,0.02428474337855433,0.015599442169667972,0.016305077102906303,0.014301211133662353,0.01135677236521205,0.027212866793301857,0.0466351662182447
neuron_2505_count,0.27213851447098675,0.017418592013659112,0.0048386929359910055,0.036403873267325956,0.010764554295265166,0.0024354418957476393,0.0162728932274133,0.05167447892010442,0.0076683686080642605,0.05028426579640928
neuron_2506_count,0.1456672280336985,0.12199084355591983,0.012031211069690066,0.03357629245104771,0.013122955280041843,0.008968142146410236,0.006580585558667737,0.0015790652466836815,0.04679694417710059,0.023418230488251875
neuron_2507_count,0.21970605740021765,0.002688383117541028,0.00083703260677216,0.054484952819462557,0.013017692111251464,0.00019157999153759757,0.006127983640339105,0.036191173687607325,0.007112547602857754,0.015097383796499789
neuron_2508_count,0.2750401245269188,0.002716069087819767,0.007288945741115195,0.019306467052113363,0.0054264433002319395,2.3339701300070792e-05,3.176863629078715e-05,0.02731164083729634,0.007523570726255202,0.06642442096159816
neuron_2509_count,0.1976894982827999,0.02922456158313018,0.0032565559519034115,0.036052577329916444,0.009479570669029234,0.00195852009268125,0.022977687269832778,0.08262436343425558,7.767428306801154e-05,0.02230198086200938
neuron_2510_count,0.23321179287196858,0.03801675832529573,0.007305263568923531,0.025849263779204032,0.01045611690202533,0.001176060435397145,0.002701105435988574,0.020087345091757372,0.013311827229251526,0.01390395822716145
neuron_2511_count,0.23955860650209992,0.02424069597810763,0.00045802269699541515,0.015735148512679598,0.0001296325832197331,0.003904927595240252,0.0046957409582091825,0.022208358893695684,0.00277923459091935,0.036683809559795624
neuron_2512_count,0.16013282482070823,0.0011346593338773976,0.00590618150742428,0.03839149346527625,0.00045747278346821175,0.0009000140481306013,0.01258511514349038,0.042594718708278995,0.00018875791087306047,0.043008863569512834
neuron_2513_count,0.03010168690422932,0.01218358261689034,0.05215745953971404,0.012747025106626009,0.012686976686978574,0.0014410232052794736,0.007992732744875289,0.054212407307241875,0.021334641948750913,0.059646089124318166
neuron_2514_count,0.11596264983447402,0.045258808233100606,0.001729524525829057,0.038643425315812746,0.01439260843093021,0.0013254781556011376,0.02740426914991416,0.06712600611131037,0.0022558846553909703,0.00887654434682221
neuron_2515_count,0.038196554374221134,0.015480639531503991,0.013195536435808172,0.06916609127060835,0.01402918787789916,0.0003272986249780747,0.036080756984138256,0.11746470205796204,0.012563393854352057,0.005305474031703585
neuron_2516_count,0.10786804155839733,0.07374844034406466,0.002128818755288836,0.02743191984828,0.01651273743726013,0.004996683825992554,0.032614011766085596,0.08231578147618093,0.0038555675101739975,0.006921166630494392
neuron_2517_count,0.0072655025510185,0.01361267393172129,0.004835295255881025,0.03276896636582173,0.00608456989253869,0.001119612082206345,0.02711190346208303,0.09599566678643158,0.011562864817069493,0.003534738177874641
neuron_2518_count,0.020601702548865286,0.005344660062527373,0.00028911489818358484,0.019094062834659323,0.002110478895827831,0.0026110324146542477,0.02864108366954672,0.03985124802999766,0.002920946690627795,0.0008214399306424566
neuron_2519_count,0.002324319102874439,0.0061132193864616505,0.004091969384539996,0.0174002702588333,0.006271760029341788,0.005289673531363058,0.0274686303917041,0.03930387386664213,0.0022290547123058123,0.005708186691936564
neuron_2520_count,0.04796958568461149,0.013959026690777462,0.014167162472147651,0.002762295038389654,0.008571343014823318,0.0026477645696108415,0.006727843233265383,0.04414117617605161,0.023567565651369388,0.026046951281020428
neuron_2521_count,0.007889749737553403,2.9216631606134025e-05,0.0053925970512578615,0.015712407582833175,0.0006738769519000782,0.0011050523615323687,0.025510220065183484,0.060366317626094,0.01634250074979729,0.0016387193400693133
neuron_2522_count,0.00592378815488118,0.018271615549584244,0.00023102678031581766,0.013733962228765821,0.0014565411514187894,0.0005239413013202335,0.01488519778043397,0.029219840220195664,0.005974291326392248,0.00044928244848836197
neuron_2523_count,0.016279170876853682,0.004654286227323012,0.0018455055310265672,0.026533902572943226,0.011101400017950208,0.001115901548857023,0.04444732896282333,0.021479240043744505,0.003079211415705647,0.011531737214108759
neuron_2524_count,0.028283824147149236,0.012713800064690861,0.0008675904530365815,0.0043537441939929325,0.0010527914077390222,0.0007812609539806711,0.027842562719968142,0.02562360450338999,0.005171655266552944,0.0017360706481142968
neuron_2525_count,0.02101866505722385,0.004439954987427455,0.0024352207338130556,0.007099448913969551,0.0016696966178219664,0.002154097378267144,0.02795519421921825,0.005026685899375889,0.00416804104319835,0.008450936874186122
neuron_2526_count,0.012001021163751208,0.007431719829558762,0.001079723984384373,0.004127706941882019,0.0008642512247247275,0.0006950003013255438,0.028116177737710246,0.008109788838819427,0.0047943209070726266,0.005496524555456728
neuron_2527_count,0.0038958836023649038,0.013273253356047468,0.002770645932487839,0.006638303890401348,0.004482741903765734,0.0026205207663071856,0.05269120266699201,0.026755195247252617,0.003850692629795641,0.014420770904153592
neuron_2528_count,0.015498465236499961,0.004609294908973702,0.00014653260286114599,0.005516627550692009,0.00026875906143187557,0.00126089381978608,0.050517909008651773,0.025846490751760265,0.016489878306361866,0.002953621661315256
neuron_2529_count,0.04103783808506323,0.0009527977768392908,0.0009405761792934848,0.006956817710067058,8.732393859246356e-05,0.002042175068827711,0.064715817343166,0.013176549070120627,0.00866498875641477,0.0018162874266963967
neuron_2530_count,0.016354096386700517,0.012183250800604957,0.0007430215730220725,0.0035293119505039466,0.0004113204825744281,0.002079976133160358,0.04999810138434688,0.006805893391105919,0.0039639841687933094,0.006568956291442121
neuron_2531_count,0.056936202469917124,0.001601912735518015,0.00039295112567184695,0.010432971161775231,0.0006661356597034325,0.0022387279781512434,0.03754811759607035,0.00288454828294938,0.02072939837146262,0.010849372786052316
neuron_2532_count,0.024111466779662985,0.010358994489921058,0.0004043389670338581,0.005790213394084122,0.00013228413955961005,0.0014371974335019126,0.05613611823709974,0.008394153656816835,0.013288150833841335,0.0011408164744680926
neuron_2533_count,0.042521824676996695,0.02340046850210923,0.007039531877916404,0.0027221643205263893,0.001460286959933747,0.001094838496441577,0.05088193682806175,0.003390914282160193,0.014012933587438058,0.002250919039948069
neuron_2534_count,0.02540932232569436,0.008130101723452236,0.0022085611799692647,0.001317374447656068,0.0011320415591411122,0.000882585675123039,0.023864398943035034,0.000188303708268449,0.0030386520368323906,0.004957186517511765
neuron_2535_count,0.005667776196287638,0.024663284469034555,0.0008418918478914628,0.00128904607328207,0.0006991871233794321,0.0008579967420790195,0.01386047343765337,0.009463452171233303,0.02176664044446895,0.0002518341656828401
neuron_2536_count,0.06332355172858672,0.012955664627046656,0.004143638498206627,0.0004277012109312854,0.0048154409175023075,0.0038306970400602616,0.018042823354109755,0.0035871799075760658,0.01732775326875842,0.005990150570089094
neuron_2537_count,0.0015380264989140226,0.09888386614879074,0.004054151759788238,0.015347300222608884,0.0016322202040554117,0.00021887190944020092,0.015505529036786966,0.00014309662293164518,0.01328883828213788,0.0005456245421137026
neuron_2538_count,0.010753395263960977,0.07550129768105295,0.0036485892682886767,0.006958790588169839,0.00037853876787054264,0.00022549859116927085,0.010282139659349009,0.0006582454564261035,0.011691578668988054,0.002564305834894011
neuron_2539_count,0.001005702349427092,0.1196398435849686,0.005658517482651157,0.01396067403224023,0.0016283738037441604,0.0018467553974804984,0.005883503063877908,0.0004422745783664202,0.009570444284259128,0.0011162188687487903
neuron_2540_count,0.005317870660874496,0.10443535727746717,0.0021135761639153802,0.01575861984418299,5.020388137353879e-05,0.0001612305224532786,0.032981458694459925,0.004777303949866411,0.005933811561149027,0.001174556764883039
neuron_2541_count,0.008719339699603132,0.0709741467882106,0.002653471493401331,0.023692543781788644,3.0262755566329638e-05,0.003630029813138466,0.010658957365860255,0.0001060629170522541,0.005565428867069282,0.0014634454487477098
neuron_2542_count,0.00037378866984017455,0.14245202707954618,0.0027449904368231845,0.019663536769838175,0.00198742766865051,0.003686740760937994,0.009137092227431587,0.0013268185482521212,0.0071263358892395545,0.000491797037361642
neuron_2543_count,0.0006151898420689536,0.07615466734583409,0.006632899177053453,0.016127838461645297,0.0012235665848620014,0.004295836590863952,0.0009312833569408395,0.002386029664851533,0.0030657561477815537,0.0001890419843403341
neuron_2544_count,0.0011684444903725805,0.1118450192806705,0.01214826931687063,0.0146835674348198,0.00565325030036002,0.014426912833352512,0.0011843729427042753,0.010749732664168052,0.0059008567894534986,0.0006117443078540695
neuron_2545_count,0.02391449318924771,0.2788844301218594,0.002217008423638027,0.034662507843531976,0.0008163051221125872,0.0006099695633102545,0.04729806307051085,0.0006711620786211889,0.0032349587165640334,0.0011211258516354988
neuron_2546_count,0.0051220388607714565,0.10307184868492347,0.007467455054828598,0.009365542323359462,0.0029303083101314305,0.013201098891193808,0.01116566724672681,0.013176771878925603,0.003707438440383022,0.001248876971399488
neuron_2547_count,0.004531686897537924,0.0066547937701161505,0.005188271528242,0.004436412573173572,0.0029675842298295604,0.018133986621752918,0.07010919895413181,0.01566689795604924,0.0191117602538029,0.0002623086096033775
neuron_2548_count,0.0043713263275348855,0.08981284226856834,0.0096434689813832,0.019596610649575477,0.0002965413856601349,0.0020227497045714263,0.022099134025241815,0.0009006879244500172,0.0001553293512079612,0.000584317612477259
neuron_2549_count,0.017745278120354577,0.00024606290525132834,0.0021593002524036113,0.0005649295585912241,0.00034457438484261464,0.012370877417384796,0.001802339833991362,0.0019450130638261967,0.0014502611818116885,0.004555158560400563
neuron_2550_count,0.005272578384921249,0.02926329599072512,0.007279825769221343,0.013071386539691879,0.0001423970416402423,0.013246856598662107,0.0008687104124272468,0.0006828449558627138,0.000817094597911348,0.001148756912714887
neuron_2551_count,0.030878350036061805,0.242686428497845,0.00776216190791585,0.004275175364687252,0.017817776902863458,0.0026226464465239274,0.017337665333489696,0.0033883729835437124,0.0019365918456775025,0.004588253331417443
neuron_2552_count,0.008647891661761959,0.05838220494907015,0.001098093801033104,0.0008509336907617897,0.0005888636122317638,0.02336242821749654,0.001267191276078123,0.001753075776629677,0.0036245263626059274,0.000311419789042546
neuron_2553_count,0.006393512649990989,0.09388940760255851,0.0062176298382571535,0.02748697987421471,0.0018090797748646532,0.0053556775583780344,0.013496225586154903,0.0004560231189602807,0.000630124679389471,0.0021139504005833615
neuron_2554_count,0.057328747259205226,0.0017429460781153497,0.000994087797948396,0.00130127770980637,0.0006491365683639703,0.0295099636426448,1.218654423122711e-05,0.00034918653647619813,0.003202887890704151,0.0035013676889163944
neuron_2555_count,0.08583903102165366,0.006018682290424092,0.002539220162347252,0.00043321950917206767,0.0002651710507924976,0.030952605011577136,0.002574894601949318,4.6355939655982024e-05,0.001287511786937725,0.002333345379855377
neuron_2556_count,0.04958051539634667,0.028420157201240456,0.0007113655797307909,0.0030776626567604777,0.004062972060484959,0.012979664064280166,0.005879563666031831,0.01151485293556824,0.02106499322116541,0.011056881796304943
neuron_2557_count,0.125178213222017,0.16329920955042174,0.005056854365391696,0.0033390073291475857,0.00312540470830016,0.0364806005424054,0.02906651960956845,4.328442075229866e-05,0.012936262111685998,0.00043847864033945937
neuron_2558_count,0.22164726126593298,0.1471404969691767,0.006613706632321623,0.0063491324944053365,0.005937748392035494,0.0581392732337864,0.04758155259342048,0.0001828583827869039,0.0201900552821543,0.006940841310225369
neuron_2559_count,0.10315933063590443,0.005014939435829713,0.004066799346632163,0.00836042524686971,0.0010495471795399418,0.05271329443115526,0.0025229030012334872,0.000847018695603257,0.004223419977158412,0.002377260140747923
neuron_2560_count,0.07068713625577533,0.14190498397512108,0.006928228228940923,0.0018923470659334436,0.025291530764920835,0.0007750941548398259,0.01301676303787093,0.009553717699201256,0.07293102306471559,0.05669383965637672
neuron_2561_count,0.22363390022727497,0.13445335392620772,0.032720493539830774,0.016587873870793787,0.006860215466790626,0.0023613215466302927,0.002140137503403923,0.026377734302971054,0.09010969376197783,0.07790427196241273
neuron_2562_count,0.0004485530778576283,0.45925897865811693,0.02731308505893685,0.016862307349151333,0.0396172018370258,0.04594283299973605,0.03841349969846633,0.019634847608751227,0.05537718277500839,0.008166742098660647
neuron_2563_count,0.08365210265675227,0.2123243454060596,0.016662526109906158,0.029625090529993785,0.018172466410324384,0.01999792658704188,0.017025386896820947,0.00043513486241057286,0.0527593826680967,0.02479019084262584
neuron_2564_count,0.043705241819241,0.5188385691704878,0.05100892016539274,0.00883773134853004,0.03674920417571874,0.04287817252893435,0.05777690285249243,0.07333192805378577,0.06183314731534735,0.0043681422668869485
neuron_2565_count,0.08702212513951355,0.1458732389395292,0.0036240581389312826,0.008707421066422617,0.04928954480909076,0.01296708934061594,0.00644870894970094,0.0001947487612569323,0.02584293679268787,0.04088473288583605
neuron_2566_count,0.004175167233660446,0.34090089765419535,0.03567663171651842,0.010992624156222278,0.03224229059293351,0.040122703595393584,0.03946677004440332,0.02941734096480579,0.05168444067738195,0.005845013094315649
neuron_2567_count,0.11389350801817744,0.1775833069023191,0.008989306629969829,0.007375832433069884,0.03933185672032931,0.0049538585098874224,0.009427735254632294,0.01425995352895279,0.03643623768338475,0.06817237620332607
neuron_2568_count,0.040305979574803225,0.2881690723599828,0.03599667601122558,0.017112453227913826,0.028319838848585674,0.03474338653901188,0.03506915284553554,0.022589375214238858,0.0755389701384848,0.004945255681635265
neuron_2569_count,0.050526453793896614,0.25133366000656077,0.010755400197232805,0.0242893494603168,0.0193129191201211,0.02508986526407804,0.023131433849753524,0.005495783008853387,0.05283526733600917,0.021596234869616038
neuron_2570_count,0.014962430703340468,0.4463332980653728,0.03544408373076399,0.007358205276805113,0.04774177368202679,0.03642025902367296,0.056321712858135704,0.03176773417646514,0.04909578424210704,0.0030573313794884927
neuron_2571_count,0.01884024935499895,0.11475553867352456,0.009842655889620612,0.008685412835845813,0.012208991237855647,0.010412947357338935,0.014593837192801773,0.007167829479246116,0.021011904970461376,0.007137559444144553
neuron_2572_count,0.22621335236284695,0.011844338531165968,0.0006847170757858859,0.024056961859972886,0.008003589972843478,0.0007769967029906816,0.001785358326159352,0.022392006276837143,0.01817274033257877,0.041484745446017726
neuron_2573_count,0.0972743441500819,0.047706830973548525,0.002612156500711317,0.04098118890472485,0.015990780824571532,0.005767369278726453,0.04897302751586732,0.12637885034850505,0.00976483249446368,0.004944113231280786
neuron_2574_count,0.20788965649726066,0.012004758777134208,0.001049039312651167,0.023540996453849383,0.0021996763247300265,0.0002836083976617363,0.00216329291086112,0.02590206323972577,0.008625091986581894,0.02353035257038491
neuron_2575_count,0.08445951941898822,0.01842979414328466,0.020619518246366597,0.016650190936552192,0.000920181743229085,0.0022009444027241212,0.016355395685740223,0.07328889889686552,0.013141489261736375,0.03654107518615182
neuron_2576_count,0.13559996957933954,0.0037005517938678615,0.01748900407118749,0.019395804025804306,0.0021530588761399447,0.00012320354555661606,0.006267083959898369,0.05982705555600387,0.001372550953784961,0.0539359415266813
neuron_2577_count,0.09464567076229377,0.0013464875168253876,0.01607774373722262,0.007763965031733391,0.0032786781431744932,0.001024877788042628,0.009105273759389368,0.05933378959897223,0.005648897156803154,0.05910840929901448
neuron_2578_count,0.17059208340584642,0.024285949000442383,0.001256381309801182,0.02427117037611201,0.00557474434791802,0.0005271509056506661,0.006388939234167196,0.03458314366822869,0.00021526843682296085,0.01905325036321885
neuron_2579_count,0.048350191773971846,0.003369410372145315,0.012669812992497156,0.02594837690618443,0.005875868051796865,0.0025231547436973083,0.03914589117142045,0.12501477307467446,0.018763173644936806,0.026049111955549417
neuron_2580_count,0.003732456764229352,0.003179575074845214,0.009066899077707365,0.013359779107361774,0.0006377697103943283,2.64246777620142e-06,0.01689291497977058,0.0574030655031527,0.016433118710072678,0.007864444904959293
neuron_2581_count,0.028117596790613333,0.0034484145435184146,0.008214684081389846,0.011480131450037186,0.0019566887314153396,0.0007436683024122301,0.014540226060792812,0.06863143235371237,0.013680425421844784,0.02125851555294398
neuron_2582_count,0.006033867049361855,0.021477055768600595,0.00407149192522061,0.013682608322197698,0.001972876362512102,0.0014136120487116821,0.017154338869757563,0.03862260530310882,0.011712995400967294,0.012705914813470887
neuron_2583_count,0.014467361160993772,0.0014265651057970632,0.005131012502555654,0.017987044430292268,0.0005459686759480848,0.0024057319000634503,0.024571480256199818,0.05826217231722777,0.004484793935063267,0.00499216233240489
neuron_2584_count,0.006058369353474636,0.00038422037395895517,0.000839092028016266,0.032832882792912826,0.00887533717914369,0.0026894830740716025,0.04585448529933234,0.05720422984496575,0.007727995075418188,0.002893352163104358
neuron_2585_count,0.003823454736849377,0.0016479767882525281,0.0006198729236991667,0.007215718778616549,0.0019033103510402135,0.0033110302082980485,0.05084375151698953,0.06670824479264242,0.011377678954627199,0.004330597804091944
neuron_2586_count,0.010435399476953811,0.005779071419711512,0.0012712071068598854,0.010209828485331106,0.0017646853656336512,0.0009857485237971288,0.028171629678926696,0.054045502563407205,0.014724874451925746,0.0011795147535778837
neuron_2587_count,0.010235523777833485,0.02751470298576044,0.0026843035043058287,0.009501074359407977,0.01122820867162624,0.001816578866275802,0.02517392104836473,0.026469567494443395,0.0025874810684598498,0.013940065032634001
neuron_2588_count,0.007570428155336713,0.0015537721086752347,2.227317994641341e-05,0.019977040323173156,0.008062043420726625,0.0009935462671681414,0.04309577407389234,0.024903820794084763,0.0014929158262244864,0.001978498157165793
neuron_2589_count,0.014763796269970847,0.009400431583374759,0.0041993380281418954,0.01174253147539038,0.008996293774559908,0.002574349306850997,0.049496730099750044,0.01269384905557077,0.0033714403549358896,0.018082007464579865
neuron_2590_count,0.023500067415270318,0.0027986577642191146,0.0007207511075665949,0.0064971908967815725,0.002338120838861431,0.0011710814380384133,0.0695997921974291,0.047962814673719434,0.013604809437402172,0.0031287049362591635
neuron_2591_count,0.023226975962787937,0.0019863654566471788,0.00199639140573165,0.010078173594845384,0.000786887939052407,0.0005141964501787968,0.056130306758488596,0.044884888581394264,0.006367350048134986,0.0017288472255155285
neuron_2592_count,0.02586244404811737,0.002167621280048295,0.0021924428582683272,0.010112540624392874,0.0044321127963292475,0.0029303345978847414,0.031956730696449734,0.0072093497027598125,0.004772654155976233,0.00865105941077992
neuron_2593_count,0.008360550457663221,0.019030370341499125,0.0011493563468883208,0.008580240457191829,0.00041522731749436305,0.0003520695762377693,0.034356916362541706,0.013213851635604207,0.017405554104205537,0.0025957392811558067
neuron_2594_count,0.05904472112544948,0.013187515213500992,0.0005164618161236558,0.01593446160457708,0.010167498433829886,0.00301994067237369,0.08025260508964344,0.01111985608349153,0.009964888482847142,0.017909265102430016
neuron_2595_count,0.02547344134663529,0.01713068316765,0.0004422125128409251,0.006818387456387645,0.008669660282469786,0.0002639005324940411,0.05131452944324259,0.018212273542931284,0.005361076596087061,0.021044129143939008
neuron_2596_count,0.052439667142724966,0.028310532449208947,0.010577661955652629,0.000809517309935618,0.0014071466982563431,0.0037624786861353773,0.04557178563725381,0.00030416420682438834,0.01972024068206657,0.0008885976646148715
neuron_2597_count,0.08557174207616416,0.04217012993999546,0.006904699574632647,0.005327684632758092,0.004922857027506923,0.0006604506279958133,0.07184121586816225,0.005228275852670786,0.010555407659596339,0.006381563723909994
neuron_2598_count,0.07501774459770927,0.013166971278778541,0.01796236726438813,0.0013219092106411326,0.001388013066563408,0.005938964479192371,0.06765279332113266,0.004453311024734813,0.023052085546816398,0.0002521821299822785
neuron_2599_count,0.08480797613716057,0.01422861647011564,0.011585019811027844,0.0009163832224630148,0.0014486449420330122,0.0027323436180765395,0.031838162642101264,0.0025379744430989414,0.01886055036552553,0.005957656397210999
neuron_2600_count,0.01856023738142734,0.06364449522114013,0.003633877487838652,0.011836492413967087,0.0011748960863433595,7.829023780792175e-05,0.026694547440929195,0.0011865388421279446,0.005422571414242093,0.001492635141897014
neuron_2601_count,0.0113474249244842,0.050031511444372914,0.006518551532143667,0.005086348472536993,0.0015312224816207594,0.0019083662818965546,0.01854115178143327,4.06394415938538e-05,0.007427233790885647,0.0006966546561696777
neuron_2602_count,0.02497453655436585,0.02206586535211416,0.004493102767953311,0.0010986938571447002,0.0014290313543105296,0.0023042729771878684,0.011661279671574945,0.001950087921303259,0.012275937372278188,0.0017757482258281363
neuron_2603_count,0.025625958750771657,0.03418908256545264,0.007042255819894011,0.0018923119467126395,0.0038567587226681008,0.008840550342990389,0.009349396952142708,0.00028702342932430437,0.008746033430429623,0.006012075186719222
neuron_2604_count,0.013482027657272286,0.015025184859165389,0.0003179133171301307,0.005910469244234259,0.004107421679530633,0.0011983027909317837,0.027211547877218245,0.0003289002318192166,0.013811444926746394,0.0005228400030767334
neuron_2605_count,0.013413740554423736,0.06066658413681017,0.003985507356359587,0.00819406652491872,0.0011591999017491542,0.00670452135599045,0.015843862113254947,0.0016549548236950533,0.0071980036657928875,0.002816146568728417
neuron_2606_count,0.005618373815655414,0.07554646192161804,0.006839889513358316,0.020635619939211966,0.0008990668019915639,0.007510134410179906,0.010495888203923748,7.893050331512748e-06,0.0061898846872270805,0.0006883113676333374
neuron_2607_count,0.008919739793643869,0.08429195524004096,0.007506212107354526,0.0020184820565899222,0.003718945171518176,0.01438838141499256,0.008168401327661376,0.005696411342672528,0.007916754400033033,0.00679591421103265
neuron_2608_count,0.011621253638402176,0.04043638826441258,0.006834573899370422,0.006291505174697468,0.0010429065670854686,0.008888620056408225,0.01969949994978777,0.0002054624241570218,0.005607464621292357,0.000952700060484854
neuron_2609_count,6.936017144457737e-05,0.10824653520777576,0.009491325888106722,0.010058105185895172,0.003036387980057273,0.019481676329190664,0.006593294157421624,0.00660596960633502,0.0029860770977345394,0.002975946755535426
neuron_2610_count,0.017277428308106753,0.04618829229198379,0.007911265837129366,0.006417445698940524,0.007529679307435852,0.026942625328484918,0.00199961741751966,0.004334039409658638,0.001542945906180225,0.0037095982597264744
neuron_2611_count,0.00495385441676692,0.1273531543165929,0.019805498015999262,0.007890383651438314,0.016272253656815394,0.02639352101647391,0.009511184513917581,0.007235121007387678,0.0004313413898977881,0.001472190434882177
neuron_2612_count,0.004775625553378356,0.03667091056128842,0.003183884453028904,0.02345968772732057,0.0010846746117392676,0.0013901241486398049,0.0061051070878420585,0.00011365833388488848,0.0020324138420462767,0.003618999641513347
neuron_2613_count,0.007240310621721254,0.014478721589449448,0.0035568012851974404,0.012139710193961928,0.00038803880447389055,0.012024458146064301,4.495272329656328e-05,0.00023457108058992301,0.0010940696820019515,0.0008184620834239594
neuron_2614_count,0.10402389211158677,0.10279205585592849,0.0004546362290471593,0.006201828710558872,0.0005595947252394701,0.007737927231347176,0.020093337410542193,0.007583306768307381,0.005986194449868185,0.0016070119005466687
neuron_2615_count,0.059256819216264425,0.04706972272680182,0.0009815240710329617,0.004960975285960206,0.0029831386962649795,0.03638034916128002,0.02615909331518773,0.030090833549313342,0.0034032271662200932,0.01208619914738105
neuron_2616_count,0.012155053974020773,0.050501877260280215,0.0007789205744234799,0.0005988654836904875,0.0006535646870631379,0.015124138696484726,0.0005981120923677259,0.00014821083871806046,0.002207305176975781,0.0008297520521675025
neuron_2617_count,0.00840144958036293,0.06343142583796585,0.0006589313850980118,0.0037808191579046246,0.012489871958018262,0.041715198474010035,0.004544050631740924,0.01738861061238413,0.008251808795262619,0.013538291704987798
neuron_2618_count,0.09660328101006128,0.23392683068624096,0.025275134128961374,0.029178335528797,0.012997203284856321,0.05328044493782351,0.06625122044451397,0.000800519619670207,0.008612722334655439,0.002046752853327666
neuron_2619_count,0.12167066571874732,0.0013604017435414444,0.0009682986848269549,0.0015196399982121411,0.0008357999968608426,0.017605787631466877,0.002326792272335669,0.013110703666649723,0.016577979673946266,0.013516373067531937
neuron_2620_count,0.17274237607310264,0.5529400025309065,0.051009626442120114,0.04241253527048704,0.022974325907384952,0.02143116423413244,0.10840628857108163,0.00115538438943464,0.005707425609780312,0.00018936687757407922
neuron_2621_count,0.11662012175659148,0.012475260381563512,0.000993692718538036,0.016770111528025516,0.0006145664414138226,0.06543826245276808,0.0026344236563609173,0.00035604680396924236,0.010738535500651729,0.006899388869014589
neuron_2622_count,0.18880358401549802,0.04115654132987201,0.0068383141212311,0.0019128203415603173,0.002902921269076493,0.039483514365140665,0.018014033293040813,0.005543565825465793,0.009129216619178065,0.012316267518299617
neuron_2623_count,0.19366950091126772,0.04239774878673676,0.008559955454397038,0.00846241151494221,0.004636133748910021,0.04995618278254237,0.013882795407910653,0.00028714286850005204,0.018603077446482326,0.007461537158587942
neuron_2624_count,0.05910130979332176,0.3589311686612048,0.009420721266178295,0.021326265531407346,0.010673723790751065,0.025618409376695503,0.025540304063116887,0.0010666908580567363,0.10095027684410693,0.03877815656059122
neuron_2625_count,0.046338994812794354,0.438882248741995,0.0015107266805721928,0.03706362966175204,0.009657331374436591,0.032174823561171864,0.027730159769211712,0.0004897065832419369,0.11936939229703361,0.02486174662752101
neuron_2626_count,0.04147452884397755,0.4688850171207365,0.0576003801840788,0.014144963040997605,0.030857357870126917,0.046642801246428646,0.04810876362177424,0.050861972118821916,0.05945577459316847,0.011179990842753776
neuron_2627_count,0.14862283288582628,0.18217730529934006,8.244190368756395e-05,0.03837247751454885,0.019598063711737446,0.020025265921086957,0.013101822148287937,0.00012826499908936626,0.053985220057044814,0.03702805512971649
neuron_2628_count,0.12526901200027166,0.10159474684999434,0.0030740729009850684,0.009316936949449607,0.03256399094071548,0.009301306238101686,0.008294858478423255,0.0006779050299741737,0.030419144063092735,0.03655676689840977
neuron_2629_count,0.03487118981750652,0.32374135641402413,0.01193892126676225,0.019446791280020304,0.032655944341247925,0.028949293989715255,0.024708443797295115,0.010928078308604261,0.06464920717033117,0.012084157569475111
neuron_2630_count,0.046300766352300154,0.27085176294100666,0.0055682705687210635,0.03333911817348782,0.022541941257608375,0.03656550195304349,0.01997764835885904,0.00536453004330982,0.05469466672480165,0.019227244370120966
neuron_2631_count,0.1351022395878446,0.10607775684762258,0.0006312123949688119,0.013873497891465691,0.022286965114206594,0.0052794460405568705,0.002216120838855605,0.00533507121933513,0.024424238398323223,0.04536357981171313
neuron_2632_count,0.10646026453098789,0.11954853702813298,0.008237295504335503,0.02910783705401758,0.007332955539192811,0.01539619312129649,0.007853316071102068,0.0003958963518555976,0.03591661315571126,0.018203906385138913
neuron_2633_count,0.2032404306322404,0.03242312722168403,0.0065072603624280675,0.04719528347886241,0.0015115658717235868,0.004829927112319346,0.0009150272230851846,0.03647337035632503,0.015140244966644054,0.034956083301806135
neuron_2634_count,0.224219936882867,0.008786890842445598,0.01556425213620767,0.041542404072278605,0.009726465733404119,0.0013903647770630995,0.005945795696349947,0.04641275814700849,0.006088078433745085,0.06335450769462384
neuron_2635_count,0.13284396808980325,0.06502097688178873,0.005693931117430898,0.012583877067938627,0.019626412052363026,0.0049483149112797414,0.005143663620660335,0.005486909625602568,0.020166572416328188,0.04986900049012771
neuron_2636_count,0.12764726913851204,0.035817228434417314,0.023180891834844328,0.01566346897578335,0.02728393131497861,0.004269613305973554,0.0011955022082907954,0.034562998030085126,0.0032518469807871625,0.058332127066365744
neuron_2637_count,0.2026591590725007,0.05369467295466443,0.007752123045900228,0.02971797135111018,0.008867376035950593,0.0008902358185966276,0.02950293641863115,0.08866896315119914,0.0004637354890031549,0.022566049032244198
neuron_2638_count,0.19192778304583663,0.010352172204892582,0.00025432089177176813,0.01691621731969581,0.004381109222674588,0.0008848633810644331,0.00010112335052603425,0.011161165605992063,0.00883283593285266,0.035941663399083154
neuron_2639_count,0.19946443648462908,0.0463650605491058,0.002818276574709677,0.027983454293325494,0.007994001098567623,0.0006024455713779589,0.00676848016192963,0.05071834064802831,8.445482910966358e-05,0.021578102772788307
neuron_2640_count,0.2095599962149885,0.022451231483916936,0.03201965461117401,0.013515296317260561,0.0017711893422008643,0.003469934339447922,0.012815948350116325,0.09705690192837803,0.0008508857196295513,0.06941867321630953
neuron_2641_count,0.06630773492730493,0.004934799475572207,0.02408922350118578,0.012430128317920591,0.006006353168120697,0.005489810964656269,0.04684473367663139,0.17199751954586726,0.020297749212376384,0.04545271874738302
neuron_2642_count,0.023434714971653142,0.010083059305089119,0.011929102460386344,0.012259314026711474,0.00490273256124945,0.003152256964518287,0.025973382814222498,0.13939172358141233,0.016638255849212413,0.014897925188605811
neuron_2643_count,0.012542645904125627,0.0038651605592740224,0.012323991545601189,0.017867434635170945,0.006404224790025297,0.0040033370402274525,0.05096432729091163,0.1497864062105546,0.015130539736709518,0.004075007454453529
neuron_2644_count,0.020507532938403503,0.003361376476480921,0.010916066867588073,0.02935279370857137,0.003406008858310147,0.0002157596619051256,0.031937778199032776,0.0788505810175657,0.0107843842556999,0.010838152201104095
neuron_2645_count,0.05016544083424643,0.0027019786858571634,0.012008160653060707,0.005783255663271543,0.004969230171206256,0.003994075393782454,0.021549065554914634,0.07676672787251299,0.013300020219363377,0.0344828926472196
neuron_2646_count,0.0610142727984577,0.013849534622018163,0.03505887895332485,0.005208801198264633,0.007083752557464129,0.0019004787409544963,0.006002294302314047,0.07808927271891913,0.023121270578546405,0.04274368398153129
neuron_2647_count,0.015793236583410288,0.002244718539953155,0.00843944490015252,0.017426314792085396,0.0014528366221113484,0.002610883924641802,0.034533037237903436,0.09047675822161044,0.01268093695724904,0.004624586311128852
neuron_2648_count,0.00876525199191762,0.014325410141355757,0.003935751727677166,0.012830083086686171,0.0064422519948941735,0.003619529504213717,0.04217657156537465,0.09743975876794969,0.009162067677230941,0.007414960747109595
neuron_2649_count,0.00911015474455615,0.0048382325286715315,0.00026473840529643057,0.010240418352449453,0.004435011420231583,0.002536855041112056,0.023823416585578815,0.0545932867136283,0.0047071898896574385,0.0025153237679310294
neuron_2650_count,0.018200065219186087,0.002585370791252539,0.0024190382324866845,0.012232530202785363,0.0010818801337849886,0.0006704304482809658,0.07203842360269536,0.0756034476373474,0.00983656728727171,0.0017261852153361845
neuron_2651_count,0.0037163288933534273,0.005517295167066283,0.00178216291785201,0.0123422432064096,0.0013173317426178072,0.0001866575317005393,0.03411613055233062,0.03891810909526959,0.011743581883877585,0.0006584276175186921
neuron_2652_count,0.006974420538040323,0.000294859978428437,0.00033964094482648484,0.020006830531242054,0.01034182565405118,0.0017511598269906335,0.07175592160581107,0.07336381846181901,0.007421168835294492,0.002989179983915527
neuron_2653_count,0.016515324415494068,0.00012097736291304429,0.0008583477411218936,0.017813663526323423,0.007442107809525499,0.0017411799368649162,0.06834522461741804,0.05964281502649829,0.004885366107473206,0.004806842732547591
neuron_2654_count,0.0074211344754326405,0.0010345845845199497,0.0011690854303414364,0.0014798269313556003,0.000495118139675896,0.004879657743491264,0.045195829310600774,0.05170774069555905,0.010919259917362603,0.0003534396409765879
neuron_2655_count,0.008504008389324504,0.005261620188646846,0.0016101655200583733,0.002817126651071585,0.00188540201138525,0.0015357814132829716,0.04920294396995423,0.03161424113059598,0.0038630920491991537,0.0019869921795878723
neuron_2656_count,0.0013666992716819051,0.03799532697770855,0.006985862721114247,0.001017768053388806,0.0008895229167447637,1.944353360742979e-05,0.03633465823336887,0.028708011893145938,0.02366637227038082,9.236146352593612e-05
neuron_2657_count,0.05708203930022464,0.0015314926007697913,0.004353020433790721,0.006038417482536314,8.006852961353302e-05,0.0008026055155022568,0.057074013682994446,0.021086036307040944,0.018064604599779627,0.0007711937948871386
neuron_2658_count,0.01749020970514141,0.005904298809865739,0.0029968598897238546,0.00409099673465433,0.0010545679905339424,0.00021674907000967386,0.05787028284891099,0.010807344370887664,0.00832632226919136,7.661616220514542e-05
neuron_2659_count,0.056035705650185355,0.007345280579660773,0.006581409562003787,0.003667137268390616,0.0004617733246685923,0.0017711321165288473,0.06001118290226473,0.005619024825667007,0.01135582176491945,0.002442787364027508
neuron_2660_count,0.04557271923120707,0.0002440516321719241,0.005965642756599908,0.004210229883849434,0.000527249577505157,0.0029097248920296713,0.03359339971949313,0.011867965980751335,0.014378286406793839,0.0011396248527204174
neuron_2661_count,0.015744576877421576,0.01033630175669692,0.014454827289548014,0.00010040427691071756,0.0032705768271669156,0.00020087764058730403,0.020903242514560563,0.01514332201205628,0.017245741017522187,0.0014699235845369064
neuron_2662_count,0.004504915989329887,0.06768233563283235,0.009899332596967195,0.0063329104353002375,0.0007940361870621086,0.000332490508445072,0.027299450008316364,0.003697152838965552,0.011722875752381248,0.0011257162981783801
neuron_2663_count,0.001326949821470448,0.08185746193231924,0.0018442177492370773,0.01988766609471744,0.0004528109063257728,0.00021912470382101082,0.0076134306492645215,2.2465424989140826e-06,0.010903417566795706,0.0003252507755999567
neuron_2664_count,0.017284802378715367,0.019016078525892363,0.005785362441857733,0.0014184531736173983,0.007012221296844798,0.0008293162293926057,0.027587720861939558,0.00029080832761885743,0.019770954057926837,0.0006587720230060434
neuron_2665_count,0.041433005566726244,0.013856315993602097,0.007544321928186326,0.0015105633972719579,0.0008100444392800422,0.000909659131266418,0.020213050497210464,0.0007198314242672483,0.012392354988441365,0.0002844795005720234
neuron_2666_count,0.03900544512732834,0.021316129929851144,0.0036529649753026527,0.004511845071737269,0.0005489259956302089,0.0014360464652063728,0.011927785229969484,0.00029388969415197275,0.013947870374824173,0.0006897949932820491
neuron_2667_count,0.02040853631467346,0.056067121667111613,0.006864210097611359,0.015458155000501267,0.0003412099484729047,0.0008244289144147127,0.019168126421093418,0.0056366415016059004,0.0118419025961157,0.00033180162392730875
neuron_2668_count,0.0015235718149461154,0.05168108545032585,0.004003771910862458,0.011805912048615072,0.004000307088506419,0.00046754610100123873,0.0132339681434398,0.0005181709477670889,0.015687427533446388,0.003484569619767189
neuron_2669_count,0.0016946026941854833,0.06697387914968425,0.0032377084254202257,0.020453967534050807,0.0018463708401806403,0.0002272005252599591,0.015559784908586158,0.0010856630139422264,0.0060804384058022465,0.0035083352059971165
neuron_2670_count,0.009128193796703016,0.06375054143193654,0.003779578969539281,0.0017977063912829189,0.0023552743617477404,0.011561514257368254,0.024473965633516226,0.005208452002796543,0.009560666697639941,0.003338853054826268
neuron_2671_count,0.005338979095649912,0.14863916629749507,0.0036388652866306964,0.03374886143284814,6.202701202601721e-05,0.001055882725875281,0.03853765701328776,0.0005933644554120474,0.0008393016003054796,0.0004996338852770003
neuron_2672_count,0.011332593760592258,0.06046005996986595,0.011117332159736884,0.0065376032343876095,0.003082714707468834,0.018904347753031667,0.0022340795862032803,0.005693068777160089,0.00927210470136762,0.001210174333294992
neuron_2673_count,0.003664840224078145,0.017659079194738414,0.0016381214378463063,0.0005871822701668285,0.00017660623242658573,0.015982837323543733,0.015388330166510755,0.012464637317199864,0.00043964122307762555,0.001668512182081982
neuron_2674_count,0.027212841780963483,0.05244995771400429,0.005947632166448183,0.0062874053579429,0.00039221875811699513,0.004731181943952015,0.0066587548573453365,0.0034409665627042826,0.009159175792373762,0.0019527762089788605
neuron_2675_count,0.006438810109618422,0.07109323537180762,0.010037807678627303,0.019123559403737764,0.001747415928977522,0.008578429643939886,0.01680352074487229,0.0007228530326046888,0.0027017165302862522,0.0005482215521504189
neuron_2676_count,0.0011631841907307518,0.14697467999335398,0.023319649499607215,0.009023072717336364,0.008133993711136836,0.03205561636651777,0.004568383005977415,0.006582475379303961,0.004579533367832324,0.004957994643926749
neuron_2677_count,0.0153447423326641,0.015602319863084815,0.0011722094427206453,0.0010250384045805208,0.0003557722010577289,0.008008874613633282,0.00837361346364681,0.003595006521428329,0.0020981756512281104,0.0005139601586741449
neuron_2678_count,0.004932497840915253,0.05220536868904385,0.0020958342928970204,8.713267959625359e-05,0.0005872671849223906,0.009991616187392659,0.0007159577927914873,5.467576239128857e-05,0.006226200218030248,0.0010714501950993306
neuron_2679_count,0.00918701021947017,0.13567499747185188,0.002031623600400285,0.0039416663270479685,0.007939467849084676,0.001330895349541058,0.01568834741168091,0.0021242496971251267,0.004416145981430841,0.0019700616774907774
neuron_2680_count,0.05571132189193473,0.06814215978141344,0.004505780835927356,0.015425831565665238,0.0005925915343439111,0.005128623417426953,0.013504187336499648,0.00472935746107004,0.008386451335430756,0.004990795083701212
neuron_2681_count,0.026101102164453244,0.03878344103204971,0.0011971257463746603,0.02100975141092365,0.0006161531017309669,0.0067589959697571325,0.030377782206958526,0.0038287480571340612,0.013812284165101607,0.004109906104451902
neuron_2682_count,0.020431295503363214,0.029951685903798417,0.00043199374497591286,0.009731266350505335,0.002395955818981818,0.0124005974060903,0.02017416238790716,0.00018841014258056538,0.019330867614171285,0.0021997654167207415
neuron_2683_count,0.09435764830490606,0.021136215250101245,0.007535310289848239,0.007267582866135935,0.0052854262279752595,0.005089137253927387,0.061951573653233255,0.03062826415746521,0.029009257757490595,0.02656769553664047
neuron_2684_count,0.12143909736104916,0.08274913170758252,0.006243423578749054,0.014585767738574687,0.005192181321936551,0.006421473184937486,0.07139876483742094,0.027361264511031214,0.01362616764277795,0.01423068644657223
neuron_2685_count,0.1944764269175247,0.0466811403874417,0.0009116675689401811,0.0008959920763251363,0.0012677470646094628,0.019006781989859625,0.04307857352485128,0.010965984515819455,0.023542962614771942,0.0148302792823517
neuron_2686_count,0.34918234253418684,0.14601184315964733,0.005312459966555272,0.004647496863958059,0.0048728913761298745,0.05053332673266883,0.04697061364792379,0.0023726980095656915,0.03536483194951906,0.015022762169780352
neuron_2687_count,0.1474667786134748,0.001296844259741664,0.0010595380596221393,0.004764091104634743,0.0018914844466614462,0.009823245837536423,0.07647947399813454,0.03652551211016118,0.06925265102150849,0.037266448951703765
neuron_2688_count,0.0632580017808477,0.21668241980935754,0.005249338458437808,0.0038305999978166597,0.037493772829521654,0.002751047353714512,0.038641823447135834,0.0038628754603615353,0.06640648991380432,0.052268664260835915
neuron_2689_count,0.04966288891525422,0.27944378188471247,0.008067547531917144,0.031006835855087962,0.01672145949904951,0.04010432857498021,0.032126013605758244,0.0034722273587671493,0.07572510464128038,0.0215599821225431
neuron_2690_count,0.01720949220600434,0.3233542878393846,0.037308130421273976,0.013665461295212143,0.010896905084926536,0.03690599348418988,0.03799312771978894,0.048983366526912125,0.06070118326650429,0.004002479965946443
neuron_2691_count,0.048106828218452774,0.30323035468564513,0.020030732309304508,0.03118512693603248,0.013196898732589113,0.03411312641508296,0.020418316295548855,0.007539989834089697,0.07453986642244369,0.01134774354425417
neuron_2692_count,0.08513931306351952,0.2065801696685906,0.01572758401913653,0.01578849086878016,0.02333047393838837,0.016399217051271578,0.015810671778779636,0.005222734597551175,0.05881760253896716,0.017309856587484934
neuron_2693_count,0.014849368075787864,0.19734890412677758,0.011856084997757851,0.013151007604446416,0.025691453539231288,0.0214656306124366,0.018126695580430577,0.021388004315998202,0.040384802748168774,0.003506453393410623
neuron_2694_count,0.020122830181196386,0.2251799428350011,0.011363960030438977,0.015424436578405386,0.03254229286919087,0.030870371378411476,0.02078755081922329,0.01916501211492247,0.0512374119667241,0.005786040892172703
neuron_2695_count,0.40397221964431007,0.02671827955450247,0.05604649143570928,0.07230496580021485,0.0054318660442785405,0.0037757478771389408,0.010893917959563341,0.09225953644083046,0.024764162053442562,0.06264247250773478
neuron_2696_count,0.05850265693306039,0.1758673696071122,0.0032257884260008182,0.01601862834770005,0.03224943189511073,0.022416139666186927,0.014055049870434655,0.003751449196735014,0.03020093899084099,0.016136919432954283
neuron_2697_count,0.24384047876020987,0.024389901602374503,0.025907608343435945,0.04684533923811875,0.004630136290773211,0.007906566246880978,0.0022727179183508212,0.03083793790223016,0.02378689440345816,0.05917424644461804
neuron_2698_count,0.19204394579746342,0.010066245823698397,0.031601463253466064,0.07063175568633662,0.004045549847041065,0.006579717216187435,0.006821273310673559,0.048501736631543196,0.004229990229497126,0.04431457322282599
neuron_2699_count,0.11997373942682663,0.049472056459243574,0.011572360092343234,0.023187502987536787,0.011531707498034685,0.002017309693487925,0.0004621938033193985,0.026756355638431803,0.008207095059449956,0.05268956118041042
neuron_2700_count,0.22020882994153734,0.005287950205162165,0.0006308300292736943,0.04465187009051448,0.006885506360268797,0.0003867904111445105,0.004611873546750123,0.016566420639746032,0.012233422587252192,0.022365780576449293
neuron_2701_count,0.12722961507101457,0.00711078329637075,0.05519125584267964,0.02537150809635444,0.024310174146418062,0.0007112801616501437,0.015725763029476494,0.0695621495245263,0.009752828534706035,0.08464188095749167
neuron_2702_count,0.20430588605918482,0.04014311435688582,0.020322215500505503,0.030202281140853965,0.0027517186676017753,6.43756563333416e-05,0.010482781933980785,0.06304046247262765,0.00022875051480218504,0.03691683915163464
neuron_2703_count,0.1838629086091271,0.04166391200406688,0.01269694735423528,0.014614183980426548,0.001560183850522947,0.0012633668518302749,0.007864345128395615,0.05552769582315334,0.00011337869217672736,0.03140677628870052
neuron_2704_count,0.17989488425552946,0.0005622359211869925,0.01969444743011997,0.03252697010437669,0.0002498722620773641,0.00028553987495746804,0.0015694668123921382,0.052985064485615574,0.00039706969763237364,0.032380155299635366
neuron_2705_count,0.1093726226676055,0.009322111578409759,0.028311085017131532,0.011330507019372854,0.013440461941706477,0.0026684348428408014,0.010510161910606372,0.06655090277637479,0.01714758571709943,0.0699166964060457
neuron_2706_count,0.05594259295490073,0.004177128465962254,0.006214945430547403,0.006443240040092273,0.008787826446469651,0.003544057367558657,0.010659700421903402,0.05493789629314308,0.014161156390938068,0.047941536258176265
neuron_2707_count,0.06397429320863945,0.0036839499013519815,0.017912620254697406,0.006899626079487797,0.0055227135068948024,0.002568258560607651,0.016712415558264693,0.07966427385293176,0.016647372411423306,0.05056587811681071
neuron_2708_count,0.05561737984713337,0.0047397012529730755,0.03499109575392484,0.005133204696406532,0.022197433147332676,0.0017768149478454391,0.01869905949126105,0.06681205244329175,0.024408504510907925,0.06814920343165132
neuron_2709_count,0.022561729137450706,0.0011067496216452047,0.006633229856634518,0.013727552470769011,0.003675486083270169,0.00685059723272792,0.0354613362140352,0.1242137598448071,0.01397867529020673,0.009869929920038274
neuron_2710_count,0.03542963735535076,0.0015350521932323245,0.008666004621387433,0.030557360720134027,0.00580530035094717,0.0009031637987823981,0.03199621454316494,0.08021799306173669,0.008195332402819042,0.00885333663133879
neuron_2711_count,0.020843409920673545,0.013233208839666777,0.00930821826917643,0.0017185476676802904,0.008243783989730493,0.005566650302623108,0.027510344877234402,0.0854146428025037,0.015266405864877687,0.026586629820302566
neuron_2712_count,0.012616435521089934,0.001906632301478299,0.0014204999713631292,0.01363208415495808,0.0004941672444267724,0.0023635722143950603,0.023859171638989582,0.054626764153600765,0.009781521843150974,0.00283546982922939
neuron_2713_count,0.005454545854206842,0.015204099373814589,0.0026310912856739067,0.011239095918431884,0.0012227366821422857,0.002238120700636982,0.02987304308332135,0.07812747938587383,0.005812644311414695,0.0038567053327946965
neuron_2714_count,0.05427864233845006,0.02119464313920172,0.004433120225036183,0.01696717162360227,0.0019485590471784806,0.0033182024778768623,0.028800242623440997,0.05905464509103721,0.011593183059516135,0.009706227780248738
neuron_2715_count,0.01817732709157502,0.00728472448410292,0.003506561598529791,0.006762613018789991,0.0021386468044160565,0.0009131866877790861,0.029813716088885656,0.017183418302192603,0.005568364133544257,0.004258086560389316
neuron_2716_count,0.01842547172204552,0.006843869939886681,0.005447129321891266,0.019278002338617324,0.002180322271110903,0.0010082896123121514,0.08118513625562382,0.07958643989234822,0.012835063256751888,0.0006856280996108809
neuron_2717_count,0.006312453513701431,0.0006065273386186216,0.005477098753643543,0.014580224934651678,0.004578954288479483,0.0007070727275952978,0.03903585423631793,0.04311126789312144,0.009866167215447448,0.003546189816453488
neuron_2718_count,0.0057017268614886,0.00042211511343398685,0.0008373273912246158,0.008201907237542369,0.0008711137497786191,0.00398643553851623,0.0613113574598934,0.07017323467770786,0.01023485965739827,0.0014623795791102734
neuron_2719_count,0.02525528762904293,0.004205296514956054,0.010523413160992284,0.00599944448822122,0.0001278338703076835,0.0005787573178025437,0.06724187086015607,0.04029825291255529,0.022188827275594375,0.0017199396650768375
neuron_2720_count,0.052217625343583554,0.005760017586211155,0.0016630764749006703,0.009482259801140362,0.006421692560616532,0.0004896670645455911,0.0742006695348342,0.023142279022958998,0.008780433127397763,0.007007255281114122
neuron_2721_count,0.043276564173123894,0.014151266379943295,0.013614594889632445,0.0036536471478916324,0.0012291606228345513,0.0003958435841539998,0.07564473993612869,0.03734253378412543,0.021332094479391328,0.0005146579425016739
neuron_2722_count,0.041861107422610594,0.002520232488933835,0.006746650505880657,0.00339980226285436,0.001381280155737661,0.0011315227421162949,0.05489506507337258,0.01649573998505191,0.01257261131621154,0.00047422011995633417
neuron_2723_count,0.031047577822975868,0.00012431959847353756,0.003201145823135184,0.0021400671439657237,0.001021457352716997,0.0006111628969702057,0.034596617691172726,0.021813191527874858,0.009399570015902584,0.00011949716217987552
neuron_2724_count,0.041183068434420544,0.018261316860411936,0.0036177575942510157,0.0008387995965598496,0.0006554256034643404,0.000235039447409411,0.061142053924656825,0.012152399224795107,0.02069177381269277,0.0005138675368671244
neuron_2725_count,0.04304700908335436,0.011148951605512563,0.016110011792534833,0.002279316433465836,0.0007202642912117561,0.00146317860067637,0.04564582652976909,0.02026216339618312,0.02001205837256623,0.0003567885612101612
neuron_2726_count,0.003757349861994882,0.049690633550872026,0.02099276449330152,0.006131035105308304,0.016231072125810195,0.0026319456958677004,0.03439482129321947,0.03384368665793917,0.03534927642786406,0.011584997668588004
neuron_2727_count,0.08312935932236032,0.004931934046940159,0.01448728860490818,0.0026245801226646402,0.0008816848233254779,0.0035934433063581767,0.05720688666897644,0.007055854326395328,0.012866139692615255,0.0021922340854601922
neuron_2728_count,0.03158833142320419,0.004928743856541996,0.007831359915811673,0.00023700972513540988,0.0014084730487705852,0.002962794864563939,0.024743018511551765,0.0010317196195928453,0.010703690817833941,2.2299089213706665e-05
neuron_2729_count,0.03734363775246556,0.0027794486214030543,0.009554401893991427,0.0007981911661387401,0.0017913880244331444,0.007258876117061441,0.01675689473582742,8.241459609728021e-05,0.014481621612792345,0.0005626636812791172
neuron_2730_count,0.010707526217319657,0.028123195944518203,0.008945172312863167,0.0025472684192589176,0.003614455415643675,0.0010050305179618128,0.02770835171099237,0.002380568172072002,0.021497850897293072,0.0029107368954141982
neuron_2731_count,0.011669774484503789,0.021178684653048264,0.005899288896334377,0.005597042696891779,0.0013435937654937271,0.0029816910675498423,0.01517387678550286,0.00024784143877042576,0.005075430272034311,0.0012751659838513476
neuron_2732_count,0.0006716581213310636,0.11026088674599008,0.0011487683751180144,0.021983632474324555,0.004067040435255777,0.0013072637927122321,0.023434478994740257,0.0004996726627631703,0.012254065366965938,0.0012905690391002977
neuron_2733_count,0.0009872411152011332,0.09645782304627715,0.0026791752246244083,0.021227196482867916,0.005199621365915681,0.00012295083280520602,0.03453030100537445,0.00047165012434893447,0.0033590933396529313,0.003266207805510228
neuron_2734_count,0.013992342782603598,0.03819930572415178,0.012201678979668215,0.006273804019411314,0.0039243079477339,0.0034070561768959687,0.024310332548108715,4.240709497704137e-05,0.011853734628794674,0.0016768786327916833
neuron_2735_count,0.016084060459374522,0.0404411237265796,0.005398446046624518,0.018246866654922894,0.0006258403342871144,0.003612755547510095,0.008393763222795864,0.005547861944861843,0.007751037691068316,0.001781240795075481
neuron_2736_count,0.009602780163357034,0.05335159684794566,0.0030187212906532222,0.01834115537248187,0.005042397864523216,0.005573292083126898,0.007431874352192176,0.001646339948111187,0.0007877899500875994,0.0006280878464581417
neuron_2737_count,0.004292139618819255,0.11738317966402567,0.00810572422751163,0.03485980783161052,0.00016943530263085262,0.004145914689665679,0.014924935585225466,0.0007359948991753473,0.003175368351997141,0.0014083196557966478
neuron_2738_count,0.005745208595129975,0.131388573581944,0.010825863949697215,0.011206342669504779,0.001502195657129491,0.01363347059734403,0.043302886898123394,0.007498138031747849,0.0007691338428269853,0.002606980492023455
neuron_2739_count,0.039421153751810684,0.018417426225063024,0.008698408198491964,0.00908917149618313,0.0017204652637186311,0.011088037123634598,0.00020963520601194894,0.0008650655857413217,0.010664949185570705,0.0004467315506394233
neuron_2740_count,0.01988745022958395,0.20801169396458716,0.008638443391059084,0.03672651164215776,0.0003025413765897385,0.0016642493941394845,0.03075852405226892,0.0022402520735748804,5.6114920500819135e-05,0.0017874635636549348
neuron_2741_count,0.004093368361578864,0.006018135043061396,0.0012053406349851262,0.015094307373727828,0.0013462535249877082,0.0040714575977749,0.010315683807214204,0.0034086565570898494,0.0017282381722882947,0.0018806833788596045
neuron_2742_count,0.012443815500429237,0.032972022850568064,0.000348310373772059,0.0002782870747886929,0.0010990428389287925,0.011076401519969685,0.005628006406998003,0.0023300970253065482,0.0020715719025546173,0.0009639385567754392
neuron_2743_count,0.0062314227814224115,0.051309411755191464,0.001635795024178024,0.0015106346980095532,0.0008970984942849539,0.006150260070067637,0.036218207071462095,0.003982989177045711,0.0021930235353122395,0.0017706404069671704
neuron_2744_count,0.034534284559469525,0.2883333269481677,0.02695452481394964,0.012173195306320491,0.019791569234835868,0.00615288898203435,0.05173311669646209,0.0035817812063140483,0.011992225709198187,0.0030050257042353173
neuron_2745_count,0.005117823671227449,0.006868585955652685,0.000605053796235851,3.561340721861981e-05,0.0019525114696688703,0.033041916106641256,0.0007286122649460061,0.000732229049756462,0.002069579906761848,0.001733735788600867
neuron_2746_count,0.23171805496851644,0.1850332938261662,0.018911447013269488,0.017680829021539453,0.0008849432286338228,0.009376911711686989,0.07935188507193125,0.02632351054111126,0.02021902472770533,0.023478328676191318
neuron_2747_count,0.1326399196880245,0.3419624349481142,0.017458702477314708,0.01587905050736821,0.004268418507515748,0.01985163477426022,0.06610326214507975,0.001592401598288655,0.014756197844022753,0.0023139766770488776
neuron_2748_count,0.13410293413171195,0.02490983610877305,0.003647756311737728,0.003660951262451282,0.001810778600797789,0.008383801450930678,0.09155552579609921,0.026580539929721717,0.05198340808016423,0.030554319217467332
neuron_2749_count,0.13829363571155107,0.010776999070769192,0.00017817193716626167,0.0020484193865386927,0.0016063755605066794,0.02361632266703176,0.030668893625322796,0.013497337313665356,0.050396452206640574,0.021688077989202137
neuron_2750_count,0.3214195761240085,0.20482222011521922,0.04375650895213106,0.024099389430762893,0.0007752543321528859,0.01573047726647571,0.16180680217874063,0.028239755256780213,0.05905772502905096,0.044850296269766096
neuron_2751_count,0.24476018305977587,0.027148513142346994,0.006313489284168923,0.00028942606054028173,0.0023290483987760905,0.015837703903560305,0.041907856159586476,0.029191426310523447,0.035770327724605755,0.03564731275252349
neuron_2752_count,0.0008344627111205247,0.5071061119666946,0.03556180146375433,0.014622743568974764,0.03323242158930313,0.03814631994450533,0.0439872572489962,0.026678327984265657,0.06346889490935097,0.009618937507419621
neuron_2753_count,0.14275650825127512,0.2662669473985652,0.004205795918739215,0.0471077713124987,0.0077201187649612105,0.044581261805632724,0.021420756530521057,0.002805860760352122,0.10660930207461318,0.036339647907732794
neuron_2754_count,0.06665022175519444,0.26312184647264936,8.919734547209977e-05,0.002319855699480424,0.04169979382979733,0.008970862699564881,0.027050216730204094,0.0020672626664278125,0.0720301211241064,0.047822508967492766
neuron_2755_count,0.015723448610069704,0.31495053405735174,0.04571144272304042,0.025177906309026908,0.021929542545044055,0.03627531153530268,0.03054569479852899,0.022432291492047604,0.05767863941884193,0.010912352047427902
neuron_2756_count,0.38575924020783237,0.007706088305890521,0.014908399969648808,0.04206048728537799,0.003460212512649642,0.0037472834390151685,0.005545021964887414,0.05028896895695335,0.040632886201577054,0.046476134629047317
neuron_2757_count,0.13678610752796,0.20800560014759273,0.000593004636359442,0.03459334539337161,0.012997175200287828,0.01906044927495723,0.01807906307696705,0.0024390379955138985,0.06403539485961922,0.030511647327817693
neuron_2758_count,0.02330270240104891,0.22045450664534244,0.004548906305297917,0.01586689352794763,0.031707914876819926,0.036215473019998196,0.02466048512170481,0.016233801685964694,0.050139458894951305,0.009681867795981333
neuron_2759_count,0.0024071665330400137,0.20950433624029363,0.00919853821714351,0.009122961759095737,0.028237004576751608,0.024506029923837915,0.0182856899693504,0.011231002703339765,0.028339058295644586,0.0069752699046393
neuron_2760_count,0.07408317208526896,0.08788560092934783,0.0041406496146419725,0.013424432705169145,0.02508662879018545,0.01489621914214824,0.006479961356763299,0.0010601601511661743,0.02236562007004364,0.030701277474905038
neuron_2761_count,0.10397093706887259,0.10000669547308291,0.0022798897038921774,0.019506560705559763,0.013919738219591027,0.015910189309140954,0.008613521495154125,0.002030022373471642,0.021538226470077658,0.04107938138940169
neuron_2762_count,0.09093161939033512,0.031212919883416512,0.0006550945103611285,0.010952692643326822,0.011169631287409804,0.004814562165245943,0.0016996064393123254,0.0001823399397172824,0.013419889788497799,0.013529737010975318
neuron_2763_count,0.19960943403192188,0.02149942899589051,0.037160718018018804,0.02596394142442983,0.0109001340481064,0.0005051392414506632,0.014832515421013125,0.0780107861153906,0.002539541124460136,0.07183384865269878
neuron_2764_count,0.1702294295504138,0.0037844658461150538,0.03466297769861623,0.0006166898238619233,0.03822119199194714,0.002550859891004939,5.736018524254397e-05,0.05316886651455771,0.0005660289596004092,0.09235243324967421
neuron_2765_count,0.17225060082507654,0.009864743673930677,0.032104623261408255,0.014901632022197853,0.014774008903816263,0.0011938192252095407,0.012927317678591108,0.06158147192628764,0.0033622812264173033,0.08276318846846531
neuron_2766_count,0.17075705854987805,0.00943395262222086,0.030093912835540138,0.004379030966582254,0.019264725271716812,0.002327798512575363,0.0034432298598204986,0.057016928765375424,0.0011066326717522508,0.07448775029367102
neuron_2767_count,0.10688563412544858,0.011458356554611263,0.05229295263867853,0.006488066506952106,0.023374643191618957,0.0016918864079405356,0.014163914409891842,0.110471097698081,0.02883579037750339,0.08908670378854017
neuron_2768_count,0.23570110810045652,0.03364799878731203,0.028512004879640188,0.003089108719815513,0.005142642282379359,0.0067191803925313945,0.004360438470810725,0.10732800536727977,0.003052929268616951,0.07387895027764615
neuron_2769_count,0.07368163679949316,0.00981652431295163,0.034650445416692766,0.023810696863336547,0.001996206511958091,0.0003372007182982986,0.011442642641834005,0.07450551732223828,0.01435937860064855,0.03132561003540056
neuron_2770_count,0.09284135558193979,0.01528110472961721,0.05163351630237721,0.01125208086118,0.012799596894390627,0.00010702703263241662,0.012165638267012113,0.08829607962408868,0.010731887556430647,0.05626584326973573
neuron_2771_count,0.01353181817551757,0.007663062244584476,0.017161215081717293,0.0120404651183902,0.005013708639049791,0.0036276197699989985,0.027488532296923593,0.10065824362512676,0.027053328463242668,0.027627592972262485
neuron_2772_count,0.026768932262488873,0.010821123521745905,0.012499152465892345,0.02935887814616217,0.0018718123265007462,0.0009091818439031334,0.026828554969296953,0.0904383415825659,0.011565217066407278,0.019905998063788552
neuron_2773_count,0.04762204185991076,0.0023063912819800206,0.016892851317139093,0.003397716511430962,0.004291248692247243,0.003416854463388675,0.013260518918313327,0.1035230964738869,0.014361063744237623,0.02885330673067124
neuron_2774_count,0.008447151491374922,0.01660497234903245,0.002653645277786833,0.01761189673254955,0.00708351318728458,0.0034685270702365326,0.02513997742627852,0.10591799027634057,0.006742713868450494,0.0015249840459361091
neuron_2775_count,0.00976514234624025,0.009825996687286322,0.006208362026078686,0.011883876454588861,0.004075405157432828,0.001852543087486135,0.019188266014382505,0.06894031002270176,0.020424524860336024,0.01195254478099144
neuron_2776_count,0.006109027925669499,0.006953111738976399,0.021266969901763008,0.007437819228868554,0.001096155501043904,0.001510112349203595,0.03605314853086025,0.1322840091846072,0.0257184843384326,0.013240078238611078
neuron_2777_count,0.008402403615852566,0.009281263475056464,0.0026990463480059627,0.01846094311185438,0.002755224009032586,0.0010589920214141325,0.04734965431856651,0.07385358767116268,0.0073084729292208815,0.0013696219629074444
neuron_2778_count,0.005076656893125579,0.0025830962053069242,0.006555367505660346,0.012902211850785071,0.00581719802482978,0.0013856881706886173,0.047419226801706474,0.10148467712564171,0.010703043652621752,0.0014524536388520783
neuron_2779_count,0.015871136595000376,0.0017550899896762034,0.0026690677125847176,0.011971706816204401,0.000504437315628754,0.000533918981303904,0.06980141611815832,0.03915935728694035,0.010879704260465146,0.003007665386582918
neuron_2780_count,0.007814364180872127,0.006789097721842337,0.0032987210750796605,0.011187023077185335,0.0019633776494995315,0.00038421127128918965,0.049493115698809396,0.04610652548359902,0.003697442467961256,0.0006903769048853415
neuron_2781_count,0.007826023466377348,0.009916119457263992,0.037824243469974095,0.002417131942575968,0.015297370954329634,0.0010022542369472693,0.007170584055416068,0.020914756483445526,0.04505192435447064,0.029536211409859014
neuron_2782_count,0.003349698473116551,0.0030669915216432926,0.0024314698162089497,0.003173783539067391,0.0002576228805919543,0.0019083854652480817,0.029450449033656373,0.05507082050945428,0.009091510591587436,0.0003373388177757364
neuron_2783_count,0.003457089905611291,8.060540195463112e-05,0.0036733705615801786,0.002376146811229281,0.0016272850269642373,0.0017588505801599927,0.02944445367545559,0.04054186120250437,0.014874390882997565,0.0012281747935690857
neuron_2784_count,0.0035080876561441876,0.0032738002743366093,0.004899302026947348,0.0006522712536394127,0.019815438531540344,0.0047812386634118464,0.019651604743669435,0.009664947332362069,0.0253990017881381,0.023382589664375966
neuron_2785_count,0.04463967232157351,0.00205943674073052,0.010660479261891037,0.008822316664890181,0.0013604345517431947,0.0026351263262697974,0.08426344662561377,0.025872609015986398,0.014531019547886125,0.00019660308914311872
neuron_2786_count,0.0015570958069767698,0.021254278906598548,0.034619965409928066,0.0009348345100186825,0.009843135273955667,0.00010434812187705158,0.02261070866863829,0.024133430474098785,0.03484816897152376,0.01849992363759151
neuron_2787_count,0.06799359643086597,0.0017267765573283737,0.006692119201305115,0.002822605760751027,0.0010022375588566133,0.0014812521262593178,0.07053589476673014,0.004980593214318915,0.009155081809040441,0.003101023293818995
neuron_2788_count,0.00456525382856026,0.03208497911038667,0.01217578366326022,0.004292218716063778,0.004948120690535761,6.408126772747269e-05,0.028657126429227103,0.005421707746260114,0.013403746832106864,0.004263627618869878
neuron_2789_count,0.09972602611558541,0.0004030765601020208,0.008471733567522989,0.005910555558852865,0.0017034971438303504,0.0036141212765043312,0.06486541996625483,0.003421677534243009,0.011890660309554824,0.0010332178327404707
neuron_2790_count,0.05169200760720187,0.00373401754820522,0.018168615081784814,0.0015325098228037466,0.006261153375726247,0.0009314852926169959,0.04530154047408545,0.0020046078484398065,0.022709027867037573,0.0037296611601302793
neuron_2791_count,0.06858195678165366,0.004254805400227317,0.010320688202539355,0.005325431754141519,0.000838746191170126,0.009133843384519696,0.09168703937233758,0.004737568974571879,0.009526591779138477,0.0007058466905950182
neuron_2792_count,0.008253347200370326,0.0024916264105951606,0.006206158602168631,0.0006584097098928845,0.009880401723965974,0.0022143228607447267,0.034752175950949385,0.0026028051961198874,0.013027355192394723,0.009407070189777912
neuron_2793_count,0.01695978835694903,0.030395689718742624,0.008179697022870067,0.005982814508283751,0.0019579757437660703,0.00030676979215035587,0.03196170688181263,0.003803227508539786,0.01503722372320615,0.0029107294065713538
neuron_2794_count,0.020262624812164162,0.05387546122156561,0.01417371859124679,0.012667191362126448,0.002995685006526534,0.0005331605354207854,0.02802762114294574,0.00419860728800954,0.019625031893458475,0.002442956879388246
neuron_2795_count,0.0649906438393285,0.025090959111226413,0.0017788499910237343,0.0055339440315602135,0.0020858827403604195,0.019758479053775382,0.05896440243648329,0.0031351526075490826,0.004054907826132902,0.003661583226821249
neuron_2796_count,0.002628442245794241,0.07079930473459484,0.0011207372870303788,0.01916810642381761,0.009610095120716713,0.00016355710534866072,0.028506065996650204,0.0010559269333207215,0.007966493449016468,0.009705006063678703
neuron_2797_count,0.06497786096931832,0.024038125599541563,0.0024125941782260144,0.009241278950730195,0.0020596694002224976,0.004144254732127754,0.015983397210870512,0.00194332874465495,0.006782992748989296,0.0005363158502255452
neuron_2798_count,0.011623489973668397,0.025602852687989258,0.007409918385449382,0.010368247039932041,0.006248578075732578,0.0007076492816430694,0.043629427822018035,0.0015781924384041003,0.007153271458850689,0.004208909984731307
neuron_2799_count,0.016564952281663867,0.036126969648765744,0.008340143204063954,0.012794123836421104,0.00020110741727791953,0.0066628707558480105,0.02563518816884114,0.0002586545942363538,0.0006845771713201079,0.0011184910838098854
neuron_2800_count,0.00584120970773367,0.11035871340938747,0.0008699679921424404,0.03930263250113758,0.0010296639578453726,0.0004447899701269121,0.03149258590500162,0.001540468705425034,0.0014049841146481883,0.002423694064245037
neuron_2801_count,0.06635750023617326,0.2265846094406373,0.0026197832409818947,0.02841326886744576,0.0006746424335451195,0.0021458606589846232,0.0453089968329925,0.0005217681858974768,0.006255387446322806,0.004611820211635018
neuron_2802_count,0.005982810330896607,0.05099145343874917,0.004627592220335153,0.01950495310063713,0.0005887312447964178,0.0046650460212429995,0.018679496957608566,0.00044199471216022253,0.006016730842315514,0.0010332177313850319
neuron_2803_count,0.008184281082745243,0.0749395127506349,0.005560706199834363,0.0115362161008402,0.0006154889517089,0.006430426003256294,0.026434891703712077,6.714309318155056e-05,0.0008013101412855175,0.002730222809844491
neuron_2804_count,0.012120036865796789,0.0030468101194253763,0.0023142545065119244,0.00027127320988037246,0.0054752775043747995,0.016582778824786065,0.0010881225487574808,0.004093101291618835,0.0011300732649220033,0.004530247401490349
neuron_2805_count,0.00909871231372342,0.07071852450419755,0.0026716381478803543,0.0006907279326755257,0.004306539456022853,0.0018045712284874074,0.015616427466872779,0.001004123338132542,0.004474612083363265,0.0006364827532319949
neuron_2806_count,0.019530092162091506,0.006459074174746678,0.0013521898819570134,0.0026871493184432646,0.0004968593756382172,0.002340964529809402,0.0033855618378283367,0.00010637180923893505,0.005038373055064341,0.0027563952223601806
neuron_2807_count,0.006173975587054507,0.11442543469979971,0.00391188120085716,0.0029415052646345925,0.01919903509240037,0.006718027586523538,0.012403143635099263,0.003185383334720706,0.0020668448004414336,0.0029377327931262645
neuron_2808_count,0.05870396756014415,0.26021416716576545,0.012980898402781237,0.03227299256575243,0.0007958163048859563,0.004451772453000762,0.08249816402503435,0.0029355018137440583,0.010420253797118119,0.0016407890813163115
neuron_2809_count,0.06141808356756942,0.288460723945875,0.03601564573271188,0.02370400555101871,0.017018801774157266,0.0012232139764668376,0.03203041687932307,0.002074356395280423,0.0007231945856982819,0.0035459973289903033
neuron_2810_count,0.12008639824509185,0.21246417116217003,0.023132230477182505,0.02359818997969379,0.0074278356600049195,0.001950421296267841,0.11308659598616524,0.03464882861458882,0.016442712039242288,0.014469607684665459
neuron_2811_count,0.15697200787279367,0.3435077091520142,0.0232619508458541,0.0440029089261445,0.00012934111458340163,0.0010957333455060211,0.13464925642597433,0.03135233095767616,0.02454730559894644,0.017664613071320293
neuron_2812_count,0.09061705995232838,0.0035363188014349983,0.00022891700163949857,0.0007910721164659448,0.0006442013437831266,0.01869019864880761,0.0063048982563012265,0.005749120968083027,0.028433813631106364,0.006581017938996209
neuron_2813_count,0.1169464746251882,0.08280218199036188,0.00530698831585712,3.205507536916286e-05,0.01976751249200699,0.041497426354632674,0.017766724491808022,0.0014563333913919741,0.03262055564398167,0.001889255519461161
neuron_2814_count,0.15061110500657404,0.1400910883552556,0.006528433544414319,0.003510847464110567,0.003083068070885167,0.01386838827845295,0.05128999730573655,0.004137456436636787,0.033984929894985874,0.012704650056678923
neuron_2815_count,0.0593386635806778,0.0004893076922640651,0.000941056997004976,0.008821421213892795,0.003073469249621784,0.0015895588920194661,0.05109509691970554,0.0402297623125034,0.03934427191609663,0.03341666392517578
neuron_2816_count,0.09915132240680258,0.6015781636832691,0.07225881542176886,0.015464246181680165,0.030838924614749977,0.05652848171162906,0.06324896921565415,0.09025760479980313,0.06252590544106884,0.02179668890731696
neuron_2817_count,0.02281293080851281,0.29774075199357714,0.05600230422714367,0.014225225666069048,0.013666458563669243,0.03449478727837699,0.04277208187219564,0.056027837195470526,0.046036610436656786,0.011097593178438319
neuron_2818_count,0.042633167142077974,0.35556897049903635,0.04845793138007144,0.017995124976591385,0.015916663617769965,0.04724440261704896,0.04743852930257962,0.06363593657897343,0.05216098652269389,0.02122126662070751
neuron_2819_count,0.05324249790206112,0.23892636133138462,0.007672114178088184,0.01189325521787505,0.031621513068718354,0.02369833216927253,0.023045943395762783,0.004937818530443748,0.04403894604772976,0.02368637550005219
neuron_2820_count,0.01080151158948875,0.31497798584294295,0.006272895128312646,0.007031345877332673,0.04709933882078608,0.02942386089133804,0.030760447223486836,0.013701529090044046,0.04323237485709862,0.016697463636390034
neuron_2821_count,0.14510141004270927,0.0787432650355436,0.005644015766101865,0.02688215848847353,0.013472900192436715,0.019560723091052556,0.004612916428591275,0.002808897415446175,0.03430170983472437,0.02882515308155338
neuron_2822_count,0.04887448707110423,0.37451919834489333,0.06054148765513523,0.010760565205342139,0.024996309386311318,0.04511007582790281,0.05760411469205374,0.08703818633896325,0.05591180771187886,0.010137867526323056
neuron_2823_count,0.05002176773528619,0.137520172177817,0.005912693514049411,0.022211263846428658,0.013287547851272702,0.02056874182073895,0.014285749256939026,0.0036862938099913554,0.026564136231212135,0.013279513202887706
neuron_2824_count,0.15094447148533835,0.053684420368704494,0.015784076030906896,0.017898134491032572,0.026764170621722858,0.009664240048135514,0.0012613056141000493,0.00846885917066053,0.016816447734016526,0.0531866784929019
neuron_2825_count,0.27519375820412956,0.007246730166697898,0.03960358145760118,0.0019417405173440538,0.03291621676742956,3.304891665835717e-05,9.66542807914264e-05,0.06630479517096412,0.010851551459066716,0.1005318390489929
neuron_2826_count,0.22263455294158102,0.006627972123972363,0.024019714221359678,0.029515758979815072,0.01994806359522803,0.0020272204669378943,0.0019335851242253017,0.034277977193115275,0.013581841041811676,0.0643129051292143
neuron_2827_count,0.23742119274485946,0.003952720830822026,0.061746752544487166,0.02504118858402074,0.02402753665576718,0.0006211663029983211,0.009440798612818359,0.056759559259081716,0.0048083877981189745,0.09584760173783602
neuron_2828_count,0.1413074831054862,0.006224115091841679,0.03299551891810641,0.016278507814185453,0.027609290601220693,0.0006047815778432025,0.0024456318811591016,0.04830055661717751,0.00048140657779873267,0.06701438276144092
neuron_2829_count,0.24358838194473048,0.007575966225612414,0.052986218298215176,0.0187558617785879,0.012104139221351631,0.001747223781093564,0.0065090883654669585,0.07414186481269444,0.0014062574597425333,0.0673154207676319
neuron_2830_count,0.2259810314315393,0.03464971771049437,0.02777748071499217,0.011293636187541166,0.005572496316131111,0.0023219790883518693,0.008220567839163764,0.0760241203855373,0.0028360352641995865,0.06811992320629581
neuron_2831_count,0.05320196275229577,0.00816611416469431,0.04672432492402798,0.009123910875057643,0.00982101125682365,0.0006560026984052357,0.02270099137464965,0.12709000096808723,0.03097324803420748,0.06822551275556216
neuron_2832_count,0.1385074862596891,0.02102328512345769,0.025262574424337395,0.021406693256897452,0.0021265322327151427,0.0017001413158825827,0.011390056096582252,0.05825638706133421,0.00444700797719514,0.04511784299032019
neuron_2833_count,0.13249167198840586,0.04072068227061422,0.04082903649941699,0.013615735085021612,0.003942114009007215,0.0011428742082309762,0.011901029330933593,0.09242160801103864,0.014221966051091064,0.045131514933538536
neuron_2834_count,0.1175322446369495,0.019358841218968484,0.03515596326284348,0.002180867551134922,0.01363901341859168,0.008639709573172935,0.012342219520902267,0.12096670525633069,0.021753004395830763,0.0701913992346391
neuron_2835_count,0.030980214727861125,0.0029098662912359474,0.017680357015961157,0.005145053367258394,0.011645825403736793,0.002360626005233825,0.01754298441830804,0.060489211378588204,0.025507702863455176,0.04911118734278104
neuron_2836_count,0.09117941563170262,0.006678695944284697,0.019379917290717127,0.0015269630129377543,0.007925416018453,0.012006051989449457,0.02475978541803532,0.11632833396533743,0.014190745230773183,0.06218808177954396
neuron_2837_count,0.07680876838273432,0.012258814892889366,0.03514266724344006,0.004293737308624191,0.010702278147519464,0.0011504337308262946,0.0074825358957879284,0.06679443662862673,0.01429445344416283,0.05294207812303582
neuron_2838_count,0.05720815080654995,0.015838519318318194,0.008251702208674654,0.006757045420579436,0.003930159201871907,0.008899496127994885,0.031736831700138496,0.13109555657754185,0.008016385834133388,0.013509016056872762
neuron_2839_count,0.03776028627099299,0.004502674407878753,0.006798534573320577,0.01641132080987942,0.010335785709286047,0.003976361401948309,0.03839844620909611,0.12443276047542672,0.006934744266272816,0.005430075552597689
neuron_2840_count,0.01738733897278901,0.00919705716613823,0.0032395242862210526,0.022017717624953134,0.008303292242427294,0.003703632444374971,0.048733752380404484,0.09063701507610415,0.0066506756456277405,0.0015973406675797632
neuron_2841_count,0.011751748955904199,0.010278863737051176,0.0005712151074995378,0.005669709846122185,0.000971547066891237,0.0007290296939710689,0.012784600667685563,0.05301250819701948,0.003908764377468121,0.003552988515802335
neuron_2842_count,0.005925250069386261,0.004749979270524465,0.01677491662694071,0.007186071113852784,0.0024517170195922783,0.002639376755627129,0.036520930733479645,0.08202929465084363,0.012144114494576114,0.017286131464110524
neuron_2843_count,0.0007905548559618558,0.026340660607817548,0.006949044286418682,0.0006839497928749268,0.0022851584412039994,0.00129097046667263,0.024005458259592855,0.049743255393535024,0.010955097064111144,9.808252470221851e-05
neuron_2844_count,0.008784690994977092,0.005522847154096216,0.005616376016515021,0.010439989318089232,0.0029762115796816337,0.002034919478116591,0.04336301003995306,0.08784743760375402,0.007583508132295594,0.0011029132762252099
neuron_2845_count,0.00277718359415223,0.006921383005040811,0.0053470216791257075,0.0005098007241786454,0.00045957431902658746,0.0008437639669821376,0.024885366015440974,0.02147931533283158,0.0076204897318502,0.0029875891003374663
neuron_2846_count,0.047478739907104675,0.00973528205226784,0.001559644536127374,0.004894312457697794,0.0008422339443569585,0.0005185466637410083,0.05195127001218444,0.018679224239597378,0.011392801673212424,0.001660006947716175
neuron_2847_count,0.031639821722955264,0.00032162460607698413,7.262329421151015e-05,0.0037152187737888344,0.0005507195671966437,0.0011223532184122132,0.05851853530122056,0.0281878010977134,0.008736887820814339,0.0017239521016243358
neuron_2848_count,0.029290214475516017,0.001974137565579936,0.005070061685917088,0.00195976617228856,0.00481652898431309,0.00012321119239003245,0.04677860887292615,0.01997248030942208,0.01574573861490497,0.0032861588599943127
neuron_2849_count,0.008510524223832201,0.0011951902953937533,0.01149986364494096,0.003357885851984599,0.0009619327042109573,0.0005481113710742551,0.045527246311846,0.05489906352714448,0.02167715209481899,0.007905610251628156
neuron_2850_count,0.010780161317769203,0.017071947971899426,0.006898751562294279,0.004260957562292625,0.0017079549211143062,0.002416363015671899,0.04300552846763765,0.013134155288960173,0.007128621234832544,0.00043955587602774807
neuron_2851_count,0.009944165388290342,0.004963899288072969,0.018818043018402703,0.000255562933261874,0.013825870128341036,0.0004426237837395798,0.022375428423229593,0.0120696092097555,0.02474788680996587,0.012740403422911079
neuron_2852_count,0.04678868224199702,0.003796934291522551,0.01800478296107402,0.003939429897698639,6.044331007537887e-05,0.0007933891007094948,0.035944688382835925,0.028881342535905984,0.022943783688371355,0.0020310525760099812
neuron_2853_count,0.005708408159259347,0.014519432733311091,0.030260906261309048,0.0003039589983516444,0.014106841961977742,0.00039535047675780775,0.03057490878889721,0.01948349534215109,0.03675594326112111,0.01573575891994794
neuron_2854_count,0.032942529906750534,0.003577930579931417,0.008117179136426234,0.003028502116817975,0.0004855786550634464,0.0008602281835220125,0.02599503256316783,0.020325406259096304,0.013298817518404026,0.00041936533437918265
neuron_2855_count,0.006653494282698839,0.017920517814444398,0.006157452270701039,0.00499700305838998,0.010142353265656032,0.0011886300694970361,0.01605396785589927,0.007237720862588032,0.01806756625150223,0.005287150171498584
neuron_2856_count,0.013780889361189666,0.025764400373423632,0.021609755023347235,0.0030826761748588075,0.004588741874539309,0.0006495164222687696,0.03680697228449026,0.013078999131026225,0.021235183552689996,0.003896532648730258
neuron_2857_count,0.002264439702308385,0.06780252243150543,0.0074367120885698995,0.012248473682085828,0.0016256144649385504,0.0018330847220180517,0.03382261882039547,0.014392935111409134,0.00940978250308775,0.005406935954860213
neuron_2858_count,0.0368814869220475,0.013455733012156808,0.0001467096359130081,0.011815527181966386,0.012835193190316951,0.0004475793566104261,0.06255027327267401,2.4465523258605706e-05,0.01255658898558415,0.007085927797385462
neuron_2859_count,0.02670083366436303,0.00993062092730803,0.018066825227644814,0.0006537574504414199,0.0051135327988542575,0.006935337374620182,0.020875281335635543,7.1346217172276166e-06,0.021732317540124543,0.002110062710508745
neuron_2860_count,0.00520835570628448,0.07120457837525557,0.009859386994952465,0.009498775902074902,0.004654785820108524,7.504228516177092e-05,0.026415556699216372,0.0001651078523765056,0.015840908258718603,0.002594913294564606
neuron_2861_count,0.02629951127522047,0.016172315861788397,0.0071615020243520205,0.004773352362400618,0.00035560417627026816,0.0037953211493655867,0.003466982377616161,0.000950153109638887,0.01498775441587022,0.00010474127781702654
neuron_2862_count,0.018066362268627234,0.03834703747908977,0.007852196174562884,0.006348352701157328,0.0012042559854090681,0.0022046185274965657,0.009349699515317306,0.0013307357532655432,0.015678842360894257,0.0003802259865187292
neuron_2863_count,0.002158217082539625,0.03708596680630494,0.007201476315479696,0.03539990061302553,0.0075078406055091515,0.0005481494721916256,0.03186307796697421,0.009655677117493412,0.005478203110869502,0.00827723278933562
neuron_2864_count,0.002858248512891348,0.07216230861479639,0.004645771515152865,0.022731676538334827,0.00255707823691545,0.0006588431914810759,0.034384037928766875,0.00027732235704796583,0.00637196883083558,0.003509318524061465
neuron_2865_count,0.007723128885633479,0.1614800450189174,0.003751314772445405,0.02527548060688499,0.00013073652733994537,0.0028854742387263085,0.03904007333033163,0.00030635314078116937,0.0007409276575895945,0.00018992540160057102
neuron_2866_count,0.013516950233100775,0.09319957129084283,0.0030199269346395524,0.018178402280797507,0.002890258054040168,0.0043354070016296195,0.04387182164985573,0.000612734674650537,0.0001495931250991324,0.0037377571773949056
neuron_2867_count,0.007706982421320993,0.1347432214721439,0.006280170681182959,0.03558823282741255,0.00039478474654701216,0.0030970888397019447,0.032838687740899236,0.0025035733890803047,0.0003552248283529881,0.001483720108306337
neuron_2868_count,0.0030180699745355984,0.0016007219434535959,0.00020662998805311833,0.0062592983645436695,0.0009493578433980472,0.007524128700349936,0.00219003256615756,0.0006527187181177424,0.0013824554246201909,0.0027868703229941352
neuron_2869_count,0.006404815120673139,0.0003476723615391652,0.0011312039692711016,0.0036073911406550446,0.001026347049375504,0.0024285362465497028,0.0011390892601497657,0.0003248818075888872,0.003259410658521516,0.003158871264431498
neuron_2870_count,0.01763723230477829,0.10051131625595242,0.0038900684633627405,0.035412117393612275,4.2558867155119244e-05,0.0005838073598513488,0.040431229590451645,0.009029492934036348,0.005446633138389272,0.007035288625684782
neuron_2871_count,0.018480439753338157,0.01625371676153728,0.0008823717472549531,0.008735826552236509,0.0003079835356280692,0.008058516480363598,0.0053857160079071875,4.010261346963032e-05,0.009099683259824909,0.002461363130486707
neuron_2872_count,0.01428000927843999,0.029311309056389706,0.0016602525916662204,0.010260524050273195,0.0007185685192275387,0.007093285282397194,0.02008199567134082,6.171962350597993e-05,0.00675989860323252,0.0019373356511141644
neuron_2873_count,0.021082573010694106,0.10808712134393735,0.0034844954564997345,0.009941591753268954,0.00019145113347558262,0.0076629635748044905,0.024015567579194638,0.0010005470719181113,0.0006225685221126556,0.0016537558429347947
neuron_2874_count,0.12457689348534629,0.26523520228131053,0.015961764055956812,0.03413056364385969,0.0015589550667749474,0.004177222555622084,0.1127530924243173,0.0160277124987174,0.020773019717660615,0.012147438817005127
neuron_2875_count,0.06396741849131946,0.15037453397125544,0.009113034349475295,0.02868841208364488,0.0013207715261656303,0.0009114549287281143,0.060066816044586524,0.018705204947097563,0.006990357309230658,0.013108395167386287
neuron_2876_count,0.1533157855221455,0.31048674698645135,0.011859117196386743,0.037069588169608786,0.0006248718828435716,0.0051240757152031385,0.11017593031287021,0.013696044775510896,0.022600426555903608,0.011269198308688118
neuron_2877_count,0.010374287190867276,0.11830894235772971,0.016062600886349337,0.004380452710815018,0.0013835231445991185,0.0020870992703580678,0.001681584674304057,0.005681962900608656,0.014717907106568048,0.011412193000756563
neuron_2878_count,0.05764087069085813,0.05355336920792195,0.0015193345739879793,0.00134623584379618,0.00013414471388371787,0.008124956348270249,0.02068110200128785,0.021413615171005387,0.06523647444488445,0.026466764535051174
neuron_2879_count,0.09782557452269841,0.017232256901387105,0.0011796612403126173,0.0017479364679285781,0.007877428626375395,0.008779043947417818,0.029390236733889102,0.030595237760547983,0.033727295865257065,0.04382754209370959
neuron_2880_count,0.01876109843148427,0.1698345488702149,0.002064845170995422,0.0019892026629878493,0.01313035007276861,0.0017940167592436183,0.023474828521312503,0.0026360259697658893,0.05003978640159953,0.029670899685336947
neuron_2881_count,0.46761922742602136,0.15179046572117655,0.09505078437694214,0.004381174558631157,0.0020709134632148907,0.018268518832124124,0.003435666270162299,0.12155057766781742,0.08694887046843532,0.12212514024979303
neuron_2882_count,0.029504156866593342,0.2810868254045086,0.0029533942598570888,0.002816557399102391,0.030702254281683578,0.006474470539713992,0.04543174484325081,0.0023947326877528097,0.07116739215183036,0.025484553118588868
neuron_2883_count,0.07721076978356539,0.2242278400459855,0.001794987908688702,0.024630399470867648,0.01799769000567012,0.022950903870939884,0.018927602226244115,0.0012584620576361677,0.07237913542076116,0.025932230410030108
neuron_2884_count,0.00435418313482569,0.38977111718009255,0.04632621564543364,0.013508851264469358,0.023708877602890484,0.046368776018718964,0.0532255708976828,0.046582451629578,0.061599256894151945,0.004831660741711289
neuron_2885_count,0.01582378183000606,0.1188851948157531,0.002174982730793951,0.004651898947719481,0.04086924620740315,0.01429676375522998,0.006804437706585197,0.009125280580055475,0.023646404664667123,0.007171228397327319
neuron_2886_count,0.21036418253260863,0.058527876781047955,0.0009943993006796756,0.05300387015528582,0.0015429139790779228,0.012249497746330953,0.00065438077654439,0.012574734769880802,0.040592914762931476,0.027441188306996586
neuron_2887_count,0.027442130809940624,0.16425872139264042,0.005194945024635439,0.00859025405030675,0.03434543831676172,0.016955628123216368,0.025007545068531603,0.0183483360303313,0.03587766446493476,0.004847504347622093
neuron_2888_count,0.09846820468337036,0.09862773062278934,0.00021220120968098305,0.03073752294888077,0.016897914457289623,0.017468743017385602,0.005006246283575835,0.0004545138964948611,0.02474450143016163,0.02189693942858051
neuron_2889_count,0.15713255074913784,0.0469924147031876,0.03934457018494192,0.019979678433175926,0.0263081630612583,0.006659659876088256,0.0034199201727176214,0.025998221840150534,0.009945763599181874,0.06955183273738039
neuron_2890_count,0.2555405393236323,0.0005212927042859555,0.028612203091871957,0.04102397776620746,0.004747607096587642,0.002941452391995808,0.0060583844998226,0.045996536315979844,0.019400679868033552,0.04804180622874306
neuron_2891_count,0.18505523207069136,0.018105182728732544,0.04587472759260938,0.006859274075882604,0.03580228858127184,0.004065698216549993,0.01721203229534131,0.11161787379714502,0.004913048258629711,0.10695173026999463
neuron_2892_count,0.014604344771592545,0.11776344814791001,0.0049523112091390716,0.0035415151452902194,0.016217968070667887,0.008194928506062807,0.02204924963844998,0.016445774484574585,0.043362849963574396,0.0035739287313458976
neuron_2893_count,0.19108521096729675,0.002427915626383892,0.018524551436739603,0.01765171185617452,0.0066183181164375104,0.0007522698333887624,0.004757763788719546,0.06787845203350212,7.833817730662235e-05,0.05461548480336355
neuron_2894_count,0.18405011717690942,0.005828615615599659,0.03419918103203545,0.007618295540476529,0.023681761461167877,0.00523921760563157,0.00024803497969414987,0.03848584385053115,0.0009863061637464011,0.06668070755216222
neuron_2895_count,0.24429773746704164,0.07401036872682751,0.035890016284321535,0.03270639132950101,0.0058281571753608895,0.0014779298279223654,0.03678906001247588,0.1639136770127766,0.006644305605040729,0.044798685322098866
neuron_2896_count,0.13289121321559627,0.028562449290632175,0.03816676151830373,0.0055274117002379955,0.010947503163405078,0.0029342660163998863,0.005403888819903627,0.07657388178373539,0.010149656780512634,0.06124895781102638
neuron_2897_count,0.09524791257392437,0.009285348614288376,0.04170656116283507,0.006901083653364927,0.011572857677286823,0.0018789605131007518,0.011879900462824167,0.12437821349212876,0.022350424792648177,0.07063116459418699
neuron_2898_count,0.13860736927464176,0.0037676226761892834,0.033942914059374996,0.0007209819127382919,0.02644216085770404,0.0015139755086064771,0.001470898486498607,0.04514083910361655,0.0006771837436415455,0.07308480420298602
neuron_2899_count,0.03972896491562893,0.03234007044575542,0.04637172945425733,0.0029083885858729765,0.021498859174550584,0.003992223579186311,0.010781196002879882,0.09770633820422757,0.019702581103176135,0.08736669877119643
neuron_2900_count,0.02896681348697734,0.011168055932448125,0.04761499794930822,0.027707206945910598,0.0026137149044392766,0.0017166697700819432,0.030736985685796026,0.1268901752360807,0.03404583284259871,0.03945624529058277
neuron_2901_count,0.0338797595399581,0.004652625215523398,0.004696637287408489,0.008352131244976812,0.0008321715356689895,0.003860364271873811,0.021569828686389226,0.09115966727431998,0.008575337921455721,0.018756116027290937
neuron_2902_count,0.07289731403016778,0.003266840589323916,0.05027115281411565,0.0004809761343456762,0.043789984322804204,0.004498996107406117,0.008156959790021248,0.07350985844287583,0.04041213044846789,0.10831715022894567
neuron_2903_count,0.021736304199082034,0.0006739324217872617,0.011134137388850246,0.0010018719845551506,0.005610454343041381,0.007729401231071138,0.015793497648971748,0.08932073693018654,0.023832416208004276,0.029182075727293103
neuron_2904_count,0.00897227891712283,0.015055914246861563,0.007803514734509187,0.005964048329089103,0.001175868906872938,0.0028751043628761543,0.037527888563469725,0.07334018077030784,0.004492156110287488,0.0024616454159581795
neuron_2905_count,0.007646559810294102,0.00479102661378117,0.003247117610143135,0.003948649772378781,0.0009475569255825658,0.004547687353510188,0.04217984346362572,0.10730476542837386,0.00871829920430734,0.003171163399172951
neuron_2906_count,0.005909907244189366,0.01734836229249443,0.0029733193753773866,0.0028589801333680637,0.00024577292767633246,0.0017206439344099773,0.02730223498095037,0.058830483706880904,0.00987623989946395,0.003174397735514249
neuron_2907_count,0.04156807693901689,0.01300069467961093,0.017926945660684437,0.009308247153165167,0.0013503571077956786,0.0014865808207611235,0.06248814923429438,0.045715675706177225,0.011855744310456051,0.00516944101188143
neuron_2908_count,0.023445866584764205,0.0057672787983682056,0.013194114751040986,0.00484866481312967,0.0025234307830939405,0.00048312777745364646,0.037500207401246516,0.040613069168135674,0.020158564363768797,0.005786078722781363
neuron_2909_count,0.010021490319804913,0.006910446227422061,0.02044897138360255,9.178416897965907e-05,0.001594535284913167,0.00026611583457068766,0.03239946159611447,0.039713567464174815,0.024876486461781533,0.007637471499930451
neuron_2910_count,0.0027922327940182318,0.0006643907749865532,0.013287904158207367,0.0013660796937261348,0.0012245713807462581,0.005746199942070519,0.03013692757608856,0.07805844789880306,0.011067532399959695,0.0066869969011485245
neuron_2911_count,0.016133282430989132,0.0036932173298520055,0.009514386601588772,0.0014429794250932423,0.0013307105674722573,0.0004566502270531448,0.0471589320700537,0.019897555006937795,0.009820100433264683,0.0012562725808519613
neuron_2912_count,0.026285350086738504,0.002645881448209311,0.00974159509323596,0.003137124958219717,0.0008086075579532871,0.0016451469179175771,0.06120393684039757,0.03174307329413299,0.0070299367287445305,0.0009582143174638631
neuron_2913_count,0.003032704841357519,0.005164289540963783,0.008277358256251746,0.0014710487121375408,0.0010030531650911268,0.001269589672237698,0.02324611113941836,0.028574130209605503,0.012465848159859787,0.003992383054271489
neuron_2914_count,0.011208060135682776,0.0029703438127153398,0.027419797010685337,0.000884656246277267,0.007903633682279844,0.0004551183132779097,0.03438898696546086,0.01576848760769957,0.021135479414554265,0.009738126543849916
neuron_2915_count,0.012048470833230816,0.004249549911377878,0.003788925920865372,0.00607015547594434,0.00021032477397347257,0.0022625641641648778,0.03893167795530604,0.014679134561632116,0.00823341815839197,0.0004702368198599288
neuron_2916_count,0.011801537427706899,0.06880605120687669,0.007730957174484479,0.01519884775343383,0.013736972622631585,0.0017771553057091827,0.019441504369680312,0.007172229820108608,0.019758551383684583,0.01893425900770622
neuron_2917_count,0.00025709473349726664,0.03783552123512729,0.009743506882094508,0.014030655212456819,0.013049476125438636,0.002094885378238605,0.016839846472438594,0.0020510721121149433,0.018502870966033452,0.020646388314264838
neuron_2918_count,0.0007502164000576744,0.06862113897334024,0.0047407817842001,0.010284006670161952,0.001242679751693912,0.0007364837723769675,0.01747130543822603,0.002341495948996415,0.009290121638158816,0.002380133461484489
neuron_2919_count,0.017028291574767193,0.021273572035397204,0.012927929775595384,0.0029945350095253558,0.0024056555691800395,0.002192822878269881,0.027114949278506092,0.0016545772602165115,0.013056657694403319,0.004954303717835111
neuron_2920_count,0.007499319960173681,0.010003532017013206,0.011000990555402101,0.00618488615553759,0.010488476851196471,0.000882751272772167,0.024173121401014006,0.014275907226979065,0.015334939432106981,0.008873745127484144
neuron_2921_count,0.0007283148542597088,0.03406897594017366,0.010910678287221934,0.006155031940968413,0.009248123400306452,0.0010066116886924235,0.048889702889356484,0.01485968340212826,0.013259979170870448,0.01198272193909393
neuron_2922_count,0.013097381868914022,0.004517703066802897,0.00022340290080687195,0.007003790961863841,0.024638002282797583,0.00031045857496191445,0.06627896526960092,0.0015109630796045041,0.004320033541544921,0.017784079621364968
neuron_2923_count,0.004239294904978173,0.030618126113669278,0.011802504262711247,0.01381276783564353,0.008739869131861325,0.00020786319696305781,0.03380805964313624,0.009401601711884172,0.01634480309607121,0.011860401965256437
neuron_2924_count,0.012240198048043993,0.044757539933723195,0.011938862186129509,0.012020593821368261,0.0038991979733860455,0.0030227810430366493,0.053804164011770295,0.0017210806912686671,0.007342453684296785,0.003919448355313729
neuron_2925_count,0.007340224032567795,0.026801058786118256,0.009347591579858372,0.013889236055397866,0.00891561560660635,0.00011945584966994386,0.012576113624997762,0.002118089868400848,0.018823511781008592,0.008019153592865355
neuron_2926_count,0.03344011122625436,0.014497812253267975,0.010365453160703947,0.012400102257631648,0.002144079923634065,3.8353511544960556e-05,0.005409498313279991,0.004400286453108644,0.01400027920605973,0.0026903022472724025
neuron_2927_count,0.0017134521770864816,0.03470955215548405,0.004431958232388768,0.012828876930898278,0.018427577369353035,0.0001255475195368668,0.02291658545802322,3.860631916202412e-05,0.013339783247654696,0.0066345904999873945
neuron_2928_count,0.018848197243824305,0.145686740409847,0.007043843522883522,0.02445822562417975,0.001932573045042324,0.004652818642877296,0.030383464532186155,0.0008522237365987916,0.005220780426027617,0.005711888489822993
neuron_2929_count,0.004978654762017552,0.03915052487532844,0.007643458073566312,0.016391845036265312,0.0030532376168265346,0.0007649117458586128,0.01223768932123416,0.0020084033664957562,2.145263481891492e-05,0.005380468247538316
neuron_2930_count,0.0046204543483235145,0.08914367878442014,0.005708765491399849,0.022336922733848255,0.00030451737609421027,0.0007333402678335425,0.0186828589667819,0.0011000440178914848,0.0057935304829053735,0.0008312468614616597
neuron_2931_count,0.016210175598592228,0.061099732009307434,0.0014921510220701484,0.017048469911741165,0.0005747032815025246,0.0013711763128519266,0.0147777150835543,0.0018268512384276413,0.002120633816687912,0.0025746057861296273
neuron_2932_count,0.006714085064993786,0.000942583365867852,0.0014564899931936715,2.332545887960731e-05,0.0007737436774550022,0.01751435407876628,0.0038109207854724533,0.008542152393907917,0.0015326052845111224,0.0009748481823803664
neuron_2933_count,0.012346140512299555,0.026500379978556213,0.0002458991223480639,0.02160745246525579,0.005508120321037931,0.001969184052811054,0.048294528775390394,0.00424996541757558,0.007454666875547612,0.011946745791152874
neuron_2934_count,0.04285497682385264,0.22866768571764642,0.0006552017175877022,0.046317627159852715,0.0011071866389094527,0.0003559567879323801,0.0352177920093964,0.0026707727433074244,0.0008280686944259173,0.003377216632951898
neuron_2935_count,0.00966528827328235,0.0018442352761773168,0.000838682331839618,0.012203196865479389,0.018190587096190175,0.009052199938590109,0.006664504930860925,0.006348353360279786,0.002063614668363193,0.009944712944551369
neuron_2936_count,0.03977904235446508,0.03327049280089414,0.0012227045361019526,0.02569904275967272,0.0034140778547407033,0.0014847377320395833,0.04042579756661738,0.021071962606103598,0.009220699082287315,0.014383820291171745
neuron_2937_count,0.02855963895990385,0.22903276100431066,0.001158878191007226,0.008227652783704104,0.0016649066189512625,0.00773896312923307,0.02467741309375475,0.0066252666154056825,0.00299115163215629,0.0022273005596903234
neuron_2938_count,0.046402452250494,0.03611239850243468,0.0018851255224035246,0.010943262404531418,0.003679625071340349,0.0006701641955834826,0.021431019257122763,0.010789068681697545,0.0069051824064796236,0.004219634770519315
neuron_2939_count,0.038710620253069594,0.02650648618087298,0.0004955110876208417,0.0017406794592190328,0.0017882919051423786,0.002857645354506503,0.02599534905331191,0.027779544849066626,0.04674110927043186,0.025321629928259606
neuron_2940_count,0.07216986756526023,0.003065147423056802,0.0007160373219598001,0.0008153213721859426,0.00033430038423947275,0.01339301335420394,0.00941610830948518,0.006928527885392603,0.026239118620358548,0.011653519883343455
neuron_2941_count,0.09669862477930133,0.06921401590386664,0.0005847994080491192,0.0027331379926536434,0.0019605617185718613,0.009837384003542476,0.017577474137049895,0.01931612303706752,0.06043155304164308,0.03162304146575118
neuron_2942_count,0.12943257832939292,0.12614359062772282,0.007648247622711539,0.02599434323920942,0.0051353536071269135,0.0002272606198269033,0.1767732574975326,0.04355678716384792,0.05079786528583918,0.04955188442051589
neuron_2943_count,0.10171715883612317,0.0909335268850446,0.00130371558209081,0.0031135866851939344,0.0005076212254488868,0.007845936968113185,0.12255301428581358,0.01603368447877039,0.04954274716782665,0.030922221408178435
neuron_2944_count,0.07764103455459508,0.47970052562913695,0.08459979892899955,0.02373775181463037,0.011766331099458044,0.05602313646173628,0.055768212563787195,0.10278930881030855,0.06874476757243414,0.021877314634196704
neuron_2945_count,0.20756289481623774,0.06834028322992339,0.04496062692382641,0.009370055259312116,0.01369548521781215,0.001746391074388131,0.01164401432167285,0.02115594324544469,0.08343688474273822,0.062347459644283454
neuron_2946_count,0.12933256211406682,0.15832736635152161,0.014099586385195068,0.006076610783287313,0.026173988694452255,0.005246778998542548,0.02527765951482018,0.0065199062869461255,0.07868242855808658,0.053860218386851746
neuron_2947_count,0.06008571341160229,0.1936777418206222,0.0022104803675464003,0.0014906527768484036,0.030030380729375333,0.007844178750633285,0.03768915467196632,0.00021280474912618408,0.06533419247710921,0.03420898123628696
neuron_2948_count,0.11288995630955662,0.13820016312223837,0.012305467894129826,8.079769749653586e-05,0.028537239569663614,0.0012633781202033116,0.038605087910318026,0.004498634714048232,0.06898990687092385,0.043203060627421686
neuron_2949_count,0.013368575873074037,0.23184282439411924,0.02656159318777168,0.015750383304795793,0.018692943462751382,0.03498134858658783,0.030630101070654267,0.04383566945341594,0.05218089876143667,0.002491740628773385
neuron_2950_count,0.001366738434489173,0.30575550601890894,0.054806926282854704,0.015315980525989203,0.02166617301905918,0.03464150631757315,0.04867076882547482,0.0677158352087201,0.08163083908001866,0.0031885326429917206
neuron_2951_count,0.0009330412635213496,0.21263297170276646,0.014396346601761922,0.0017657433303779925,0.047699620311825355,0.01063393237747863,0.033100820628266456,0.04523716954066978,0.03825103036647806,0.0007732650102502646
neuron_2952_count,0.19890511346688605,0.013982635730044199,0.03992299540471145,0.014805852357215071,0.01610170270274379,0.005712760892545694,0.0010759193709140406,0.056066157104324346,0.008904986990706305,0.06531354129509405
neuron_2953_count,0.06727538258592256,0.07744702783118235,0.004997953935474978,0.008786159688106907,0.030068861847759684,0.013824299728865272,0.005166267906440737,0.0002551589617824177,0.021615321319379918,0.02297931174409594
neuron_2954_count,0.07604712383830037,0.08402461579677975,0.037858435745064214,0.019318200189913808,0.04808561968281591,0.0055642790865665925,0.0020212844816864806,0.017801764288510866,0.0037228713633113697,0.06626494018834471
neuron_2955_count,0.09001508126520953,0.02392075030133023,0.002812107251014769,0.008718537728473658,0.009445329995771058,0.005001023093574898,0.004046745089367622,0.0023202495999628155,0.01423420668277775,0.02502436072710514
neuron_2956_count,0.19157545270110654,0.0038377240755670637,0.019985401638763514,0.02393542829878123,0.009983225331748592,0.0023327881160842864,0.007527889309497562,0.054285235598862835,0.0039099100652928084,0.054527076356909635
neuron_2957_count,0.21761490559228047,0.05836545548827263,0.061840606380299507,0.005005513699643319,0.013484790029846275,0.0027131343784693174,0.013309009675269323,0.12721147909741987,0.004194718050977403,0.08686560856794437
neuron_2958_count,0.2262367696631205,0.03047467316996618,0.03503761014570221,0.008013021850498282,0.017417262110809427,7.262247810043516e-05,0.009462234025131563,0.07697516322315676,0.0020186454942463274,0.07945456863580588
neuron_2959_count,0.13239131397578563,0.013364836753959601,0.056132238654540534,0.0005517824244632968,0.03614107825693519,0.000927822778924732,0.00407879650466671,0.07765793344902663,0.009384711498081219,0.09881458947016858
neuron_2960_count,0.13746843006624937,0.01894354026317685,0.024429410870691476,0.006417730179839792,0.01024138135573624,0.0014026057404273942,0.008064229085520968,0.07517254465699391,0.014424550032265143,0.06043815379841201
neuron_2961_count,0.050834651093652955,0.009587668733572606,0.08303343829989532,0.004244571072387245,0.03917552076471155,0.0018212491959847532,0.010253278213678427,0.10758199564081747,0.056833729918895015,0.09989661221596177
neuron_2962_count,0.10200349161186648,0.00929851072653625,0.013909621178531666,0.012867469038250229,0.0018183764080846026,0.011429613476391709,0.022947050610551273,0.13572187627573645,0.014216494108509274,0.0324595033073079
neuron_2963_count,0.0633856820425342,0.004134207493063889,0.0650438546959683,0.00033091333259261356,0.0366598079609817,0.0031664566206192624,0.018268632102308682,0.11140465301396513,0.04307839774201193,0.10180492225143867
neuron_2964_count,0.04175826983415394,0.008307112778433691,0.030940885228601334,0.011483702354697485,0.0027369408401650905,6.598511192619071e-05,0.019122412678135935,0.07692175709488791,0.0235570170334191,0.03721195382613714
neuron_2965_count,0.056482601669160554,0.007260182337952413,0.07057685205952255,0.01949678648670289,0.00450937144377532,0.00027452885413653885,0.03675920132938751,0.1516790962851068,0.03504368581467428,0.058697562013896476
neuron_2966_count,0.054395972289643324,0.013287251310793183,0.06278787499655644,0.002915521422317338,0.03463892183595092,0.00272394560909537,0.009014390721566505,0.06028438947057113,0.044823921434813147,0.07856060373900794
neuron_2967_count,0.01262228233330627,0.03297644057118901,0.008481271505799897,0.003488556461414088,0.001215905689821238,0.0067995002910326945,0.025997464468893706,0.10475626505579821,0.011449208531269878,0.005264494704418678
neuron_2968_count,0.026848764194255463,0.015895554893480872,0.026874914210590878,0.002093004442318247,0.016210615550458257,0.003989988678412803,0.009780604204286333,0.06683000327788279,0.019457861279475942,0.05406315643600695
neuron_2969_count,0.011780254000636613,0.023906052822096693,0.016535283810269086,0.013566029603758509,0.0007111355073990818,0.002415875232493876,0.049429767978047406,0.14099223832913088,0.01463263750816618,0.005483668733632752
neuron_2970_count,0.013267747439924956,0.00023589416385519802,0.015428884841732632,0.01699502064688066,0.0028572616234065137,0.000250845985847114,0.03005357583748401,0.07980517100998011,0.012848457083710706,0.009235537036773767
neuron_2971_count,0.018184514284168705,0.004956409772966443,0.023089884662319718,0.0007688855987040121,0.01195234013639851,0.0009492816633213386,0.017668664109492548,0.03236730125128258,0.021792931399964535,0.028100532172567354
neuron_2972_count,0.020276417211138403,0.007519790830305469,0.008519066417142611,0.0004140006511235781,0.013361647269993698,0.004535888842762542,0.011102259420793514,0.026481726230663263,0.02017514964387812,0.026101114105039902
neuron_2973_count,0.00732670101588586,0.017588807466489872,0.016128949070809834,0.0005571454854524111,0.007370513697211194,0.0020179651261508363,0.016047925178876654,0.03472710750871737,0.02569610027965942,0.01852975046884968
neuron_2974_count,0.00591237966654375,0.009205331283960352,0.02674047492245904,0.0010619226775194519,0.01827618920527753,0.004327338756907002,0.03227248253417446,0.09376969052188028,0.03892448759111289,0.05938114629615043
neuron_2975_count,0.007974554445775009,0.000303400774362755,0.01796373145808053,0.0011959484804147484,0.006610274176193101,0.0009549154394940806,0.03364924688865162,0.030760314603502772,0.023227227350747212,0.010882964296752437
neuron_2976_count,0.010126514882419418,0.0003970272091210648,0.016958647325689614,0.0032791121119210773,0.005632931008392149,0.0001735422349001363,0.04861541998513279,0.05368153380505386,0.01971733343491639,0.015722076757143145
neuron_2977_count,0.022610978089856862,0.0034126684162627194,0.017240491258474377,0.0029346681513967576,0.0008188291803545196,0.0004428329952467381,0.03180246467450523,0.04823608234352357,0.018325970586068954,0.004656467625452049
neuron_2978_count,0.014316939461879605,0.0003285220250099839,0.022999616861991465,0.0020969904325039077,0.006465788217097666,0.00019475731498208408,0.04717113566396716,0.03397593985317224,0.02416898822516797,0.013331377406850448
neuron_2979_count,0.011210920489188952,0.006333948219338852,0.022852056550852373,0.0028327938001026787,0.012291121326177573,0.0011157722766414885,0.05267845263647952,0.041313698198180954,0.029032089678264594,0.018485470723707334
neuron_2980_count,0.0019024306256057132,0.0163595684427309,0.01605220240317097,0.006147989725107689,0.020664641245433754,0.003478461357512619,0.037842925684134804,0.032714970028933046,0.03904724109981755,0.025769915825305606
neuron_2981_count,0.021203548875054337,0.05873513636528534,0.014188711925223793,0.007275917205810216,0.005142029219810759,0.0006410264955561545,0.05980261222764166,0.0033442155121960193,0.009081308076619138,0.0021169197308386796
neuron_2982_count,0.004451720677480231,0.061282160699713345,0.006805071724616786,0.016237384382040865,0.007843511251125555,0.005345603629564689,0.019908992840877326,0.026237708599676807,0.01706712198069707,0.013378715299628183
neuron_2983_count,0.003169965248425499,0.020375133665861855,0.01962908830890063,0.0030556159241802716,0.0057396960381739595,0.0027474066056895063,0.037697688247983724,0.03164803970220323,0.02196441385986861,0.017602477862289204
neuron_2984_count,0.04381612010589904,0.0025435291966781695,0.0010367200268337033,0.0013281248209348305,0.005127911309253483,0.0028996467692350703,0.035162926653679205,0.002662658761796468,0.021817349781123832,0.0021934470239386786
neuron_2985_count,0.00019809937032843825,0.06814944366101602,0.008811501730294533,0.014589512485191317,0.0020424030280958155,0.0012296953022677866,0.04898954020257543,0.015193000895389747,0.012982485395036492,0.009350554920733362
neuron_2986_count,0.018794005560576074,0.011628065857943085,0.0004409384713672561,0.014038154759454385,0.0027620716553744123,2.707803871205075e-06,0.018576032658743205,0.0009975534524146942,0.009746764468959501,0.0023373699756122635
neuron_2987_count,0.012249646261070765,0.019601176813221446,0.0038319486061577437,0.00974326597557737,0.010126373149531326,0.0006642246564082591,0.014987194353501834,0.0026460908204657824,0.028901378971019964,0.006102952623653686
neuron_2988_count,0.02414945082421807,0.044931160886470256,0.0024587678766635826,0.010433000665792988,0.0006052643395947944,0.001960353822174285,0.02190221896639903,0.005668157159682989,0.00393918154643607,0.0007281273387383259
neuron_2989_count,0.0013755072483270273,0.04747625595556741,0.0033063593392499285,0.01311985830768169,0.01699667984140115,0.0017559500174492843,0.0385988256753636,0.0013718666231566888,0.005005728337293257,0.009847554659176722
neuron_2990_count,0.0029566429059169792,0.037656048196415826,0.006418264582179478,0.013688508502217048,0.005412704375298158,0.00011399143260887139,0.031893769751157236,0.003243521745327646,0.01036876834698787,0.006975858642977464
neuron_2991_count,0.0030619255698991835,0.07957936171740318,0.002401778567054369,0.025940992177190605,0.0039813008150105175,2.4901365876972732e-05,0.02083528021146923,0.0010619707810447868,0.0030581166105121092,0.003367806120130018
neuron_2992_count,0.043283157547296364,0.028495322595530996,0.0030713008882509857,0.002806426260799813,0.0014487513003007546,0.0014514384176850161,0.03944139457414432,0.002362807596872324,0.005132314058878616,0.0018480439222618092
neuron_2993_count,0.03180318414216461,0.03988326686691189,0.0022328884036845187,0.019065817148084557,0.0054290678184960445,0.0009612777795345006,0.030618065346456544,0.0013765558795081762,0.01424088371160645,0.0013262478572571724
neuron_2994_count,0.012311941294959978,0.16717692199434223,0.006611322162649546,0.030901175884686508,0.0030423770535557178,0.000959956589565358,0.07207759095288532,4.3034585401526145e-05,0.0016411718698952776,0.003046982016382843
neuron_2995_count,0.0009347966430796901,0.10089600253751452,0.003978545396371769,0.023556971578837543,0.00010617813648492163,0.0007325464677118386,0.028071998440257734,0.0009682781657352132,0.0016986988118274648,0.0011669461563861127
neuron_2996_count,0.0029230839568609515,0.1391914039285943,0.005907237899383591,0.024261872406437276,0.00027824461223861265,0.0004933885837218096,0.04269234103097844,0.0032249841328364642,0.0002878906364766412,0.003934148213336694
neuron_2997_count,0.007252398135045621,0.01003094846554757,0.002299315651642521,0.0022596852263608858,0.0011493951139953697,0.011673420477221128,0.006142911355433663,0.00527206214317924,0.0023439071378965268,0.0042832558587253995
neuron_2998_count,0.011025574046766642,0.017213544732755853,0.003594846571062786,0.014889677316995809,0.004047572578145142,0.002233837627145834,0.004557574556149073,0.0008041456469553149,0.000220785869155209,0.0025139307996297176
neuron_2999_count,0.0751030824977017,0.1157564016422187,0.0021392820330411455,0.03507124868202324,0.005442601550588025,0.0022550790915667022,0.056058015351664936,0.023269753063531226,0.006346764041860194,0.02607359301483314
neuron_3000_count,0.027555342126149213,0.03616836463374126,0.001131895186553964,0.03917739424763808,0.014320547820485308,0.01230647298299263,0.0550354572803716,0.020620829906972338,0.00820552805619798,0.018539123654702616
neuron_3001_count,0.09041158572195551,0.11867025902361325,0.0031033292149493866,0.040770994098432906,0.00047967415262694865,0.00041367929984957325,0.12876243538266985,0.03941273356410688,0.031075791122446295,0.016781155832701955
neuron_3002_count,0.08853340440562713,0.023146279181883403,0.0007742894475939663,0.007888956061639196,5.212483275998832e-05,0.001056414058688412,0.04825597542464871,0.023638037209706614,0.031022398284643704,0.022288520402768866
neuron_3003_count,0.1644338710438528,0.18731839194220196,0.016462370649168837,0.01727841768767309,0.002978623675977267,0.0076911337573142,0.12262295904119722,0.027294447990012738,0.05239785058913636,0.023887784992757587
neuron_3004_count,0.11026895967497052,0.004193397052247645,0.0014289946853277453,0.0036657182722299,0.0004035195529009175,0.006992181690857031,0.044422104833810955,0.02831837592356405,0.04132028929340774,0.03094749390881417
neuron_3005_count,0.058844867081627894,0.08448333756690765,0.0031089050849430096,0.01102720362643568,6.386059580762264e-05,0.020351993945078528,0.0046416294008123984,0.005688005420641948,0.03894983403504311,0.016574909825134806
neuron_3006_count,0.09516193131945155,0.006541049413162806,0.008815226071714012,0.0022843618590828417,0.001407744753251481,0.0029128487195795097,0.06231688240486968,0.040274421088814905,0.04236670735018301,0.04408921399699613
neuron_3007_count,0.026212946872941997,0.0915435478450295,0.0016536082068624898,0.007110250587024816,0.03034029296268137,0.0022361121157978654,0.017585497843236236,0.056663896655661336,0.01832613588042388,0.04290380439758666
neuron_3008_count,0.10623120980990305,0.33388519860938454,0.06636891293876357,0.007734574920483021,0.010817736834406157,0.03845734160645491,0.05784184919440938,0.09966779060403083,0.050271038185024625,0.022751441681581032
neuron_3009_count,0.0017679798516034712,0.4078712180901176,0.022392094449731767,0.0031962251396748034,0.022633360059095928,0.008563085570662488,0.05851357508858007,0.02055375978485119,0.08294500127014248,0.008403407962157244
neuron_3010_count,0.05033401096257584,0.291545267311693,0.07326389620220344,0.013793775838032797,0.0036470884316506247,0.037760743949646805,0.035398901388436155,0.0921061496369503,0.031728963829622356,0.011818990466741536
neuron_3011_count,0.10496378280346175,0.17661079414298447,0.017577426080472844,0.0002616969084752764,0.043748721239757635,0.0005354385256523368,0.03065318732868641,0.015412466826732099,0.06464749965043755,0.07495257133334549
neuron_3012_count,0.21843793617893617,0.3310493722189211,0.09572003742929869,0.014247275478165608,0.00843827338764399,0.05770201941914985,0.05503535480706906,0.16291305935302935,0.03190336886795425,0.07048135085285714
neuron_3013_count,0.005785196509115374,0.15534518069343764,0.011479753680766133,0.01764096116442731,0.01231749667218119,0.03171121528595079,0.016529605513918633,0.02234783541884164,0.037361273205053,0.0017747631842411835
neuron_3014_count,0.003701479020911457,0.3349927493553185,0.041079738744194905,0.016429595892856634,0.02489254185751489,0.03882599397381046,0.03783554410390885,0.041954508387854056,0.053473063130844524,0.005755365450663869
neuron_3015_count,0.0038173270023996834,0.21055743321526904,0.043799721452503576,0.018961352436722312,0.012091757127051093,0.03927309426939993,0.03188934203499909,0.06067938066394776,0.05665055572153288,0.007011137509869942
neuron_3016_count,0.004708726786001052,0.22124415819461704,0.029749243159531785,0.014204752586351899,0.01663421037897056,0.04935052855760174,0.03878462630896533,0.062234351463844956,0.04520422208275238,0.004292233452258966
neuron_3017_count,0.02867765794444954,0.0799421630576658,0.002094814480059399,0.0021941531119951847,0.050828802364178485,0.0031619292392138718,0.0036819086932408512,0.001018047655482834,0.005163379831587194,0.0320840290414105
neuron_3018_count,0.07572760929987413,0.06262456755878265,0.03340976022705934,0.005974779637549658,0.035019468265585274,0.0035375280312154936,0.009688114760097219,0.011486779609371368,0.011714846960622888,0.04864292556687275
neuron_3019_count,0.23560984888024,0.021783683234900986,0.06420901327642373,0.032629728210102404,0.010582645687025674,0.0029142729096390714,0.0020384115597972263,0.085779875462578,0.005717066256318841,0.08747743802271289
neuron_3020_count,0.11610724851742402,0.011733812873210368,0.024391086680644755,0.019001247823307275,0.012848469089751749,0.00454005355684225,0.0004446399101435657,0.018260758310288977,0.00550441493256025,0.04095187115785163
neuron_3021_count,0.2290335339912744,0.005452800042059253,0.05436240837870171,0.01434738479011892,0.02231548252454467,0.0006455944823852543,0.011852470214307118,0.08008621955764608,0.00024398686066321156,0.09377830365104173
neuron_3022_count,0.15065291189311547,0.005056508641578687,0.05005064401514378,0.00028880357266181794,0.05077390030803611,0.000909125857788972,0.0016843913755344886,0.04726187581195668,0.0018515334076460235,0.0956493517609671
neuron_3023_count,0.16699219968173346,0.0046883358146935575,0.03616706924502293,0.008377932947352874,0.026360689783609767,0.0023653886856188095,0.006049150261418525,0.04822509504769827,0.00011915309672504322,0.0748661689135312
neuron_3024_count,0.07106757971249912,0.013744254257648615,0.03366553229812119,0.0027189825405341053,0.007850685675805137,0.018520262664441543,0.01309628983590169,0.12471512794208636,0.010606417528084573,0.0928271107191834
neuron_3025_count,0.1323730784609799,0.00454342315637922,0.05404901665951148,0.0016399389874582962,0.045376330967826006,0.003239194732978179,0.0042943359609222895,0.05792337149641763,0.010316782281099307,0.10243288957369137
neuron_3026_count,0.11149825093085011,0.01153779394455931,0.051589964715268055,0.0011937417829655066,0.05328368662118786,0.002521345655729028,0.0006944401356960752,0.05513797833869616,0.02606902663638183,0.10347670442509835
neuron_3027_count,0.08132977882429819,0.013827285746036914,0.044940577349668456,0.000142796502056659,0.025319610476727504,0.0030400860563914427,0.012274588951724268,0.10115905498023962,0.024982353919784858,0.1000620526449705
neuron_3028_count,0.04409280530830835,0.011011595602047692,0.07146043884182948,0.014212880187385368,0.010379825084978839,0.0016419432216080746,0.02801221354896994,0.1260795162900916,0.027365839653678628,0.05645004202459964
neuron_3029_count,0.056651437140182004,0.014646507905142811,0.044983985015781575,0.009664224065510083,0.011484025387673173,0.0023713044660803664,0.013111424238042513,0.06849446470234406,0.025203108113884723,0.04984106554841297
neuron_3030_count,0.046951836790753265,0.008799431565412796,0.02546570357600174,0.008462522958432181,0.048151649107754976,0.006778064377732526,0.003021510350865772,0.04480251458544188,0.025654107012185845,0.08049657256560125
neuron_3031_count,0.03697343133316696,0.0058866768386053245,0.02309686504820342,0.0005058477066546179,0.04030079764598184,0.008887193796475887,0.009207122807345165,0.06903575274011796,0.03640458040459148,0.08164535291544425
neuron_3032_count,0.0071348696274593625,0.009974316416818861,0.016217481978077642,0.004328262143137824,0.0006842972960965019,0.0011910200843555875,0.02269784747650464,0.09587800332508462,0.014763094828265629,0.016123903803069668
neuron_3033_count,0.00536003736970727,0.0035827023517444705,0.03531529406277448,0.0003345277531928634,0.029413945999369168,0.0019159992939425108,0.012237578178882484,0.049811572954604685,0.046404142290164735,0.04691817524553164
neuron_3034_count,0.0085526584927949,0.003116556381494613,0.02509565436885483,0.0027218422452764714,0.01016443252316132,0.00036719132816579944,0.012174666381962962,0.02824549859107839,0.026126130928360608,0.02318343230347282
neuron_3035_count,0.001925653251335542,0.00676654619332908,0.029884550971864723,0.001722290488492751,0.009272804902374907,0.0009412600200785961,0.017934363545025256,0.02537930476203913,0.02440368798198976,0.022354984789104013
neuron_3036_count,0.008171233198477477,0.004848875690648298,0.02105209685629575,0.0024853411250549406,0.003572615924326776,0.00245139306185135,0.013108472765985063,0.04588963716448609,0.018245798291200058,0.01919074273447055
neuron_3037_count,0.015356762344291591,0.023465502943218974,0.025682873856369345,0.008103519932326456,0.024722625347106383,0.00646570266427534,0.01054605580503682,0.045755058463078646,0.03527031858666699,0.04218782524722185
neuron_3038_count,0.004808882217135928,0.01081946863660635,0.016025163583866686,0.0008014414538555607,0.018802147677257353,0.0026413538447376816,0.02176126062806731,0.030431885906580164,0.03555573936261769,0.03024379924461433
neuron_3039_count,0.0028631145034873975,0.0029508559056838704,0.03454095013289263,0.00038903504008177495,0.008140317092284868,0.0014121519383707738,0.0222935457188099,0.079569530676915,0.038161857769343166,0.025654207937562012
neuron_3040_count,0.010114651735622853,0.0042466647272933825,0.00853109431625942,0.0037726086028025893,0.0005101396662409215,0.002035056560694361,0.03543995196087951,0.052019181994608754,0.014329613845848419,0.0010803086122223304
neuron_3041_count,0.008057196329478121,0.0003480783342536247,0.005883151397279372,0.0011625941204044254,0.0038261447216398313,0.0004515652167968688,0.026138355104164235,0.02185905981683084,0.008346772870733501,0.010737826597190091
neuron_3042_count,0.028172032592346102,0.0003286553435236624,0.019905272073593605,0.006765536097361295,0.000971123246990383,0.0013169672791850974,0.03528555914765459,0.04144152244605137,0.018253546498150634,0.0004994752520843266
neuron_3043_count,0.0030054738541142323,0.020019065763952293,0.036847383157586816,0.00016808362645783642,0.014890076724079673,0.0008115225302269616,0.03540408146660942,0.027084230120119596,0.04101559361990939,0.024113146721320852
neuron_3044_count,0.042878283024511896,0.0030096457159445728,0.006983505764004833,0.0015094524070197943,0.000748950155111964,0.0010065198839040428,0.09576982595980418,0.05619526060148494,0.0123924591169794,0.00042361642339036783
neuron_3045_count,0.0031012983719509446,0.040208417747735536,0.013631410463238722,0.01497544315861006,0.024045290525620197,0.005183813947004859,0.02906830270600634,0.02175098797045727,0.02557312798998712,0.03132840623154308
neuron_3046_count,0.015836545567463292,0.006776949512475032,0.015754263517805442,0.00010870252682296244,0.0016817381392967602,6.225606903395098e-05,0.04364915280383774,0.021655064287885745,0.007378655669337125,0.0027582274839471344
neuron_3047_count,0.011058698783089325,0.023977950385249965,0.019670441859176657,0.004083452378873294,0.004496728201307618,0.00017560530774246076,0.04556224305122191,0.033381671935766515,0.022149367011886793,0.016047005840181955
neuron_3048_count,0.019357609570007733,0.0023350222561009035,0.0010648322944511839,0.011213163218931503,0.005870429498084757,0.00022518230979980472,0.05827192495991093,0.01270844740216212,0.011249844630293715,0.014234100672380831
neuron_3049_count,0.005886940644208728,0.027794692244639874,0.012689068785905283,0.009386775037693862,0.008031791851776368,0.000767772468373275,0.031124473921699355,0.007588422152615931,0.01732457198154959,0.008144810285912803
neuron_3050_count,0.007011330485873227,0.10286873711721514,0.003165817784855321,0.04597852018900919,0.011516674476955188,0.0011670399050453285,0.03634168012381975,0.005756618219550272,0.006894262460880846,0.01480089457249019
neuron_3051_count,0.0012485586981605783,0.13116485559854496,0.009110593019740182,0.024581387542109714,0.003087941418350358,0.0009107083319033725,0.03576442022902587,0.001958499656229757,0.010178080209695989,0.0037864253304334336
neuron_3052_count,0.0076578138630743475,0.060921198355138456,0.005835181877711405,0.007075565747270834,0.0012452578611224507,0.002486108376217898,0.025960540991883704,0.0022454794200399385,0.004678905009816617,0.0009607363485862244
neuron_3053_count,0.0045544597852552535,0.1317227801196902,0.01934998685031998,0.01824397024848863,0.0012401521259313274,0.00803809881043558,0.08822505018691884,0.001861327029631512,0.00029975302767961407,0.003231534858006431
neuron_3054_count,0.008099653729733897,0.1128456046179325,0.005321239592266422,0.023224358474129916,0.002704512772834851,0.00020622429379155496,0.011687858791606678,0.0004275671793944613,0.00632711853165497,0.004169348227368946
neuron_3055_count,0.02472201045585852,0.22788993695669754,0.006705653892661367,0.045495537870196,0.004396322269161708,0.0016595849986921173,0.0858148337043026,0.006369664128431637,0.004848567964438506,0.005603672539040233
neuron_3056_count,0.024588222420591582,0.024252273223157123,0.002819102075454785,0.004774582672621722,0.005781623711330543,0.0031626832885650012,0.029385551414591635,0.0019143459721353145,0.00951560289525609,0.0021034584560344557
neuron_3057_count,0.0021261352764005287,0.05729348795512454,0.007848435506323206,0.02453248572303493,0.0017364858649034712,0.00036738575649842946,0.04035585305293016,0.012046958729466387,0.0013408588217716164,0.0032881494547064086
neuron_3058_count,0.002435396941365249,0.08668748975445997,0.001984552994248691,0.024112170034741087,0.004149980474345734,9.539988651432237e-06,0.028966938143197965,0.0008422509294827573,0.0032367564575694757,0.00230608536623491
neuron_3059_count,0.010895045460724544,0.035648903678435845,0.004492235625920972,0.010782771285051937,0.0017718530607956362,0.00015830009915777845,0.03625369935195839,0.00029698326501164177,0.00062801529993875,0.005183635162467844
neuron_3060_count,0.04742583776803172,0.2492902286966548,0.006087697425299448,0.061153462315653134,0.0020280830554703956,0.003597158711840999,0.09111208434463464,0.014021629824860604,0.0009485813330875753,0.00971538792811974
neuron_3061_count,0.015665690157123394,0.010130832697904393,0.001187110166914078,0.013905340107006808,0.010065460461546855,0.001690543176955904,0.005118285534567342,0.0020649151965322354,0.0009382834029374419,0.004381324007469545
neuron_3062_count,0.008134742346362751,0.0008237857120706044,0.001135434902439383,0.004176670567153255,0.01105988762990056,0.0010761944405705314,0.0020156814904663325,0.0015964808838531165,0.001516419375553896,0.004551377827697531
neuron_3063_count,0.020743464947313744,0.020593479636059855,0.004319254868884653,0.00012551113575636494,0.00768388647022579,0.00044021762566445917,7.797530168948859e-05,0.003221966260657995,0.0019709525985643767,0.0051325784189759985
neuron_3064_count,0.012395323471650593,0.0023506143852502553,0.002325629300703326,0.0032047926835240687,0.0023481007212436122,0.002279716759557994,0.0002424487106896852,0.0007695812492079512,0.0005309250807169381,0.005206756440094162
neuron_3065_count,0.0010027285247233009,0.14505849500544496,0.010063767820468528,0.008278462603632589,0.008424682254855341,0.0030444879334070307,0.012299437736499275,0.0016811491621545153,0.0012845639028587867,0.0032634288112158676
neuron_3066_count,0.0433540872355653,0.03919745559594824,0.0020926685284774135,0.01569711818527511,0.003294453533435854,0.0015659534205719992,0.06960537210580617,0.025388506552012233,0.021676848017057687,0.01915373198070061
neuron_3067_count,0.020899424925420212,0.03637069123926023,0.003202308609012508,0.001590291632615249,0.0002752497296522778,0.0020718055387490483,0.0007157018472305297,0.005992811801898416,0.007345661356498945,0.0034206083336215318
neuron_3068_count,0.053174324953958046,0.004427404116885275,0.0013085514021906018,0.0003722674510047083,0.0006926542588359882,0.013805259164199848,0.0065303067124741,0.00437679610209063,0.034670801315195315,0.007102349904280568
neuron_3069_count,0.04936033515955496,0.09749547965681854,0.007427843656657669,0.004115139948148272,0.003587206348259993,0.00599663922714682,0.0030279935004766736,0.010318701501451304,0.031241237870866315,0.02113910387834654
neuron_3070_count,0.23832453477133103,0.40033122443428415,0.0580209099980971,0.08026587250456013,0.005788808295168056,0.0018160405937215005,0.2243183237745285,0.0826266005769018,0.059625896785623356,0.05932064944446147
neuron_3071_count,0.08717092640842614,0.00030652384641843486,0.0003664498145382764,0.0008821644760444343,0.006146403091168345,0.007105961682121048,0.033080533435803,0.007627718696734245,0.0802611009821648,0.023112312352567582
neuron_3072_count,0.0038084408956885404,0.4201016124729195,0.049892158956979266,0.03151529672926218,0.007085346627077389,0.05696556144922779,0.03935125123498494,0.05936642859919092,0.09453739721037611,0.006758247972394379
neuron_3073_count,0.049303471934004583,0.2628093477289084,0.015974097053046907,0.028965662802772033,0.013716558051833201,0.025902109912856172,0.020891763979745764,0.013946858672921045,0.08993340685149231,0.012114836913023848
neuron_3074_count,0.12183533155373358,0.12856998810013748,0.003469182142547612,0.03467127358489117,0.01346283415096964,0.02562293681934514,0.013637155665675284,0.0026323687132170544,0.049488360020981,0.03797953300656683
neuron_3075_count,0.026701957969207463,0.25595727076269115,0.002077168239324429,0.0027796522698725103,0.038490704497055855,0.007044289949765657,0.03137822818982612,0.0020638619538354067,0.06328356356917739,0.030838893266893375
neuron_3076_count,0.11269689434368765,0.3161443321602353,0.07905831157127888,0.02013376512090302,0.0023275821784243577,0.05428087178074738,0.06030216342203293,0.1142227587111936,0.049772210101347476,0.053902782587094175
neuron_3077_count,0.003739573588424888,0.2827917133461209,0.025813473487127495,0.019748780270788885,0.023351641460461335,0.0436088352701501,0.03065092267418225,0.04131340611237008,0.044810101904414326,0.0057470720529088325
neuron_3078_count,0.001011696642756691,0.2221442709996188,0.039507710480756755,0.00981333129347782,0.01851378098197437,0.031353946606358,0.03794915394202314,0.08187166785461394,0.05497172302848086,0.0039966631309679215
neuron_3079_count,0.023745649698932905,0.10698413073540311,0.004244300220366107,0.003728591238127091,0.020438131281126704,0.01544725671139903,0.010271187598483535,0.014856814885957498,0.037519555727010545,0.004003709115225948
neuron_3080_count,0.028454238936475723,0.13748186870087076,0.007619625321474546,0.021105730815626896,0.014344733969139337,0.030282761050984125,0.016965047608604032,0.024480175491768688,0.04505092272263965,0.007675505091217512
neuron_3081_count,0.01717374152603572,0.12060453607023239,0.015563030879141862,0.016415685705397434,0.006853708949047334,0.03375109361229765,0.01569063570158548,0.03168515667353852,0.044018567457646415,0.002549550457730712
neuron_3082_count,0.05611643075490917,0.08046741366698673,0.010613977996346509,0.017215141751106514,0.029342218632244857,0.021119480821596565,0.0040163784028980146,0.00223245983624043,0.009022633671082185,0.036186631695338464
neuron_3083_count,0.14368529744909292,0.014799959624385132,0.05613377356159785,0.030575389528330478,0.013401338816461238,0.006186442828268461,0.0019237089592542235,0.035465467628613086,0.003641820566096351,0.05910512719889284
neuron_3084_count,0.14287484747304474,0.006097183940814356,0.03926808038529317,0.015069937073723255,0.01868569408471446,0.002611202159476727,0.00034420753783609426,0.031190347325295062,0.00037742803682389546,0.05779013558880919
neuron_3085_count,0.1079668601745998,0.01329331503772442,0.08173686475132086,0.007518678107844304,0.11329658221175337,0.0018652823004525199,0.004042483452947915,0.06481033627893229,0.012736023325912144,0.16176357485674464
neuron_3086_count,0.12368894102094147,0.039825792434056095,0.008985352871924507,0.017642081310374716,0.012756576873844808,0.008276429365036822,0.0023136677382538245,0.006982226694018441,0.027669840189484582,0.023944960221212883
neuron_3087_count,0.12536105795657482,0.015560864853749329,0.03428665738934061,0.0031796548328283415,0.01236982424461007,2.2292315678913276e-05,0.010103089556058133,0.06870624126885098,0.007613518638157249,0.07126846396761365
neuron_3088_count,0.12479880411687677,0.003452087427822853,0.0628098875191595,0.0008917371775015743,0.04537492118112299,0.0019262949988248929,0.0012320168426393843,0.06332254613267635,0.01474158082729625,0.10407822966297983
neuron_3089_count,0.08838087748679088,0.022751119636019362,0.034680866546591915,0.0032723672302459803,0.01645186956199164,0.0022615495203931815,0.004845212703159164,0.05244366394116594,0.02525045971756741,0.05908712415174734
neuron_3090_count,0.07398674233844618,0.01748711219441597,0.05394408999939107,0.001611164555325735,0.028247980362048147,0.0029971233363910096,0.014827805444067983,0.10650212250858225,0.03789586713720959,0.08013627970532637
neuron_3091_count,0.0400337692711758,0.012974238583609354,0.0526470978283384,0.0019527472045687937,0.03035884639502745,0.0020982016663174917,0.014021138720523976,0.06508150889485549,0.0315122716143085,0.07143257319467362
neuron_3092_count,0.08287956225291152,0.012736474237426236,0.08223938007983256,0.022574548726404867,0.018791173941852687,0.006232103599425199,0.012305358802439437,0.06901075819094157,0.024558344685318395,0.06007850328003053
neuron_3093_count,0.07183099264584555,0.01618956491182899,0.06684166939992187,0.0021999617639178893,0.0495509197439328,0.0034355843560006025,0.013704257414744472,0.05808851965555678,0.04463986101468209,0.09814491331390401
neuron_3094_count,0.06640899676898888,0.023456469741142474,0.03445465718642213,0.0028155322025988187,0.007176902613600697,0.005469872916914802,0.035572585237919105,0.12028703583026487,0.023341106333748446,0.0554463144330954
neuron_3095_count,0.036466071409835515,0.010284306100248747,0.04444292454337612,9.545203621492016e-05,0.02775128083251774,0.00404532842393035,0.022361553623447286,0.09453427462141609,0.04311124970437147,0.07275530674322543
neuron_3096_count,0.025466577929312798,0.07239843840806207,0.016499736457590092,0.013399017474064537,0.01428693594213222,0.0008394061013617983,0.02221298865596881,0.04582014244500128,0.009644513505896755,0.02557031119388005
neuron_3097_count,0.014493579548941496,0.015770000106769183,0.014119100057710027,0.0012711273083634567,0.008706591745673217,0.0038988932001740202,0.012066364466303655,0.06275144233993885,0.01612747089316216,0.0289136756271147
neuron_3098_count,0.004983827287141305,0.014175923545816704,0.04371054930015503,0.002977024932532414,0.022120199104757612,0.002392646833051508,0.03665232909514571,0.08787576597927799,0.03039224688477439,0.055641049866419184
neuron_3099_count,0.015368303778052629,0.02637805402026936,0.028286352661521456,0.003695533322711938,0.02053889002006022,0.0021903419190335664,0.016077268964464937,0.05213767539846398,0.022299356886984256,0.05251709525381561
neuron_3100_count,0.017702911070638747,0.008280471536396685,0.03156119610558401,0.0017948925133236399,0.014148110590361876,0.0002118755168232843,0.024818975474771493,0.0470969663155292,0.033375553535011676,0.025072785535053925
neuron_3101_count,0.011665157628061015,0.01256504796300384,0.03822461558769821,0.0014646199585628822,0.030119924992380587,0.0044626952531063024,0.009343389832120283,0.05359355352981808,0.05107072068799631,0.041907398952013244
neuron_3102_count,0.004131874864122028,0.0023273079517553558,0.012209289399436503,0.0014464879301620461,0.008373263152415877,0.0015882885921883576,0.021174973825014404,0.045315020271553305,0.014044110628584093,0.011099358917502515
neuron_3103_count,0.0017597660604583149,0.011345169659710011,0.022711263282052377,0.0038706551071524195,0.016759019965082833,0.0018201014776838068,0.00891144411053961,0.031243417068242477,0.04032940880959693,0.027915071136171782
neuron_3104_count,0.02291435657025781,0.0013111164637148315,0.035965737144367044,0.00019980725854637504,0.011993738965811324,0.0006785731704235833,0.04759608374015692,0.05028551367633666,0.046577564397876664,0.02419812550053528
neuron_3105_count,0.01544744297726254,0.009722492948473702,0.031084274534606104,0.0037091439267697285,0.011034617475732755,0.00030466447455560625,0.04381732538242758,0.02821161549939008,0.04202610593498157,0.021773010154198538
neuron_3106_count,0.0036444398834969364,0.01236227809188438,0.019952009047518343,0.0040933032934811,0.030854489539773128,0.00410329819073596,0.021361626521130328,0.03647781345628329,0.048955225218919624,0.040401460791495244
neuron_3107_count,0.0009626747816916317,0.02451333411473379,0.02008419774386641,0.0032693529224993648,0.004868038277755955,0.001414431419407683,0.019904012272088406,0.021487512118820162,0.02541078846555589,0.013344813080993945
neuron_3108_count,0.007090518724573655,0.009521776293312093,0.015641558672689862,0.0007771511785001697,0.013236773591862261,0.0013527830848274226,0.02505946047065133,0.011145448437765403,0.03223393689925047,0.016577599431737408
neuron_3109_count,0.0035887212715954367,0.010939903934493123,0.018263745652681518,0.0018688122718137357,0.02558247178883155,0.0010856673793761887,0.03247609501796586,0.007163846797569831,0.02568929118427156,0.021181250462891918
neuron_3110_count,0.0014793861396687237,0.00754134121303382,0.0095525528402884,0.020029138486002546,0.029671443732723568,0.00493749300932201,0.02316149098437477,0.0264432563226384,0.028840993728958847,0.04602069036174242
neuron_3111_count,0.0009129691379638439,0.021972265945139638,0.013450180931288275,0.006586636590976545,0.006275125925247968,0.002387725570207916,0.02706312842249689,0.019164788465504942,0.018754688767989774,0.02051914810608335
neuron_3112_count,0.007120974686984895,0.004309396769399017,0.01164213205305803,0.0034329266057338548,0.011488202709285716,0.00039501543621293933,0.027686515972337913,0.01394979516511169,0.02636857937468147,0.016797845396779337
neuron_3113_count,0.006856418101945198,0.013632112925928155,0.008999267427706695,0.012973406731641587,0.009013924041760074,0.00012142804370799364,0.009059976161394354,0.006098317895972136,0.032396033631298726,0.010446969613739768
neuron_3114_count,0.006850235195728693,0.03560803969841647,0.010279736182307667,0.013969648334271986,0.0065339911510383444,0.0016876721786618434,0.05220335322000419,0.02766887769238699,0.02155162057464388,0.010293642934947944
neuron_3115_count,0.0027188681517389575,0.01724655731542911,0.009766631045207114,0.00812874464572804,0.017936771416853223,0.0012920258432612339,0.02437184065950901,0.019074078024551,0.038573442942554104,0.017657302240813605
neuron_3116_count,0.0017506255932918519,0.11703092461941095,0.0030925909389325837,0.029753743317510253,0.010271002896780373,0.0008097512958236686,0.06060253245179914,0.0012384740710610666,0.0035092896937641907,0.009928905140049835
neuron_3117_count,0.007694212503208904,0.1210572088561864,0.0015232013172461686,0.04127665519429374,0.006901235188009232,0.005441224699750662,0.032703030969995786,0.0025498558413749803,0.007851896072303452,0.018983434806328775
neuron_3118_count,0.001480309643381035,0.06792452418307086,0.0011565820524956465,0.027482870093731626,0.01756043319610205,0.005347604257303094,0.03621189988144376,0.004829334259492911,0.0028507214982514475,0.009803011123530346
neuron_3119_count,0.010000822851899183,0.1733212173351369,0.010679800849579715,0.029085521568848915,0.005911652605823096,0.0025101873808478573,0.06956661804480938,0.0014389075316507405,0.0024766937158576877,0.006174805032904893
neuron_3120_count,0.05665872417873116,0.015460725511019041,0.0038634395892591586,0.001195987921035195,0.00014181648142748762,0.00792293800983146,0.019699644905441765,0.006878968182259387,0.010491534655339307,0.0032271893354046156
neuron_3121_count,0.0031705872108191424,0.1984767279827381,0.01448163971269989,0.03301359458148263,0.00028052200691820565,7.881380165935625e-08,0.08595625789695738,0.010394691915701249,0.003431402569508628,0.004335638506020638
neuron_3122_count,0.020988058595775433,0.0067159075266711304,0.0018002392198174285,0.003955691383162721,0.0011208237459032142,0.0036087109032051368,0.032379956747555144,0.0030878406338429934,0.0010842706503986438,0.001776789236770846
neuron_3123_count,0.008173954301938326,0.05064868326676021,0.0005157496847170394,0.006108438274741085,0.000584529213729535,0.009315550686770521,0.047448182583807064,0.006781108555594606,0.00559756680627415,0.0025735780727759745
neuron_3124_count,0.005903876486786135,0.010827350180638358,0.0026185243363327296,0.0034459765331928127,0.0006796735114695633,0.0009966662132012624,0.010443293971975048,0.0012505253667027226,0.0021954944572657002,0.0031445142152857902
neuron_3125_count,0.02058240011019749,0.021305810508266895,0.0008085504998124847,0.0037836808640674888,0.000718393279911491,0.0013297341554939432,0.007007783447814622,0.0012735483387834399,0.004980002936524605,0.0025655152272338957
neuron_3126_count,0.013832200401176706,0.007837287940808124,0.001775338811184926,0.00047166600395105555,4.354331281491118e-05,0.002688473506990967,0.0077081465607030525,0.0009924979475325613,0.0034106103877661123,0.002223748235268344
neuron_3127_count,0.04703613300306039,0.008803121442326436,0.0016053933155672877,0.0057248812443017535,0.0010950904614346856,0.0009957515064267942,0.004173894527795333,0.005144369404513002,0.004861939679432166,0.0065689029458473255
neuron_3128_count,0.11755826132900757,0.3406099691767963,0.009120707391846186,0.056629300109214714,3.900957481951881e-05,0.0007084386281997063,0.12377560128473844,0.016795858009622397,0.03126276582433747,0.015252768997836494
neuron_3129_count,0.11400576088021569,0.11189128672233062,0.0012204856236774824,0.01608562681992809,0.00033144239452154514,0.0022394162186212783,0.09622906691299704,0.00908883106591847,0.047135995371433884,0.008685282189520985
neuron_3130_count,0.08089399162709293,0.12479594799538982,0.0015377022368695294,0.018168512791880684,0.00022144887797872007,0.003848497557020089,0.11216589288319714,0.005401301674038683,0.05045443199493807,0.009093925885429233
neuron_3131_count,0.1406952442963572,0.13886639854154112,0.014672133164954256,0.019375685872423123,0.004315234770268638,0.0038084300261621087,0.10488618367029123,0.03844900034311967,0.02780948331235554,0.03467540123145495
neuron_3132_count,0.1164863786312107,0.05177077401999497,0.006901781065187601,0.016020916458455048,0.0007486175249056155,0.0016039840969532182,0.1041974375612125,0.04208471117665233,0.0578833995837961,0.036495564343425144
neuron_3133_count,0.10861099570892668,0.01915098231004187,0.0237123228910361,0.0030860120419535023,0.005225745332901065,0.0029368643717170434,0.07487667310847279,0.058829946973021546,0.043027391145771254,0.06613759680905743
neuron_3134_count,0.1565013255679893,0.15681686356470614,0.028712619946969095,0.01804905871484401,0.002552123584630417,0.0004086326028568312,0.1325089966637748,0.05688808725595321,0.04840212455879293,0.04421604875298314
neuron_3135_count,0.14913262318896625,0.0338502940203491,0.0001402147784532303,0.004113172451302313,0.0006605572150864842,0.014722737517506634,0.09526882441315829,0.04133039160764497,0.11270708039553398,0.06643520169984898
neuron_3136_count,0.2589112524243979,0.37935083931399627,0.10444763350189293,0.017234990710295044,0.0063863590867021085,0.04940430779590735,0.050925392961007024,0.16174272238912127,0.029204588474101678,0.06480592455143785
neuron_3137_count,0.17620020606917913,0.09387573070159563,0.014211976478546079,0.0012558721208375638,0.031730593730822376,0.0014847372575866602,0.010670751820303012,0.02421052126793176,0.06238894329892242,0.07127134078715604
neuron_3138_count,0.07826835547159473,0.37424910605760586,0.06734300946258648,0.012647622773615128,0.012821341785518532,0.04555390001634795,0.06079769100587385,0.09274153923744255,0.05345477498939052,0.025314154053671788
neuron_3139_count,0.012502129030109166,0.2431450242723468,0.04892034276630304,0.007656100530975228,0.0071978280362952965,0.034369399672521894,0.030428063525167387,0.0864633747686277,0.0585749912835313,0.01150750792179378
neuron_3140_count,0.030123355608239116,0.25891230603648613,0.07969780645057895,0.010303266416372789,0.002267161118005602,0.04470182731102275,0.04577433248354644,0.12909483448984216,0.05830265404360169,0.029060687561332676
neuron_3141_count,0.0769133560283223,0.05019062229851386,0.025278058044804347,0.00574675760147831,0.04791551416566388,0.008256819960372318,0.004881382118074873,0.013162928898883694,0.006336745985836202,0.057001963761450336
neuron_3142_count,0.011540763121834045,0.21793208879857362,0.03847268187458429,0.0008641528377962698,0.011941375980742817,0.015186662307083834,0.058860738891241965,0.07277949037568246,0.06508322290232796,0.004923001219064818
neuron_3143_count,0.011341981037314937,0.1639094540763376,0.029462123379752347,0.0026120610209954425,0.02490388176693962,0.006070299988964779,0.03535985529974085,0.04818637392798364,0.03745268419615268,0.00034335649758938155
neuron_3144_count,0.012461010024272683,0.18541702470481203,0.041826540490888534,0.007700576478410909,0.01032622674026086,0.032343585334722175,0.04349612013299639,0.09245368120315314,0.043894233444314146,0.007016095093678766
neuron_3145_count,0.0835191191203355,0.0700710031026732,0.04963037246154836,0.014779693307563749,0.04465988817757405,0.002676083651033053,0.0013664234383591843,0.0466491604093022,0.0019321150978437954,0.08097032855537331
neuron_3146_count,0.012794233549368678,0.07483368119706393,0.0041424561861410775,0.003455688438422283,0.01782290444770261,0.017069028365831435,0.016148974094187724,0.03698428860349423,0.037514972918753345,0.000754315786602771
neuron_3147_count,0.05171824644530189,0.029710212190241975,0.007441477035274374,0.0018413075798848488,0.029477706576264702,0.003897051135431647,0.006056420047073834,0.0008223010220724056,0.012136120997564427,0.019611064118959305
neuron_3148_count,0.037679393856335563,0.027484840391753432,0.006848663650826897,0.006877649358445183,0.02795898200689964,0.007267643476245263,0.0017619390177380997,0.0020058164506535116,0.007187007487451699,0.01594292160443546
neuron_3149_count,0.1694369158182542,0.0091716742727392,0.06869784983513216,0.004109428487058111,0.06150799543498142,0.0037758006079081016,0.00310870122605535,0.07223924798798526,0.006763108675794119,0.11735104568082667
neuron_3150_count,0.1465641490058363,0.0036236413543529744,0.008320098661710795,0.00010541831151516471,0.031309351650007575,0.0003781921351403584,0.0005638657586451859,0.01765678880474318,0.006481987103881953,0.0452306291590282
neuron_3151_count,0.07247585300811604,0.017835148568247958,0.022380352315583094,0.0007422386632428089,0.05606044989759959,0.0011221114422205383,0.0008935131897020044,0.02567619381611065,0.0025209069564764847,0.09730295558733254
neuron_3152_count,0.07944439822995253,0.00406048433140559,0.0104395254889635,0.002426983734041762,0.04137926738611206,0.002938265644596441,0.0059999006729140394,0.012646256773744854,0.0003129815449537561,0.056401577684748495
neuron_3153_count,0.07466490812221857,0.014895230895368136,0.03862024885740478,0.0015856920699407646,0.06242631424775322,0.004587866801543071,0.0011326690291994504,0.05022310703642946,0.04766301759372857,0.09055867138921855
neuron_3154_count,0.08128209544616224,0.00942087832101713,0.04106173672031099,0.0007251610476355155,0.05016440076921973,0.002162655513516635,0.00199905394851823,0.04923008664421369,0.027463661701435077,0.09666901845579576
neuron_3155_count,0.07162544904713206,0.008671016585787554,0.08595924230365345,0.0010362199589627023,0.035155142179699894,0.00126507820118495,0.007656499515663676,0.12094861880214769,0.04472869992301215,0.12405347257011334
neuron_3156_count,0.08312113439239105,0.007127046782293929,0.07926222659828877,0.0008701730430257584,0.042581161710158535,0.001987805400134837,0.0024383140855670817,0.057014771078483004,0.02084736804676003,0.09786127887903898
neuron_3157_count,0.08842097512795644,0.0018225297153967313,0.04968653711092477,0.0022654820558211178,0.06938590512460965,0.005230054450009652,0.0027897452436704065,0.05930760118458586,0.024269535173102458,0.12286352845893767
neuron_3158_count,0.05763653180359418,0.012218769346403799,0.04183019757183867,0.0024602085129330348,0.055690244383478374,0.008628283736435788,0.0037660233259790357,0.04572887998201672,0.031108987388604348,0.0932100079161752
neuron_3159_count,0.03379366629047316,0.0036381834479199578,0.046661061957778305,9.231437787113068e-05,0.029244862449084127,0.008490407265399319,0.015897854891741003,0.10798093392207772,0.036882720964448695,0.07015069843766022
neuron_3160_count,0.012910962589013445,0.01152256274558719,0.01941704368349567,0.002197463734425368,0.007982810883940247,0.0035417067853788543,0.02010591348694689,0.06491251487036473,0.015747221145981004,0.017631969982559267
neuron_3161_count,0.011226775005804813,0.024115252160633163,0.014977369373983342,0.0028230486882673683,0.03234273966298566,0.003010619003446737,0.010228563736269113,0.03634903663385492,0.021567481369317937,0.03097216619256763
neuron_3162_count,0.057746858667652445,0.01085305457087897,0.04865946007459182,0.016269125417434152,0.08631238873978517,0.014197128637009823,0.001581358272994696,0.054248245555309396,0.04833652906401717,0.12922138946700354
neuron_3163_count,0.03265475856813184,0.026558063866479298,0.01376114304396664,0.02685438397715957,0.08808962560057215,0.016553931082733522,0.005694017604325682,0.01845603810662104,0.03518324184719396,0.06542335089448564
neuron_3164_count,0.014233511943445257,0.017915007953424364,0.03750636900373694,0.002799008068479221,0.022473112523632974,0.007129956893708059,0.011093691601004915,0.04685579900264045,0.03241794637714211,0.05082652680586147
neuron_3165_count,0.038060321487456195,0.026971316554397856,0.037002044777556864,0.0066029781506420915,0.025966331956455785,0.006593272834165338,0.00911012402610964,0.061896365445688994,0.039812424172153416,0.0636619951825827
neuron_3166_count,0.041953190734193874,0.040605488543937474,0.029621541050580874,0.006711409846897595,0.03306303335696309,0.007357821394701716,0.017589458310056635,0.050819350001692326,0.03189069452141163,0.05713594781640274
neuron_3167_count,0.0012523099896840084,0.021156754449369167,0.02244558674905782,0.00042799887953233126,0.003924471363249117,0.0012453221541008641,0.02338021737481874,0.03505789555579186,0.02762135982435332,0.010691570408221232
neuron_3168_count,0.005457961235259361,0.026730480760008613,0.03710540992643008,0.0006628441012662932,0.02045389750524755,0.002012978515785975,0.022230560227026255,0.04417979518517007,0.04076902793714905,0.027470560074161474
neuron_3169_count,0.0018421017930503568,0.021379955061488404,0.032838987309056406,0.002426735094658704,0.019967373647728284,0.005377560593522082,0.02818832897042166,0.045965714541030656,0.0417613833351862,0.03639613902043734
neuron_3170_count,0.002784864950295748,0.027332179841240284,0.023916426576311045,0.002044655888892813,0.01829290234922379,0.0018634788532108648,0.03311232804057644,0.02942598361869482,0.037266744283983674,0.02918285815632818
neuron_3171_count,0.0055059712914911005,0.03144075193548598,0.014797945334697318,0.01656390952744996,0.024795259362366665,0.007670752914545095,0.02394753627155717,0.039405989749875636,0.03503805552954048,0.035040788076511065
neuron_3172_count,0.003457649462842771,0.01083945373308224,0.014992603751897302,0.0004592353284147265,0.01581411302627464,0.003976774034810358,0.01812663005256207,0.022687895770575443,0.033241516287504075,0.013971550389207228
neuron_3173_count,0.0005208668456577747,0.0161004585195004,0.0054658103107800005,0.009545588256280213,0.026129487412927033,0.0023621569156427533,0.053597140863580056,0.007676768267182249,0.01299895803076627,0.023885607463162872
neuron_3174_count,0.006822032909126537,0.050831858382126935,0.003709137736535577,0.028649290413682582,0.022069348826620483,0.008622918812426994,0.03309701299952368,0.014399851361684549,0.015692497567443314,0.031100575996214144
neuron_3175_count,0.008829403218116066,0.0055050243673164245,0.008707408814036949,0.007551816393763011,0.021252591314621927,0.002577284024461904,0.031315230506218206,0.014528194500630018,0.020953698232132598,0.01663603219466868
neuron_3176_count,0.0006106614773444333,0.02905765631113738,0.005583364480333863,0.01287384388541328,0.018801184795394194,0.002974208734923517,0.02552982587999844,0.007060564145180179,0.020937657829631376,0.02310527254434855
neuron_3177_count,0.012593277482345358,0.027094417864309092,0.008719424077602456,0.006074534830948185,0.004773333063977904,0.00014908733804154008,0.020272907056772566,0.0026440779937949264,0.02095353089300374,0.005501131746792634
neuron_3178_count,0.000976829487267527,0.036991553484122364,0.007818552155329409,0.020471310804433887,0.007507434954458506,0.0007052680666534607,0.03636268951162375,0.011119906394287102,0.009055374639221028,0.01029203289935142
neuron_3179_count,0.0029553838832824322,0.06826995519282622,0.005402218071477692,0.016068906238732125,0.0009809499311675372,0.0003891241051897504,0.04439528861042272,0.003977250396568335,0.005759350460085119,0.0019728104754486234
neuron_3180_count,0.00146115490972391,0.05152999018895446,0.0028989814253505414,0.02453784211476545,0.011636357694173288,0.0011342313554283875,0.012543183071927866,0.001751617984595357,0.014986607255872308,0.014688535736392158
neuron_3181_count,0.004169234052598822,0.11041758729881052,0.007227588400496171,0.021387304728215886,0.0024240999069286423,4.4039968234477894e-05,0.01975218257887111,0.0021242892534373975,0.005895924813211849,0.0040758036149285415
neuron_3182_count,0.00949556081852275,0.07268339420051789,0.0010041667694309087,0.021685893377670074,0.0007931065047745399,0.0004028234352727077,0.03754950118152306,0.0007397372947545722,0.0012581629685476832,0.00012039064365934864
neuron_3183_count,0.024486225396092492,0.16433321292251057,0.002812896485866724,0.02259633126576062,0.0022933454793739247,0.00021499956742349405,0.043395172387802466,0.0027978537648215077,0.003202829631130222,0.005494941525631486
neuron_3184_count,0.0014069435967209824,0.09030499796001967,0.006469977886580935,0.020558882137741222,0.004981419065840181,3.027877854972806e-06,0.05685957011810405,0.0030242501287915946,0.00032462378375051285,0.00580347448670801
neuron_3185_count,0.0002505802079462924,0.0020088452374581248,0.004098199788260325,0.013441338915600495,0.004459265886334343,0.0010450989646885456,0.010663834760753554,0.00013490330396237222,0.004255655939806667,0.0025409304083668927
neuron_3186_count,0.01888469469253165,0.18498488918195238,0.002715383387242941,0.022735567329575324,0.0028669257991169096,0.0006420358902105988,0.10184822184969494,0.002870077152640045,0.015554474071884497,0.006025967656893824
neuron_3187_count,0.04986151565380481,0.007517048681027543,0.0008444957428505751,0.003428528576876838,0.0015809073753810798,0.002844005349703641,0.01530538082368342,0.012299536865153317,0.02017336456138269,0.01216932136607713
neuron_3188_count,0.003684014274450677,0.01251368760796432,0.0027683045204285814,0.00015358709356710822,0.0011302742246860602,0.002393045452815882,0.0006639088622750321,0.00028282571578241815,0.0013077203603025678,0.003182411347193294
neuron_3189_count,0.01472681156260347,0.014147926256918728,2.4477953647113063e-05,0.0007449160354780072,0.0031403540606628824,0.0011466212870246233,0.0015514608735514197,0.009098043442929013,0.003173743617522356,0.00844717874027863
neuron_3190_count,0.013313678166225626,0.0058969628564231255,0.0007284139499764038,0.002196945198046238,0.0011747527602309175,0.0018818576217471683,0.000556554596447989,8.53630174193461e-05,0.0026287596167608937,0.0014778464631308129
neuron_3191_count,0.02934842542495089,0.010447289910540822,0.0007360323205001483,0.004632622282015671,0.0008940841118873014,0.0009853846015223065,0.0037589104491963093,0.0027231368261363027,0.009339087446716965,0.004197861922945231
neuron_3192_count,0.01905634854577616,0.00400730465358079,0.0007323184407868324,0.0017090543892549805,0.00023022929379652203,0.000924091933225079,0.006907106536915883,0.0029018148923670405,0.016884313399682258,0.005544233944281482
neuron_3193_count,0.07189303599529259,0.009331305554729268,0.0016676038382903065,0.005571090162304788,0.002745661599975824,0.004254075298006109,0.04687720130377658,0.020266715028516527,0.033954217779475424,0.03345207614081504
neuron_3194_count,0.126812943847029,0.20418821136362364,0.02588106169009862,0.07542175675871882,0.0021135988561299807,0.0008253964103442091,0.14969116512219824,0.04104908117430987,0.016646783530682288,0.024413188479989176
neuron_3195_count,0.07105940750901063,0.01935760953147478,0.00024307492831505267,0.0014079216522683603,0.0004687595642727558,0.006742921873795854,0.01947421339236234,0.019186359236651893,0.04648928222425115,0.024495086719033568
neuron_3196_count,0.126162651038206,0.13876863943878925,0.016075384772546636,0.022000747850125374,0.0007452375747858397,0.0034008373121469813,0.12883727855800453,0.05136540643993641,0.05038561749074605,0.042236814462006916
neuron_3197_count,0.02014240261464005,0.025598599606165562,0.0013582424806965927,0.0014424078152746273,0.0033074117630293677,0.005162903240371743,0.010623740129095435,0.014104048874278824,0.021911961120724487,0.01807958870981006
neuron_3198_count,0.13772065206781567,0.030526394879966445,0.016607679747444246,0.00856445431630206,0.005090001992095507,0.005757784941991549,0.13120618272950163,0.06474658749056922,0.06271574299454807,0.059576499312550685
neuron_3199_count,0.002449006152084224,0.1812809335563929,0.010327858687290845,0.007207552738682406,0.00185171641997995,0.0017547823661750032,0.0005892135808349824,0.010607291336640921,0.019161894303945867,0.0213170648396325
neuron_3200_count,0.005445842469529914,0.2847817176637916,0.0017650932989875124,0.00022683475874277215,0.03050403362543161,0.005503373967721596,0.05638230172789234,0.0023038747252226884,0.0662051405619964,0.02537381551006966
neuron_3201_count,0.13660426553111843,0.12335975856293593,0.018853535318317294,0.004240231801248898,0.03267715014849934,0.00516956440303518,0.025284554727763905,0.009828628537998957,0.05208050656266813,0.07505767414395784
neuron_3202_count,0.005571287256181341,0.27033636475629924,0.010473246125948306,0.0014848896540480896,0.04355980242782727,0.010019048619173,0.035533325014050765,0.006600681792748156,0.053286061363355536,0.016372835516652848
neuron_3203_count,0.013777312997470925,0.19895311149627057,0.0055429819548243955,0.0013599380385581998,0.02508746266663856,0.012946425044076948,0.0344987008179683,0.010633884331840898,0.056931419144459,0.014868555596992135
neuron_3204_count,0.007293594162640624,0.2083081657442552,0.038412361201220616,0.009696519746144133,0.004739350064052385,0.03191128679219779,0.03480824645695897,0.06456611622492678,0.05037436273578179,0.005262206843503644
neuron_3205_count,0.03051197268697845,0.22177141221173696,0.051238981999470225,0.01353913917666344,0.0014729209547207876,0.02388907065499285,0.023902115698343537,0.06922988203539225,0.05088244874596754,0.008394023888779533
neuron_3206_count,0.01169075133249508,0.25986338749697957,0.04641196543451128,0.0148523964553312,0.00582418919418673,0.039508981016788416,0.052759905207920205,0.06676386515405291,0.052447875944343206,0.008176648233266975
neuron_3207_count,0.1727952857829629,0.2892969866824062,0.12210958524343976,0.017070202868906446,0.015279251035267546,0.06615885461370175,0.052988670289561834,0.20856019375106036,0.03887667682655753,0.07757958839223944
neuron_3208_count,0.0038258980581769367,0.11290477918834829,0.002167805652913888,0.00670111994269295,0.026520589688630677,0.014298836427697484,0.011897186398465029,0.02346594614928489,0.020857985221869282,0.002527832873609255
neuron_3209_count,0.046643123502769696,0.037988983811804974,0.016767819789603497,0.008629001941427239,0.03128988529644841,0.012315001766928749,0.0012665142534387611,0.003618182382415673,0.0030909363102367415,0.03838780990586378
neuron_3210_count,0.16191757175121146,0.012130948758351787,0.03707450191841569,0.011561449348036983,0.03729900996644067,0.005373486737705664,0.001167624356953681,0.009482122364434568,0.010819027360728352,0.05621420916895725
neuron_3211_count,0.008948406387218263,0.07604855608159261,0.0015903539716073285,0.008079512930317632,0.01868540664699972,0.012898738944228591,0.006006062687758405,0.019650400745547844,0.02095498498757059,0.005954762422621024
neuron_3212_count,0.2022203660867708,0.04670570905554812,0.0722937040007253,0.009383049619071625,0.10079188353393913,0.005734008070404702,0.0024847617210166893,0.07209931943358752,0.006653463545719211,0.19608613635553918
neuron_3213_count,0.09673999280644119,0.016856316561549275,0.02201787132820282,0.003991769468697705,0.06223405437808771,0.0030842263970300363,0.005602138852774156,0.028555365348672326,0.002335906561209985,0.08138146999657148
neuron_3214_count,0.1250900908830867,0.012020476338671175,0.026924804465000465,0.0029743434714044788,0.0509471926731731,0.0008358597824915971,0.002847902393411355,0.02839666484785304,0.0006984655694311634,0.0789457348006224
neuron_3215_count,0.13181853705206523,0.002936842816655204,0.05088105216204922,0.00197064294310928,0.022459739185761843,0.0022574708809737845,0.006087673751464913,0.08285023149979745,0.006355609539096002,0.08738808840443177
neuron_3216_count,0.002396495029427754,0.050948917030714774,0.014260639011781012,0.003998125827716508,0.0009433653431622996,0.01980282811855162,0.020702915304479725,0.041331173471092456,0.026657956894238284,0.003486150356554578
neuron_3217_count,0.13409844564546583,0.014352095621753921,0.03552012912183944,0.0030028286972869425,0.028850619108135245,0.00397411139256347,0.002487813068200402,0.051249588066729246,0.014163757100960336,0.07599528097153285
neuron_3218_count,0.092537101124747,0.006661335328006092,0.06894421764377046,0.0009171099163927175,0.053764209613168246,0.0017331559704487493,0.003715325826365492,0.05819013320865374,0.021672261966822023,0.10636254294936923
neuron_3219_count,0.14067580757190626,0.028622228727202617,0.0662392957461487,0.0031404448022425632,0.031881854563122855,0.002712740349498158,0.007101572264867566,0.07698949669579541,0.026044936378029848,0.10540266897315322
neuron_3220_count,0.050072312676286757,0.005279829063587628,0.06235198118612234,0.0013788856014466631,0.03883323838331976,0.0022193706798320292,0.011040650402247235,0.06007613556276056,0.020395862910941823,0.10997466386816251
neuron_3221_count,0.07913504760488752,0.017462694032666662,0.05783962882472979,0.004348472017251661,0.022824175085659246,0.002445612148507151,0.011787683190571184,0.05540406357764452,0.02333877477829309,0.07793239291549749
neuron_3222_count,0.06690443616749778,0.009892972886236938,0.03958580511937529,0.0021257085844024817,0.051962290075749276,0.0041072390801708825,0.00757732682231628,0.052103668790676835,0.03642622154264158,0.11142461164684211
neuron_3223_count,0.04627960548415913,0.01575768626515034,0.0737947047146911,0.0009505713473813588,0.04871833588511404,0.0032650118603982647,0.021395172027285886,0.07211989379255652,0.04788705669128479,0.09206205509758605
neuron_3224_count,0.039411449310205016,0.008423491931462216,0.0493648017842461,0.005003656792865095,0.06828802804245271,0.009639910041788255,0.008936081311466127,0.06149118492269719,0.04113747193122913,0.11383208565614039
neuron_3225_count,0.0216311059230129,0.011013027477084034,0.04656773470982302,0.0036441525279500876,0.03228187947023209,0.003683706991398021,0.013564355747050907,0.04521176976128885,0.04642081792185894,0.07518178012030154
neuron_3226_count,0.012270022818094528,0.007654166685259381,0.031239009695287756,0.00012116314544370968,0.03578279369459243,0.004129168633342284,0.02242686507127145,0.05848847441007271,0.05107126399457523,0.052940991138178156
neuron_3227_count,0.000320064438377165,0.0068757575192980175,0.03651541041638853,0.003718796489000649,0.03502170330860137,0.002629043734603681,0.01298145483924476,0.03514676472419742,0.04451703309247873,0.03970999306111096
neuron_3228_count,0.026124039032855303,0.01920977955667949,0.032104002780917074,0.005484431246228154,0.03802525507641821,0.004949306232873089,0.01753335020939341,0.04909537645426457,0.03738773871637274,0.06642279276307664
neuron_3229_count,0.007444628319899962,0.012877247900062463,0.033902473747491224,0.006187750508461404,0.030808561968281634,0.006267265972279709,0.02335522563155916,0.05780510589396021,0.04106987333847831,0.05286253023461174
neuron_3230_count,0.006222618621909259,0.0060945176927263214,0.0410850464062428,0.0005340401447602901,0.008317943762076029,0.0004658056543180092,0.0282098859123871,0.055138505122010295,0.027899970157820947,0.022458655272293404
neuron_3231_count,0.005213320796970827,2.937449639945581e-05,0.01082100987481345,0.0011800475432610404,0.010477278634380735,0.0006559761273704535,0.011824462740861373,0.02355723873513097,0.015596399924068888,0.012839668454524257
neuron_3232_count,0.019468244331315193,0.032882535327595094,0.01592452378918846,0.010192042392626957,0.03546146520442449,0.008223118286325867,0.012863199833458377,0.026122585394641726,0.02607225705005982,0.03959981827320519
neuron_3233_count,0.0016241153920545969,0.0013295870750012762,0.028439377221359627,0.00332476932363044,0.018060439467041764,0.002268625045672011,0.017347026482663744,0.06100317769110514,0.03564474622006361,0.040398054904694336
neuron_3234_count,0.0022980712468738916,0.008503102776257238,0.012208497056954051,0.0046215597118029125,0.020490294343358764,0.0011076288303181678,0.028191305966435418,0.01628740657730811,0.016009722565242274,0.028101982900217065
neuron_3235_count,0.024136950268433183,0.04853875000443439,0.005319642733425917,0.032830281911480796,0.0343040842236053,0.015271356452859458,0.020634897596339727,0.04133563546578291,0.021658653795002286,0.047086748540987655
neuron_3236_count,0.0012156196594752984,0.01112115500536208,0.018076175563512056,0.004366871447305819,0.03730637374144531,0.005606521009005619,0.019920723122644077,0.02060276183572534,0.03959512574488748,0.03077894174359025
neuron_3237_count,0.0005105326467004321,0.025285010307932926,0.00963972214671771,0.009437224785867296,0.026175836315182777,0.005868117998313542,0.02369482256742904,0.013545692592313557,0.032844310318333736,0.02353867174398644
neuron_3238_count,0.0018148705516211373,0.038760251423681974,0.006770579888853517,0.014834524991952897,0.010374273830472347,0.0017531763837028494,0.01668075724864744,0.0044999274451371085,0.01086185438677316,0.017247706308244792
neuron_3239_count,0.004413996101302428,0.03386434704022784,0.005286482664563059,0.01105070236170251,0.009039573161864142,0.0008232045824258585,0.025020367775793473,0.0019201199956435065,0.01717913695055863,0.007360984544850485
neuron_3240_count,0.017524798357256927,0.007757723894254623,0.014045172683122276,0.0006131788046261615,0.026709808453780196,0.002069799733594743,0.02356951332048776,0.006462561983301255,0.024859896005792054,0.0266140172940401
neuron_3241_count,0.0010963431160285033,0.03133297029379925,0.004932968876053517,0.011905244210544244,0.00853777883536791,0.0003368806412641801,0.02116838507053065,0.0034021951069864304,0.011342849773500863,0.011139047418695716
neuron_3242_count,0.006828008436161784,0.018325402809267255,0.0041744877090235805,0.01193667431168205,0.009453764031637238,0.00347143467426185,0.007713350210233283,0.003944981803204524,0.016873894165052458,0.013933314323057625
neuron_3243_count,0.000492606830031099,0.06161001729698451,0.0011341014919019517,0.019593591230757657,0.01564698075933886,0.0005836825130252875,0.040261610241093426,0.000655892093593461,0.010529903275244015,0.00890584375254748
neuron_3244_count,0.014174926886065246,0.056428924437208025,0.0038394341277824123,0.03316972019634927,0.037324113230210565,0.00727875437001603,0.04995746498293285,0.021322600073774817,0.01871390122518178,0.0350233275066297
neuron_3245_count,0.0034609888813379452,0.07674959158609582,0.0021241155027347386,0.02495903637452697,0.00509470042443725,0.0021966430496629177,0.011988522382999842,0.0015938443667178719,0.0007518927519507036,0.0038934543142704545
neuron_3246_count,0.001567589120154627,0.004271483478413336,9.871534281786273e-05,0.01519598755358123,0.00930990995604869,0.0005061515994586423,0.03188025517443446,0.00031183053311180375,0.0007702420871693455,0.009208741850598667
neuron_3247_count,0.04016312259075788,0.01154587737212475,0.0036528661025594517,0.0024404551735673213,0.0020050881433613652,0.0010852371601876454,0.018026891999522385,0.000791065821595811,0.0009491315264635552,0.004291693641979042
neuron_3248_count,0.01777928156711417,0.19698251766655153,0.0050518049971437495,0.0405160901252839,0.0035444070818946086,0.0029333019438894867,0.039750986229607266,0.0038658754326534386,0.0009203026776896358,0.008176550502915977
neuron_3249_count,0.0003946142248971605,0.1315210696880668,0.0022469520459809968,0.02127519490928398,0.001225792484706759,0.0003130357011995222,0.07054681053848214,0.0010357869087440907,0.0004854288302032078,0.0029596438243798956
neuron_3250_count,0.016251253072391572,0.12753857361901919,0.0010541400336836456,0.020224938616399873,0.0013890304081627643,0.004282570526474447,0.07773623951136893,0.00136810998789072,0.019899341361195394,0.0035933412036951162
neuron_3251_count,0.007922248199215817,0.036660157999449425,0.00014202996471412987,0.0013963274313789978,0.011334256112152857,0.002686151396991408,0.000457845782060028,0.005334464061147265,0.0013172643531944132,0.018863744471407137
neuron_3252_count,0.028824213851173994,0.014719891896879764,0.0005231979601281211,0.008239797584269154,0.0018546346693092755,0.0006260786600467642,0.0006990955448022869,0.002760381391021964,0.0004320382457508208,0.005784131454651217
neuron_3253_count,0.03905032865989755,0.15722114379375712,0.005874100421909029,0.03166438007845637,0.001649240198196501,0.00022160869653753933,0.09687599375217074,0.008363064728547143,0.021169780301761074,0.013714742225312382
neuron_3254_count,0.03990611588550419,0.10794087901146893,0.0003056961455213565,0.03456761290742141,0.00196015864365319,0.004890479094519423,0.0980884332570966,0.011672530925959337,0.020638911631117265,0.013616452304635387
neuron_3255_count,0.022962884601682144,0.2569479175794872,0.016052287094371093,0.028062858687353753,0.0051502451222867444,0.001997051912656877,0.018413661014995697,0.002986746048264269,0.00525314251174086,0.004548513639416184
neuron_3256_count,0.011228181175115357,0.04148998908796288,0.0002152907609550862,0.03178557095385107,0.008365718696684774,0.007680781190664822,0.10190877401163337,0.012369635899583523,0.024332229913891723,0.014228159387234277
neuron_3257_count,0.0849957555245299,0.10321443094592428,0.011474645225601418,0.057971487895113666,0.004343784933271873,0.009535443662231496,0.08214950700444107,0.05922877766133586,0.022737960258258028,0.05287045761017159
neuron_3258_count,0.024602847438619985,0.004713935723815649,0.005122831820786038,0.0037348723895128805,0.0029248646319076504,0.0016996647493308266,0.06832493578480975,0.030149505796129808,0.03941129832717585,0.033040945968178304
neuron_3259_count,0.081755709159708,0.000529315644958445,0.009979183516142923,0.016406143559868885,0.01654824849590826,0.0031720897386578115,0.06654476145946836,0.07614770804086035,0.033484994640456164,0.07116566075815434
neuron_3260_count,0.187777672597548,0.22958400896699438,0.0504074273087181,0.0482793093782809,0.0024202868394460515,0.0008896027431126545,0.23684850638057103,0.06327204589780779,0.07565720807443421,0.06645130637584563
neuron_3261_count,0.062292584171317306,0.02746644558825702,0.014441072659551121,0.0037799003661387054,0.012602397176656246,0.002401337427999285,0.043198333596006805,0.0794289670826463,0.04002411368114435,0.0781131232588606
neuron_3262_count,0.16339121086716574,0.21330962568141554,0.05278182116189824,0.050936751774983274,0.006653378419302802,0.0005164691456974492,0.17668237258664538,0.06759724569077094,0.04716494707720978,0.06509694082128356
neuron_3263_count,0.017318588760206685,0.16367093360237234,0.007797334339851844,0.015055905955445703,0.0006801332401470545,0.006593457572925794,0.0011546736037806905,0.0060581413446823065,0.03691393904131421,0.018877062068280506
neuron_3264_count,0.00303156856307131,0.30969712348004663,0.0017871650602799757,0.002886897770470666,0.06235784271278766,0.00015255604792421308,0.05720811362006478,0.003317756477860187,0.040961454704983524,0.039848256867253226
neuron_3265_count,0.10647658670603818,0.13662577482576907,0.040563328473711746,0.0007254359370272353,0.08274163040094458,0.0016090274048895827,0.025516881097868427,0.011379102121441095,0.046853565278073134,0.0982455522573485
neuron_3266_count,0.060082652769727685,0.21260325455316514,0.008162150021899225,6.152689709817017e-05,0.056558474807544654,0.0008544810393473091,0.04923803671755157,0.002726457960202249,0.04914464316675547,0.06289693475214216
neuron_3267_count,0.10157850056425985,0.3681734707029098,0.0895309086890809,0.013821677060283505,0.006762468458863351,0.06102284117965702,0.05177748941436941,0.12615157316221698,0.05401133544042437,0.031043327473540314
neuron_3268_count,0.03455510399772495,0.17713757520379592,0.05180067082926046,0.01478752909376553,0.0005916712624962125,0.031078312462607137,0.036653205753279426,0.0740937288154046,0.044556509788295215,0.015316927460271565
neuron_3269_count,0.18789801018627184,0.0398927672558272,0.08376855876303396,0.008219499617280926,0.08297173694546285,0.010012511626550279,0.007556180285471212,0.07026116979703016,0.01874382699177221,0.14109472354405095
neuron_3270_count,0.0017954063762975307,0.19493862113416338,0.03030052060204494,0.010536019103672974,0.007633981861018747,0.026348702775332425,0.027060885824051556,0.0539480159389073,0.05077300888731359,0.0028685592763883667
neuron_3271_count,0.0476698419915563,0.08292520120206459,0.0046514957473652654,0.005279411403102969,0.03688865147128077,0.006188524662580956,0.00590304198624636,0.0005612755802527651,0.025143237819977224,0.029975647759795027
neuron_3272_count,0.01610284412287033,0.10321579133981029,0.0037186150603947116,0.0023206761405157005,0.019417044091423294,0.010756242669046644,0.01333115576205398,0.007222715730062203,0.03330474734278585,0.009331066135008663
neuron_3273_count,0.005357471889628367,0.05146551804324592,0.0003716435421786037,0.002478008626240192,0.018514092743247473,0.010239341477411248,0.006206118205426124,0.013407908220055553,0.011855249062461673,0.0014851289496223205
neuron_3274_count,0.010936547814936491,0.04868852096593135,0.0009579014742530575,0.006013976213473826,0.012503687582192911,0.010214479248579676,0.005146726963079808,0.009345296413883993,0.021922200886319403,0.0030356940747603804
neuron_3275_count,0.003778239912064541,0.06477700579489104,0.008896341654582765,0.0047750773821551296,0.0071052425205888545,0.018416002802811145,0.01464139145735311,0.04232679040423118,0.03250466653725749,0.000469919945369289
neuron_3276_count,0.01957428055450945,0.038996470871494035,0.0018023350811995614,0.0014859411248526258,0.019021677982257287,0.0069928539837811506,0.006427502998406241,0.006854741734412504,0.014162007249052415,0.01002072564051193
neuron_3277_count,0.16156401372668514,0.0119370820886276,0.0763697945486646,0.004103569184659525,0.04551214541805196,0.00132303992727386,0.008928378643022754,0.10506877145766985,0.013928628060902837,0.12899890126227664
neuron_3278_count,0.09273694394613202,0.02265936760368359,0.0425472565422681,0.008306902895533333,0.02825045361803756,0.0020838521764019007,0.0029048317296719306,0.014566251282804282,0.004595278528874716,0.05274757806515161
neuron_3279_count,0.048385297831546215,0.011596382284169399,0.019964546338614192,0.007211123697489816,0.06439391663536237,0.0017580989260546388,0.004577476618088182,0.019812871537687043,0.006854955975215085,0.08059681476653242
neuron_3280_count,0.0760637161521942,0.0039055179846059895,0.04009666313963922,0.006103730885408061,0.02114588798733373,0.001305892873014751,0.004058541513274314,0.03510146033810048,0.001403879688742126,0.0609499205530389
neuron_3281_count,0.011385554567523382,0.025793306998880328,0.00981941899257445,0.00036559998072329195,0.037994910505188356,0.0013510729950520113,0.0005260290025945399,0.0019365335398733412,0.0031816550126269015,0.03762590841146128
neuron_3282_count,0.05048851925991421,0.002875813725041823,0.0010513624662459656,0.007175346581296663,0.0005951657722683811,0.0029325705261384477,0.0009182222779817433,0.001742441320347371,0.012471514403597159,0.0040791189742680894
neuron_3283_count,0.07002777106868227,0.009839790790204993,0.05474792531596481,0.007325242710947623,0.09604309992448853,0.007650271872185782,0.0050535474360150975,0.05596981272117696,0.05308957003790413,0.15554928957855652
neuron_3284_count,0.050896061524144304,0.009608843228564756,0.043271638566753534,0.003891808365964665,0.052558630319526164,0.0062128406977715045,0.002966220268212529,0.04540566560557663,0.04360215379979518,0.09622310306789045
neuron_3285_count,0.10674785792384481,0.009333021687682366,0.06304710185867146,6.878291554833905e-05,0.03518993542424284,0.0034276836449431136,0.0038238220727859415,0.06124924793216435,0.024593019826198256,0.10621708651473907
neuron_3286_count,0.039523269586558524,0.015899372158030285,0.05594870015334996,0.0008351345888567181,0.05366570096911144,0.005131957379994834,0.007965561359897575,0.04376056826818245,0.04457895629872895,0.09633891397467212
neuron_3287_count,0.01668467055970614,0.004227449273097986,0.017352353100629977,0.0004447992769711544,0.034413355739480636,0.002765472583360268,0.008806802771712498,0.023514538096838566,0.027746645584531188,0.05352463832222602
neuron_3288_count,0.012000136012175894,0.0035724707257083765,0.06022706662082314,0.004640005979854667,0.043001626959320124,0.003899820272748423,0.0170833637280509,0.033202232687568806,0.040299507286531505,0.06661249634283187
neuron_3289_count,0.02264276073500722,0.00530649251486982,0.0281384279589474,0.0028754553419232318,0.061412543606678194,0.008288156857366821,0.005038258646452701,0.04872646775184153,0.04138653572091042,0.09657300690014392
neuron_3290_count,0.07515611233535108,0.0187953304928776,0.06649503953037866,0.004084538867326078,0.08391102412450319,0.008406711667392555,0.01254160550650716,0.05811372266691557,0.05047559923261763,0.1360167001406656
neuron_3291_count,0.0268049435574272,0.014705196115757171,0.03915006782986692,0.009882974641152065,0.0530029730339216,0.0088060593147826,0.006318340452518164,0.04969602802657,0.04571976480457557,0.08704954506466624
neuron_3292_count,0.01595397059418343,0.0039998408244610525,0.017567312901601878,0.003693921474025176,0.05261128820458847,0.005690851157806168,0.012213785022806295,0.02216494261419496,0.04070682150462164,0.06226471277721893
neuron_3293_count,0.009373554831692395,0.006026022921953332,0.005767181168812127,0.01810717727158731,0.08386338310746558,0.01416770847093693,0.007324356057633836,0.026972143366901832,0.04006919218809896,0.08774469194964174
neuron_3294_count,0.027423407463599947,0.02259405132948089,0.02528513479430794,0.01619409338838658,0.06361570718628032,0.011229663502064197,0.007880734114107724,0.03886081375034753,0.05556944762985372,0.07606302628129519
neuron_3295_count,0.03187506371631821,0.05047984742611672,0.018668090533975848,0.016261113941929917,0.02923997873792382,0.007878200451630624,0.010318050239012125,0.02538943259286648,0.021606829796236918,0.03935128773086158
neuron_3296_count,0.010461587401118397,0.000735602792843632,0.012455608223344225,0.005315204866859791,0.012610274363944893,0.00071463247063085,0.04077705436247647,0.026284501337327036,0.01564634686561564,0.023921142146826745
neuron_3297_count,0.021878169427065025,0.05427671804981549,0.00793313073190352,0.03610063813413328,0.03956255325744246,0.013591969600561707,0.022185198534088763,0.035172834790214616,0.028097866525609194,0.043568427946058086
neuron_3298_count,0.01970203087106455,0.03106817338939663,0.0214164952489172,0.015181753967404801,0.05167478222731185,0.007767798164360476,0.005876918215676485,0.01980036265250397,0.03638008146219897,0.04914932470849881
neuron_3299_count,0.00025693518832953406,0.02687173538339406,0.0168071870464169,0.016065465514362415,0.036333487889539426,0.008626547250100258,0.009797355072932376,0.014830507342759008,0.03773178497140951,0.03626000656027953
neuron_3300_count,0.0001725204927187163,0.03545743826123238,0.01732181676130598,0.008425267893062666,0.007652368362382075,0.0007433693409208859,0.02273396859662337,0.01914690525369292,0.027102887842340273,0.018002635727257785
neuron_3301_count,4.936628383727954e-05,0.0220698933383682,0.011497629907168752,0.00974417909158723,0.0296592072527513,0.0046713644439270105,0.03084178454194768,0.014936790122931975,0.026197666157847133,0.02874117009103308
neuron_3302_count,0.011194808641336616,0.044773350023241995,0.0081237624575516,0.04295101061978088,0.048370861697907885,0.014949290323204509,0.01327034344337688,0.030946955950900634,0.03397035251986549,0.056392106335725084
neuron_3303_count,0.032621704250019784,0.07482199790046318,0.01653868497281595,0.03385358798779728,0.025526282694690455,0.007693339682878761,0.03341619538314555,0.03753211298056028,0.012904303265610623,0.048689336931493465
neuron_3304_count,0.026287560229861923,0.04253780994536552,0.0030598918418848,0.030680827836173485,0.03296690169071553,0.006825074907719525,0.011774103946091463,0.013860106927750457,0.018230840516321054,0.03410438778831623
neuron_3305_count,0.010537159011486608,0.05319056474410952,0.005029201468065327,0.027478712936091415,0.021487259598381853,0.005480758793327184,0.018891160447675595,0.013118497175410415,0.009514633555343398,0.02885365827033025
neuron_3306_count,0.03199206681095465,0.08644487602805953,0.006772894205236996,0.03883817555964583,0.030197307080587252,0.005160905248480459,0.0442576494741061,0.025418653946681607,0.010749455263242197,0.037287572991872076
neuron_3307_count,0.03792829303831145,0.15329349680390464,0.003064658339068292,0.045948349223603344,0.01329395759149228,0.006490760054218031,0.09235320233317035,0.01438054091925181,0.0013062553163335315,0.03560391586179795
neuron_3308_count,0.006741766670159258,0.12878967981734504,0.013047441954801259,0.024905866827441683,0.0007733318160582509,0.0006640897632782389,0.03664247419464434,0.004265950593447754,0.0006523008934447658,0.005763725025598958
neuron_3309_count,0.018119122644159033,0.07741809208810385,0.0009945067048476239,0.04777210515584948,0.029380403381819895,0.011906004485780775,0.02562857038983514,0.0154547121114538,0.006588160595252579,0.029301756983702854
neuron_3310_count,0.01988909377149277,0.13042576066177392,0.002695569701681881,0.03855806900445374,0.007651536881904328,0.0026800488726833813,0.05760660551545582,0.013673011578288125,0.0002955576815622061,0.013696187921673653
neuron_3311_count,0.014476904573812878,0.013346179578372405,0.0009147669936789039,0.019351332755760578,0.015586266525756523,0.0031469124049269895,0.00944683523702286,0.0014319129584315256,0.013366025239731336,0.00754279404381232
neuron_3312_count,0.004499691991773851,0.02980263811507282,7.004148138938394e-05,0.019661580543450283,0.0202299826368795,0.005683458097455012,0.046118857724131795,0.0075578379565094805,0.004625264097138468,0.02050818156545134
neuron_3313_count,0.0009280306123223374,0.02472666483135323,0.0010589645468758076,0.016931682738940093,0.00427757900468758,0.002323387914135864,0.02550695939196894,0.0035781329554532976,0.0007250483207843599,0.007428526011004126
neuron_3314_count,0.01624954155855375,0.018670567838786248,0.0008736456428201055,0.009590576806986023,0.004683756909477199,0.00210381346413337,0.0071705470754048345,0.0018851936360468995,0.0014655063183238136,0.010491192653312512
neuron_3315_count,0.018600102495460034,0.05818618649071908,0.001232512230831628,0.0025871740902224435,0.0033536448272822855,5.994028234910251e-05,0.014174658494750556,0.007934536509110739,0.0013993913160202775,0.0036408236063221093
neuron_3316_count,0.0015887567637782544,0.05792821595787098,0.00798784864567912,0.017987554658946955,0.006334932533991304,0.0006144512859642716,0.027769068700927588,0.011891892595977754,0.0002414565735880691,0.0019884199982444905
neuron_3317_count,0.025475428471866693,0.00966398122453984,0.0012430366754834828,0.005751497579397635,0.0023908563346001187,0.0033257459615972755,0.004715454655887838,0.008484901173823119,0.0025391683176943375,0.00663116328069184
neuron_3318_count,0.002517690241149513,0.1016622463573855,0.006444109907848571,0.0037337975160901295,0.01030672358483875,5.128721691155741e-05,0.007000115547333319,0.0019359592215430375,0.001176596735131541,0.0012559902122907165
neuron_3319_count,0.018074131683637085,0.23270625268460304,0.010217776328946528,0.020377672840963326,0.01797733811035148,0.004169441764878034,0.010382176536866294,0.007145714104965489,0.0005814689148886144,0.008173438845255239
neuron_3320_count,0.009729538549470229,0.0009140371174147822,0.0007388095658355416,0.02229010798492799,0.005158888886126936,0.00215327986264896,0.041539712726352596,0.011750935638834545,0.018377723245251762,0.018782336140880637
neuron_3321_count,0.006184007524638692,0.025898323295587958,0.008939601978534079,0.06671071840432197,0.004296682431046625,0.021639317732946223,0.006517613582729495,0.024149775832917345,0.00039068982256367825,0.006339369163793178
neuron_3322_count,0.055482940750479104,0.016659838383379214,0.014091997853403766,0.025510932323751373,0.010917422251255963,0.0051424518635252645,0.07289134476114878,0.06422374271635561,0.02328332656242929,0.06318713600947369
neuron_3323_count,0.013687084758415756,0.286801843830782,0.025055601608941165,0.023206443179036605,0.005707822206464059,0.00402571786544805,0.010981309370619828,0.0024565751730763995,0.00803715084632279,0.004625115548712592
neuron_3324_count,0.08869848113194734,0.03470131006947136,0.008218709136592797,0.0518236410058206,0.009973678605459321,0.006571138956524815,0.08905853171499972,0.06615765357879952,0.0354650014231748,0.05030355333446776
neuron_3325_count,0.0077625917682248025,0.37608404783587723,0.027758672897685494,0.009063585253847636,0.029661682943510348,0.003090225099236137,0.0026480881463876414,0.019297789533784138,0.004049859395611144,0.030400208593568942
neuron_3326_count,0.0802261443231857,0.014530408819548854,0.027055457969106772,0.017898040769505477,0.01312388196313781,0.0033229742173119282,0.11416094481459735,0.10557791636673722,0.03759640188282594,0.09375080654890583
neuron_3327_count,0.008112305474450202,0.13236924371203818,0.009697421832792211,0.004361762592187013,0.009020899230086785,0.0022429711326789666,0.008275392120938856,0.032640749823702325,0.03604388042208588,0.0443978020657452
neuron_3328_count,0.023045622823977013,0.22774106050198678,0.0007796509323836534,0.002544411701470236,0.027496933907980275,0.005162642990458696,0.05174716213570876,0.0031346552332623956,0.0655135395404106,0.027664076499034393
neuron_3329_count,0.14522825128686756,0.08089271355157884,0.03002163339930719,0.0008606555191156013,0.05188696119925246,0.0002130967058464096,0.03541656735170229,0.036671887614911344,0.04525069789305698,0.0767220709778942
neuron_3330_count,0.04932546569740758,0.3175162106391911,0.0853250760784438,0.02993974093485503,0.017670589707277362,0.07311428275838622,0.05353084325485685,0.14047133516795177,0.05782769625885166,0.06989100977037715
neuron_3331_count,0.04782913751600057,0.17420973607192497,0.004259093186100148,0.001546625266472165,0.04834952114019436,0.0007296412285734619,0.059899990156521754,0.00013443858139519464,0.04941543272056738,0.0392004389717851
neuron_3332_count,0.02582684509699243,0.1249754948684986,0.0003162184922209602,0.0013189557588079558,0.01837373343099695,0.0058258166008618995,0.020739083224303664,0.004297847801733069,0.0482893134820445,0.017630364081101357
neuron_3333_count,0.0004898906873799756,0.13293620974784703,0.022337770423067976,0.0007131063980306933,0.011924064778078933,0.00779135683128937,0.026736742173039285,0.04476218173004523,0.04919601768997499,0.0020654768892431202
neuron_3334_count,0.028775986847990744,0.203901909062296,0.07253811260470802,0.013547756727933138,0.0022896774825475474,0.03184919617676921,0.04288402367895307,0.08841393788963217,0.05513221890801092,0.027269766230668215
neuron_3335_count,0.04886447262573121,0.05830147494533028,0.018189214587529243,0.00816318923018864,0.03618458452465845,0.005863279458680239,0.0024672977884508795,0.003719495462678031,0.009841316193766644,0.04351479600090903
neuron_3336_count,0.01907330851114379,0.060818850353082377,0.000736813389722992,0.0007634996441477932,0.017773382313974004,0.003978220365075481,0.016512604527183894,0.0035466310777428275,0.024752089443079675,0.005758311883235501
neuron_3337_count,0.09137873010515193,0.015270596891867091,0.014412267945839594,0.007306990784738586,0.026178204653734903,0.010038980280948798,0.0026287874408273196,0.0053200106243475945,0.006548305184513888,0.03590143381649124
neuron_3338_count,0.0011077132132130251,0.08327323625917771,0.021048614299296955,0.011962886281932657,0.0008550511429111854,0.01876732694394246,0.020576831881274578,0.04831288497068412,0.033897262503095535,0.006228410918582023
neuron_3339_count,0.0713936660227879,0.009914568444031234,0.013547129092213034,0.000747173262716823,0.04754783645718832,0.00033297879913321907,0.0006507300019590861,0.0063733606072728585,0.0036504233594305303,0.050103976709320514
neuron_3340_count,0.0914966661545979,0.005542177384858689,0.07565993727717804,0.0012857102751036402,0.057113027672206135,0.002940043587489158,0.0032004607375626694,0.046587022820564414,0.004377188812455253,0.0939195924965414
neuron_3341_count,0.11207939079181811,0.009914754459689736,0.029715150685946295,0.00046526152061280874,0.05148971679507573,0.0009485327145717717,0.0023678104781243055,0.029567053715738326,0.0008958880582294118,0.07630288341472777
neuron_3342_count,0.020731097110166616,0.027293823093665376,0.0013107264527429906,0.00019017833762482962,0.018322462832903362,0.00018052318652712548,0.005470002643013151,0.003228970719155547,0.008228503604354155,0.020838521055222034
neuron_3343_count,0.16227195931370064,0.03336727378216339,0.06219009064009701,0.0029737577392147767,0.0200601345392378,0.0003620764456366615,0.01042623808817231,0.08299944322525743,0.008492692331569705,0.09463109525703635
neuron_3344_count,0.06998334343967175,0.008291053947991126,0.03727001361782528,0.00317557440246153,0.06327591406873506,0.004497028916120763,0.0018690022177484458,0.0272026896780502,0.012399662668415162,0.10073715244831916
neuron_3345_count,0.0756785143258481,0.02390547291978605,0.0755826896066443,0.0015793408640619863,0.044480743259094804,0.005770276499587848,0.0030233384130572,0.06373731180309783,0.02330480947289315,0.0820686537498395
neuron_3346_count,0.07906762405170198,0.016136145702747462,0.06668270438353999,0.0016065846982425335,0.034399835620899766,0.00369256100247246,0.0008750097025457364,0.05540804650075756,0.018915006476126706,0.0832940666804981
neuron_3347_count,0.09759868397579344,0.013215252050822399,0.05999269108001187,0.0017863793260843724,0.06081790704820825,0.005862687838272644,0.008327531437854176,0.07222634953823784,0.0299480780650936,0.13311713137152367
neuron_3348_count,0.0964760316767923,0.008136300841456875,0.050332206944244756,0.005005312007911301,0.08671227065893,0.009076959215376365,0.002980593301535134,0.04583421825501635,0.034035820652819154,0.1403962004270757
neuron_3349_count,0.06421122527830656,0.004801820815248679,0.03753069620823252,0.004581058527332475,0.04364675936359172,0.005043126490089804,0.0036091313284489397,0.055318677753450715,0.024469627613942502,0.09213878426203466
neuron_3350_count,0.08025415344262818,0.004410671582798814,0.045845565067616695,0.009095403322173484,0.07977196021852984,0.00800737216321229,0.002397541891793302,0.0590775185635318,0.03805540757473702,0.12800245502873028
neuron_3351_count,0.052737727671523016,0.01589161656753639,0.06684187541982675,0.0016548972327485416,0.07561054407681787,0.006010332782443832,0.009819212373065683,0.047957800868327544,0.0524315911510716,0.12657375084756697
neuron_3352_count,0.03820965661717801,0.0195257000826332,0.016651301329830073,0.010191628777024814,0.04445852055270412,0.00798852805099818,0.0034175492897350127,0.023939732982499143,0.029401797234665947,0.06707005527743395
neuron_3353_count,0.05806336421703778,0.002705314855804511,0.027674069177653374,0.016414920053369947,0.10115849000244692,0.010850256928085056,0.0016334048595621833,0.027636512152063863,0.045519707653600694,0.11595688884543406
neuron_3354_count,0.03311273835693933,0.008955717863484446,0.015970080882229537,0.013799828498361269,0.08648613318497247,0.011868323030803707,0.009964587062009509,0.015295461320250225,0.03356723294898259,0.08723794773573221
neuron_3355_count,0.005758620481200211,0.008857911099796285,0.013336909641579506,0.0004222087302695743,0.017037321214079665,0.0015132328593701755,0.012473928529842963,0.030265129570904686,0.022142988573574662,0.028111588153198017
neuron_3356_count,0.002420363233001231,0.012051551029044219,0.022387243708722665,0.0019398579110354724,0.02570460444813294,0.007092235995738272,0.01229480806336078,0.020677178369485613,0.04005183174975391,0.033994483179422275
neuron_3357_count,0.029449649323654917,0.04292290851643972,0.03559445468516417,0.004937304275030953,0.04006287416604465,0.006572993187860469,0.015210234960230884,0.027969781398609256,0.03297908821561131,0.061523044483134226
neuron_3358_count,0.009922104267554577,0.010256555818315152,0.02061032705278218,0.011205971152102381,0.04719272752459759,0.007125401337728522,0.02416624802381845,0.0447498663381789,0.03603568119249738,0.05757218982883866
neuron_3359_count,0.014375948818789716,0.04961352177215271,0.03349861585128794,0.005732943898510839,0.018952852258249955,0.003185664292080878,0.017663259523051894,0.030613081523110902,0.03145230511253709,0.031816471166621466
neuron_3360_count,0.033039072033843125,0.030328724491909764,0.02846523870425252,0.019557121588709814,0.05091369962503649,0.014519869810920169,0.007181038994236437,0.03477675758215226,0.026571345683736897,0.07734498244486962
neuron_3361_count,0.001615929134387649,0.012049439052434316,0.02068193534442221,0.009016365320842212,0.04071626780498479,0.006132697641424538,0.015494849469023561,0.019125035831964274,0.031816515085005215,0.038742977833807674
neuron_3362_count,0.006358405526333238,0.03459721279072418,0.010699810696198492,0.020003283253741927,0.021307703073654177,0.008826929109072616,0.0260602243351557,0.03949489751257229,0.022523884983071535,0.028333058334072014
neuron_3363_count,0.008684543801732017,0.0006737369711342636,0.007543824165810058,0.017933966766144338,0.0676036231802173,0.012388405054057014,0.008734585679066605,0.019710101309715317,0.045765915374844576,0.07650840176827658
neuron_3364_count,0.003033710678605986,0.00010106061864434716,0.0018734339728726408,0.013195882817666794,0.039226817235821596,0.007272402025117343,0.003992075051913686,0.006514420987868631,0.022933721678297547,0.023178037362176877
neuron_3365_count,0.017706353534427968,0.04481411599256685,0.0012210642656737339,0.02589571922194496,0.023723481182045897,0.005446683387124895,0.013921812986955731,0.011010611572927584,0.02135675393564601,0.02591180652856108
neuron_3366_count,0.004873236390104091,0.034855285367922845,0.007358010067432891,0.01721752869608832,0.01743297838810627,0.0032779985155417385,0.012070869705533657,0.009264289913153409,0.02266291723862386,0.01925790173100965
neuron_3367_count,0.013258848249958141,0.07461832522152229,0.004375871359342261,0.034552671526091844,0.026534220786236476,0.007441214048820949,0.028129573329526536,0.012360701881337866,0.014459271535139817,0.031454614616154355
neuron_3368_count,0.018564291740623698,0.026194479144989152,0.004052723960048493,0.02971084508874791,0.035241827418928146,0.009178721344743138,0.007979771904810182,0.012611225505128595,0.02000840619090409,0.04367801181038214
neuron_3369_count,0.0028594421951364177,0.049071334009159195,0.005022456627842516,0.01332465091801703,0.012575682031634103,0.0025669612120819627,0.053023101178337695,0.006208485486340065,0.0060460592365807475,0.021599899013719462
neuron_3370_count,0.006480996669001218,0.050947731262286716,0.009045256207274838,0.0148741204237985,0.012359555368187863,0.0011425193210238375,0.02191830204292254,0.004906826440605562,0.010937242339094558,0.022560671557085868
neuron_3371_count,0.0062373871438453354,0.06774209731937642,0.005360068645896915,0.01655070984833655,0.013207898035761334,0.0006770347816474377,0.034851067723743495,0.005827834577265184,0.012008378464561667,0.013064378634572438
neuron_3372_count,0.003525167425231822,0.03173152285102421,0.0015448571220852622,0.014482405055229283,0.033604038314114446,0.007480167573394134,0.04916885990891384,0.008397039579054105,0.015735988716289076,0.02525349800160563
neuron_3373_count,0.00485381549750228,0.11270566262556672,0.003966457669942386,0.0275653271369391,0.007467840959162718,0.002491043405551171,0.041996390363985864,0.0020008191464271734,0.0009871452953301198,0.007396674316028126
neuron_3374_count,0.00297223193287785,0.03054107663081282,0.0007668794065890244,0.014685790932836645,0.007450026958329664,0.0012447878995047457,0.027397143385567674,0.0008398714010195603,0.004963387195702544,0.0086805680894683
neuron_3375_count,0.03388498017554892,0.12417224882958613,0.0001386712646658829,0.04302787236149608,0.008919632720677986,0.004513410703810956,0.03900430297307722,0.005050888378890547,0.000987176839052955,0.013627167297200482
neuron_3376_count,0.0077981662621859765,0.10762106779888633,0.0003583529897766731,0.036343221848026575,0.007625193282198933,0.002248816402192891,0.04184823941689014,0.002989155685594498,0.001831346195749095,0.010719764134206666
neuron_3377_count,0.001418696464871843,0.027087952073428276,0.00029595136921085256,0.02051953490145264,0.0070281486161492615,0.004540397321590395,0.030351543479663498,0.0016291430762794892,0.0006249813744466162,0.011932077446607056
neuron_3378_count,0.01897030724162707,0.04087298456726329,0.0005410062352280867,0.016954295985363785,0.002890964573874902,0.001774936676213099,0.05591767301648698,0.00522926411349179,0.015016054210613583,0.008722197227167008
neuron_3379_count,0.025208873235369855,0.041405242124591984,0.0021127558461911614,0.01816016958244064,0.003088081752660142,0.0024781128402730362,0.014978333306397904,0.0010802387254062115,0.006233110490734758,0.00602804697949786
neuron_3380_count,0.013827905479987884,0.05414786664987943,0.00022284230600569215,0.02228968519207948,0.007072464058580974,0.0033477393620621465,0.0380411882229211,0.0054362167798846575,0.004286206228182321,0.012376031254682972
neuron_3381_count,0.008320434726819155,0.10777588926280103,0.0008643795518567324,0.015535798406675391,0.0023894036960172664,0.00138023393141779,0.06932662326352543,0.002715661156417975,0.015481808859239402,0.005489986951036752
neuron_3382_count,0.020942344029700535,0.02079275790953783,0.0012283918900848033,0.029105298932575435,0.011860704719911491,0.011603172616472882,0.015319112636655058,0.024005175296939865,0.0017639971546042355,0.011929984798252802
neuron_3383_count,0.0686388777110016,0.12738230453965796,0.0014059913832876088,0.05911038473403937,0.019289808029848712,0.015931239019433913,0.06743034547088353,0.04109776876712826,0.0032001315578571096,0.01880260700132147
neuron_3384_count,0.06641972904651769,0.062055989434197656,0.0020622938750796474,0.07065183572617448,0.01658555597409188,0.015114682227259646,0.026433714441415013,0.06133872494147086,0.001016635107532228,0.03926260892019337
neuron_3385_count,0.015689150315986458,0.06579879418256054,0.0009397903742658503,0.0038096069675795305,0.0009785864979627475,0.0008961503853756776,0.0034973176202066775,0.011731049971801112,0.019477677688180706,0.01999239563284548
neuron_3386_count,0.0025372788239057947,0.11146903945482026,0.0045171585500888844,0.015421680060461615,0.001696017401074685,0.00020107094214449894,0.001867644021638356,0.00040514217961798145,0.0016848580016710496,0.0019450242293550593
neuron_3387_count,0.05629056249815303,0.41076981813948155,0.02680389094783696,0.04157747292219508,0.013509945811053102,8.821112640890628e-05,0.030985835111370624,0.0024234443627024326,0.0001931388973644508,0.00522510002512901
neuron_3388_count,0.06250233047756837,0.07893348011713741,0.010393507198422053,0.06044917599900812,0.03255593059083381,0.013148986903693621,0.06617385699712691,0.060379034449417474,0.008283410051154953,0.03410632206735305
neuron_3389_count,0.02153989385364262,0.07655630082983073,0.001263465547323834,0.002008260635012492,0.02117752043132201,0.00403773462072534,0.025784242446414862,0.05528285967285698,0.019823235358246705,0.05538934228427525
neuron_3390_count,0.09665188984588635,0.10176159254976522,0.03667719442740081,0.023312277751783225,0.006667403966750758,0.0040338191329295225,0.12935242948960968,0.07735678635981225,0.037879167758241294,0.07356589666497172
neuron_3391_count,0.02574197797652894,0.05429421835381448,0.002679906640845754,0.0002033133909995974,0.0045386969698274215,0.002862962559110553,0.039282447666666304,0.037069476135137835,0.048412876823854395,0.0412265619313676
neuron_3392_count,0.11220953500384862,0.07869304304650117,0.04556914812373265,0.02567149557488599,0.07298687810303862,0.010658771916862472,0.03782272551035542,0.056666742350442695,0.03691051269967519,0.08449562609316304
neuron_3393_count,0.07464469775224172,0.04594867321356885,0.009207509537644924,0.005625672831480542,0.044288962493130295,0.002014958499374591,0.03960143786609307,0.011493465074201514,0.026145588466425645,0.045666533933823875
neuron_3394_count,0.009534264723600076,0.2908058252588337,0.047774446010688226,0.0064723528300494534,0.007332911411338898,0.02787982235730954,0.05826812079015775,0.05819057965962142,0.05941231657764047,0.006633652635691803
neuron_3395_count,0.011598071844642385,0.19220963917501016,0.036098931581125086,0.01803599605407273,0.0034820157436677504,0.036406481198006393,0.038319699886395345,0.0696374092032515,0.04456948150746107,0.01944100118470123
neuron_3396_count,0.18328242582030893,0.25899354254036133,0.13261309072915492,0.012100661362739136,0.017719541008926747,0.039853929473419515,0.05402445775860487,0.17017017105622154,0.03785051505893502,0.08540517621684898
neuron_3397_count,0.06202578110920036,0.2353573039859292,0.09621067438509309,0.0137977527532996,0.000489909134272137,0.04395735349229829,0.04769153427877437,0.13488162478227722,0.04456671129563203,0.04637597924463377
neuron_3398_count,0.010077397161008791,0.11338621697963702,0.005221440691135101,0.0019707587812299657,0.018188481270022358,0.007852431351326447,0.019959039446466154,0.014877733055463624,0.03398046042321784,0.005353230120137165
neuron_3399_count,0.2068171485011736,0.13163780116726959,0.11705489262661725,0.03598299606366784,0.019438677762943793,0.0659705170683842,0.03192591923195679,0.2286057924170844,0.029145817506923705,0.1335206880373698
neuron_3400_count,0.14838408367699701,0.13379162136359576,0.10814321526136236,0.01769399671858666,0.00810271333152985,0.04234344148263591,0.0208182728274192,0.14056451016307758,0.033610660367398876,0.07764767966020576
neuron_3401_count,0.0003211371790490915,0.11615441925431419,0.017351453055282316,0.00799056030364724,0.006526899880937534,0.020214224860237676,0.021320670639585745,0.04545662280974114,0.03780664347113619,0.001982594103028687
neuron_3402_count,0.013386438097435317,0.1082436886399748,0.031038447901388502,0.01352168927876278,0.00034408769047408055,0.029598800288184478,0.02795449165170924,0.06448613610569512,0.03323666579399319,0.012250623061583147
neuron_3403_count,0.0030866867542352246,0.08048790327685235,0.01575301504121923,0.004907881263564808,0.003328035118270867,0.013917666529910385,0.01800355712008634,0.035850190203451406,0.0241576564256851,0.0010695690860739247
neuron_3404_count,0.030801835881181044,0.017361395121272293,0.008433185346542745,0.0022682440127266895,0.019455848144448458,0.0031630610947148098,0.002183946284447633,0.0010275960020979654,0.012424756537626043,0.017580546558381004
neuron_3405_count,0.06715988828725494,0.012794774186122012,0.06286634723753337,0.0014558356685377381,0.06759970964222667,0.0021308137132478797,0.0023975664834732504,0.04368983535919908,0.020086033772248074,0.11828706630790424
neuron_3406_count,0.035907316757440216,0.0161887825510192,0.02043558654772544,0.007390216143109005,0.01619070738941268,0.0014707731154655467,0.0027724936784591266,0.0033881280662452565,0.0037954714836104,0.026024326936811337
neuron_3407_count,0.01547053038236873,0.025620083085106313,0.0010683086015254584,0.001998599821457229,0.0075573565020167,0.005575350620872187,0.002962467438644114,0.003265176446912198,0.008819484958582001,0.011667853820320949
neuron_3408_count,0.06877158663682878,0.0036349064107034108,0.02543732644276156,0.005233816923891937,0.06372197798838032,0.003519340948641165,0.0025071991007657272,0.01857273474143155,0.003487309923342001,0.07636909620703264
neuron_3409_count,0.08336029459502925,0.0011977688079515573,0.018231454817867157,0.00926267313214546,0.08251032558855026,0.00396118838976877,0.0023131898287055454,0.014634315199687747,0.013066497116826947,0.090755683768174
neuron_3410_count,0.08021100958127586,0.010881437978442071,0.02647038064889716,0.002980999856457764,0.03797393882925265,0.0058673890120197955,0.001457792246722281,0.030071971571859007,0.010383982608427468,0.06735464750734084
neuron_3411_count,0.11770681756570653,0.01655961274110483,0.040291589481230586,0.0030708006065783694,0.04865614615984544,0.006250491066368269,0.000937431753451255,0.048862864079137244,0.007996376666335889,0.09040190540288592
neuron_3412_count,0.027270789847400514,0.000383296698035971,0.03881609882634739,0.0021149510517267447,0.011824221955394593,0.0004199695257974638,0.0007041890975926135,0.014031296534703627,0.0014634805372289368,0.02880607463268591
neuron_3413_count,0.1258347467965565,0.021048901835109324,0.08926890437480695,0.002263869286687467,0.08077089953055969,0.005029957744951269,0.004757591739363961,0.07681219779701164,0.03684848262253029,0.15613921822753826
neuron_3414_count,0.07496354783638362,0.011211722397445577,0.06347528863230484,0.0017783857479762855,0.06991408942745647,0.005047832254818065,0.010740321787084652,0.0628490956554272,0.03595536649328407,0.12352449933702594
neuron_3415_count,0.029879543590008495,0.013958851779259318,0.05704844311569268,0.0031458245732123476,0.03720688432466791,0.003114352695641559,0.008004701348110661,0.04181652277110705,0.04288782131399274,0.06231032942447946
neuron_3416_count,0.05780420640905068,0.012131139592410481,0.07334417358892514,0.003336968607789044,0.10188202179308573,0.008171522762551939,0.007380271167849714,0.050185833960747994,0.06279172340014139,0.12581737605277055
neuron_3417_count,0.06428729729474122,0.021604202926239116,0.03239247843142906,0.012707056294594163,0.08000880187169947,0.007933766086156369,0.002483514879570395,0.029101899855752858,0.0371808574673817,0.0973396930837347
neuron_3418_count,0.070173169837044,0.015693930645113444,0.026649923793744312,0.025064787738706906,0.11122352809903646,0.014857614554939308,0.0021347342399659457,0.026606563080866105,0.03920244718340185,0.10400110234035287
neuron_3419_count,0.0156422025217789,0.005859157414620838,0.03442787065852254,0.0018826611533780575,0.05145434178298963,0.003620468443423619,0.012079261439752118,0.026448578728829622,0.03587921634944534,0.07412963369104318
neuron_3420_count,0.027565565171427477,0.0029642599753222972,0.05394560048229252,0.005121633789176055,0.0342533558331843,0.004888935688664399,0.02192368554151237,0.10900572263764328,0.06013859832869384,0.05571922187367716
neuron_3421_count,0.004667516890788821,0.007851677871778373,0.02702374767415011,0.0038157047959000018,0.04131422697173108,0.0054273693413102175,0.0097159245014964,0.0230310662308246,0.03279197693709571,0.04960700878142102
neuron_3422_count,0.03768729645582808,0.02355881070822423,0.0349048415247285,0.008503886185564677,0.0765599032671341,0.008155780496915344,0.01943703353166179,0.03145285883219781,0.04571886593773364,0.09839947164718282
neuron_3423_count,0.008502489832688028,0.010840018794162659,0.014614450687491079,0.01633531525758075,0.04121442161458115,0.006976209531622576,0.034729957288280516,0.0501706061445585,0.05122517819166611,0.058824184283403
neuron_3424_count,0.06852345858356299,0.02934050014527284,0.014506451575759277,0.04966312683655452,0.11753131786338394,0.027996372979729428,0.0017704591480615164,0.034575109876914825,0.05229153452415322,0.12207420655116893
neuron_3425_count,0.012367887121061849,0.03758670951233803,0.019143050784155,0.019940098377214027,0.055922108168533075,0.011995740421475345,0.013585538345957715,0.015618956827043451,0.02603836866279459,0.051148848506620284
neuron_3426_count,0.003291941054302562,0.01897299266834654,0.010269186541925462,0.019009889866653834,0.05552962417295507,0.009098810980437314,0.01460571631551466,0.014854921714682529,0.04046187751556668,0.045668461573446645
neuron_3427_count,0.003251968183222681,0.009899985951006642,0.028315400133686622,0.016772701486143432,0.054466839749543694,0.008644354686540748,0.0040089820543387986,0.018203781440709096,0.04398397704643782,0.06645292679078663
neuron_3428_count,0.030029539247042665,0.02869911527134339,0.009599127843651946,0.026803839954301717,0.05870144867312413,0.018702538008821823,0.017095531063796236,0.03772212191665199,0.03711503975460978,0.06943810709613728
neuron_3429_count,0.01636429509647952,0.044292013660437946,0.005641189520233708,0.02501441089282065,0.04709335913140425,0.011685334907821185,0.015103888584389075,0.014697333472908414,0.039267880492551116,0.041153616556738104
neuron_3430_count,0.0016675815109451243,0.014803423127790483,0.008803733154160318,0.010353719328758185,0.034260407303213225,0.002145057536233147,0.023465741763906298,0.009460065868738113,0.024920041090788145,0.023305598496904334
neuron_3431_count,0.02473932052920179,0.03714877125651919,0.007947994314345688,0.027143528177120207,0.047494445511108624,0.01461205115361082,0.0037798481715244706,0.013859152945085301,0.023395465405028126,0.055684409262148696
neuron_3432_count,0.006195480595484096,0.036967626871131365,0.0024906471875540195,0.027087865680996942,0.0345584147878637,0.010654399610701457,0.03149549480139492,0.011486153714562894,0.009643446446989695,0.02321556390232299
neuron_3433_count,0.008028621166730497,0.09805069905156673,0.009321724428712604,0.016413652680920363,0.01521740684033851,0.0011089887025729425,0.05354183316178443,0.006207450448665157,0.004390271007411815,0.015850476526944948
neuron_3434_count,0.024632307176541718,0.05626316205317641,0.0012754216937628307,0.03177170371012117,0.04046239572531951,0.009863556124291739,0.03928800006767165,0.016451155898508166,0.018896250869132922,0.03461968489365208
neuron_3435_count,0.02505983790137556,0.11864820363889506,0.0008353262408891116,0.03386595332597778,0.021331308580252187,0.004929076565619285,0.05909522616241872,0.013029596905240068,0.011385398748495992,0.023394538739139673
neuron_3436_count,0.012418153596326267,0.07188430683344468,0.0028785166447235014,0.040065623623114055,0.033906186558718604,0.009972743698097239,0.03470443365780276,0.0151836363489605,0.013238913675557962,0.031341897438237246
neuron_3437_count,0.0031400888506454526,0.08430440086459118,0.0037473321530569134,0.018526210397016074,0.012575222463504787,0.0022705588096407978,0.029151336690070695,0.0029529019957604125,0.012405725993780842,0.008370915214206666
neuron_3438_count,0.027457870606816037,0.15674390499620036,0.004311549057700995,0.024146664629609446,0.00051751927811685,0.0007714737887031427,0.0700410997454636,0.01110726440906079,0.00034239912582999417,0.010607351605536788
neuron_3439_count,0.0017942161790116505,0.0016977854470911317,0.000648765754839296,0.014449909315750104,0.025330098726214348,0.010993390412243564,0.017119176331987673,0.004685260481949484,0.0057911593713361464,0.021420948932123915
neuron_3440_count,0.004374851618929157,0.09939420578290961,7.396038586388824e-05,0.03689668968185106,0.015964907711438117,0.006187333304354399,0.05344701847097649,0.005440979900638965,0.001930175761365338,0.010605333761018243
neuron_3441_count,0.034709048800237924,0.06723826902359545,0.0008893041111496663,0.022850571182876034,0.005319440570578322,0.0023512905883139416,0.044758388410873345,0.005312891054938082,0.00960941844990102,0.02109058562620117
neuron_3442_count,0.04250453311321098,0.0008375985152827108,0.000725299155708313,0.006357097539827876,0.010200778706323563,0.00416360709405348,0.004798827934344607,0.018214606586567227,0.002845170476799847,0.02290945944307736
neuron_3443_count,0.006440656741072057,0.045665422976059494,0.0009813186826930706,0.005338081905458085,0.009600336876255632,0.0018621828361411706,0.0006737653783608789,0.0012056924672129883,0.001774470210031031,0.00537907346171998
neuron_3444_count,0.038984378930357194,0.03493769918420403,0.0018808762133203302,0.029249562799051942,0.013994997644389925,0.010077608155389925,0.039479662154111556,0.024944010349102763,0.006221979529222474,0.02566246401933639
neuron_3445_count,0.0014182828270879822,0.02105570229307542,0.0009709526548386301,0.00028745232325825924,0.012783755343948308,0.0028802823487733137,0.0014917942345188603,0.003779448286753858,0.0003839162923146254,0.004151836033372186
neuron_3446_count,0.025538168152880333,0.019586746919116396,0.00026000385399845135,0.0036300857482004364,0.009746090740785446,0.0046940929407829485,0.008904057874614651,0.02060416528829416,0.008919243136699534,0.016347738881445036
neuron_3447_count,0.0002733382664958659,0.07559063494280457,0.004884819999084328,0.003425053274792901,0.0027648794008421976,0.0035339132730430947,0.0007534386126390145,0.002850718609064551,0.004943647247636615,0.00401402188073665
neuron_3448_count,0.04841303524375695,0.002876027358375187,0.0008728235799934231,0.0008300602247960746,0.0034254853149871325,0.0001837925712533323,0.027914597502315203,0.013272676059611882,0.020863279738655774,0.02097284880934784
neuron_3449_count,0.013253819905710063,0.2385538187393753,0.011407040533293174,0.023645601031284623,0.003496664371976977,0.0012832034119577892,0.010519275301238029,0.0037097122155356696,0.011412195918327012,0.005244252391326337
neuron_3450_count,0.0019019581252405042,0.11854712618505181,0.002312305933369188,0.0020725442397904487,0.01272121380234336,0.003478521219687787,0.0005293865098833905,0.017403756562015135,0.0069102192924885494,0.021000695113788714
neuron_3451_count,0.0008829769811301161,0.05879803359848143,0.005711171673863653,0.0051132699923866,0.004680844593365777,0.005437183531935778,0.02085658462298494,0.023298929096901094,0.021818450045495846,0.032297138195854294
neuron_3452_count,0.0043616426673459135,0.1198022847308085,0.0038743780130360006,0.0010460484491350904,0.025207960668804014,0.004779539576747125,0.0043300929846476766,0.04879192747545552,0.010199864207137588,0.04817624871678021
neuron_3453_count,0.07318912991630133,0.24220060119916229,0.04153547645209302,0.056850887541560896,0.005971500377884784,0.0009797791936960814,0.024590509053576542,0.020041487099961647,0.0027032029115674934,0.004370923567163749
neuron_3454_count,0.022599704063284015,0.002607245026814531,0.008812117821844455,0.011320358891049598,0.008695150284252669,0.006568798100817848,0.07061578823751968,0.049228113751338634,0.02789244777014334,0.042874871086792596
neuron_3455_count,0.09328304939635321,0.17832124242542602,0.028865271563840986,0.06318803705816609,0.0065358576351205455,0.011991662601645074,0.21021134714429385,0.10365065276982499,0.046058960499531315,0.0849940193566728
neuron_3456_count,0.0645279607751982,0.1164834641468446,0.008983876715386259,0.0002491065685987944,0.028137764157231966,0.0011715166534116382,0.06272232967471422,0.009045059010047325,0.0430680748268011,0.04783418778999168
neuron_3457_count,0.08412739592807075,0.12647528789656032,0.027317886306715652,0.00533692207859883,0.08127933811094823,0.00191023676905926,0.03173210318343106,0.020483552111202744,0.034301674062402185,0.104419186465061
neuron_3458_count,0.08576874563767992,0.11597371583882515,0.011741767813134837,0.0020645224323592917,0.038515237062692984,0.003499417078372714,0.036400193968468914,0.004602454508009224,0.04340549178892618,0.0517315013291246
neuron_3459_count,0.09283447850831156,0.14675148318614464,0.009834066529706337,0.0008689943163266746,0.0684440491287245,0.00019280002188209674,0.033374249185255195,0.005988248038395795,0.03825273592754058,0.07607671190800717
neuron_3460_count,0.10832468787166394,0.07839395146089545,0.023254627380159834,0.01168430303261761,0.09107047251399651,0.006212399328848671,0.03480428131337587,0.02545632812199969,0.02768317234992075,0.09887730346083819
neuron_3461_count,0.0015565462936603502,0.1291550498598123,0.019957998999667062,0.010484578127791744,0.006144448224503579,0.029461209275193856,0.021252438029917067,0.0519978325620476,0.04845895590226122,0.0059172776453889405
neuron_3462_count,0.022813211086732302,0.07604056356713926,0.00130825932277304,0.0025046631749581667,0.030831016630968155,0.0004065280688160754,0.019148289010307122,0.0006072203886752572,0.02239083974529304,0.017658703738466633
neuron_3463_count,0.026467153084128704,0.17084848136061148,0.05270267177432173,0.022018809608526792,0.0006345038559816786,0.04699379999943487,0.027262056397756,0.08127506726236908,0.04377963125260428,0.020620200053921935
neuron_3464_count,0.035745086395162134,0.0580946217336286,0.0019504236045728596,0.0013196219697612175,0.01951442009712874,0.004245885794886838,0.013081318805057154,0.002550425534188855,0.025779468688474673,0.012138719708755082
neuron_3465_count,0.11713432362976303,0.0412337078228292,0.05547718836543672,0.019403014923582873,0.07988714104688827,0.009236416008051994,0.0052147975150232465,0.05018012774085612,0.001269430024519797,0.12980763188233133
neuron_3466_count,0.022041481047395495,0.10535805072580215,0.036822970893915785,0.020151238142088267,0.005106202366701573,0.044699162542769046,0.024925448974909184,0.0855392030402321,0.04538079606355392,0.04369913226987468
neuron_3467_count,0.05055954188834344,0.021140774243230825,0.010983435466149542,0.003899483037816979,0.03787438815528561,0.0032654115267096388,0.001811975644242559,0.0024986683090321288,0.005875566901641802,0.03660442258273064
neuron_3468_count,0.08570819210927141,0.010561403877655993,0.03169969800110847,0.0019264252872695587,0.03691236058900221,0.001613362892474178,0.0051687267302086976,0.01951531566769006,0.0007889502416229544,0.06052625262829736
neuron_3469_count,0.06533234865572188,0.011207481876031891,0.060366577337945676,0.003367603036034731,0.046161919622252676,0.0016648727113815383,0.0028369813054178877,0.018971161329608466,0.0016927725509146032,0.07484380922377736
neuron_3470_count,0.020040636337542536,0.018177067305788913,0.023360685431099787,0.01328504003718961,0.014918974198273566,0.0062977329197169765,0.0031434034447427508,0.0015608754264646169,0.001462167950252096,0.02845396932038513
neuron_3471_count,0.12325205825368213,0.03417086105151086,0.10362247303713781,0.0008054168785156333,0.05825372823486526,0.0008370981514690887,0.011992879199631198,0.1017829585683132,0.03194732237774177,0.14629228547323442
neuron_3472_count,0.09228417884999071,0.004745722512820183,0.036619922153025675,0.006310526914643098,0.02923065587908147,0.004455570862298973,0.007201803753985304,0.036992280544750025,0.005051088331670291,0.0673293942327614
neuron_3473_count,0.07058213023236404,0.013006251327077875,0.04527942161028635,0.004264880849550179,0.059576257846986905,0.0051121179949538825,0.005604607520420806,0.04166119057010244,0.015484862821926973,0.09523626028029773
neuron_3474_count,0.10312303723353033,0.009127652917619019,0.025517945833363698,0.01998645145877366,0.08731239841821678,0.01311330801774531,0.0065218618863329275,0.044846651173997165,0.01525875003642381,0.13037213912293022
neuron_3475_count,0.1283845652013538,0.013162291807816653,0.05932643172000082,0.003540446180174522,0.04623164438795699,0.004856619736404583,0.00593061570895418,0.07618520191882341,0.02061073394870691,0.1167211206064934
neuron_3476_count,0.08223011564772537,0.0018114866535757779,0.020637951383397843,0.003319647383704341,0.03332779560342801,0.0020629701227808835,0.0018223798907857428,0.013474898267074709,0.001673879441317739,0.05088741391476517
neuron_3477_count,0.05591119304668371,0.008765968295287578,0.06101618346126517,0.0034880321657593145,0.06040447548486605,0.0033548806749179975,0.013007327228578835,0.045914156937521405,0.03888646902165546,0.10812651714337795
neuron_3478_count,0.05006032456643042,0.012857255861412537,0.04425507465012431,0.0026484989094312655,0.06420130576193772,0.006525041268185108,0.00868597231804424,0.04950992483256593,0.03656911101926996,0.11111515019971013
neuron_3479_count,0.059177382775504134,0.013757474097506411,0.059533567346540806,0.0030328471805980417,0.0722255621712469,0.004591319605674264,0.009762421662061177,0.044934655346304475,0.03569946382029279,0.11355584542173172
neuron_3480_count,0.04117313872684755,0.009575931608743038,0.06522177903635692,0.0021923572787217113,0.0585413148154148,0.0037696260239936247,0.008192363309445033,0.03794272528434332,0.053834858235189104,0.0960568561935996
neuron_3481_count,0.05433433319503764,0.01680678678682651,0.03549174464460644,0.01153644929421313,0.06343030933948005,0.008492695146298732,0.0029757963574434214,0.04467700295530609,0.033921890169794716,0.091374110407697
neuron_3482_count,0.06005781845788258,0.010936791767708579,0.01795483784800299,0.02395306993774171,0.0832238223993734,0.016331547080479056,0.0009776505748826572,0.03040551659742592,0.034829750893288686,0.10483514936335725
neuron_3483_count,0.0020833059168230313,0.004872175337243503,0.018200577933444817,0.007807056619660704,0.051403265468930495,0.005267654012446811,0.011111366459148918,0.007503507299814076,0.028721386782659758,0.044271587510658114
neuron_3484_count,0.04489002486137553,0.015513293719205026,0.05508935056476738,0.005422746236161381,0.09008782153108214,0.012255591681226669,0.00609723650823521,0.03638547920547015,0.04990616363607528,0.11176871198254695
neuron_3485_count,0.028342621781113266,0.005502158459960719,0.029139682143708684,0.002074170936093977,0.04318933887711492,0.0037578899039136214,0.021874600353288844,0.03681291769481621,0.04410994567920475,0.060115607458863414
neuron_3486_count,0.017091543536406167,0.011266584060070575,0.018008024544210646,0.004113379888030144,0.055768450426592474,0.004814036052801018,0.014516036589845075,0.02716811952918609,0.03945428459156528,0.06183184405111129
neuron_3487_count,0.028476648212920785,0.042784565488722684,0.021664856221467813,0.021641207297550855,0.05765933949868157,0.015425467029185541,0.013130752410908456,0.029041057870880765,0.03226873056387439,0.07377431468634976
neuron_3488_count,0.0911689424251989,0.10927666458308849,0.017360550635523553,0.04160401972544747,0.06072143465378366,0.018678978830903678,0.027292477756551678,0.03917492928984881,0.020220032221421103,0.07488695858264871
neuron_3489_count,0.03250996408467757,0.03720959838151139,0.018255863016039986,0.027496306025336842,0.07071676646968272,0.017456015082447512,0.007787731169987003,0.02803206828156321,0.038811804218354395,0.08229036677164889
neuron_3490_count,0.012167134873015989,0.061590810290624645,0.015226653579955077,0.011237541478968112,0.03532762553867308,0.005286302864022277,0.05029275611839103,0.023063893736634866,0.028483433398785785,0.030431542022449187
neuron_3491_count,0.024218776113370297,0.03362274008663396,0.020169654471686296,0.01495040583989303,0.05389321458443849,0.006909703381465848,0.03549462395736985,0.04359921930221114,0.05423547893156716,0.06877167468627768
neuron_3492_count,0.05672328482461508,0.06962078237587002,0.007881904871498244,0.044826573807739606,0.04260686215101052,0.015860566517988117,0.016388195265973404,0.04115051550807425,0.022399723319487558,0.061867394261936964
neuron_3493_count,0.002905209637919682,0.021406822194549133,0.016860227416645307,0.008274619659485019,0.043247153959696846,0.006634781798678047,0.022395907853341335,0.018984852203701524,0.04839834853266395,0.03640708310989223
neuron_3494_count,0.028082713574993395,0.030866020454139692,0.004220378053433019,0.04006806234123486,0.06347112705242555,0.014306965504135127,0.012502114629530311,0.028137294137098395,0.03840261294961084,0.0576420155176153
neuron_3495_count,0.0365488684552471,0.08362099269988638,0.0053533167895237835,0.03503197013776449,0.03478663195875467,0.007826086997824028,0.045095930630028536,0.022788812117690002,0.017392536912748738,0.04266273585584218
neuron_3496_count,0.011898305633185863,0.0651491763473597,0.007671317871263225,0.020989950860276788,0.030510695339090982,0.005155657813910426,0.03130918369527999,0.01697294021223804,0.029884629440635704,0.03742715035562019
neuron_3497_count,0.007378354756535199,0.12390787509555662,0.006995926581740822,0.021370815715859928,0.010817074769233048,0.0036100325889589294,0.05189198448819948,0.007565286526472065,0.009141016296300389,0.016792308094752392
neuron_3498_count,0.038204815236651674,0.10354989212900415,0.001133032501199005,0.042987792245374384,0.026255462233341367,0.010970645248170666,0.030674058113454222,0.01735250432236672,0.008036522507247776,0.025862275722094957
neuron_3499_count,0.03549200026545013,0.09005884532078309,0.0022519432686981186,0.041522828290659536,0.03098060983173484,0.010183376082712928,0.026034797014559977,0.013169873579562577,0.006597872176298397,0.03166844450359545
neuron_3500_count,0.037720910467156116,0.08874408074555598,0.00212875425272039,0.05092193871211101,0.02475815612372588,0.01086380394219627,0.016537234882557067,0.01713311320227709,0.00660201114936948,0.031882515566067554
neuron_3501_count,0.01963863330208511,0.0562766357872051,0.005869207894425084,0.021199038185228905,0.011362388257902908,0.00530163258262023,0.040936747421780884,0.009878565814512442,0.0034796713592735937,0.019625775274101212
neuron_3502_count,0.0028252586562312523,0.007985155524939516,0.006352482527311784,0.0013896509968202731,0.012462488116007697,0.004031416102468356,0.0007735762735254516,0.0018234863678913728,0.004066425957528239,0.012814610620804585
neuron_3503_count,0.05514242605265235,0.15544136760714392,0.004015039798308785,0.050875079956229086,0.013359857133006622,0.005596652407109881,0.06499092933392014,0.015266502523506212,0.0020859610862085376,0.025709635070154196
neuron_3504_count,0.0026651016629056223,0.0017151918757422474,0.0006659936755978972,0.0030393682822454915,0.01174983440919744,0.003493899686568859,0.0011400713296212568,0.002062166303214359,0.0020726556176455836,0.010126708687847624
neuron_3505_count,0.02020695958683194,0.025430700505242446,0.000785349810623193,0.012742274853673838,0.0033097255603206713,0.003466689966388062,0.004747490429652966,0.003105408266533931,0.0037740985938461633,0.007690897646601767
neuron_3506_count,0.007900865891783508,0.0015914095731666862,0.0009136676316700218,0.0014169275916910415,0.009483146121255955,0.0014603105628481772,0.0005718165629806145,0.004273777947045528,0.0011342933425851423,0.005527202256176797
neuron_3507_count,0.03050906442609387,0.011337637527240346,0.0004945331607607763,0.010127546210072405,0.003216867469687003,0.00277630819487526,0.014664740204894583,0.007361082558611842,0.009985854518035672,0.016498089557652654
neuron_3508_count,0.03608537296619324,0.0008777404104863486,0.0004846329851208302,0.0014450046068198302,0.009312629416875502,0.0022259411576475395,0.005551968077259793,0.006835503532227331,0.0041254917832653365,0.012942150842188117
neuron_3509_count,0.057131792710434476,0.12242889894726008,0.0008272492945683848,0.059459755075781884,0.010653115966293494,0.013394669190722241,0.0627766509730063,0.029985503305927336,0.0021656430911848323,0.020240180212926798
neuron_3510_count,0.007738355349364921,0.21404376842905437,0.00694979790442677,0.02322692800158245,0.012365084812670658,0.0002511500475320932,0.01451983489431121,0.0010287447275145589,0.0009216525797686066,0.004189476428717687
neuron_3511_count,0.054447423988804616,0.2788419628826099,0.05427510064424135,0.04547372947697916,0.010931810095897342,7.107667888818807e-05,0.0319410859271409,0.008790375775872983,0.0002257817409782913,0.008590264053246222
neuron_3512_count,0.00237792051559805,0.08524625717628095,0.0010451795532512125,0.0032928789557231785,0.014370033030440488,0.0025561865290205203,0.0009056157994059488,0.011482921155112874,0.0028083964921435563,0.010855522716716158
neuron_3513_count,0.02823449113981792,0.009637421045067603,0.005189318905920365,0.026502161468541383,0.039439160451788816,0.012508647566187837,0.01175061706776255,0.08425126052934777,0.002499327641444442,0.06252917922619111
neuron_3514_count,0.030740581050429705,0.0061127924087105235,0.0033175870829943305,0.005226987768306338,0.0023711051979220105,0.00116225817627702,0.005170820515333505,0.009134673821914865,0.002023149086585088,0.009075558645500761
neuron_3515_count,0.023057520143553917,0.0052145783250762065,0.0029223846262869772,0.01902776720620923,0.015930529028437432,0.009593668748854027,0.05776266542951797,0.06086146208103371,0.014239647604436523,0.0511472702989709
neuron_3516_count,0.011866517308112029,0.06003911392699321,0.001865422715457296,0.003499125559893363,0.012152062301625542,0.006100375407549898,0.032626711219225016,0.030354157777039315,0.02922595865205964,0.03350041947141312
neuron_3517_count,0.01782617851808349,0.24765793976836986,0.011456293949154275,0.01918899093339474,0.013666951949190174,0.0005388826041452148,0.008274425857774118,0.003658613110912881,0.00022277395718566786,0.008947741924791787
neuron_3518_count,0.03125458354270991,0.0026745731737551812,0.035346132730160726,0.026377861814596504,0.028611530348999603,0.00843411913618168,0.05635238987353616,0.1095826265030507,0.011645361615364502,0.07578508919285357
neuron_3519_count,0.01860473938557275,0.002179792164877209,0.022475840784562606,0.014511798449262883,0.013891904301087839,0.007414277309983491,0.041503148905706055,0.06156735818656485,0.01270957075653676,0.05357963856462733
neuron_3520_count,0.13759080761153536,0.059054975877588366,0.045468070586305934,0.035835360889488105,0.06846294829287078,0.022594958182237064,0.04938583968546348,0.052098361359920964,0.03842557274015039,0.09381467050728778
neuron_3521_count,0.03628631668525592,0.20099405071571708,0.0010265620311467952,0.000699257523121645,0.0358862263319597,0.0002510283962446104,0.06724930993130793,0.0038063067924827346,0.06645878674109579,0.029373205428168847
neuron_3522_count,0.00409500035772771,0.12402083636523656,0.01330945764200507,0.0014240626978406952,0.008676754152845814,0.005122401642135087,0.05232987793035038,0.029166864966493372,0.044855086536414235,0.006068726701395924
neuron_3523_count,0.0390008531593447,0.2603465488717362,0.07364361677736965,0.030003547068240016,0.011316375139208069,0.055807538084403974,0.02451910642984436,0.0856656601093701,0.058353575456454344,0.039295267964438496
neuron_3524_count,0.0811162104230358,0.24083068907423372,0.0979263300234889,0.01969924974292414,0.012637477107940574,0.05335697290467301,0.04574107325720301,0.13457643375479167,0.04882674479702429,0.05801850549955689
neuron_3525_count,0.13546968826366476,0.12902602592582965,0.04538244207921077,0.025126045781492176,0.014105246404824806,0.04498819788901935,0.03081127057619889,0.13016097394185477,0.02327312251851598,0.06765461137473772
neuron_3526_count,0.016233734321129352,0.15844561551754657,0.04426280377378694,0.018117275100416524,0.0006179471630344026,0.03525610536007585,0.017420755319257297,0.06832093463446692,0.03861898162707322,0.011288807107973167
neuron_3527_count,0.027135840839407364,0.12497137090988508,0.06317560227672354,0.010101709838532522,0.003697256311508211,0.03455718759160903,0.02433204259231711,0.08228607403318566,0.0433262506143683,0.02932099162087367
neuron_3528_count,0.03751893239963146,0.02860653064883767,0.00762545830387127,0.005781487166012005,0.030888038474035637,0.0014833813384512971,0.021447187493997683,0.0001781900217474987,0.02431121648795448,0.02301679635756136
neuron_3529_count,0.00791762599780732,0.08909619641480346,0.025849521490984108,0.008689534284846291,0.00106734017388491,0.02174417928705344,0.01780428364427987,0.049935717007222144,0.039799665058079275,0.011368720192666014
neuron_3530_count,0.053225336240759286,0.11027366123725646,0.06019388191033486,0.019231413354880662,0.007889732401593855,0.03985972031621096,0.02629028276727565,0.10846644836846991,0.04433146575702546,0.05129327308665271
neuron_3531_count,0.07605791434234806,0.11186866794838557,0.06704166801365859,0.02661440130867003,0.019826507954959438,0.059115436591507586,0.029959015828661742,0.13149902714003442,0.04544458960132965,0.07836938904117217
neuron_3532_count,0.1181438858994962,0.017908058718401138,0.04627232884205336,0.01711236357980353,0.09270228895885241,0.009841792501273955,0.003295140910678642,0.05268898899235976,0.0011792612091126257,0.1147091877520787
neuron_3533_count,0.028485666160042555,0.01037919053258432,0.004415254007435532,0.0016621530889683774,0.02669135450324079,0.0008764765963840231,0.001954779227168354,0.00214421455764921,0.004208577257657067,0.028194991295683425
neuron_3534_count,0.008342383361666865,0.04369465927644714,0.02223273348830955,0.012347872929980921,0.005137859344209461,0.02584913069093691,0.018623974512540768,0.05556244493943485,0.0375817536895504,0.017551556738675436
neuron_3535_count,0.09350133762097224,0.004133538788781671,0.023662069279642706,0.0011060723014155692,0.0401958592814,0.0007101091917459652,0.0005877904927901571,0.01667136148683955,0.001156348098813811,0.060482007042751154
neuron_3536_count,0.01579691952171927,0.01488282214893881,0.0026037119772025306,0.0086249498883888,0.0012860351546156654,0.005347320904402632,0.002042469450350415,0.0036107198646911504,0.016543145062791628,0.0008918221895271895
neuron_3537_count,0.008069538033488456,0.01019859216437198,0.006120637437432203,0.003267716984811292,0.0033286095519051914,0.003921779210285702,0.004860992637566293,0.008265272605038586,0.022330655457198575,0.0006096423800793366
neuron_3538_count,0.11469115662894958,0.00277604258572859,0.04039106473005727,0.014624635038385306,0.057329999181545147,0.011064976687563594,0.005243921100893632,0.039514386274148106,0.0015799457893174822,0.09110791906391379
neuron_3539_count,0.0882040569481698,0.01896892036359689,0.04941147093013179,0.003587159160076084,0.054737527762917015,0.006630632843724997,0.003986319429528467,0.047826803030756315,0.017668794998711976,0.1001491080707599
neuron_3540_count,0.10404869401942204,0.019570042934122633,0.05284032035962438,0.02221297362950156,0.12766351597705392,0.012938837978393965,0.00544088972679644,0.045909010305470274,0.02892441448313142,0.17348359403486627
neuron_3541_count,0.04953834200132988,0.014477941278942717,0.05218041050082782,0.0014778031767016114,0.05275091394422232,0.00473223895986194,0.00983979136134427,0.04129244615783256,0.032428194463035395,0.10241876798589433
neuron_3542_count,0.1006023877227595,0.016705773779391767,0.03384834919071847,0.016849306995503202,0.08325127157363105,0.014981236676441509,0.00133824724766758,0.04876445792004368,0.02520106811887568,0.11826766260544869
neuron_3543_count,0.08763918829073056,0.017109703388816816,0.018796899333162267,0.018767459211264173,0.07147726488003552,0.013920324816967186,0.0034853370590370233,0.0330536068079077,0.014106481946339774,0.08633470000480872
neuron_3544_count,0.08788471269102954,0.033946859815736044,0.023289309929252655,0.011801085692080368,0.04582670640913852,0.008090308344224584,0.004724832772115519,0.024408413591945316,0.010089981374602985,0.07211619505857919
neuron_3545_count,0.05905389389875909,0.011517478702717132,0.031007936768483,0.01047907378291034,0.056756476636420236,0.008137388190530233,0.001975929711777815,0.019412221838864263,0.01305345959196863,0.08350004241743017
neuron_3546_count,0.05709108577505223,0.020461877591238853,0.03900938996020818,0.00940664696548102,0.04585783881630712,0.0073009537950628756,0.001680207537062127,0.02897128354450576,0.013698128209608196,0.08068325586799868
neuron_3547_count,0.04856372845015128,0.02671206952027666,0.04065026366446109,0.02544801936158994,0.11443649378690193,0.024874990338322286,0.001619804317622285,0.027957154454550215,0.04319574747267846,0.11276334084533268
neuron_3548_count,0.0633814056180341,0.014137697750862446,0.021283677456304786,0.04017323976615636,0.11544822102699762,0.0216146506811844,0.001544620342679109,0.036436684991052626,0.05257323199382821,0.12800624503721839
neuron_3549_count,0.06079300919368694,0.019672439984256565,0.005777594908448626,0.028198632367389273,0.03982402719722368,0.015269437964090235,0.0008080393577665963,0.0239408269579455,0.016990050472304938,0.07442556733948372
neuron_3550_count,0.04348072709455003,0.04180936217103966,0.017784419225659737,0.03959408622386776,0.08613180271168211,0.021300375988616643,0.010159997828090628,0.030070425806218937,0.03208084656526761,0.08900019021441244
neuron_3551_count,0.021052397731146727,0.018330331528832136,0.014712329377758016,0.01919077798544426,0.05399032638253155,0.012685323679651167,0.0067474943171414795,0.023772457239800204,0.03547933885523062,0.07863943279206594
neuron_3552_count,0.04412145564527284,0.051939972081637656,0.014653253167354607,0.04249448267607672,0.06572746675120819,0.021330685065255983,0.010298823565054308,0.04130490852638474,0.03474890783485807,0.08097223897452174
neuron_3553_count,0.016977307106722808,0.04470034686578184,0.008055342200593604,0.02238693747563443,0.04033748392598391,0.0070701425486196234,0.02013526445268042,0.016877501862470737,0.025945439805688975,0.03692780454566197
neuron_3554_count,0.037096247575686775,0.022298750516078505,0.013543062531387803,0.03664222307587647,0.06871859141567763,0.018933077879405832,0.003013312507077877,0.04150594204471367,0.038683318534535355,0.0818678771566731
neuron_3555_count,0.05613888022440583,0.09410922865440086,0.009735810210474816,0.0447805279488904,0.05672594115697904,0.014360906168940132,0.026007222687167958,0.03754009674977525,0.031102820461558628,0.06923642412182587
neuron_3556_count,0.0022466645779291375,0.013287528314752384,0.00527352927457856,0.016160982667325283,0.05299247147556593,0.00941747562470839,0.016126350521597832,0.01403602434378666,0.034479362406370506,0.035820910820385465
neuron_3557_count,0.0365562945109742,0.04398009756781421,0.010750510579853184,0.036442923939422195,0.05674200857682965,0.012660991384057713,0.008933207841921004,0.02042869928927285,0.03269105309471951,0.07000027334732786
neuron_3558_count,0.013898661614999239,0.0672836351151139,0.004993779021731454,0.029029822280190853,0.0251787654510911,0.007891597456819818,0.016791197220386855,0.010417274115909564,0.014692330575006227,0.027111001507234583
neuron_3559_count,0.02168916107006094,0.040104406141506496,0.007847408321397395,0.03272139714370756,0.044890497765083234,0.012769362292452915,0.007190808401422125,0.011471703276101405,0.015010272739564234,0.04484858035458032
neuron_3560_count,0.07329190986697101,0.1254131466692787,0.005689508345411619,0.058571728395630934,0.05225020570344874,0.020009619813068494,0.03287371517604577,0.03455664986199422,0.00576929270146604,0.05198787538704
neuron_3561_count,0.01675569256644012,0.04758410857928638,0.007748254548084366,0.028314154839244876,0.03904109862030897,0.007665101391324827,0.033761375362380774,0.020272896685329708,0.01563654936622766,0.042442737188661234
neuron_3562_count,0.006365580496417278,0.04204268919727311,0.00215751685047327,0.019924081064268184,0.026625956973507198,0.006573333312343735,0.02483676633565586,0.014086151174855933,0.021666453169516514,0.020828031160831526
neuron_3563_count,0.03521043646162711,0.1147031562348472,0.0032603943348792352,0.04448108763662639,0.0201757117938291,0.009270399965753157,0.05736466554710898,0.026573063618608894,0.0033649921109054973,0.03727067338234294
neuron_3564_count,0.04409761885955367,0.08532676018929827,0.0028635445366146997,0.04826146055746894,0.03490168095145063,0.012721403035107381,0.060381886694281156,0.033370876037104355,0.007114481464680605,0.046364453459131816
neuron_3565_count,0.001768025071642261,0.05124241543003166,0.00016062363605312698,0.020089324933991515,0.02269078437703939,0.003996786967985749,0.0496005410914864,0.001523948525369783,0.01593443663163241,0.014447714305525036
neuron_3566_count,0.011218088676107282,0.031152679912098954,0.0015135937594150661,0.0371611187079367,0.03643452432210094,0.014335462940154545,0.01825363139381421,0.010530979901666973,0.007731112908838558,0.0408811069878048
neuron_3567_count,0.010088529691702972,0.04114780928558831,8.161672564147757e-05,0.0273649133517537,0.017122368677423783,0.011457720408682814,0.049366459057466006,0.006900869757801992,0.00023419091814359805,0.025397816383337185
neuron_3568_count,0.012441759611639736,0.10786890258068954,0.0002846440821312225,0.037579205451595515,0.008090112125556125,0.00572962653692987,0.057052119116021344,0.0092007920487506,3.646533632893525e-05,0.01445785187222115
neuron_3569_count,0.0055595610847221436,0.009574756389010543,0.0011476059482223946,0.0002369761594257381,0.01655596247446542,0.007050268482342935,0.00048784688474556945,0.0030817080953111364,0.002202648651975909,0.009710122664695127
neuron_3570_count,0.007422254031212036,0.11171779076962426,0.0018116738996420134,0.014347347403081783,0.014822627931524886,0.0019980708884080895,0.003181288579378709,0.0019135642997462898,0.001538263006657022,0.008967419999817303
neuron_3571_count,0.011418020562200329,0.002126002655487823,4.8349840853133264e-05,0.004625893736843745,0.006167040695373008,0.0031026992002076634,0.009560734995392603,0.007854107499828171,0.004462924740211288,0.007685767783530403
neuron_3572_count,0.06598476692401706,0.31713964446169046,0.0294798088741775,0.10293811750356982,0.00940730323060342,0.001871037707568573,0.03870230676084803,0.02366438656374345,2.4725393770470838e-05,0.008798178272477137
neuron_3573_count,0.009924151652605816,0.10077502803940971,0.00021584528877387622,0.009379530025126225,0.018584824258944997,0.0003610054783705751,0.002875918948724913,0.0016651250943934479,0.0022025768191504293,0.006666262028496198
neuron_3574_count,0.036298415676423446,0.00949337222703539,0.0037642367156303074,0.023120301424265854,0.020107727360283226,0.010190235808538582,0.10566239911551029,0.03941889182761196,0.02925595262374399,0.04177365581099557
neuron_3575_count,0.019936091012850647,0.14806907648158119,0.007337554430215637,0.015583874130862575,0.010450414143420114,0.0011690903846852153,0.00324691564193166,0.00019271785791157795,0.00045711934916441155,0.0019368585427282162
neuron_3576_count,0.028675047518230787,0.020221371135669228,0.007386730135561265,0.007994065862536648,0.0006103723767768889,0.0011202193705364648,0.043245783370308793,0.020761276435812062,0.02598041748570458,0.017216198737299265
neuron_3577_count,0.0925888158145734,0.4414370179055135,0.049496712459897785,0.07860578406503471,0.013548521860021409,0.00126973954403803,0.06760297548289462,0.016178597622739054,0.0036754055330325674,0.01319764273697066
neuron_3578_count,0.004128370346974733,0.003345363838478263,0.004658604359168192,0.021307414028233898,0.005104352456828765,0.010736834302546419,0.0010159607584847886,0.05643566747016435,0.0007260151239501158,0.024877211086652598
neuron_3579_count,0.012268398571640374,0.03654486807968732,0.003373793060999414,0.0027892706496157604,0.0055995257814091814,0.0026478142035440827,0.020063074882503917,0.03267815807047543,0.028477920238380125,0.03970016860859232
neuron_3580_count,0.055688702227257525,0.019407868111519316,0.004941993239525131,0.010032614364742475,0.005525027420905403,0.004314008177757478,0.06225723716642259,0.0374776102621927,0.01809413914665152,0.029983948594322435
neuron_3581_count,0.1123984967490009,0.35473521812499703,0.04998301718937307,0.05294367315484153,0.01108416834715556,0.00048443605541351013,0.04192666075410074,0.009377926114048307,0.004787518769718679,0.005060451860235628
neuron_3582_count,0.051855731896116475,0.03686304989241777,0.023990032471959015,0.017019255376188522,0.010647097827399862,0.007257347185168784,0.05664171765316858,0.06415855667812916,0.013186909994555143,0.057581060077089546
neuron_3583_count,0.003488565186445608,0.12526892877586712,0.010388947253063316,0.002588260750009893,0.034078528906902245,0.005989086713778041,0.002406016493554682,0.05358255351754988,0.0069087912597459444,0.05900441377827745
neuron_3584_count,0.03952182898549661,0.1944004019627808,0.0007331760088619653,0.00014188258024897286,0.01597872198480478,0.0033290530660944687,0.07032419962229117,0.0060253441959370185,0.07201246176710169,0.01932763431651313
neuron_3585_count,0.05118437076049617,0.1547914796031079,0.0018551211332382411,0.005596776386598792,0.057143790382663734,0.0004680118350920189,0.0629110780930638,0.00011176571304236322,0.048113374450241275,0.04482231552531078
neuron_3586_count,0.11164714790141311,0.10165167803873079,0.028810626642223988,0.0012621308778609439,0.055724642414842845,0.0006446471100890732,0.05339770198074684,0.014260487223671174,0.049204774669637505,0.07776565329793257
neuron_3587_count,0.03938430644284392,0.16203194532241663,0.0011684777480869164,0.0005002242745116084,0.031266961038437416,0.00045922461732595364,0.049184233782015474,0.0005011390121564211,0.047923886284497036,0.028249674200024943
neuron_3588_count,0.03748111347600712,0.1949509277848261,0.08055906363272547,0.01070828509359277,0.001178650368028781,0.034454238809109056,0.03597137161382538,0.09174297851429872,0.04140468123591008,0.03314959092430056
neuron_3589_count,0.0188182697297771,0.1382161037875478,0.0013659898196818152,0.0004779635397173781,0.02494235473409863,0.0019605933754816667,0.021307629183900875,0.005029238227470291,0.05226193158605773,0.015312298710108599
neuron_3590_count,0.09766683417020783,0.17203731987812135,0.0994204216358072,0.021255168773436757,0.015392507742569103,0.047215923862803245,0.031172061243291693,0.10905384824958596,0.033035533927663834,0.07948376414663391
neuron_3591_count,0.007142308757652795,0.1174132732181799,0.026717564545060822,0.004383502983195665,0.0008922324988579738,0.018296989977441572,0.01951675801533479,0.04129111772917639,0.040417905217338006,0.0039247603373108
neuron_3592_count,0.002356070074953698,0.07658714859215471,0.009406712455168872,0.0013434542962308844,0.001840318260963824,0.007092093370850955,0.011402807219856093,0.015187496468130418,0.0423144080014284,0.0003823915071794158
neuron_3593_count,0.07450829197509931,0.029437394977337897,0.024412501058917305,0.0022363025255916647,0.04222098924769278,0.005662314546840489,0.00291891342912496,0.002874518461320051,0.018332713845533963,0.05521406538966671
neuron_3594_count,0.06487764562389745,0.04493494414633761,0.016646847723668153,0.00206727464119158,0.04369711023915841,0.0011420091283417186,0.013149217654943021,0.008443006327369225,0.01612664604520256,0.03962669043990892
neuron_3595_count,0.047786262756034856,0.022373134684465182,0.01220385572369874,0.001632985552671877,0.035192537725834416,0.0007513286774597071,0.0038023242596015965,0.008904290289920791,0.006383507301677929,0.04485614840787257
neuron_3596_count,0.08410162035592803,0.023993273410035598,0.02306427703549707,0.001612505418127753,0.030352231464061158,0.003369333937028254,0.01031528466290045,0.00930924201013393,0.004549773957395739,0.052393187238437666
neuron_3597_count,0.10998465520488149,0.008074296715370008,0.01944955317067991,0.020334125705006062,0.08125723272951944,0.010503652154328733,0.01551582129134825,0.031622630672669946,0.000706733494043721,0.09625376233053005
neuron_3598_count,0.03360657647662338,0.02965579849259377,0.009100155906247666,0.0011510092163865802,0.014126114989300623,7.211567095373288e-05,0.00666542938405227,0.0010040599831113925,0.009865041484819974,0.022572786164016777
neuron_3599_count,0.13750930126074212,0.017178405715458343,0.040824902291209636,0.013795427759857357,0.09410389436003434,0.009867383711457206,0.006639664884531937,0.04373470399102018,0.0018349164534055412,0.11871028540910034
neuron_3600_count,0.02653837406877589,0.006046038628428556,0.0056291059275042285,0.0017263375629804692,0.01627078477202957,0.00104674842958985,0.004189826358053178,0.005918986119575677,0.0018570132185519931,0.033960647217700035
neuron_3601_count,0.053263978969974854,0.002881743466526629,0.0033035989984957805,0.0013474297637650345,0.012424660931907534,0.00063878421273501,0.0026082181897673987,0.002832625796697054,0.005212737345609064,0.024364307809055817
neuron_3602_count,0.03949879477681818,0.00043847197091668533,0.036286830926535237,0.0004339828548678699,0.03404265165361551,0.0012577772986799608,0.0029249278289163825,0.01312485708746193,0.0029268500629269735,0.0416941404368885
neuron_3603_count,0.07104998708750537,0.008590314375794494,0.0461015869325104,0.003595275441203985,0.057557141335203385,0.004864103128302634,0.005553510531299613,0.03803960451834973,0.014265643317462398,0.09296483460680988
neuron_3604_count,0.0518938801256455,0.014131353773245033,0.021389049770289117,0.017506221636803834,0.1486027550031989,0.011290770346210566,0.012426535203916018,0.0174736375449651,0.06568656949377112,0.16951653822893822
neuron_3605_count,0.08320310930736644,0.02178867691110728,0.0601365276850539,0.005989549252269265,0.0584034371420151,0.011582152423452605,0.00406464847700816,0.05381556840889108,0.023147375355907093,0.1145524520195923
neuron_3606_count,0.05031438910499231,0.013342682681427465,0.051596805960860775,0.00233666090608501,0.05548434286058945,0.005324866264492953,0.0056414734991600615,0.022706969530649768,0.023159504531882688,0.09496574721222274
neuron_3607_count,0.06609919490494723,0.01469479759976279,0.025691297553203,0.024683565671332203,0.10230024131748074,0.017504605780660334,0.0052214214028781965,0.036900022306533053,0.040255784496174646,0.12251114866905387
neuron_3608_count,0.10348158574713698,0.004572758882539961,0.023391469663681663,0.015151001035505166,0.07617190688830305,0.010551283657858512,0.0006082712683231082,0.024285843382418404,0.017388027930739375,0.12674167299423628
neuron_3609_count,0.059479828889272654,0.017714383290153672,0.0357070336274385,0.02368107740002498,0.1022346681142966,0.013468651454356093,0.0058952843795318025,0.036533071227319185,0.05786335919569836,0.13453957798482719
neuron_3610_count,0.07050474802819462,0.020427583220519505,0.04010196049936374,0.010574640470434993,0.08876026988238678,0.011676051223581813,0.007312260994131611,0.031310599563470334,0.02897056219766203,0.12026421384430178
neuron_3611_count,0.019801257932854553,0.004340576307559707,0.01600473606745892,0.01204455375443031,0.08191320858088844,0.009024803966509905,0.00695170347780079,0.018986200148008926,0.04149961002703981,0.07532977255913391
neuron_3612_count,0.028188315897149666,0.01094126453269953,0.027660303578174977,0.01706032941141522,0.10165137033629659,0.013333791358809813,0.008024794619724739,0.0255292631122455,0.06030414602750733,0.10003498602786837
neuron_3613_count,0.0361891483126526,0.01895149563399738,0.032506004600445754,0.024571357842307504,0.08995157643772139,0.014818683316355441,0.006321276962838192,0.03886349664336042,0.053875209039054434,0.10185781306180819
neuron_3614_count,0.022135214964934036,0.012619715144641289,0.01334832917620224,0.019619899286395542,0.07624825595550311,0.01239655323711357,0.009486240547258537,0.018113944474420357,0.04224982578841727,0.08566311203186266
neuron_3615_count,0.045022084131540935,0.009455542115256538,0.027208974885060938,0.014715694282556577,0.08329582086941942,0.015742134811507658,0.0038967348320678163,0.03864380766474185,0.055052339683578116,0.11046950154805141
neuron_3616_count,0.025042692660100507,0.01779888122206054,0.013691441677373864,0.019516958708071602,0.07295956389255526,0.018257028783938686,0.012689992956169363,0.024323996960769548,0.04000308072983633,0.07936867105695228
neuron_3617_count,0.019026107491901798,0.01953319692984773,0.027583658989112247,0.011178636412050219,0.05842908515876902,0.010676554998659382,0.008692432858335243,0.026863061091244964,0.051506206356129625,0.07271135080754268
neuron_3618_count,0.014748413860643128,0.0018280579825503728,0.033972634005397434,0.004405545352137712,0.09922156486736977,0.009028868275091459,0.02008481235974785,0.03859695035381658,0.060031659581669145,0.09881962773852634
neuron_3619_count,0.023954398371593646,0.01895990309321914,0.02074690252992696,0.014567080191279308,0.049619900488528434,0.010716368723447056,0.01261091919196032,0.019271620164235115,0.032786671876011086,0.07294073731305475
neuron_3620_count,0.02148243835432792,0.08203652469896619,0.006725090609076695,0.028561982030279723,0.03495450095164121,0.01147014952223184,0.03370923603121895,0.016568745483415095,0.016508265453187926,0.04433746084198628
neuron_3621_count,0.04156223579996643,0.041271854504793384,0.0004403480037702776,0.05727673869008784,0.08070235146700425,0.024300199063419,0.021353807461758523,0.02594395469379021,0.033004769511454715,0.06466530620186481
neuron_3622_count,0.04948375535398655,0.07886015505630622,0.0028594606582776003,0.06370160226136967,0.056175449065775096,0.01860090131053324,0.036379908595363844,0.023925977464611295,0.012135592950376209,0.05530886422144593
neuron_3623_count,0.06619242026778932,0.10720734554118222,0.006177671235836291,0.05986948097494599,0.06215217445465865,0.017559185975284053,0.039398199031866366,0.03684847906549424,0.01485335060219918,0.0768479822507328
neuron_3624_count,0.036527998115415905,0.0500921718245988,0.0020930335688805965,0.039152410419968336,0.04061111127637271,0.016499326645955978,0.01622019654485636,0.024730567988307556,0.008070605615745297,0.04508196051308218
neuron_3625_count,0.0369052740145811,0.07962505738280143,0.0008657062251821689,0.04547323005325393,0.037347425867538614,0.01353976376447226,0.03275341974585634,0.02071680866313147,0.004489204587444909,0.04033086673631166
neuron_3626_count,0.0229328726072969,0.09580565920584572,0.002291227967047997,0.04156610883597328,0.031201120634186674,0.008514298459020131,0.043122518475341515,0.014460911340531804,0.005490757914789729,0.030144093053856333
neuron_3627_count,0.021217038803282143,0.0650909973117574,0.004238649433931416,0.023457636951944236,0.026682434549791134,0.009609826200676463,0.0481603760540428,0.01944999433890035,0.015109107789346973,0.04912397855456219
neuron_3628_count,0.034239706002543335,0.08238282401495589,0.005077572797047236,0.0392667057788291,0.02565008315828453,0.008571342724457198,0.01711903854392746,0.01660458085019273,0.0038295879027025886,0.023890415516189686
neuron_3629_count,0.04332620873063284,0.07152407745852163,0.001326985885728705,0.049565465711816525,0.03706789243665923,0.01792539448949093,0.03612768176195999,0.022760007934998508,0.00344731070802802,0.0475211186361339
neuron_3630_count,0.0071411461051088115,0.04204661049857546,0.0013200953332692632,0.027699465041678584,0.03236677896496076,0.01166970752783196,0.05311287760864508,0.009272142286433152,0.0014812365876960693,0.03303876907923077
neuron_3631_count,0.0014287026525182031,0.014998871838743322,0.0013046900305204306,0.013131675571597876,0.017819017778790372,0.0033509151889924427,0.042363116605222406,0.0024033373927839696,5.1808962878631404e-05,0.013198381375629564
neuron_3632_count,0.011764687690591913,0.0025037721917290853,0.0004785276022248562,0.006113510020817746,0.019077535439538024,0.011037064343754122,0.0025923004039547703,0.009109826347205918,0.0003515358131150972,0.016763117442089324
neuron_3633_count,0.0030789391949119227,0.011301266289780051,0.008150098702190273,0.014258475342553575,0.00921791325745755,0.002155816071873304,0.07903818448249819,0.020342872258767103,0.011618575994939179,0.026904845574801814
neuron_3634_count,0.023585895200688045,0.05847241121609051,0.0007414780938970978,0.014869504591671329,0.007157440263158975,0.0012291594171525179,0.0605621553781685,0.0020960915531330546,0.010283286463429853,0.012780354448719833
neuron_3635_count,0.030423274243692552,0.00750784610001904,0.0003753913075983193,0.004224375921247803,0.02151030106049477,0.008378112517531622,0.009869863741407255,0.01690782565215681,0.0018888563357026024,0.02272261919654714
neuron_3636_count,0.0015292289719744338,0.018755914676054253,6.297672003720538e-05,0.0027587517307417,0.02008256207780615,0.00805441042168381,0.0002623281992512206,0.0092462792845859,0.0028571271920228916,0.010409609147249664
neuron_3637_count,0.003897295364550909,0.03525634142626957,0.001070866492877659,0.004762988347997273,0.004707606955422827,0.0017473070681949601,0.003978208686481462,0.0027154256412717653,0.0004907223592353436,0.0018137294659134919
neuron_3638_count,0.013868237094186747,0.00947206985848524,3.163677652558204e-05,0.0030953098681039196,0.01668195234162763,0.005708700679582748,0.014713728577344876,0.019674593474539967,0.0014778436920420586,0.019966729138857622
neuron_3639_count,0.024088456686250447,0.17872436018576904,0.013313596964849274,0.02764551422552669,0.006365126543582053,3.289140867543524e-05,0.009395582484347215,0.0002858190184513911,0.0004090316810265813,0.0012548674267319308
neuron_3640_count,0.018041600992450488,0.13855521007571187,0.008279566867718299,0.026077598351564653,0.014962725544404181,0.000245409118258739,0.0068659883040081485,0.0012321204227519686,0.0014628470785841407,0.0018607622040531912
neuron_3641_count,0.07031693113521276,0.3413091473266554,0.028676432152079986,0.0850684097002302,0.013818790509735005,0.010176560244887929,0.03194831415419014,0.020282272150053703,1.1829584580398938e-06,0.013704460160130032
neuron_3642_count,0.0022419907978929385,0.04301384240532877,0.00258999533357172,0.00014204165281430747,0.002536720917323501,0.000708654646905304,0.014070130914611137,0.0216915463305368,0.018676788396782593,0.020168891720948864
neuron_3643_count,0.003895345436556394,0.10473878879788687,0.0013937013110490604,0.0064899934045153165,0.00893774138076879,0.001059902086293289,0.010126237742405779,0.014370907893296613,0.007310676058322127,0.023761268499758487
neuron_3644_count,0.06302016893924588,0.07355783398401898,0.016981709012467615,0.1077455182173436,0.03280022458883998,0.026104938738282568,0.0680010666207723,0.11688837102556279,0.0013871000705100202,0.07039399192491348
neuron_3645_count,0.040654645483176155,0.010983453872231659,0.011086225070184655,0.010286836146857554,0.019574281262071447,0.004618788202011032,0.014079187931583956,0.0705860743308567,0.010579934312576922,0.0627092755737942
neuron_3646_count,0.07119244286426218,0.054306256322022864,0.04414075347954119,0.03658241216001561,0.021910413538894474,0.008328021703608593,0.07161369459526301,0.09878030741332945,0.0163275856050044,0.0768370270476137
neuron_3647_count,0.0010912345736633113,0.05215020660762404,0.016244524137063204,0.002976122271843705,0.007155112567768011,0.0038359514632991636,0.005596016715933169,0.04782967972899732,0.0107936437684049,0.04878797985901791
neuron_3648_count,0.021388858636496436,0.1533536466037733,0.0016313282137390243,0.0036244564845714575,0.01973568391365345,6.961763836045023e-06,0.06781316781826635,0.001709504234075114,0.06080483709909837,0.01818546297555655
neuron_3649_count,0.03729003962464267,0.18153368463918013,0.0029527924897788174,0.0005858808977583212,0.03234324434200905,0.0008769916979030623,0.08863404415869783,0.0014018397002457765,0.06241701002376608,0.03122670836599628
neuron_3650_count,0.0005948231581527248,0.25172887629457796,0.00685418741126316,0.00043170027475717895,0.01085979341706475,0.0026805599453902165,0.11179673509426682,0.02184887254188722,0.05468696307126822,0.00464992322562003
neuron_3651_count,0.004480781392694554,0.17942744214260375,0.04904186933107242,0.011722089248693376,7.80194437465635e-05,0.03446607211384724,0.044268421067327784,0.07735335966849355,0.04823812756188184,0.020363320728950182
neuron_3652_count,0.026905049523601635,0.21109733946156578,0.08326245850698973,0.012062711018937314,0.0005090002087403331,0.034237985635316145,0.04803045243815693,0.08505616686734083,0.04886387912096821,0.030961219138044782
neuron_3653_count,0.0051252134108567965,0.09463852636411033,0.03426656144744519,0.0014183836572240448,0.0012409492624181652,0.016221707544083322,0.035448484431491234,0.03521322471973945,0.034633661326519294,0.014272222668554588
neuron_3654_count,0.047643267934210046,0.20697963170781958,0.08385217992165239,0.023288184301838905,0.001954081118979791,0.04442052907449161,0.030353858560629055,0.1025722314532111,0.04505811114112028,0.039630594441771194
neuron_3655_count,0.02199088966080734,0.12802927556604862,0.04601171292436206,0.010033563726179258,0.0018079439413745887,0.030883410730015264,0.027119888405277404,0.07484437381872136,0.045800322109490484,0.022671662808306015
neuron_3656_count,0.0011193470608856747,0.08341545091782562,0.010856099072254793,0.02028938498399057,0.001259596943793852,0.03112795296351572,0.013708631095466339,0.026962843046311538,0.027731502476746918,0.003194680780785093
neuron_3657_count,0.0009378470305639215,0.07969553740668978,0.009301595846212186,0.0061141946408007145,0.0005981764091552884,0.01950552855963667,0.012613404512338063,0.02720025315652473,0.043273645944299596,0.00019111451723514365
neuron_3658_count,0.028683262898160436,0.0517205385750415,0.005296381397454024,0.0018910623809667605,0.0027510578718707678,0.004871120355532298,0.013141239712984525,0.0064553589431067745,0.03773714306730945,0.00151632509160856
neuron_3659_count,0.16321987734911167,0.02037938546324712,0.07854772586568731,0.008044366553596055,0.09682113563930272,0.01575429699863163,0.0036290934065235387,0.08515285076274894,0.005738510190501096,0.16394613557700397
neuron_3660_count,0.039597043372645746,0.03835465365982654,0.016840412260101592,0.003614034161130153,0.047964935125807795,0.0023078215041767887,0.008151667343797471,0.010449304490665924,0.0008168584748370639,0.06719977978552684
neuron_3661_count,0.1528583674773768,0.0010188441399163143,0.029218416356632804,0.024330445607648216,0.10820567352999269,0.013849007682727732,0.005806211666227412,0.03858888455973841,0.0030657202381099424,0.13880254609516596
neuron_3662_count,0.10441361223336348,0.005020687600898868,0.011465978087719098,0.01556938984070566,0.050242401636702405,0.002761130329837741,0.013531548543906535,0.010953426291847111,0.004662477538266041,0.06186720122460029
neuron_3663_count,0.06628116039812651,0.004168345806299233,0.019632352075619267,0.006818022823751192,0.06133271598331702,0.003955812254411786,0.005486299140630587,0.022258894431214205,0.0022035270169245454,0.06891698548063076
neuron_3664_count,0.09292035255438733,0.00031575086026230416,0.029676902706311695,0.009873033467618697,0.06458834330886112,0.008354838364537126,0.0014829559694233795,0.02576766055203425,0.002160672180536491,0.10096654684118792
neuron_3665_count,0.05001912570651751,0.004692535674728278,0.030046172514248126,0.013663982882617262,0.08205349740848532,0.013457348698808588,0.0030274061101783385,0.02713796454848255,0.011056025216164542,0.08855482337027795
neuron_3666_count,0.07738991605711207,0.0030207737160988443,0.020775077682729348,0.003992585797060716,0.02842403643577056,0.0017997449764577365,0.0029448861782791014,0.018609418709002706,0.0032105605704293213,0.06080953786152586
neuron_3667_count,0.07609341486765273,0.005339601054405278,0.01789301665386618,0.023168982534677626,0.06204712008225784,0.008729006684490032,0.002150187521061095,0.029351786548553,0.0049661426548624,0.08130040081615159
neuron_3668_count,0.038223340862544086,0.016812088809460377,0.03932753707905326,0.007353844464920226,0.06768299939240169,0.005974984937932151,0.004771411198355436,0.02131780309433645,0.018825662119477136,0.0830855986029716
neuron_3669_count,0.06453619918874226,0.010530982250839455,0.04946005694376465,0.015773793868711777,0.11906431126124982,0.013258084605004869,0.009609453670210462,0.031118429696104455,0.04283161242314909,0.15154004070290017
neuron_3670_count,0.11273698819342007,0.007683499431009211,0.03535310825524268,0.0309932042151001,0.10863592116258422,0.0177564775672103,0.002131608381543703,0.05148104881750115,0.02866221449487602,0.15364891210062995
neuron_3671_count,0.06438947347177454,0.0107421141082676,0.033247946917739454,0.018266980398259802,0.09724745111191335,0.015173386063280031,0.004201791575865499,0.03597149588603235,0.036060502802673505,0.12187831685386169
neuron_3672_count,0.046431296691664015,0.00825675047711763,0.035276623016129355,0.009818769791440848,0.07791372587154165,0.010616062613815647,0.002762287389988228,0.020652812711315208,0.033841853722351836,0.09644552654027518
neuron_3673_count,0.00903477293505725,0.005064474706286182,0.058101387279700434,0.004050899666249219,0.09357480851315056,0.007633151990047243,0.012764067548415643,0.03607098313032868,0.06328764806823431,0.08696374171410168
neuron_3674_count,0.04849010184834465,0.013790166803267667,0.04246509691410329,0.010882193355792227,0.06755352703974778,0.010729406392690627,0.0019021950845332387,0.025190425406079353,0.02611848889301724,0.09815710922573007
neuron_3675_count,0.04536476824750832,0.011229944607395861,0.0269226140605537,0.038744375997989494,0.13456393041543757,0.026463402869208827,0.0020867888999531146,0.023712948749204016,0.048519611098353205,0.12793530858780644
neuron_3676_count,0.0628350209799042,0.016722728977839926,0.030000552957391624,0.028325721906996143,0.07940318832601609,0.02196549200853437,0.003005225886759836,0.03801187119209076,0.03242998258968971,0.10708797375720455
neuron_3677_count,0.04457700526397515,0.01214343533057785,0.022254147354707265,0.03604239209226669,0.09892135649493483,0.022292678342841973,0.0043437585402080585,0.03643632777227142,0.041715767597267486,0.10151516929331116
neuron_3678_count,0.030238702375908255,0.023798110537987346,0.021960589511098985,0.0255522588940848,0.0985720162134221,0.01909099976412877,0.006723607294667998,0.022447900022197473,0.04042612775387586,0.09041337673887237
neuron_3679_count,0.03944764665291643,0.007981832264674096,0.010973821482466672,0.04885675779429202,0.14011699454459883,0.026549098686025896,0.008626179457128826,0.03664216558281083,0.07033743870054734,0.12428606452582433
neuron_3680_count,0.028158937704568177,0.029753468208535236,0.00835896655188871,0.04651628436061367,0.08124865503480083,0.02857884754167156,0.005105416820091788,0.026436255462901168,0.03965782749228039,0.07857620200832677
neuron_3681_count,0.05597027527118753,0.05266486180893751,0.011809072070552012,0.027621309335246938,0.05499864643810505,0.02153245454595966,0.012566133730838674,0.03622086818299691,0.025746228005499958,0.07903359186835338
neuron_3682_count,0.03636962257543577,0.044627349903974045,0.0061989901832704905,0.040982579278303316,0.06025385378981202,0.015361607139320388,0.014270830197445253,0.017546008051267298,0.020415184195465813,0.0708667089199182
neuron_3683_count,0.01834135833587225,0.03505965332399649,0.007644848797184231,0.01859596983379866,0.04939929307747998,0.008228282407073559,0.018955534060807452,0.01203879309276415,0.029180161194448703,0.03626350303077197
neuron_3684_count,0.022842619070043174,0.0493043960154754,0.007254159931974848,0.028939027015360302,0.06877723933543806,0.02033284714130823,0.02651229826574393,0.028387984555244175,0.04988107099079139,0.05853648026290284
neuron_3685_count,0.043044992126060444,0.008212732973733969,0.00821303122968052,0.030489463547763662,0.10253236644250172,0.026810790140261442,0.002206428953869164,0.03257602032902626,0.06511922274740287,0.10373250191704014
neuron_3686_count,0.02540869480800377,0.023461690188514683,0.01114478625475622,0.019661646784670098,0.03689358282183526,0.015071807315876234,0.009159321163081678,0.01986616183774817,0.016382057691527077,0.05974703647071715
neuron_3687_count,0.07162642755571505,0.09108923522635373,0.0018114338051682423,0.08083599828511429,0.04962398261101095,0.017533419610235093,0.03010572492665725,0.020155182567127505,0.01026002235697733,0.061460707664408476
neuron_3688_count,0.049232801184615343,0.07800366820090648,0.0009296172631814291,0.07716608392181484,0.048173933562004084,0.021718138924577274,0.01713940692377712,0.020230585988848707,0.015006638352909635,0.0566196831354957
neuron_3689_count,0.03192844625464672,0.07249628937318124,0.0028577174570774584,0.04450137561824169,0.024680214334186795,0.013379334968027831,0.011339214745202164,0.007578081797221248,0.001477408493675619,0.02529859606155721
neuron_3690_count,0.04958481293177769,0.09720973285690701,0.004577478076405024,0.03646701296664634,0.02794800519468371,0.008405114963155005,0.03341480393806609,0.023584723450453357,0.008782557700612065,0.03628366627549562
neuron_3691_count,0.07760943745522375,0.11791228216213841,0.005965067122187036,0.06582188016026733,0.02965948044603474,0.013302738344420445,0.024516757430658717,0.03568812062070319,0.0014128094108713171,0.049808728527988705
neuron_3692_count,0.07732469563823208,0.16638659221617771,0.0010438543233928545,0.07023501015152428,0.03416437822504925,0.015000057419484403,0.043353821651404056,0.029283165776040038,0.0023968925959684563,0.04139618765060424
neuron_3693_count,0.08033172262408828,0.13312088715324097,0.0001266343704660975,0.10661444483799387,0.04443160390463316,0.024421955220532726,0.04800355443855567,0.05426619911364469,0.005177652861132594,0.0544322035809518
neuron_3694_count,0.08810906604663496,0.1237236148710456,0.004070081600411057,0.053802379340233464,0.038060902060186086,0.02190587688949802,0.04417631858985109,0.036865755047800416,0.001623962534171729,0.0413865145945357
neuron_3695_count,0.02939271320448608,0.0268262664741509,0.0015143121296368623,0.04080539917168832,0.03482836809539011,0.012539589294824724,0.011503679835655728,0.006533975650743401,0.002771134938551814,0.03377258954759474
neuron_3696_count,0.015152454041837737,0.013739961908159126,0.001534059866332867,0.026267867522778113,0.021958261476329635,0.011526158597970217,0.02972922959698901,0.014120793202596585,0.0027291552356938434,0.027090096320698046
neuron_3697_count,0.02242735330523439,0.0115874933286114,0.00014490355562724868,0.02153809837815289,0.02878028569195988,0.01468598721334502,0.03788940533281998,0.019139851678419417,0.0058697725049096025,0.02556024680029441
neuron_3698_count,0.023927704197868715,0.02708274809445299,2.7864467688461854e-05,0.01906188405761973,0.01859711891863476,0.011876516603684398,0.004397613814069168,0.0039868195327523274,0.00016678817816813928,0.012234481673194922
neuron_3699_count,0.01577189274719845,0.0033311669085772724,0.0017047264552183996,0.017796974327986465,0.022465875084244705,0.008394200294616544,0.0066596423473193125,0.00939054046527616,0.0012450124501771336,0.011087866339305162
neuron_3700_count,0.004001405344470299,0.03506582072365105,0.0008975323418596408,0.00047151585111254246,0.02195213810691487,0.004050850876121559,0.0036636302328819786,0.012121904259195758,0.0015298808503585361,0.020622281819490745
neuron_3701_count,0.00830690033343292,0.02508901480739134,0.0016053572657446476,0.00020416756990330413,0.020332382053542916,0.004470172946689985,0.005454064752092605,0.01601651106638015,0.0012349930933904926,0.016108743103762757
neuron_3702_count,0.10093790952372389,0.20293104702160566,0.01379643527366703,0.11630908354244684,0.020529838247382,0.025246884679047482,0.11163026034017359,0.10220450837431597,0.007401197617091515,0.04796969845804955
neuron_3703_count,0.06546183925283902,0.25289220018755487,0.003762233104107723,0.10126364405137173,0.005518438463698247,0.019335446832581094,0.10069327195027983,0.04236549699432435,0.004436517071232639,0.01644780487563606
neuron_3704_count,0.014678559747918055,0.02164568844474156,0.0008431154098291586,0.007110202306797854,0.00854371747578208,0.0033504625189881773,0.02510557584692094,0.027490047423111202,0.01232608534652209,0.028970176185683094
neuron_3705_count,0.02759288816217509,0.046433727347549955,0.007998627537468477,0.0738199786938169,0.02038173317981473,0.02097096184362146,0.02527228102317397,0.09506036699573617,0.0035246469476807388,0.04253382330203416
neuron_3706_count,0.028426927206324656,0.0930203562472118,0.01289989891981129,0.08622529685713143,0.022567243933767384,0.023279518221719267,0.024980889445358576,0.07211299962857418,0.0009706880795229255,0.041591637287924005
neuron_3707_count,0.03468611862510518,0.03766157811036147,0.0141369499274199,0.07328397377232862,0.03358420080929177,0.022162757149172096,0.016606429700828595,0.12066978463467448,0.005114338102747203,0.056158775827916826
neuron_3708_count,0.002647949734887231,0.06181065581090198,0.0038995676626356335,0.0254418669317778,0.026206031794527698,0.015246798032643519,0.018107923658826602,0.06022487801078927,0.007353656958496088,0.05260695212371608
neuron_3709_count,0.003799550843824384,0.0723084110052255,0.0028239229625782424,0.014663438271678528,0.029846352037106033,0.01036124359442761,0.0013996472719792728,0.05312410064054142,0.0009339224694406567,0.044392526824930834
neuron_3710_count,0.010235842865423075,0.0037963783821226976,0.02889974679764651,0.005602058451532263,0.006869643041457908,0.003297930987697005,0.0376842453118415,0.05576424524334088,0.019046936024687544,0.049511904531291964
neuron_3711_count,0.002892123226591624,0.12408582064887397,0.0010595040246785346,0.0027833596498775676,0.005887304140803663,0.0011609143562894483,0.007739827707750752,0.01180572819536177,0.00018461221760037241,0.010478695987161737
neuron_3712_count,0.013026199640232716,0.1561339773103551,0.027607578406839847,0.010171005774948838,0.00037575186064524617,0.020687470074174957,0.06421612137114738,0.07174691979812134,0.03659756668387143,0.037587657282084574
neuron_3713_count,0.06045965134962977,0.041925098181875425,0.011907110535128516,0.005659252517967221,0.04647560090388257,2.6559957921404092e-05,0.0459985797818401,0.013672222571443193,0.02928582685206474,0.03697967821465655
neuron_3714_count,0.05408191591007984,0.03394180976682871,0.003992762035122603,0.02031388153728763,0.05768220274138106,0.0034811319991032742,0.04943981531910927,0.008090762647311841,0.015972120164812486,0.03495497076339541
neuron_3715_count,0.004985026877291195,0.16682601876945324,0.044158952088574746,0.005141449204230784,0.00041364701937865976,0.021121140995026655,0.05520453798208169,0.07354285828969265,0.04862905576331579,0.014395211721113112
neuron_3716_count,0.025471357340910578,0.13840543580048015,0.054757265025624835,0.02238464527630528,0.003339196972828702,0.032793162007966226,0.03564543021746169,0.09416078907167016,0.038045703502926714,0.05750131427442867
neuron_3717_count,0.04253039290248631,0.1264645604224246,0.08139977193078982,0.024409785102659898,0.005744804539683582,0.049636020855837126,0.021583446818609187,0.11327349282327887,0.03389378973584094,0.07355795416537536
neuron_3718_count,0.021647660659112375,0.14221002853221992,0.0455135104985316,0.01235805243450775,0.004084424878962503,0.028749030345179408,0.03391188824961647,0.05122285429436474,0.04902835414376351,0.021072415960155674
neuron_3719_count,0.09500435672332574,0.12769219471513,0.0037034976488416263,0.011125094835274171,0.06751241446840005,0.0011110789563282888,0.038371859045676096,0.006995797808101216,0.02868084689464777,0.08709733329754674
neuron_3720_count,0.00906396710779761,0.0782851573336607,0.0041213727181952375,0.00038840824490275587,0.019118228711637333,0.0020425938578255507,0.017568922974553633,6.267051580338646e-06,0.017761577117598827,0.01919483522948695
neuron_3721_count,0.0019870435811951102,0.0700680068399932,0.016763825575673005,0.012412611920657804,0.0006114673441807161,0.014679268390992588,0.007610719876682347,0.03461387344225808,0.031713087806411216,0.0051978533714175795
neuron_3722_count,0.08256679260603489,0.024002151297827193,0.01993013626372364,0.03929707880824991,0.0821377835244526,0.012144298963606415,0.03504185810520129,0.03774821869045998,0.0042011727407559665,0.08159388607303004
neuron_3723_count,0.040267944156656285,0.01466481158200078,0.007844700906095528,0.0034220882863562063,0.015527083500273556,0.0022088144551819233,0.003478995973366131,0.00016202886617159066,0.013125981947437707,0.01602681025272471
neuron_3724_count,0.06853059199741113,0.005920853334081107,0.04909158578334108,0.004978174190022812,0.08057850287624214,0.006157550710350276,0.002194249530665488,0.03820275641313031,0.003993122444430199,0.1158625210074101
neuron_3725_count,0.03171754142261744,0.026946340815075978,0.025854430294683553,0.00013228166488198946,0.026533603476630793,0.0013041651541884462,0.008735647483539291,0.005192892130128239,0.00400848269535764,0.04011065040007389
neuron_3726_count,0.09537063325981845,0.0013247100240177546,0.026134988181003016,0.010861175925973895,0.062255742708289444,0.005885929411575494,0.003603100221585026,0.026921309070184224,0.0007191769098867941,0.0850800850856255
neuron_3727_count,0.08180255962834085,0.007187273978792754,0.021245711741739476,0.043788469890615855,0.0992295701720125,0.017038931398344906,0.01884242362590499,0.0402297791184021,0.00890797038741794,0.122095960823039
neuron_3728_count,0.0903614323162572,0.0002564246372704238,0.018965726091231247,0.010252102603466387,0.052314291827306986,0.00561406904625756,0.0006292583101390266,0.0202565927060826,0.00010015642837349781,0.08351940527665014
neuron_3729_count,0.05329424761895015,0.028917044787053932,0.04766333070039355,0.018409009123823886,0.12608801080914622,0.013988245532934374,0.017189954572418842,0.03129005358786338,0.02329076668998105,0.13443264795635118
neuron_3730_count,0.05287216718877624,0.002925711587022715,0.011720235747833159,0.017696700636878088,0.05261229480903658,0.011509111308271161,0.014114472700310764,0.019456238128292967,0.0020803305659292254,0.04999223393196546
neuron_3731_count,0.09342907672990744,0.009481958110277987,0.022001904206753672,0.024505257553091894,0.07418936363837081,0.0123191024639204,0.010056088278077267,0.0282700304904243,0.009007889905479231,0.09276540375699292
neuron_3732_count,0.07289411740696192,0.016340345087871758,0.042355178630034324,0.018133829975881685,0.08945953197705797,0.01175742335632421,0.0033524878907738743,0.03283475289436029,0.015436384624660779,0.11558553091102294
neuron_3733_count,0.09834053046819524,0.006585874155614943,0.07046451256151948,0.017775613227039078,0.14429019265311033,0.014148690584780688,0.002752810465536085,0.06194896878464873,0.04380186111655346,0.1854749769181225
neuron_3734_count,0.054920756422878386,0.01354813724770557,0.020600602883647554,0.03626676925917863,0.11996613230748962,0.02108690482148412,0.015085851592882213,0.03871822879059955,0.03128552295212357,0.14611295764767082
neuron_3735_count,0.08074048799652453,0.018170467435717957,0.011182130101432819,0.031048259855570803,0.05886333790410549,0.014931556464472223,0.005035214063721587,0.03394242301479977,0.01565813703889267,0.08966206500244098
neuron_3736_count,0.08949966023774392,0.01151076870105823,0.013885223762385365,0.06005433598413179,0.13165012038656446,0.02944188781560804,0.008874714977516997,0.02675675855394083,0.026046965862079705,0.12589682323540502
neuron_3737_count,0.049773598489326276,0.009570050501342818,0.03935921669966708,0.023260634487817705,0.13415044545672464,0.016640659124488852,0.0030415735534021614,0.03812338185639322,0.06053938468251513,0.1384659127599093
neuron_3738_count,0.03629351912935709,0.011090711459009563,0.02686444521826141,0.017201284824190255,0.14515598991802958,0.021090272876616925,0.014474314156875525,0.03715854106372202,0.07526031644922443,0.15361674022174443
neuron_3739_count,0.08233888636417538,0.02343916560602201,0.030691150423149738,0.030703499909019133,0.1128634019202076,0.02241201077329809,0.0072525700231832885,0.04207050814348359,0.03941031933431269,0.14582596644220971
neuron_3740_count,0.053682387219330635,0.0202069732729679,0.028163252721537232,0.036764294922631974,0.14561461407110085,0.031508436370470516,0.003623069862674508,0.025209398867009652,0.04128316335789195,0.1390988619998303
neuron_3741_count,0.009615952754581223,0.007850837278942216,0.01827249873961409,0.008014024006391195,0.06564845259009479,0.011445605649883304,0.013825821915214883,0.02389948509756258,0.04595005820706724,0.06750139839178232
neuron_3742_count,0.03597756045183883,0.014932408572765704,0.0042881275445637995,0.03890683107510351,0.13163216800679578,0.01855394579575645,0.014898118923190748,0.016927180751300036,0.0730723150296021,0.10295795551972663
neuron_3743_count,0.025740670060620266,0.004316754474403203,0.01606522961295903,0.043499865058053644,0.1487949094130731,0.02175262785873132,0.023160288046891617,0.03241194519904281,0.061721290221727676,0.13792409513653925
neuron_3744_count,0.04956838914017084,0.0022820937001551828,0.006784314941921429,0.04140641843322912,0.12499029745014084,0.023940715406973193,0.00017641770935616485,0.028509565061242054,0.05111938098257429,0.11870408117354145
neuron_3745_count,0.011261848374791494,0.002042190592930166,0.003538170817866483,0.020757122459220262,0.09757506692022899,0.02076649073640152,0.010234702306484753,0.020152412531404526,0.052260641402286895,0.09436537488057853
neuron_3746_count,0.03960254664119643,0.024426092231645144,0.007832657016611122,0.04467616675143299,0.08824722807838659,0.02074944639148782,0.008758343366839522,0.02757342318933513,0.03542828068315616,0.0784386358355654
neuron_3747_count,0.006890739899236095,0.038767541530104366,0.007373872951756455,0.020743203326886978,0.025644556576012084,0.009252158477575448,0.02682582803662817,0.020004491040083436,0.019457052821175408,0.03479447310931852
neuron_3748_count,0.031296429846651416,0.013230852925342262,0.007472981659908506,0.025170981297849476,0.06940375012684549,0.019517442133254112,0.0049050633245610285,0.017471598073905123,0.03217119476325936,0.08813742863495744
neuron_3749_count,0.05506850779444697,0.03551364550149465,0.004217836617624898,0.1000316774626138,0.0897919816475169,0.04026354100243973,0.003994194085266047,0.02868282380110071,0.03459111382417024,0.07744415921433428
neuron_3750_count,0.058666380632245524,0.04319018549973297,0.0022559935842740436,0.0661536434080911,0.08641190604578919,0.03420281293190608,0.007490532123397682,0.03272879273900507,0.02815714501218486,0.0868059301178489
neuron_3751_count,0.06581619032059735,0.07192004841440508,0.001067254615808734,0.09419279538314376,0.08505038347311845,0.03850069883640311,0.008574897765887265,0.034722213323364545,0.01881343489878738,0.07351180103045198
neuron_3752_count,0.07691772930784943,0.11978450382787548,0.0006451846183012262,0.07854617224921523,0.05647547547817952,0.02465660300307715,0.026636771455435207,0.02690240851295643,0.011787645881919287,0.06727019308660168
neuron_3753_count,0.09148958729761758,0.11948786147457449,0.0015165383678508726,0.0681756267080956,0.03650633704230424,0.024746065543618218,0.017645900040481437,0.034779380880439525,0.003501229626348766,0.046809021317425495
neuron_3754_count,0.0672947610409326,0.1369562891557755,0.002230739950186751,0.07259035377456852,0.035561685079599004,0.013774305408307874,0.0298407598965474,0.017098523015230946,0.0020585864059222813,0.04308931754701223
neuron_3755_count,0.09501417574738275,0.17877450779152554,0.0068508374087335455,0.07548194756585244,0.02515119085876319,0.012825504387442135,0.061117780381426345,0.043240422155203295,6.233106383054122e-05,0.04421082438289764
neuron_3756_count,0.09716901864549274,0.21253983751902678,0.002740357817005816,0.09625769344544499,0.026702506024442393,0.01588140257200979,0.06788573341466142,0.0485498837937027,0.0012929847997153747,0.0458795432649359
neuron_3757_count,0.1049259958471574,0.22426004208550357,0.0029158625959808957,0.09594644015659345,0.021468761972912698,0.018212885196447343,0.07124060621795517,0.04716239190945144,0.00218861247445974,0.04031389717818748
neuron_3758_count,0.02619028510416295,0.11128975190967356,0.0002733106368573244,0.052320785468238595,0.020988674845858937,0.013178338184433216,0.03247751771126885,0.017678459822578388,0.004105134558432803,0.017556183552097815
neuron_3759_count,0.04518405485460569,0.11851825093997094,0.00034252106312675744,0.07114455834412062,0.029475798181974225,0.022409595799737766,0.028422221127123212,0.027037301779475234,0.0032962624271192544,0.035075556138841626
neuron_3760_count,0.04455903782132374,0.14609821851256832,0.003240821321820967,0.0582147375806506,0.010593604444388081,0.009976555096531711,0.03645856782989251,0.026044336791047104,0.0022627019285115305,0.022094279518141635
neuron_3761_count,0.05904934041380361,0.1390205655002716,0.00043107394087714065,0.11956527712226869,0.04032227521660829,0.029702054863403632,0.013257540312452472,0.027424915194903615,0.0068694238835230945,0.030905861270999577
neuron_3762_count,0.05204787781031567,0.08437845495630356,0.003413537474229282,0.04865274717503032,0.029197395157012404,0.013428147949977487,0.03778359810786511,0.036220452638211775,0.0025670766821095717,0.03863867871009137
neuron_3763_count,0.0751868966498942,0.12135803027158687,0.004423030808866635,0.08320725478828403,0.04545086325154232,0.015592178019184527,0.046651528875254755,0.03836856579141373,0.0006212859621633794,0.046628745865516436
neuron_3764_count,0.06266632802564656,0.18379096572294434,0.005051972342252721,0.05335999789652213,0.012772298956694114,0.01250221767135963,0.07639734242909826,0.027006303087413447,0.004052894174982995,0.031888547782339766
neuron_3765_count,0.005008084427155418,0.06915869436733738,0.0012576070848350392,0.005182941423423647,0.008865803233336307,0.0028657690005602296,0.0021715637678113514,0.003044678168424804,0.000974560988538045,0.004607752231253905
neuron_3766_count,0.03287735269499338,0.028988380540609947,0.00036592498289182425,0.019084234643835865,0.015962079094923316,0.01110138849097303,0.02012699217911612,0.02403929554567759,0.0016616885203254717,0.01146278813265763
neuron_3767_count,0.033164063374423666,0.002219206268992604,0.0017856144208830572,0.02089753273644973,0.017671015439031948,0.008114669145384237,0.07955625492490462,0.0595975938369632,0.030503680605956734,0.038196496115331546
neuron_3768_count,0.09052247888495352,0.16392939188885722,0.009448677358111654,0.1078598417731379,0.03548753334693808,0.022337863369968194,0.1373554977599809,0.08736250704212939,0.011183324430646666,0.05987597566860153
neuron_3769_count,0.024107579261066242,0.04342662465152844,0.013867233593979275,0.07566095784289287,0.02666300171791075,0.021310229908570025,0.017165974037955584,0.10288511212545856,0.0024563562429032564,0.04436337576204166
neuron_3770_count,0.020403418385385882,0.0014576989260102098,0.0042274430047591904,0.03498778926834181,0.031674764847748116,0.009978135318229428,0.020764615335036776,0.06267055003694538,0.0024660789786084963,0.0450129453442947
neuron_3771_count,0.008045205981335485,0.05537267626462983,0.0014817925837159983,0.016730450130348212,0.05709494068872764,0.011699445594460386,0.013130348620855561,0.06583071226251,0.001955007899731363,0.05377827087465348
neuron_3772_count,0.04734119203306009,0.041697891768870704,0.025601601708610935,0.07381065826424865,0.03630851150372057,0.023668864742223128,0.022004195116482467,0.10475728391382506,0.0016668528514075277,0.06386496195868345
neuron_3773_count,7.269174208655426e-05,0.08567612787846116,0.004259703145847185,0.0014092716902250856,0.007457092592850316,0.0016455331100352355,0.002031879913263205,0.028391377920843938,0.006702883003734145,0.025699944871576078
neuron_3774_count,0.005078386080954345,0.06519483211384669,0.00815171456598178,0.0069265407880348615,0.02110655398857067,0.003404657929276751,0.006400887440682658,0.05209211497867752,0.008076305766809913,0.04782554037333667
neuron_3775_count,0.007080370022076593,0.2694441088809195,0.009637410793887701,0.00739143668611001,0.018442096573561988,5.30605672013568e-05,0.011132425817951208,0.017817897664887776,0.006614693996309172,0.03305759853206709
neuron_3776_count,0.06571031674794389,0.13955742130896928,0.012464453179470994,0.0010663853776960094,0.052699060074214335,0.0001120028380820039,0.03778794142955129,0.007674764829562239,0.04682460429019046,0.05123549632698644
neuron_3777_count,0.04793137282246333,0.05775281482689458,0.0050147049966483455,0.011725403777413441,0.040488117196592614,0.0010609217422084746,0.07862997885072828,0.014844314104797196,0.020034192977353885,0.03198228008037154
neuron_3778_count,0.03236030252220154,0.10595793447004914,0.0009274667511027478,0.004682763311456735,0.026670399533305633,0.0013672367755928547,0.06673615064137786,0.0012849153411758226,0.04194370919799016,0.01903110709450616
neuron_3779_count,0.047971299403816614,0.06630668696793174,0.008957408726099667,0.02660543453985674,0.06145199058585259,0.006041233110059427,0.06969178994889481,0.01309614162644926,0.031715574163751134,0.0548481784170642
neuron_3780_count,0.07117122571618836,0.18181424273961133,0.10332531716304448,0.022986734002152676,0.006082798990139998,0.051949523590944915,0.04368422058140878,0.12261371562026435,0.03708083925253848,0.06933254140810918
neuron_3781_count,0.08922152647098269,0.17442370762136328,0.06647396413384432,0.0166055836828614,0.0035116639385919107,0.02818242571034576,0.03204333234832414,0.09260115769064613,0.03011387357080811,0.040215422788839
neuron_3782_count,0.07021289963749455,0.06257073303080915,0.010730618787511872,0.002210146422486098,0.059050504237239884,0.0017999719925965822,0.025043621291624817,0.00582645542512359,0.0226609823310219,0.05207712229901809
neuron_3783_count,0.016918247222707142,0.126470334708355,0.0027816555110307603,0.0010209654741311323,0.014070915764575129,0.0047427306176179365,0.028088028389989445,0.012211900708795742,0.039766717734259924,0.008005338956990349
neuron_3784_count,0.006834794631303848,0.08837729169656641,0.0031295856297616984,0.008425133059712597,0.007505102437777432,0.0005340950220460803,0.03841502718905926,0.0020884862315022207,0.03385728264911707,0.006843248649668461
neuron_3785_count,0.1711734463506148,0.030645587983166092,0.04551868240798798,0.05805778628031741,0.11684716369146123,0.02713442800236529,0.03338270910390965,0.08070331754426177,0.00376597529351224,0.1348372300374275
neuron_3786_count,0.1525323298456025,0.048389218534201715,0.027756162153357404,0.03919528772503756,0.098284181318482,0.014923235589397389,0.045872428813411206,0.03116628599766682,0.004833909059470148,0.09951885220786827
neuron_3787_count,0.08823522898503539,0.030846105777762325,0.015311488642515275,0.004672875501018921,0.042889151436436096,0.0027866561490882402,0.02181622997448976,0.0128199744892162,0.014088399885732336,0.048786047728760384
neuron_3788_count,0.035771739173892786,0.017504451611788555,0.011546810492827207,0.013211156889371807,0.013248757689986089,0.009276096286246423,0.003854446023191867,0.0012232772460342885,0.012815056223782262,0.01901982252505576
neuron_3789_count,0.09245197919504412,0.034485563097902384,0.04394540657707499,0.03789892420115071,0.11461128513465942,0.02260101674083191,0.018668005356044813,0.046596161512023615,0.0020290449724122087,0.14269368359796145
neuron_3790_count,0.026788398393400095,0.03062980345275211,0.010249096281216313,0.0004829616154723385,0.021783217439225594,0.00012753230911985306,0.011810491470177785,0.0024977120215468294,0.00582904910331232,0.027208095286780858
neuron_3791_count,0.11376617629301278,0.026691672220772775,0.03369279867550083,0.028786006028110135,0.11695992310959835,0.020186014024438374,0.010163718870824234,0.032143259791812456,0.0063584961818996455,0.13087767340213796
neuron_3792_count,0.06088191327814951,0.009126110469027922,0.024820110849017044,0.020216748697707718,0.09387113938482529,0.011688136664397691,0.012672713029917092,0.02750525946499381,0.0062703729177546255,0.09246199069341174
neuron_3793_count,0.14166339957250193,0.028781660409720473,0.07542874983745174,0.0256733241850359,0.14367448681064335,0.02501748299066886,0.008348968345933683,0.07102654480886317,0.0227285844850887,0.2140943929880598
neuron_3794_count,0.057835697786639086,0.027633530048801765,0.0011871101900913202,0.059526848422171305,0.13252102018122455,0.023010530594178104,0.03540232317097913,0.009295792577269889,0.02468302540452965,0.12167458856433216
neuron_3795_count,0.057662728412908815,0.024556605739721335,0.014024239982506723,0.06059893754606696,0.17622986158867215,0.027410875078917207,0.035815445541695384,0.014759996625692245,0.035164623679845325,0.15857036465902624
neuron_3796_count,0.08551474449664065,0.019063471293316123,0.0789230306363986,0.04792272122024069,0.20218726996509562,0.04288964597126997,0.028646498350457725,0.06880193148223279,0.0710047781368906,0.23657867703697724
neuron_3797_count,0.07867261822628495,0.0228368406772917,0.027825830383156364,0.052533736407768206,0.18344241414597107,0.0338213843348152,0.02378755990084276,0.03364566768855089,0.0584245420442053,0.18670650028526223
neuron_3798_count,0.08201399231600859,0.012772033030653746,0.013035659220354129,0.05527340443738704,0.09274426293536656,0.026232020341642515,0.008328790070357923,0.04304899096141347,0.013209048914769428,0.11641231822661295
neuron_3799_count,0.04723472817680968,0.00660049795355909,0.02185512454898192,0.028762008807579564,0.08578066820805247,0.01807581402622531,0.0009424697503194988,0.029359488864144953,0.023793013817954192,0.1131685168844345
neuron_3800_count,0.07127732664424014,0.010092728835971398,0.04570028536756601,0.023585793463589952,0.10625397265368566,0.01399312377294784,0.0045969453202311305,0.052457523494903235,0.0305334420772172,0.14141689577663394
neuron_3801_count,0.03733493061656895,0.017933161971936958,0.03601570158638183,0.014410436595682571,0.06042648436227728,0.0099691973753386,0.008288977039059776,0.028261867382958078,0.020633338057845584,0.08709614429324253
neuron_3802_count,0.08151036155815122,0.011921939837426405,0.006697587114457351,0.04933610199510932,0.0954681181438565,0.029931761441357743,0.013181865654924185,0.03756268891060929,0.03671869759197752,0.1052995861780996
neuron_3803_count,0.04038024164744988,0.007431588342774263,0.019204504333297567,0.04583433748117069,0.11614153736743218,0.03159014595697879,0.001814640553193081,0.03923902687482396,0.0427351984547599,0.11821670496048983
neuron_3804_count,0.07509125716640638,0.014545514513046323,0.011539399022521879,0.05994823717117104,0.12881516373149615,0.03434336592845966,0.0022643287804730607,0.0373021728586814,0.03415699788762741,0.13412903576689914
neuron_3805_count,0.03491680547353401,0.01031054417934666,0.005295378511985534,0.03960485901272194,0.09950000903184114,0.019705934566816907,0.006069232331014883,0.018608914101508597,0.042028321294669935,0.087836322449632
neuron_3806_count,0.07606870405445543,0.037884214653817444,0.008145504583878013,0.054647713956224586,0.12277203342218143,0.03486900536226825,0.009427831997992277,0.03480446160032677,0.045909706969581576,0.13185024454466443
neuron_3807_count,0.030162553752904858,0.029123664362316892,0.008065369078604306,0.029938893439932557,0.07230874529258072,0.018188827996803617,0.005874566557452082,0.01475561476107945,0.027996226550829034,0.06677198748326249
neuron_3808_count,0.037329342146437655,0.03156645635773367,0.010627051785987537,0.04852142362081707,0.11111964870030727,0.028196881780245375,0.009098221249092306,0.02784672623149216,0.03413016604121524,0.09013267942055239
neuron_3809_count,0.05882284928763598,0.04403639259729414,0.007600590482396072,0.04133434970890476,0.08532090718297969,0.01810023994294485,0.024003636800191505,0.035498394543966805,0.036837624956834514,0.07554302662807097
neuron_3810_count,0.027087863909157572,0.027175860650696285,0.004182441448090865,0.03572970150340374,0.06874041607322648,0.01704082115794958,0.004922719283328346,0.024822589401773162,0.0514908298658697,0.0723155919026909
neuron_3811_count,0.02340760002086717,0.013027022815036426,0.0033854479713746888,0.035616686387009155,0.06299487165251466,0.016943821963242095,0.013310381001370136,0.03202565030118089,0.031085604304830566,0.0509634673654802
neuron_3812_count,0.07272364395588377,0.03301940823531779,0.00124421339700421,0.09851579123687754,0.10611084998092393,0.040418597526377054,0.0019614775910731064,0.035294858284902364,0.050559836521517076,0.0962853517702367
neuron_3813_count,0.027218928486919904,0.018789916345976057,0.002867032928751019,0.044708376924004783,0.09887557918685214,0.021187722031013503,0.014701369705189683,0.024302047089159423,0.058924257356745696,0.056489101945531944
neuron_3814_count,0.05403725557914549,0.04911088414854245,0.0010453184161106042,0.061652872310586915,0.0830193525506222,0.028062929563192424,0.009347112020701459,0.0324585189408759,0.04323002387294528,0.07609688480348167
neuron_3815_count,0.0655844979703687,0.03331765953661145,0.0010974569027587659,0.09570707440699658,0.10772156649582332,0.040028776701039215,0.004384575066189533,0.042183751963306884,0.052256643975822,0.09147330505417245
neuron_3816_count,0.04963238543795204,0.08427539830812661,0.002425524573732022,0.07807054970411806,0.054935704418863945,0.02796671385974195,0.015462063124150993,0.037569808839012564,0.01432535327130674,0.06080873723943851
neuron_3817_count,0.07660151435101675,0.1992832446710449,0.005584271694967009,0.09236032213699033,0.012219620456435556,0.014227293891149795,0.0962568268577374,0.03763511925592536,0.0005896285318532282,0.03137303745767861
neuron_3818_count,0.05753032144355616,0.07803639073841843,0.006148096039313121,0.047714282040178385,0.039211386460473494,0.017644811711041916,0.01499704844000583,0.032959751477259255,0.007289965068572171,0.05230556308883261
neuron_3819_count,0.08482238466322706,0.09666240483077268,0.002924065265858901,0.11443881554134896,0.05816537680357323,0.02656580671622985,0.007322096406209205,0.03740912297043897,0.03164926713292188,0.05191202302354825
neuron_3820_count,0.06759481500956324,0.11374689079903216,0.002088428158400213,0.058009995020048916,0.03899943075521982,0.0179734278218375,0.03540533069475223,0.03471583521564765,0.008468672714451501,0.051783357877276365
neuron_3821_count,0.0061098843915861414,0.0028155555339771897,0.004280087813818086,0.02098526638623656,0.03034815121230066,0.012352725871060788,0.00943042917683476,0.008039833583288358,0.0022516173627525004,0.020159322133842264
neuron_3822_count,0.06983317333323474,0.09325984800237788,0.0016655279152182276,0.0834250204759108,0.04242569675352241,0.023416115430784992,0.01647312033808248,0.045914459330267415,0.00993496664245051,0.05811905702496249
neuron_3823_count,0.05445006863351859,0.15946083374449627,0.0020634388018784117,0.060566996079641056,0.020095346643979564,0.013088077246125943,0.03598610414729178,0.012103696029953925,0.003367814236586955,0.018093847228780616
neuron_3824_count,0.053592511582912145,0.11671029461674054,0.0045380880445059155,0.06842263733706211,0.03126677472784872,0.01748269749879955,0.02694920368173262,0.040550349054754534,0.001031232679014532,0.029850777660045083
neuron_3825_count,0.07303186445698934,0.10327944779437503,0.003617160981423978,0.060253103211474396,0.029643016101298006,0.011737507080398668,0.03755981852205306,0.0350725966441494,0.0019138287060668606,0.041551860256223594
neuron_3826_count,0.023268954558357008,0.025171157143509787,0.0048404259759073295,0.021820961750501522,0.03536679196423971,0.008612732337952941,0.03062731866906529,0.020530791730514725,0.0012007306731430492,0.028377868782475987
neuron_3827_count,0.016889026259523765,0.020568645606346136,0.00427678247686087,0.05225339152232203,0.044449332549728326,0.02140117079536083,0.019532539304323387,0.017727511727244655,0.0022893257746394186,0.031186963600662754
neuron_3828_count,0.03927579996439204,0.0514242579335179,0.0019439139997981525,0.03431806639726462,0.011664867959138167,0.012724195844959249,0.022396254523968095,0.03487612126501677,0.0032741585144685365,0.016138435891253355
neuron_3829_count,0.011643490059688746,0.0076462715387604074,0.00023517565995741403,0.01227137170523862,0.021900338796608465,0.010756289580790196,0.006853915614040251,0.02927753063888827,0.0019413602560899709,0.015631433298320868
neuron_3830_count,0.04544364585035869,0.3077154199326445,0.01586948256624236,0.04344136551429165,0.01550048519428586,0.0014031048943999491,0.04555406469973162,3.37929151861423e-06,0.008079113138640391,0.005320860964869268
neuron_3831_count,0.009883055440098064,0.17527885351105543,0.004882685519730052,0.01000410896273847,0.004450706421124356,0.000678208171294228,0.0019056006007887106,0.009013145638561426,0.005207893269390064,0.013354057852981785
neuron_3832_count,0.08569746392957961,0.16737530769277859,0.011977307114235634,0.12385293542657386,0.031884056391969534,0.03275639712369227,0.07804922280139248,0.11714094421323162,0.005005635832780762,0.06514375532323119
neuron_3833_count,0.006793114088524864,0.013735107799909229,0.009410124211486938,0.037496841031390685,0.026573801501518793,0.01569029392406901,3.739945200301534e-05,0.07617011925157746,0.006208936715289215,0.04332109800137644
neuron_3834_count,0.009399752311026022,0.051616863649825956,0.020023454838164062,0.05953306754932805,0.012890915343644761,0.02008559439440137,0.012393443093642306,0.07523577209430395,0.0011312724664760514,0.03325332352504741
neuron_3835_count,0.02290513667174547,0.0044588837774165516,0.004595340785999484,0.038289764476270804,0.04121683201860585,0.012450812944797468,0.02921056990580778,0.08026578791665887,0.003865456490799078,0.05663349856345182
neuron_3836_count,0.008403549040620857,0.008945606895857453,0.006955609253534369,0.018779429698915884,0.012499543972759618,0.007513925665191282,0.0033864144569429686,0.04367084308315576,0.002007262723042788,0.03286318289286898
neuron_3837_count,0.015285856409520057,0.0006833177889636779,0.03474846355093221,0.02344906572393987,0.012303065514097808,0.005695299763937539,0.02505203836860992,0.06395046055376707,0.009502354677454139,0.052132494550882744
neuron_3838_count,0.07054346434227113,0.1573065428920078,0.04463771069733921,0.06893228733497891,0.024559721494074524,0.010623349532848006,0.09733825192218748,0.10695797410117694,0.008433525713633608,0.06929461003267053
neuron_3839_count,0.0069408861627077365,0.008907416955279801,0.01885582371810983,0.017489895092029667,0.01263442159379357,0.008096118758594055,0.0038989015714527633,0.05729475243318517,0.00013395471481524902,0.02993207571874551
neuron_3840_count,0.011374701904462006,0.1845104231355914,0.004418000671577459,0.0008940395126983431,0.015394979387203245,0.0031398059917892435,0.06531170380265773,0.004782489431363314,0.048530219526693716,0.008889782488609811
neuron_3841_count,0.10566926705589255,0.07865738111235701,0.009175348596737506,0.009822465477036524,0.05364061611308743,0.0028199948964427596,0.06571733440299603,0.009025314494775262,0.0389954796701969,0.060953075566094125
neuron_3842_count,0.13528945113221866,0.012345684017855265,0.041771572544447355,0.028682399182988885,0.09951107018443356,0.018766615889409977,0.05415702714234796,0.04899540435573352,0.013712999005100299,0.08967432744660844
neuron_3843_count,0.10083531181977454,0.012551910282078041,0.0324627683754348,0.03435891485199652,0.08472496049476855,0.010395733936714016,0.07272899591367452,0.045509348529332576,0.007031263310406932,0.07750271761918143
neuron_3844_count,0.002805184869574963,0.19645447481688652,0.011173068350160645,0.003111197888250511,0.00422139570503326,0.009185540553109793,0.06155892586938068,0.01631719003645353,0.03788424647769313,0.013231038340934576
neuron_3845_count,0.03541081233842569,0.1222555283208904,0.0003120629004651277,2.2644816154883526e-05,0.024539552174253992,0.0015478030429909202,0.03472954438070758,0.0006525390222078317,0.03462454212780426,0.025587223658482462
neuron_3846_count,0.08204460089480783,0.03814049340559761,0.008015879595790691,0.006133605350487507,0.039944579960243386,0.0021447225687568315,0.05669923208507952,0.01137791118645596,0.02052424521012567,0.04005231813971902
neuron_3847_count,0.09409822951389754,0.01902973897678914,0.020037808716596953,0.029430974257361422,0.06954852252929859,0.014126683236998089,0.046550042196617666,0.03674720443031962,0.008600591734181949,0.07389463054944531
neuron_3848_count,0.02443949503689774,0.10936516140639249,0.0002492066043583898,0.006797135129637533,0.03653803994287841,0.00022410036689037688,0.03488789354492583,0.002043536006085464,0.014563268797037142,0.03384989832186951
neuron_3849_count,0.03622869289714978,0.022845329494583677,0.004755597926977486,0.00022157257192071973,0.018432854468056682,0.0022055636123482596,0.00868030205922634,0.0003600310280631701,0.01479501176780413,0.013625214463873714
neuron_3850_count,0.10844869684363656,0.011509675753260687,0.015655331800189354,0.06437333917006319,0.1042756774208931,0.016826438639647348,0.05461154481124238,0.04361468066019908,0.00036872442150562464,0.09202283717655194
neuron_3851_count,0.049928756331152346,0.06999762998869419,0.006260023355192261,0.0002491787299865756,0.022420005565397833,0.002360686670781648,0.019458947793390663,0.0005398396108654818,0.032763466999481475,0.028004258208595714
neuron_3852_count,0.10222612499371647,0.015481387686951828,0.036604483356453,0.020909530457882464,0.08382072658572963,0.008825276420899864,0.015096515834143134,0.04076291894234518,0.00137035631057907,0.11593917348693028
neuron_3853_count,0.09798108739740136,0.027091850339768853,0.07841743493514522,0.054813223798555105,0.17024133697150515,0.03389491536177204,0.0667914249110299,0.08402267483050199,0.01230314534109729,0.19426726859503785
neuron_3854_count,0.08498018011129452,0.005478202046076137,0.026489403073889237,0.014383800474013789,0.05115736022168345,0.008745544027750879,0.01703778031800758,0.0277402778386934,0.0034170227314464924,0.0580464194408785
neuron_3855_count,0.08738523504374422,0.025800859836050103,0.026663133943170582,0.04176908934412478,0.13797697284268362,0.01837787304066551,0.014581656356562583,0.03785480560541187,0.008227837102863353,0.13543086454769232
neuron_3856_count,0.0863279643052014,0.03348301758796731,0.04911563108102024,0.03278217441363633,0.16601729799808856,0.025492921058535234,0.027516690266070926,0.0461825375472083,0.012321690055627062,0.16616607520630028
neuron_3857_count,0.05461991094912691,0.00829352695485129,0.006220587288672967,0.0521734213204183,0.06575905894955879,0.015751696423077124,0.03644581473612532,0.018605600665920104,0.0023261089325668817,0.06291815765199546
neuron_3858_count,0.07716144118470544,0.0028917075491410905,0.015501145751840278,0.025616173414467452,0.07004765130238702,0.011040833389365193,0.011767294092188116,0.02558175014736208,0.007416249380188519,0.0971229106876694
neuron_3859_count,0.08491927330071433,0.08388313667422112,0.029414219991409404,0.04389597755369994,0.19592863294616997,0.03899071897330973,0.0553419747282389,0.017142906182470906,0.08393088330670714,0.21770724515030043
neuron_3860_count,0.10853056481064938,0.04038410883050205,0.02757008766744952,0.06645058076527867,0.2293539615810703,0.04368834414448297,0.024878072241899037,0.02231578393724716,0.0578821065097407,0.2409967635554178
neuron_3861_count,0.12040579275406624,0.04586669940081017,0.020409727788376866,0.08334103145563854,0.23803854456222734,0.04492071300278444,0.05402804531822744,0.03383323151395676,0.08962869719108457,0.24107741862868273
neuron_3862_count,0.057235075965585136,0.01586925937556541,0.03387209445780684,0.02802493314634613,0.08475770753110527,0.021419209376578735,0.00424725276984677,0.03189340595609186,0.020048401041716526,0.101119824206239
neuron_3863_count,0.05560802356325791,0.034732233267604454,0.01848444235551904,0.018464602395110073,0.14904067665443677,0.015333818816583647,0.012747658036035836,0.010578882268568124,0.05374415747408702,0.13779662530439452
neuron_3864_count,0.09462128744901199,0.006074221639581247,0.020055495215376168,0.07610154132491548,0.13563661032865837,0.04245980471320118,0.02116401212831452,0.05670537849866292,0.015064693747169934,0.15671486574097512
neuron_3865_count,0.055583670913081945,0.00038570962595057406,0.0009390112420703256,0.07994430429223712,0.13480694980628294,0.040900458602881495,0.009861431828633832,0.012064712562760191,0.037594645094795875,0.13306940465727823
neuron_3866_count,0.03952359528321141,0.015841919178320122,0.008691549594171837,0.05805244306746199,0.15402302288294117,0.033255483744097286,0.01665754099620593,0.021628967648396877,0.049685946843412196,0.15039635206754673
neuron_3867_count,0.06679297285153687,0.03366087214407808,0.026677240908890454,0.031772343828788824,0.13103118220216273,0.026188682716689504,0.012951665212189808,0.038887362991675056,0.05026071945602392,0.13517982781800156
neuron_3868_count,0.06649361633550274,0.007726952448808361,0.007974790250822289,0.05915885958426115,0.13564181495700886,0.038380917386419855,0.0034897030619852228,0.03117052624279093,0.039589462670627795,0.1330516532304422
neuron_3869_count,0.013564297943708758,0.006241651993106889,0.004704407474785392,0.029731043671931023,0.12197040091669314,0.022462138595682662,0.00969256168083086,0.009931697608102696,0.05425325554031779,0.0922844353200272
neuron_3870_count,0.09096359682529609,0.009496438665283585,0.0013048946009128516,0.09483841712507851,0.17408115056946213,0.04764615281931564,0.03120337321615578,0.030730192413348317,0.07979183721999986,0.13627788433098642
neuron_3871_count,0.02919898777051433,0.007260034956671815,0.00046886263551879775,0.04334743918739921,0.09519193954107898,0.023816615762858165,0.015766302193557638,0.021138539981911467,0.05165390052531017,0.09156320780375171
neuron_3872_count,0.06696653517979045,0.006940020901090624,0.0018269211378986704,0.08556532875322298,0.14978656549682884,0.03569706559822711,0.020461994223603744,0.020979679646375135,0.08006269599967816,0.10237754990864834
neuron_3873_count,0.03788074406880783,0.014778759308810223,0.00670786889602123,0.050168577607031015,0.0837609868645401,0.018628247063101594,0.004857352887034183,0.01079159026615572,0.048388225981996755,0.05848176377969522
neuron_3874_count,0.06011422321606125,0.04123016038700145,0.0014617127515228383,0.06898178221261714,0.07414415282611242,0.023371237832109537,0.01529060990976893,0.03824517725418494,0.0401179175328602,0.07430947257742129
neuron_3875_count,0.046772146623934835,0.03382926457809306,0.006615031949240097,0.04789069054922149,0.09564012229744423,0.027536304026233763,0.016252951704248494,0.033796391586422087,0.031876405399059365,0.09506248726593841
neuron_3876_count,0.025251479149107442,0.005662141939180021,0.0073332706408916065,0.05000704470371631,0.10421629598542628,0.024909019524533477,0.0033104350943124194,0.013140155359724862,0.0564726177327394,0.07588886419012264
neuron_3877_count,0.05132413195212873,0.02902764121024251,0.005368279866692485,0.08669191160914502,0.08209827484825255,0.031076062456836,0.004278775012582118,0.022571155019468464,0.02681722034861024,0.05918670389684119
neuron_3878_count,0.044057838678195,0.04559150141051076,0.002866133390761203,0.07090293792691188,0.059174065214319546,0.0272243124712144,0.0046768597531733555,0.022138496760383666,0.0341144373937962,0.04623896137689874
neuron_3879_count,0.07722376835340586,0.06330873557733785,0.0009271859953955998,0.10210445134211057,0.09080262276061024,0.0356791368252144,0.009959615992718857,0.0464731489651003,0.03826174004611482,0.09186090702741936
neuron_3880_count,0.04414988403270098,0.0368051216075629,0.0003601321601542605,0.05674776269652526,0.07452661523004295,0.025219559876474437,0.007399362844504424,0.025733649930545194,0.02569011125644817,0.06421533460757761
neuron_3881_count,0.04096276017225842,0.07101955169433338,0.0028626765518122085,0.050030828523441345,0.07219132060677078,0.02651650161584848,0.03668401051323622,0.025003031968388392,0.01372583943877205,0.06336978432649665
neuron_3882_count,0.06208395502754102,0.025146264980078714,0.02130886022516674,0.10481570038818969,0.05068741120066492,0.026194932711622293,0.006889409465500061,0.02909136300409257,0.041792249468731446,0.05285041608119101
neuron_3883_count,0.05356882842921626,0.054210845706835945,0.0034102829530985213,0.07186766751645979,0.05838371908156688,0.02681166279945102,0.005224747331067637,0.036409270233038415,0.03177142351056114,0.054400721734112464
neuron_3884_count,0.033817262331867964,0.01714403320826388,0.02318527410267318,0.09637209594861454,0.06263259826851805,0.035231415861351645,0.002198752012454748,0.018479726917099606,0.02315509359088494,0.04621593378216196
neuron_3885_count,0.041630654350737456,0.10763135171813476,0.00019003972479696152,0.0490759553472615,0.04333844678033111,0.009934561562439867,0.06759956816805765,0.012787647636359256,0.001653267487237202,0.03160101799430101
neuron_3886_count,0.08149478212952327,0.22542181848867923,0.0016717993027446816,0.10965125395985448,0.026282639215679277,0.020913914783386833,0.06906210829933249,0.04421859823062421,0.0009940921276330034,0.03420945389668867
neuron_3887_count,0.05098763585457736,0.10598340019224323,0.013324785280670208,0.10792011578150015,0.026603215694568347,0.026915789093660186,0.007096442070507403,0.01662308186875079,0.015452966778667171,0.013372217903645636
neuron_3888_count,0.06864733651138638,0.101684077247407,0.0036603493476577743,0.11650875908005709,0.021510058497707263,0.02286627425670694,0.028288371037592644,0.057146775944200534,0.005950094956086754,0.03275354343909141
neuron_3889_count,0.057851032716602246,0.11399751759446952,0.0003922322239015095,0.12437400263391207,0.034027310324242235,0.040519174302104444,0.012219970862109714,0.05271696680887998,0.009711817763390584,0.04420740849039248
neuron_3890_count,0.09516028928828335,0.16220364898542702,0.008901523220860304,0.11071694100057483,0.013535949599972188,0.015840433552011937,0.07672424269488642,0.056751267877612574,0.0011978570485563986,0.04936197579703512
neuron_3891_count,0.02651923528798851,0.04979242384175474,0.006410534502205134,0.0680973212612995,0.041127874193693334,0.025126839757193306,0.032365671367372895,0.07588662475389635,0.005075671177895223,0.04668318292128555
neuron_3892_count,0.031833628843102174,0.06469592937276575,3.275526472032789e-05,0.09215851204829581,0.03665050253892023,0.03060405398443125,0.016667561214569762,0.06402516340022707,0.008278767322925054,0.04028414445376001
neuron_3893_count,0.07759287805056239,0.18476055637029995,0.015536265830234541,0.12736190896387461,0.036307722201628284,0.029892443035736155,0.07451220224830549,0.13458361605255179,0.002580822966698537,0.06459890532437557
neuron_3894_count,0.05818581559905147,0.07044692389511398,0.010914619511014734,0.10101214153591928,0.007180216561129847,0.018703150672628843,0.040908460627136774,0.07836468723855664,0.004000294592989256,0.036406782659847856
neuron_3895_count,0.04993608641252417,0.08659943578582047,0.018061964209337422,0.0765199771756408,0.027660089187062656,0.012790700282077655,0.09368268810405497,0.09049295337641655,0.005521032229938987,0.04818163490925095
neuron_3896_count,0.0046594393672874,0.11912785987392507,0.0011191047735064612,0.003130071641140394,0.02240786866308972,0.003782965789623286,0.002480116075130467,0.018677494742271414,0.0020340180975535107,0.0222778542211763
neuron_3897_count,0.007445238586137264,0.0013281463509763405,0.01149197976527877,0.023866674899385584,0.030649947768294925,0.008094476068792274,0.03410617530485345,0.05974954263480836,0.005422906575530004,0.04752233779692647
neuron_3898_count,0.004141055253265906,0.03749821036984764,0.019782342833084957,0.00828303456993422,0.015170592539435972,0.004652828554250671,0.011667964054027778,0.047260720272451553,0.0010248764062172084,0.031097444370279878
neuron_3899_count,0.0006607445881844625,0.07009641904450084,0.01249167756019974,0.00042676795120665575,0.016701301508468575,0.0025580627784242,0.0014784882240819787,0.02581135121067346,0.001526767181336007,0.018584585100458614
neuron_3900_count,0.0007981048689983219,0.10394624496091096,0.00872095544684133,0.003034859065290458,0.01914798465524238,0.0038302364379646237,0.008628858591477127,0.03286372025132736,0.002066478725960188,0.03129593933593379
neuron_3901_count,0.022155031145651538,0.025061834971444305,0.042388363156888834,0.033927804703255404,0.027806381731185388,0.007762989169314137,0.03427778267214676,0.0955585536723481,0.0027203426349081197,0.05920009095321123
neuron_3902_count,0.02279575422230845,0.026053615649921993,0.02856281188606638,0.0030690369987036795,0.016838976609716866,0.0023278208482150897,0.014545029670317497,0.05416304487652385,0.017669375086136932,0.0601904839516669
neuron_3903_count,0.11732751276357228,0.408210224974778,0.04648507616535405,0.08503027392993032,0.008293790238536342,0.003481145901744847,0.06411849906683907,0.02580649678877288,0.007875959049829587,0.01894024018269695
neuron_3904_count,0.0939881522758935,0.00987508012513224,0.06576587384066751,0.020101457463653785,0.06954493504511657,0.007147263882148619,0.06888431984316429,0.059756505115731766,0.007665066054571568,0.07398663840498373
neuron_3905_count,0.10937052076355064,0.052205444320961,0.031254061837912545,0.028004111326281583,0.0735486738122771,0.008506565348823505,0.08842266967226925,0.03676585887122148,0.02160381023799418,0.08172151084345468
neuron_3906_count,0.07246356270136001,0.041714144996514005,0.008909087039396073,0.016086423676802387,0.054534729936825926,0.0035193375595583,0.07781647897139693,0.019926445034568085,0.019643067434624024,0.04538272564423929
neuron_3907_count,0.09902527159411653,0.023033103210085747,0.03644800639449847,0.018064567213327297,0.06488910878513779,0.0032113903982651654,0.06583566586482553,0.03968045152764555,0.01445528676729431,0.06429287389846697
neuron_3908_count,0.0063500157068366175,0.17320463855653528,0.006079659998091371,0.002204895787744812,0.010017849033520328,0.004344690404183241,0.08274850176543838,0.0053450774301745455,0.04162722953770116,0.011744585005835466
neuron_3909_count,0.009432225824821457,0.15888290021759474,0.015219236626663607,0.00017892957230806073,0.0065294894354554975,0.004281294011289474,0.06042599310473015,0.011483222833656624,0.053736451118105544,0.006683311138160435
neuron_3910_count,0.10824420647156471,0.027147411315217335,0.039006252693089105,0.03485724834569587,0.12446271384752773,0.024462532548272922,0.04113794817840885,0.05732343052851281,0.01152006437642878,0.11273590030039958
neuron_3911_count,0.048362475383742956,0.029147835460799798,0.00439444993775006,0.02020420146546184,0.042254199378395266,0.003027272146318722,0.03427075828185115,0.017643221791936205,0.01630740084631129,0.03798574494968424
neuron_3912_count,0.001963025659020262,0.12066002167225456,0.007959697511427694,0.0009144295231409954,0.002104893705326509,0.002509319710828798,0.060360854657281374,0.011064329871457848,0.04534325862339639,0.005684489909151193
neuron_3913_count,0.0897677914704123,0.04529726328113417,0.030030643669943513,0.051686883172496895,0.11563159045546352,0.019692755339283927,0.04676729839656656,0.03944064149994844,0.0015824153473522097,0.1035678156927243
neuron_3914_count,0.006998090665015347,0.07613569840656251,0.0022850572451224484,0.0005884479400105891,0.018606154847748038,0.0007637178071898086,0.01866732727483031,0.002436168908659801,0.01637975913746726,0.019555735287527666
neuron_3915_count,0.04584391193816517,0.03068140587092344,0.009633383342324414,0.00300570664958923,0.02655236196529958,0.001698242628813483,0.020792292796173624,0.008909062439831604,0.013450564099696222,0.035110853901179066
neuron_3916_count,0.050888213766399015,0.013075988061673122,0.019255680843651056,0.010907203064148614,0.04337937782574057,0.0038309442611029823,0.01562580144482937,0.01585675652326622,0.0037310818752894423,0.04662855576663251
neuron_3917_count,0.12389870966043807,0.056101211082654354,0.03454694246276631,0.13044673012874608,0.2550240255114661,0.0652326125953276,0.09936397723492535,0.019166189949456194,0.02593516509631446,0.22381272844936922
neuron_3918_count,0.08125225687234411,0.01017579940059429,0.034139897933178384,0.020451241942288687,0.07520935351065611,0.012957152108907147,0.011749276602174605,0.041214892115559884,0.0017148229413707508,0.08223324413092456
neuron_3919_count,0.05556417167075908,0.007965936096297276,0.010097466074795731,0.038373877957868036,0.07799587392577942,0.012824773929170072,0.02540977578930466,0.02643922939631506,0.005433991810431728,0.08555747075598111
neuron_3920_count,0.03325711092745674,0.011257402785512613,2.2960492306510645e-05,0.01072501541122628,0.00900220076898689,0.0011959411300586746,0.025211324910157706,0.0015577451827720815,0.00913449560328862,0.009982187547262156
neuron_3921_count,0.10435266373420005,0.005017845197240779,0.02477527109126819,0.04341204119591388,0.11329303133284033,0.016660363401954814,0.013369313321298329,0.05127915787076094,0.010945394083485521,0.13637053909332503
neuron_3922_count,0.0647197293432053,0.016481699562168113,0.0031186160301483502,0.035882263010308973,0.06691532474150995,0.009177569615760814,0.03768000450667872,0.023432195161213996,0.0021013674294459205,0.07092741067455655
neuron_3923_count,0.10576799828685421,0.0016915484046182185,0.011511094279189754,0.042404661877846694,0.09402605916910325,0.014883112387674882,0.005070667391258728,0.0569276738165847,0.012070398950778993,0.13563277411425015
neuron_3924_count,0.042732520085858094,0.031752722909577716,0.00831466364260807,0.034635258972981905,0.11419315233244047,0.015337427897812894,0.030621650451382515,0.02773779083940757,0.018517916479563926,0.1137771960977405
neuron_3925_count,0.101556587165816,0.0012589394961599679,0.022646167697590272,0.04625244551599092,0.07983906561101806,0.02209113421078998,0.013286374868533471,0.042846976272664844,0.010999375559175448,0.11409198208131863
neuron_3926_count,0.048522909282031124,0.08707502701585429,0.00183582571597532,0.05906117446082214,0.21919613159633566,0.024246290533569637,0.07397027761163788,0.0007033763365530323,0.10384789407044853,0.1278022507421643
neuron_3927_count,0.06302565903838384,0.0015186648666649823,0.004911440475535052,0.08536708805560264,0.11668775372312776,0.034195346608163896,0.012807580256513587,0.019769625525872872,0.015184057851367783,0.11919385641374575
neuron_3928_count,0.05512518455699641,0.07170143647871427,0.00579405375167219,0.07999739072629374,0.20649082053380122,0.02762619370534873,0.05790288204789441,0.002140382269497993,0.07641079758765203,0.1128503925195023
neuron_3929_count,0.055575338062421514,0.005741309393944009,0.027763286018487682,0.03017894161699955,0.11097269821751532,0.01991887472720036,0.004875635980484572,0.05602494269161709,0.038152004798796185,0.14432040076750877
neuron_3930_count,0.05550870579848907,0.011068755594352178,0.004747672121977672,0.0756169498131806,0.13217958847172787,0.038405180526936894,0.014172986692418121,0.03247911521109052,0.05392061880881907,0.11207608674482117
neuron_3931_count,0.07425229140229038,0.017436376729801764,0.010071728959729104,0.08347455388197886,0.22587372682508203,0.040363186421770364,0.016894855313462798,0.03174061134381129,0.07836104389359635,0.17574351660860218
neuron_3932_count,0.02374359077407282,0.01003616945618891,0.0168780728159659,0.022338575851102202,0.14252745964037894,0.018592157309930843,0.012481479509930643,0.010311963648935801,0.0557167593619535,0.12227048818241382
neuron_3933_count,0.028221826876749623,0.004579578136620653,0.0020551974724166387,0.044144338691783996,0.11104123517633903,0.03596105261507998,0.010940540979358045,0.024209488579922542,0.04600268871697097,0.09801178993916183
neuron_3934_count,0.03480287573971534,0.005278129304369689,0.00473656128361271,0.08527112156603223,0.13369734484506893,0.048827182028299776,0.014798792208102929,0.03470211679581041,0.0495928701379203,0.11210777859669183
neuron_3935_count,0.05244579170664426,0.0032784818891050237,0.00022832606129945254,0.08540631046227523,0.1460920724459351,0.03389959854704136,0.014952301374604085,0.027041126366031454,0.07922463501943411,0.1096765427119106
neuron_3936_count,0.009479547309902178,0.0018171365906004926,0.0007047198759554674,0.05349429185612928,0.08650725765019598,0.030198347500332595,0.0072356132859392325,0.013597261763815566,0.06351547781530484,0.06093838760597542
neuron_3937_count,0.0636779544129184,0.016454536223739685,0.004620467414615144,0.07451083175927647,0.11165870670402525,0.04035730139596988,0.00598244346614411,0.03584532199498064,0.03367795893556483,0.11327623735390044
neuron_3938_count,0.03836961162772212,0.004089783003810653,0.015119534096438667,0.0743901154206934,0.09022205007109838,0.026206276486284,0.007233567607570296,0.02300539947694759,0.06812169300289164,0.0677326872165514
neuron_3939_count,0.02294346282654347,0.01595608697976858,0.01243413066499223,0.08510912833490647,0.07087745800921241,0.0340851372902633,0.011864960725748608,0.02506544068428966,0.03660558285466761,0.05043140986496698
neuron_3940_count,0.04727110735817014,0.012068783792190813,0.01084711314263017,0.09450749662000768,0.12492134544229588,0.03777456164405185,0.006931625775473078,0.02507056154882434,0.06295880429454911,0.08135023283673942
neuron_3941_count,0.016126963502616457,0.025110838908070657,0.009741024951389197,0.07324076063657056,0.06264564755168792,0.025283772277204686,0.0074443262929608095,0.012806953022380177,0.030388825743519504,0.039485876450330526
neuron_3942_count,0.03353894021966061,0.03002310498719639,0.0013836345504564269,0.04187201424347908,0.05165223383984752,0.019455422126902405,0.005905906657487303,0.019291193179386004,0.0258292679854399,0.055143742892649644
neuron_3943_count,0.04923199102419834,0.030713954165228388,0.003715880281418976,0.06998987547538824,0.07132125403844325,0.029537836099130577,0.005727544164405234,0.022468917481367534,0.03886052456420466,0.04698355142403421
neuron_3944_count,0.04547144597363695,0.03601237571150112,0.002424291583902137,0.08765612450231519,0.07634484962282287,0.03286241731258879,0.005250393351463885,0.03330227572557741,0.04044152771039258,0.07139955535680287
neuron_3945_count,0.04277948066503939,0.03172085905203548,0.00798408443077965,0.10196846095160358,0.05755348092545794,0.037921072048924295,0.006434992507719048,0.026893507808143993,0.020035193665540255,0.0423339954288143
neuron_3946_count,0.03430104342984641,0.05299928534067523,0.005825050501883984,0.049689901025188526,0.04294381002038962,0.01754794696276249,0.01686232617081991,0.030024465069778974,0.010732992273098423,0.05346343239920902
neuron_3947_count,0.06793506495411641,0.03807066068190754,0.0014333973556298549,0.09587415726874887,0.06743454796003218,0.03832322692492662,0.0009224883310023245,0.05094465684346265,0.022334121751960603,0.07032791077107453
neuron_3948_count,0.036199994813811975,0.03788805359377018,0.011687450084711785,0.08571944764659575,0.04698219387399262,0.022161293869637486,0.0036063117808071126,0.0403595752917682,0.03258096511580075,0.040227773144298776
neuron_3949_count,0.06256779061138595,0.04329974859524949,0.0009378944072059598,0.07490390199636132,0.04462165345529347,0.03457706162991833,0.0014923026938670012,0.048017459355853526,0.02423378497757024,0.05435124833294283
neuron_3950_count,0.04440298132791527,0.07128030140540549,0.04117324207655926,0.10157718309369912,0.023525861279200436,0.022244123268472277,0.023393049984508345,0.01882525050346047,0.02636220809534856,0.01967630369800026
neuron_3951_count,0.06745603892771548,0.07907891790357724,0.0016035740079846476,0.08927878272708809,0.0369874656193845,0.030543816916144828,0.01544801092587687,0.07170136888718798,0.012644435229778123,0.05042567996866776
neuron_3952_count,0.02941651710727497,0.04562825931972446,0.0029968100782224016,0.06443610829120555,0.04894150730522155,0.025169761534607732,0.005107143964036845,0.026124209852099844,0.008140242220954781,0.027423897784111237
neuron_3953_count,0.04040765570672265,0.03704743591419023,6.660530820078343e-05,0.08082682899035357,0.03907820913173608,0.02970246264768195,0.0030282822150722957,0.04520431012299787,0.01505655565888167,0.041044597165639726
neuron_3954_count,0.04551974704258063,0.03808334707333069,0.001496299041194072,0.11932840442843481,0.047817024660993246,0.03579982747366772,0.01709799795076586,0.08460346915525144,0.020590778414327535,0.06722410748501159
neuron_3955_count,0.021347372050194893,0.040000099312435825,0.0023593753616618467,0.08189709780622662,0.015655109823717442,0.021940790556332537,0.004033314447952451,0.041688196292509125,0.01612177869217954,0.027409119648072133
neuron_3956_count,0.05326060578317565,0.10517499866802718,0.0018121273807093219,0.09340105384298233,0.048217837116740214,0.0250424683329096,0.0332495784221033,0.060438370020377385,0.007327234542161748,0.037718109384708265
neuron_3957_count,0.022900291391340068,0.08111742704945549,0.007114140987088263,0.0689082313380443,0.023133685533362883,0.015945639193886307,0.027000339988106872,0.04905848470599651,0.0028616827975339373,0.03230046514927665
neuron_3958_count,0.011839828206474515,0.008119801032261113,0.0034100218141349167,0.04687869738061534,0.023737003246186786,0.01988488539726259,0.007600772043182068,0.04659509167844657,0.030371824790767388,0.025136445464980728
neuron_3959_count,0.016197158107665866,0.016881185449592773,0.0001684345829566624,0.05108346877186898,0.03489526196924711,0.017561409541727163,0.011601130103229704,0.053863187384721234,0.008653696125315774,0.0177431683924036
neuron_3960_count,0.025965254281780245,0.012085097400334949,0.008166583090639196,0.06281945262748076,0.03844426260567056,0.02030016094088688,0.004774593447468382,0.0735602221160234,0.0020667545463234627,0.04008184859119669
neuron_3961_count,0.009272550282098654,0.01335369686492556,0.0038972905766629998,0.06340173958336223,0.023914317995369222,0.026986720188534624,0.00023793697579949503,0.06177610223887056,0.011161162691016982,0.027088180192821013
neuron_3962_count,0.0022662100057804363,0.029028104445893932,0.012790472376965581,0.02903997716053569,0.039503064995880896,0.009354763072975891,0.0006849096154667202,0.07094639189775664,0.0036440780079068577,0.05430360589636095
neuron_3963_count,0.0005842463441642215,0.11055712832696335,0.00986516246876077,0.0008980815187524614,0.02300904429942445,0.0029172804174991754,0.0042888521469318305,0.032420832577592554,0.0017861425545192613,0.03445267180560195
neuron_3964_count,0.044906779856066864,0.3124087890333719,0.010461675719087897,0.045877382785189325,0.02608026939126095,0.0010225429954306142,0.03672497973670738,0.004406218749409635,0.004993845060307731,0.0028250544880703415
neuron_3965_count,0.0037911545279473158,0.04674799966116658,0.018887721260774856,0.003345472552349661,0.01522138498957093,0.002240500915033243,0.004987034847538228,0.04266063175076898,0.0025568499777934676,0.025952564696142377
neuron_3966_count,0.017785636365854035,0.008947734387190653,0.04611820671108663,0.014203851901590625,0.009990277647646019,0.0062236402643856895,0.0009105980379425964,0.07026458060611133,0.0011015900953828192,0.03154038698395721
neuron_3967_count,0.0175404825940583,0.2467337910350661,0.0012991935050313298,0.019026871577458804,0.007311602605033808,0.0006445582909561272,0.049892939783887716,0.0005024792004671638,0.0008725053199376692,0.00195332050986452
neuron_3968_count,0.013388881583210721,0.1808166316205037,0.043585061407542286,0.0012949318953331384,7.767803079155797e-05,0.02585416098179409,0.06855134544702576,0.049369170209311364,0.04447897352949559,0.027520463059258454
neuron_3969_count,0.05281709785702446,0.07657485855954974,0.005007616830736368,0.04770968213257937,0.06771152893532793,0.0035508644819202337,0.10704347517196547,0.012357999807109415,0.011518277949252725,0.06395676966859778
neuron_3970_count,0.24115155786109194,0.08847653976184992,0.13465520503969092,0.12321208064566558,0.22858703026114455,0.06820238984862903,0.0951161322563398,0.10444223520808954,0.005128447447494687,0.2359246627621494
neuron_3971_count,0.01593294647179247,0.15110810584829995,0.004640967342489609,0.001417664863810321,0.013040452367515928,0.004396853028791309,0.048221170461563226,0.002543261575094465,0.04057900002677531,0.016920763846269615
neuron_3972_count,0.050396376989716676,0.040267860278419484,0.0007084531960297232,0.027416197619781466,0.03884318254129077,0.0014899476681887215,0.07889787689166777,0.01688688083929167,0.014488081557457483,0.0329940833357997
neuron_3973_count,0.026997111922897568,0.16579282024874703,0.06353241743527331,0.022953394631946233,0.001960012167395997,0.03481173127826867,0.027018920774522906,0.07442276750056781,0.0436996132954533,0.03664269068143683
neuron_3974_count,0.10215391919991237,0.017166290236330553,0.049406833348871804,0.0412474338124256,0.11115621181413335,0.017555778064066038,0.0434071397506537,0.0599410584082164,0.00723695186060868,0.1107184470999482
neuron_3975_count,0.0007128352932111899,0.12326870560653591,0.04076066740383054,0.004434627534473712,0.0006696381763189631,0.015090137825952074,0.03265782271880409,0.037728847094833554,0.03336769652290242,0.01614497675756953
neuron_3976_count,0.0679518537868091,0.026383624821378487,0.0059799619574590415,0.0605690353130397,0.06263320800719976,0.011326077023132111,0.08177013504083626,0.029395571351570338,0.006931072759685908,0.06580982280777521
neuron_3977_count,0.12172816777844253,0.020349622205661236,0.08930489103907599,0.0689584205968076,0.18424824561510647,0.046792192123099235,0.06026676332154522,0.1051820913694208,0.0006882077710106032,0.1984355016035137
neuron_3978_count,0.05063444184697749,0.016534256753720847,0.003100337328364615,0.028313241321639815,0.03493685987163818,0.004952568881269444,0.04062111393000219,0.014174724070424458,0.0015966613560191335,0.05018877845896273
neuron_3979_count,0.09901755313240138,0.04747604946316392,0.030455095583967404,0.048252342265824866,0.12423076412650143,0.01761919082554359,0.07743551767746398,0.04744776646608908,0.003399226768813931,0.1265876590587831
neuron_3980_count,0.12272356999737224,0.06379416942090461,0.023031386610317756,0.12815925501776615,0.1820538115423199,0.04071175502550432,0.11064018725134278,0.02685621114776504,0.0033938136719101827,0.17118374320936375
neuron_3981_count,0.07439141274308478,0.04222789171018558,0.027007370435749897,0.04746189693566957,0.1208328964800172,0.015972837685284735,0.08053554367243403,0.05333919838084891,0.0027374653283693227,0.11408680575028199
neuron_3982_count,0.1382371401785231,0.024485402574917554,0.019678307386796184,0.11200841300869208,0.16602942661476972,0.04605963297162488,0.08755793410488497,0.06954638168304773,0.005885111905138338,0.16539907185303035
neuron_3983_count,0.06406551220644208,0.0406851164526465,0.026993003501910987,0.03679155063426086,0.11777975184434171,0.016077128345168376,0.06322796374941164,0.033867512206517694,0.001057623051555148,0.09343282901402564
neuron_3984_count,0.07977361019873314,0.05276584859887026,0.0066543034642956,0.10087947047531833,0.17388720558120926,0.03893511327181743,0.08763954429129621,0.00839184472230349,0.022609387920349677,0.13384727413926648
neuron_3985_count,0.061400145506404255,0.01962583578798134,0.009850565345488359,0.06290157469427643,0.10974178010823965,0.02275171621669926,0.04323048330527794,0.025503977778310816,0.005483692694904695,0.10742544598631523
neuron_3986_count,0.11607038820828872,0.02440421847508289,0.022860865226278115,0.07098837595207404,0.13293491981880226,0.031171603991214325,0.06498178087455503,0.052290044191933324,0.006487389065534324,0.1434898444512956
neuron_3987_count,0.12486928937928765,0.009680420854878819,0.019677134306273103,0.09379455394578048,0.18105193664687677,0.034115506267294315,0.03960576281832273,0.0470763510994244,0.03197956147350994,0.18631924951340903
neuron_3988_count,0.11003806352571142,0.05186703563846523,0.006956954963170413,0.13938238916836349,0.28877738218063215,0.05663032790168221,0.07764531956580752,0.008517486898869761,0.0540615150630676,0.19699687221652712
neuron_3989_count,0.11300037628671639,0.022107213886066845,0.008769271683108704,0.11548532551138085,0.19452796449106163,0.04550495929295309,0.05108593850074246,0.04384881819954235,0.0392426274464944,0.19726608805848755
neuron_3990_count,0.08557158955002733,0.03623389760257478,0.004709969765368721,0.10784301791084519,0.2413272148464085,0.04871758521204739,0.07874307236515446,0.011753840039230537,0.05586979564645103,0.18127319492818658
neuron_3991_count,0.04772007688083971,0.015927414672425293,0.01052126817864947,0.06872361926066212,0.12680696199716296,0.03416982463436073,0.04364535037476536,0.03691333016430119,0.025910512526959223,0.12294571948192927
neuron_3992_count,0.07170999837314913,0.03524259356027677,0.0002645078424453218,0.08088162595989101,0.1887829534676873,0.03372060282950716,0.06053155458260581,0.0071633669826109345,0.07534643741449912,0.14181527811313288
neuron_3993_count,0.03722223989202361,0.007730693623805851,0.0017802904870522704,0.0660638009575314,0.12383285800099317,0.038519067797885526,0.0036975916509481704,0.014482299946176891,0.030427150608652337,0.08374294536126836
neuron_3994_count,0.03307046365350721,0.05535594386777733,0.005186724223524557,0.06795255010125842,0.196010901436165,0.03130632355083296,0.09459497758785249,0.0034244464374666578,0.12552098673111767,0.10131820003964545
neuron_3995_count,0.09068454685709759,0.025622761176009402,0.013100672001000568,0.07003602077431534,0.23419743534802193,0.03798391809114757,0.02093812103700081,0.029324250040121208,0.07950405639373417,0.20948394401760603
neuron_3996_count,0.04648037689501999,0.019794527646448318,0.008769584618260003,0.05770722025320524,0.188296997371967,0.03671083765906771,0.01723419763468903,0.01912463513035806,0.07411300586523682,0.13828183427313534
neuron_3997_count,0.04263859490644936,0.00975866520620126,0.013927554306867748,0.0735303934164891,0.11703177289882291,0.02685383822585012,0.04384126808202515,0.002926116006185392,0.07103957055560439,0.07543577583438825
neuron_3998_count,0.04832568053385869,0.007324153862797212,0.002215094034631755,0.07862080875542612,0.15723967341677045,0.03116999259366851,0.00770828682709359,0.01948377118188177,0.07699212789765741,0.10493535283122221
neuron_3999_count,0.05359347507060927,0.015632042029894634,0.005590097624583533,0.08998778139083999,0.1564992761702091,0.04158689879347249,0.02038334732209901,0.02512382631212147,0.0811654416477029,0.11394857125797375
neuron_4000_count,0.05216952300051442,0.010393045030526377,0.00029204721875536856,0.10398403068986611,0.127342273278413,0.050651180835004056,0.029642041052590315,0.027418865484106353,0.060963855045126025,0.09282443289050679
neuron_4001_count,0.025638727800362755,0.0032165733633557868,0.03833759081853022,0.1045714832891049,0.10350483382473971,0.026074560852485107,0.062061515327154204,0.008366755567372,0.0922478008747313,0.041792325250328444
neuron_4002_count,0.044653987563120084,0.016468772858316022,0.03911266552135775,0.09564072240175436,0.077531056790898,0.028440379438961633,0.029390833090912907,0.002089921846851559,0.0475598470790414,0.019883812851524324
neuron_4003_count,0.02784182006177685,0.014441252940294039,0.020328952503931467,0.08998805709755653,0.10025661014857123,0.03489330834255269,0.004800584188705723,0.02943071938593643,0.05309489556655597,0.06894934932527208
neuron_4004_count,0.017478849834575344,0.008010400570473059,0.01065096414002446,0.06443839978708679,0.10754069707630307,0.03563601158237903,0.007067626440824343,0.025554785001744865,0.05201495282757332,0.06600222660539387
neuron_4005_count,0.02415381200049338,0.00254101014297152,0.012113100193693431,0.07676855379798675,0.08976664387617295,0.024291550133807877,0.016558936810450883,0.018743523188572045,0.0683599146082419,0.06627126790111593
neuron_4006_count,0.03975299675014381,0.0006132640468484093,0.053812222216032365,0.09659299588167758,0.07701193589330033,0.026659281797632328,0.03343560505795522,0.013306002285319987,0.06884256796820373,0.02986470540561495
neuron_4007_count,0.00913794211745568,0.006410923092188825,0.015757253683068496,0.0394435227985125,0.07514748878178845,0.01938302405888774,0.0093105030382696,0.00856827378429336,0.026618508077613873,0.0468835385546348
neuron_4008_count,0.03578202304507667,0.0035184611669888677,0.0352551100190672,0.08952994916499343,0.06382004564067754,0.026722437052198053,0.01265239832184939,0.02171373548830785,0.05408839562747701,0.03638876303908847
neuron_4009_count,0.05457599656232831,0.01611308927742136,0.02864141804203614,0.1092929283268659,0.06596914305232762,0.03395715074615743,0.0021049686793233845,0.02199444703051706,0.039723577670581295,0.057502338876483344
neuron_4010_count,0.03409331628141711,0.07298096193939094,0.010748558896552407,0.10806209223273258,0.050061006237292954,0.025247634063022578,0.016770400420631673,0.02594098638161968,0.027716720263272404,0.03308709102942324
neuron_4011_count,0.04924800715819,0.07054775452358791,0.01582381643334478,0.10067837770461877,0.04039383852855066,0.016906142194161256,0.014128701749567256,0.011887056255917211,0.03682926679689355,0.02298387594768124
neuron_4012_count,0.023439642655162088,0.01587121778220157,0.02815473044409396,0.08884584059513284,0.05207016405104188,0.018423756753672832,0.006814458638215538,0.018477398432704004,0.04297955959745012,0.031450417460480384
neuron_4013_count,0.031156638043249973,0.07984262477503196,0.029740498502356716,0.09656379263588571,0.025061632831107447,0.019172109459156664,0.024607276026208012,0.013551229835320922,0.020010382503683116,0.015016417380598987
neuron_4014_count,0.03738586542132256,0.05068480684596083,0.017145190128593994,0.08429313377298758,0.017291152716818733,0.01392198470550772,0.015755103253054525,0.02033890594475153,0.02955346254215377,0.011439437270420183
neuron_4015_count,0.059884000172791524,0.10358652424813644,0.003850935132509156,0.1268381584124922,0.022201010976484623,0.029735518370751376,0.026873534326557855,0.044596506546141945,0.01203775225803183,0.02946343412872847
neuron_4016_count,0.05720172540458515,0.08783784710183387,0.004298671681353845,0.149472750890126,0.037209032383666185,0.04401294849051174,0.011645459286823763,0.061595585301113726,0.008631414667423641,0.04454937738636976
neuron_4017_count,0.028532829010997383,0.02894115910730595,0.01087455747905701,0.11389780452211412,0.01713010086906004,0.02778236212836123,0.02046932853206762,0.04697093218621613,0.02200162799314867,0.025248791220357322
neuron_4018_count,0.01239285913719669,0.007167509428852508,0.008830386727586077,0.06370189091852008,0.025328050723392656,0.019020838351274258,0.002461439482578709,0.03900143551761853,0.02292190072919434,0.030242510594620506
neuron_4019_count,0.03683208311064623,0.09410074394506625,0.0007840282846580757,0.10535416952546028,0.04394751295594247,0.03275021001068178,0.01305722896002385,0.05645937454804882,0.020294027722071395,0.03633254172843349
neuron_4020_count,0.02261633753153254,0.03351114439529304,0.0022585530524974837,0.1063984128718291,0.04691148435125922,0.03838276152787913,0.008914568166929256,0.10048394215361803,0.02739970026012778,0.04612096346768471
neuron_4021_count,0.02256444340473296,0.015738187784610128,0.005365633140221766,0.07426965194672622,0.023738118831014413,0.02526207029044525,0.005269462190096982,0.07790386594510462,0.020119679413794028,0.03914547281107204
neuron_4022_count,0.0011960934150629168,0.026439802295418535,0.007300092090697943,0.009205800083895599,0.03521178675806155,0.005796669436643184,0.001505941116320686,0.03254305555746356,0.0018286178039897613,0.02171960728160341
neuron_4023_count,0.04800394098420756,0.0533577208871992,0.009516670170574684,0.12508287488917785,0.013201412658699868,0.020665730324268383,0.02241855239171288,0.08829686901721678,0.022059994103575606,0.03137235299922074
neuron_4024_count,0.030004973635453472,0.017903157889181384,0.004060910749804109,0.09021693174261153,0.02436880324766695,0.029073239468334386,0.018034151207166838,0.09200193811450368,0.014027134616483888,0.0354251473946702
neuron_4025_count,0.02044863014151331,0.053143996741403604,0.032591864188514105,0.06534052673277937,0.021923637152100474,0.018264458054477226,0.005048034145437322,0.08878895933724575,0.0031351040763315102,0.034037858362935686
neuron_4026_count,0.0317767166244024,0.015395776863967939,0.013787245333232181,0.06469858453688829,0.04537737516627914,0.02100402561758548,0.002335348968353454,0.07928422757217807,0.0032319256971863122,0.048516533841313686
neuron_4027_count,0.015669288761720412,0.00295672751575074,0.01560710549176006,0.04065823747567732,0.024896782831531405,0.012992011566484565,0.024896201140257146,0.07795001235403044,0.0018037148690166344,0.05281360960836588
neuron_4028_count,0.05576492144221151,0.07295292208750796,0.06761663869278395,0.04255441541109045,0.027061912961964363,0.009957863988767655,0.030365300021485547,0.09257887112073564,0.0036067242560207866,0.06232493388016208
neuron_4029_count,0.0023299145396702206,0.13463802851155052,0.045206318870406784,0.0023542628287719115,0.025209130984795602,4.2878387789255235e-05,0.0007197610368770806,0.03435915661470734,0.015750978051098263,0.04496055332898914
neuron_4030_count,0.018836832215522112,0.016999777916340858,0.05114744560538709,0.004204854241136549,0.01483385865079731,0.001028143429485059,0.0072649668873561515,0.06132473405952149,0.009139514904804497,0.04129510406461537
neuron_4031_count,0.0020050588512938554,0.04939819133550585,0.02300230830469538,0.0004478462990099019,0.013260992712175686,0.0003731473666867737,0.002279517440460385,0.042864586695097406,0.007710052404418355,0.026409696965561086
neuron_4032_count,0.006866560186859889,0.2235534827556847,0.02394439936432649,0.0018668244666756734,0.0030459653164311984,0.009718348175779198,0.07002173199898316,0.026470197337070914,0.04542075022428044,0.00292635151660721
neuron_4033_count,0.005349015607981435,0.22956899207274062,0.039369654120537334,0.0018238594136056132,0.001924998635972959,0.012941249948641785,0.07151136092561935,0.03301370925362872,0.05775613853194159,0.008483412609918585
neuron_4034_count,0.009479000568699464,0.14567429863588396,0.008277665283809847,0.0021671042664431345,0.014242788313643263,0.0010584238697799002,0.05589418120894764,0.005193124559906455,0.04338333420631997,0.012124308968830731
neuron_4035_count,0.08589418329541312,0.023769013036627026,0.011505212904862935,0.012839433937813345,0.0638702417229624,0.0053440927451292655,0.03298324680963986,0.019053701396880708,0.01801538576803948,0.04966976306521102
neuron_4036_count,0.05666094117615286,0.12215120260415391,0.0043866454135774655,0.03372996971671324,0.08064450438711374,0.011005539623466246,0.09089392269513985,0.0025415601971572124,0.026272508940928932,0.05889656039838129
neuron_4037_count,0.09655088426392644,0.12041389536906244,0.11282098652604508,0.03407872490850361,0.022414133681523202,0.04872281337046035,0.048385207416870385,0.11915732450853489,0.03026770930697162,0.12503220667902673
neuron_4038_count,0.06068618186470737,0.05874690776521535,0.0057867396215398395,0.011344898684357625,0.04188534521511661,0.003414601445189302,0.07845280801706125,0.006675615373022886,0.027302316437207243,0.034925768834175475
neuron_4039_count,0.12770622003861962,0.028851428439088597,0.021625596427242003,0.0181720289163379,0.07651929863155121,0.003515739305776394,0.038272732014056454,0.03475905895008506,0.015571759902171418,0.07964362331022048
neuron_4040_count,0.06304080076130072,0.09066955486803832,0.0021411903001577054,0.07127516097431488,0.0998037043914392,0.008434429695656179,0.16071642567313082,0.016792868256333103,0.015110527647146654,0.07234555849630134
neuron_4041_count,0.04003630323084244,0.04059086556729348,0.0038795763024295285,0.01137017611926229,0.03417296463576765,0.0008086588129392214,0.033808565595657106,0.012533242782636782,0.014119453076132799,0.029435978074635362
neuron_4042_count,0.008770067115522834,0.08166009367559288,0.02536005123610323,0.014708388082826235,0.006634797162299408,0.014465866184330281,0.018003820956066216,0.03297284082892134,0.04712260759531803,0.027202053959477515
neuron_4043_count,0.10553134313747686,0.0072832284768978755,0.006847212820720525,0.08249904644419215,0.09303357577274143,0.01692498815413339,0.0748348444073051,0.03752232785392935,0.00035333684828886894,0.07859997943074194
neuron_4044_count,0.12396306465273171,0.032127133454257675,0.03504534925258093,0.09512692750347262,0.1475403430159985,0.03206023752464267,0.06705509449578627,0.05835396077123259,0.001357972293847605,0.14975003105008738
neuron_4045_count,0.08131688890931599,0.0022753715872694622,0.03348639634162534,0.028254933312403044,0.07069019548410169,0.01356215707299075,0.015888470291124834,0.03707915186091675,0.005356767793898629,0.07210996021531971
neuron_4046_count,0.0709880408238964,0.015355141699325107,0.004451798660981575,0.030265739939385305,0.04618162442582361,0.004372742581152438,0.041811401608708096,0.019019735598168733,0.004757960481291984,0.0477414496331726
neuron_4047_count,0.10882248272831785,0.005978968499473928,0.0183470250076362,0.05709087619411676,0.10913664712869557,0.02151597828471273,0.021196287480976447,0.051308774052530134,0.0013793404241245737,0.11598426582752837
neuron_4048_count,0.07535428493702301,0.0032150037925015827,0.014104033858964499,0.04105747426385871,0.08345573903493914,0.016486448521380065,0.02434832419830183,0.0320118448871923,0.0009935911151896723,0.08372869389015486
neuron_4049_count,0.07217434645596481,0.029787077029883088,0.005593140868612227,0.0959523259872864,0.18740449646094814,0.034142210403796655,0.047345205903827015,0.018044481794721123,0.039455328108413346,0.14820760051783444
neuron_4050_count,0.0763839995709911,0.03188079462346617,0.0055482986347815885,0.1081784771374244,0.19997925121726925,0.03757112628805012,0.08534854262075867,0.009090255589375984,0.03495272788814972,0.15361511618990095
neuron_4051_count,0.06386825364421683,0.023758237241315774,0.0047682338729781,0.08243623888270299,0.14345932099180292,0.04185083193501965,0.048148684324694505,0.032040753891553586,0.021711876823597716,0.14532933498218875
neuron_4052_count,0.05984086732109517,0.0043006886326148255,0.0027329320113471285,0.05445544274550315,0.047359191306363124,0.019679722907345168,0.013863342126499915,0.0308944751603262,0.0020285290884933457,0.06319396375946719
neuron_4053_count,0.05138614234484877,0.010060284793772814,0.008456632131881144,0.03208474862622253,0.07268231223764435,0.019103196200232597,0.013008887418174436,0.0273489425076821,0.012706506535928329,0.06919309281581028
neuron_4054_count,0.09724316481426237,0.0415235949833383,0.04725212107860047,0.05191089945444413,0.21606166764288903,0.03954891243231391,0.02508372888332852,0.05268227543620245,0.05234917473250342,0.2388629333948693
neuron_4055_count,0.06923611539928007,0.008652220899339948,0.0015245553639582493,0.0706132319352619,0.15813820180055535,0.030619923670505006,0.04210680184641251,0.016643045873777282,0.04426794092278244,0.12732150685973392
neuron_4056_count,0.06980715610716451,0.004958178603615686,4.9605072374183344e-05,0.07904256605349552,0.14926191453007223,0.03909054140737292,0.030372793552420382,0.012034111711373821,0.05776223698979582,0.09656987701464301
neuron_4057_count,0.10252563118207578,0.02489878472049487,0.014232429524426833,0.07701823391500925,0.22566605546789187,0.047904166850125524,0.02088121905617859,0.0272110277217735,0.06211800241049396,0.20257475000213543
neuron_4058_count,0.046837206952128174,0.0036783667436761504,0.020228211930032144,0.05436153803711524,0.16056238175921725,0.04468236436315032,0.011389078070899894,0.05259246684203048,0.06774425926817829,0.16175678283068334
neuron_4059_count,0.0834779330076281,0.01941243216593363,0.004033507234483334,0.09452319082908961,0.21781064187341953,0.0437778233368159,0.04484562385346769,0.021162254259498123,0.08286747437050657,0.17042476325411657
neuron_4060_count,0.04417957267079223,0.011461186672394777,0.00022500055426392072,0.08947992428482462,0.12335911717107986,0.04155243643978104,0.06993038884325456,0.021584017609701356,0.04350988497472441,0.09849605934414596
neuron_4061_count,0.03741934699260352,0.0029930626511246207,0.0005085875184723419,0.0655732065115757,0.09638756116017724,0.037253289860186056,0.026894915247769144,0.025168315323442617,0.03416942987723834,0.08959247238798618
neuron_4062_count,0.07376646769971473,0.02761772155987896,0.010002717587790047,0.04826452953776805,0.06594502560099993,0.02996022975013475,0.0024978521450902385,0.03882837293279366,0.014548155425178705,0.09031140498466178
neuron_4063_count,0.05012566681178507,0.002976448048239766,0.00046811536895950603,0.07142161272561393,0.0831700607476239,0.03175132448994411,0.009991618098864202,0.02570048382674278,0.04606674013293288,0.09195170998423333
neuron_4064_count,0.12564587739537533,0.009541244648072628,0.006270887928858271,0.09703963767937857,0.16335540339674048,0.056322177545988006,0.00554961122377718,0.049556149597335925,0.05333291550099706,0.1682562412448609
neuron_4065_count,0.08117687160856069,0.011304029204189686,0.01626612885923777,0.1382867575104509,0.10776030452435137,0.05698792819664178,0.05016397851874735,0.019693769740779563,0.05741221592483181,0.07412094893262033
neuron_4066_count,0.04098622566513482,0.008767387230071907,0.0018254003017106751,0.07507979279530688,0.08817477556677639,0.0297532673803379,0.008088305944844776,0.015384765621934277,0.0563908880312263,0.06424396737505536
neuron_4067_count,0.01441599240043541,0.005574144521244856,0.011655723701534872,0.07507296442877714,0.07139038239851453,0.03246368505499103,0.0036584155951689123,0.0329433888668611,0.050510812972416774,0.06511245652837719
neuron_4068_count,0.05766656103248921,0.006596409891165608,0.015056978819614174,0.1119874775220801,0.11505627010893626,0.051930689119341095,0.034690670308883106,0.03139043298369672,0.062379553890231004,0.08149340997108051
neuron_4069_count,0.032034797674371895,0.009271914107156616,0.02820274132817363,0.07530425438640315,0.11111728613731109,0.01996094138381105,0.014969650143692212,0.015584317164592437,0.08135849828922656,0.06179501137187084
neuron_4070_count,0.0443905022145514,0.039429918238033504,0.004463806729890565,0.047578367239181435,0.0738916093471497,0.02252314711612656,0.005173119423291808,0.02432876641334003,0.03544471361844567,0.06799673755961447
neuron_4071_count,0.05555256285274024,0.008570023899358438,0.04815353179809524,0.14051383545760412,0.12797382986667782,0.045949533988767804,0.029211147386240366,0.023870676896364837,0.08399901983188038,0.054991871008410576
neuron_4072_count,0.06275854143895707,0.01680096672211981,0.003110269459491422,0.09498688983639156,0.0907918668963908,0.043275066858226824,0.00542284883324206,0.03628680701776693,0.022364094160544523,0.07617263839741663
neuron_4073_count,0.02288657678395338,0.0009921867520100245,0.0047001298735391064,0.07270832492412405,0.07569995623868245,0.02816629489467845,0.004571499033636916,0.033767839376142306,0.030201116744027423,0.06879512389857743
neuron_4074_count,0.02849983773798155,0.0191351598705458,0.015982790754544236,0.08224758235054899,0.08072990243018777,0.03298836899240709,0.007071555806395565,0.013915562071152424,0.02593981818204824,0.04826165700282861
neuron_4075_count,0.057679899244386684,0.0876858609825481,0.009191937793271529,0.13673043425347017,0.05657373392878162,0.04238780682445678,0.016499041405635406,0.037972352899498435,0.01232175586650168,0.04708208106690037
neuron_4076_count,0.03667202855757212,0.021241230445968283,0.03674593302896692,0.10059176576524537,0.03782128361770075,0.02625233032901507,0.02017518949961202,0.011864308550988384,0.03126912395545742,0.024805227698761603
neuron_4077_count,0.05585283509374386,0.012570490884218674,0.011542040411811436,0.11083872075877796,0.04777395087736211,0.03375155169476793,0.011448136618931126,0.06402506698137306,0.03348880410142248,0.04374799591347364
neuron_4078_count,0.032630121323816486,0.014719425126885427,0.029072085262411673,0.10806126647661629,0.05600348992657947,0.02896725322442309,0.013421083608515932,0.023853485748511344,0.059622226162462516,0.02321367782287166
neuron_4079_count,0.06495926600533719,0.1690517177509058,0.0077481982059224574,0.12860610009377108,0.03269970894673799,0.0417109515230866,0.05629826302007421,0.05743340967735927,0.008981412712072881,0.020719899532016278
neuron_4080_count,0.04466121867704191,0.06233995386807484,0.003413230424297145,0.10236154198665448,0.04757350126759391,0.03731101526000333,0.006769542716385309,0.06693701836753721,0.021262883190589485,0.04650507147370252
neuron_4081_count,0.027648662599503118,0.007579740225462775,0.0011489103203349907,0.03131866593511534,0.044451618720842356,0.018040406603067785,0.003980345274066696,0.028997445590273688,0.017173664636346703,0.03290373710393134
neuron_4082_count,0.03173403323747301,0.06087548360139404,0.001205763420519465,0.0842608091939121,0.02824740331131438,0.02694649113930736,0.008236096526155486,0.07543253018319662,0.013195460382339194,0.03372370886399037
neuron_4083_count,0.02482409288673544,0.02958414315281116,0.002903030474306123,0.05876386917629359,0.026761762089367883,0.022983057545277866,0.0009168992975663475,0.04373204403301427,0.006835424839033086,0.030618798465701993
neuron_4084_count,0.014533938283629588,0.010412479216038523,0.007910605598394153,0.06392813434904886,0.010138376972110702,0.017474827647093794,0.029769066947799405,0.0359593042891726,0.039144083209342095,0.011782288799217805
neuron_4085_count,0.033630762126140384,0.04585597139174101,0.0038959758059518255,0.08258251832681951,0.022974095068329106,0.021960947941510905,0.01407012740475995,0.06642350091980867,0.00752130577445926,0.051090412369803995
neuron_4086_count,0.010903797400457424,0.003218148770991705,0.01163005296134137,0.06221687318088978,0.010223633672967969,0.01956226492454409,0.003366579359861774,0.050960007994996365,0.03241465318852123,0.022928084855528538
neuron_4087_count,0.04586383825509589,0.07291789184787976,0.010996968771761297,0.1022195927353178,0.022092840567785876,0.02734955005507471,0.024036867944830717,0.1106266723492579,0.01055455855386267,0.05792762419766935
neuron_4088_count,0.03727636932026098,0.19532077380464774,0.004612084584010412,0.03164141145126091,0.010285175296190413,0.00011339685587101597,0.015901025942976387,0.0007724098576287648,0.0038703514872112273,0.005023546563480977
neuron_4089_count,0.003985988525061476,0.03361989344913019,0.010781423124909581,0.006472422277868664,0.018149012963107454,0.006485108892843552,0.0073006751301744055,0.0411661214719021,0.0017008716283863782,0.026040286027348772
neuron_4090_count,0.01424448355558254,0.005421990036917568,0.016215237577367453,0.023405152921210842,0.039224519801555766,0.009726615480987445,0.0005312936276907964,0.06567878106245383,0.004263856755324291,0.04084888127080945
neuron_4091_count,0.0026475264259046907,0.0732603897054499,0.017695090843903832,0.001237825559382913,0.023105976222613955,0.00222586244140335,0.0005224457815487821,0.03655012823418273,0.0019490754090763576,0.03909415708018346
neuron_4092_count,0.016983399935358856,0.0018041704427051528,0.03457700034140586,0.009048120057093899,0.014009745904028544,0.003252944426297002,0.003100750931449325,0.05888665641272932,0.0013136201282127613,0.03468563254959274
neuron_4093_count,0.015910746342094217,0.011868377429715256,0.037582434884412846,0.005732678922677613,0.008396744136488894,0.0012471584027831713,0.0012685255313958903,0.03919984509443916,0.0020126293374479326,0.014005055723023671
neuron_4094_count,0.040352458909832814,0.30226335130459636,0.0008264611667165318,0.021653436547078048,0.008238043875945206,0.00036633437639172796,0.04193214159420401,0.0006607495265370366,0.001370027002197842,0.005917607168841585
neuron_4095_count,0.034182706045764594,0.24029124613209396,0.005940374366708532,0.03936422680998873,0.0004461418335471503,0.0010054750671166907,0.04776673157245753,0.00040921204745015746,0.0006951058936543637,0.0003666945058501325
