,0
neuron_0_count,0.49596465799580713
neuron_1_count,0.38759966314944216
neuron_2_count,0.4014617087679976
neuron_3_count,0.2565877257077192
neuron_4_count,0.3009203474350593
neuron_5_count,0.37030965939539356
neuron_6_count,0.12572416991295834
neuron_7_count,0.41207493299191866
neuron_8_count,0.794516779799276
neuron_9_count,0.772946707577035
neuron_10_count,0.658584097960819
neuron_11_count,0.6886430405099621
neuron_12_count,0.3546885468103285
neuron_13_count,0.45791901096438337
neuron_14_count,0.4455196692269205
neuron_15_count,0.3137058422037835
neuron_16_count,0.30367270820802916
neuron_17_count,0.1953250265610944
neuron_18_count,0.46408946784562505
neuron_19_count,0.3248265589316706
neuron_20_count,0.32934814650656896
neuron_21_count,0.21746779796868976
neuron_22_count,0.29798616602243855
neuron_23_count,0.26553114559110447
neuron_24_count,0.2183433711297123
neuron_25_count,0.25909137712010766
neuron_26_count,0.18037866927854923
neuron_27_count,0.22189548058940511
neuron_28_count,0.14536461759241137
neuron_29_count,0.22719507772230596
neuron_30_count,0.254638031200569
neuron_31_count,0.21265089044682772
neuron_32_count,0.21770078998424852
neuron_33_count,0.26072873572288385
neuron_34_count,0.2580906160806262
neuron_35_count,0.23419245740788314
neuron_36_count,0.21228796857713347
neuron_37_count,0.2481555788282444
neuron_38_count,0.2683050692839515
neuron_39_count,0.3745464866580065
neuron_40_count,0.30629828195767783
neuron_41_count,0.32091006394774246
neuron_42_count,0.38803381923870905
neuron_43_count,0.452154049421278
neuron_44_count,0.2954645786808683
neuron_45_count,0.3598283557324561
neuron_46_count,0.279721321168947
neuron_47_count,0.13769417214821522
neuron_48_count,0.38669890980769595
neuron_49_count,0.2688960393163148
neuron_50_count,0.45834265140638464
neuron_51_count,0.2755798988319824
neuron_52_count,0.3482576229378475
neuron_53_count,0.14915291534987515
neuron_54_count,0.294433892325595
neuron_55_count,0.22414871682822482
neuron_56_count,0.322041312256497
neuron_57_count,0.1532242748574899
neuron_58_count,0.26792175774824284
neuron_59_count,0.10231773985103307
neuron_60_count,0.04401543590766799
neuron_61_count,0.06916669440579433
neuron_62_count,0.057512575979123834
neuron_63_count,0.10431098850622988
neuron_64_count,0.44571542127509783
neuron_65_count,0.35515009276849374
neuron_66_count,0.25015483106753655
neuron_67_count,0.3728433508885423
neuron_68_count,0.3721083992248174
neuron_69_count,0.4461295953318222
neuron_70_count,0.49246729970529135
neuron_71_count,0.27511684972231276
neuron_72_count,0.45916078522655007
neuron_73_count,0.8845628697816251
neuron_74_count,0.7519410459753338
neuron_75_count,0.7525449766873596
neuron_76_count,0.5069790304980922
neuron_77_count,0.3682001520961086
neuron_78_count,0.36585925100148553
neuron_79_count,0.34949721353909363
neuron_80_count,0.5342073433776113
neuron_81_count,0.32438932921170704
neuron_82_count,0.23418245247510644
neuron_83_count,0.29445289902612043
neuron_84_count,0.4433919510492479
neuron_85_count,0.1526131293666329
neuron_86_count,0.2274774700338933
neuron_87_count,0.2688744405811509
neuron_88_count,0.40518479218764913
neuron_89_count,0.32038038319507955
neuron_90_count,0.2600300115653118
neuron_91_count,0.2252492124918345
neuron_92_count,0.22694897427606367
neuron_93_count,0.26391815041776845
neuron_94_count,0.2498348937204369
neuron_95_count,0.3211084477681576
neuron_96_count,0.22360732996885924
neuron_97_count,0.37253016070823436
neuron_98_count,0.2397130016933137
neuron_99_count,0.26025982823534133
neuron_100_count,0.43046905092270626
neuron_101_count,0.3465318220346796
neuron_102_count,0.33086442013056094
neuron_103_count,0.2903418170618492
neuron_104_count,0.3175588860703085
neuron_105_count,0.25588567512901217
neuron_106_count,0.3878180507354566
neuron_107_count,0.18039807992585036
neuron_108_count,0.2585567526833833
neuron_109_count,0.3300496319903635
neuron_110_count,0.3569863463634618
neuron_111_count,0.27741966355978087
neuron_112_count,0.20708367224986549
neuron_113_count,0.3632799455056797
neuron_114_count,0.38476266956115274
neuron_115_count,0.11991010859917337
neuron_116_count,0.17767022968686771
neuron_117_count,0.11049929859750071
neuron_118_count,0.1811797546665973
neuron_119_count,0.08136087468528794
neuron_120_count,0.31227951470461596
neuron_121_count,0.07320559447207747
neuron_122_count,0.18701492368663963
neuron_123_count,0.09809113257370516
neuron_124_count,0.12538016131141586
neuron_125_count,0.28993544515738695
neuron_126_count,0.04161537627859602
neuron_127_count,0.12163824143928703
neuron_128_count,0.4637560747322514
neuron_129_count,0.4037630536036114
neuron_130_count,0.48410304415605926
neuron_131_count,0.35383846687557674
neuron_132_count,0.5041829642805398
neuron_133_count,0.7169814818109924
neuron_134_count,0.5222311650772802
neuron_135_count,0.6024832056776147
neuron_136_count,0.44793406454709533
neuron_137_count,0.7597974250858603
neuron_138_count,0.658347710470539
neuron_139_count,0.43359101709215275
neuron_140_count,0.5225952874311811
neuron_141_count,0.5788576800511666
neuron_142_count,0.43728565356015414
neuron_143_count,0.4602573844051605
neuron_144_count,0.25643848502568845
neuron_145_count,0.2851427065884764
neuron_146_count,0.2579619018064807
neuron_147_count,0.40208078472985664
neuron_148_count,0.07597933906154222
neuron_149_count,0.21182843753022004
neuron_150_count,0.22693895637315556
neuron_151_count,0.2774910044674447
neuron_152_count,0.22334364979467775
neuron_153_count,0.22557039958198888
neuron_154_count,0.2142873393698853
neuron_155_count,0.21796392619452618
neuron_156_count,0.2554046343908066
neuron_157_count,0.2182866525547818
neuron_158_count,0.18525282291208506
neuron_159_count,0.35450216712140664
neuron_160_count,0.277747960833996
neuron_161_count,0.23336552705519178
neuron_162_count,0.325644692958211
neuron_163_count,0.3417111739757998
neuron_164_count,0.3710055446347868
neuron_165_count,0.36305048509241
neuron_166_count,0.1613310714913131
neuron_167_count,0.3115998600374661
neuron_168_count,0.29926151177371046
neuron_169_count,0.3510049994393734
neuron_170_count,0.25204284024941387
neuron_171_count,0.3353558731235375
neuron_172_count,0.1796155661635116
neuron_173_count,0.1452048814049268
neuron_174_count,0.18250054646695552
neuron_175_count,0.26567494265706204
neuron_176_count,0.1367657587885028
neuron_177_count,0.06182079831320353
neuron_178_count,0.21380279217395834
neuron_179_count,0.04043683624986516
neuron_180_count,0.15888163955453194
neuron_181_count,0.09680770986497308
neuron_182_count,0.18863647475607023
neuron_183_count,0.09742862244729361
neuron_184_count,0.15988937059715475
neuron_185_count,0.25152406337142064
neuron_186_count,0.25081007757936824
neuron_187_count,0.1411892174746903
neuron_188_count,0.10932100573302281
neuron_189_count,0.03287815289787943
neuron_190_count,0.13260235897429917
neuron_191_count,0.07667759287564725
neuron_192_count,0.45954915607021174
neuron_193_count,0.4148161397087041
neuron_194_count,0.3678524003497285
neuron_195_count,0.33661285957695
neuron_196_count,0.5932713413321554
neuron_197_count,0.5612589695708341
neuron_198_count,0.3854803184689216
neuron_199_count,0.46953559345502316
neuron_200_count,0.9952714983363742
neuron_201_count,0.8096975941578531
neuron_202_count,0.8824795013563052
neuron_203_count,0.6237227262658019
neuron_204_count,0.5602785791332732
neuron_205_count,0.3373088190633955
neuron_206_count,0.5911514561287377
neuron_207_count,0.6016924986356483
neuron_208_count,0.4394747731521011
neuron_209_count,0.497953765643872
neuron_210_count,0.3948815174482343
neuron_211_count,0.5200470254712934
neuron_212_count,0.2933286005702146
neuron_213_count,0.24637644234158557
neuron_214_count,0.4014347190087791
neuron_215_count,0.22488266735071644
neuron_216_count,0.190295486209881
neuron_217_count,0.20936894709846918
neuron_218_count,0.2709256684823169
neuron_219_count,0.21218831698713408
neuron_220_count,0.16623192537924583
neuron_221_count,0.277693879029579
neuron_222_count,0.20626998384931935
neuron_223_count,0.2948257524372866
neuron_224_count,0.24685549853619695
neuron_225_count,0.2931594205757784
neuron_226_count,0.3504460630289509
neuron_227_count,0.3945150484175885
neuron_228_count,0.29822681662782513
neuron_229_count,0.3203375255679033
neuron_230_count,0.39088615460322557
neuron_231_count,0.33750594251922134
neuron_232_count,0.40160541037505526
neuron_233_count,0.2898774089907649
neuron_234_count,0.29676657604986173
neuron_235_count,0.15532004685981224
neuron_236_count,0.20482235690883166
neuron_237_count,0.2383337155655231
neuron_238_count,0.35766522881397933
neuron_239_count,0.16615740077519664
neuron_240_count,0.3141855666946651
neuron_241_count,0.3401393511723043
neuron_242_count,0.21680229255754774
neuron_243_count,0.2571931233949082
neuron_244_count,0.3695116793399499
neuron_245_count,0.18246252638091132
neuron_246_count,0.21001892599375604
neuron_247_count,0.274967302032637
neuron_248_count,0.12659171863737217
neuron_249_count,0.05872498912811999
neuron_250_count,0.13689673006071088
neuron_251_count,0.09142945888528367
neuron_252_count,0.16203234864562327
neuron_253_count,0.15787668705701108
neuron_254_count,0.18806888114783205
neuron_255_count,0.1620389993049128
neuron_256_count,0.3352495786271111
neuron_257_count,0.3022270589257547
neuron_258_count,0.33068949591426444
neuron_259_count,0.8757397801477118
neuron_260_count,0.38856814897401326
neuron_261_count,0.7923160026023445
neuron_262_count,0.5709278957194508
neuron_263_count,0.8507195090334307
neuron_264_count,0.5761032246073922
neuron_265_count,0.7676025134772801
neuron_266_count,0.7870760174646146
neuron_267_count,0.708118276613557
neuron_268_count,0.4997676592834389
neuron_269_count,0.21451816601769205
neuron_270_count,0.4294401144325269
neuron_271_count,0.394988564891139
neuron_272_count,0.5430472762255805
neuron_273_count,0.3226717588376204
neuron_274_count,0.46723765766655095
neuron_275_count,0.5126185158817474
neuron_276_count,0.36749174526329265
neuron_277_count,0.259354237128711
neuron_278_count,0.41308036757630084
neuron_279_count,0.23969666859897026
neuron_280_count,0.2522043729813983
neuron_281_count,0.31831924579000015
neuron_282_count,0.19944726779650984
neuron_283_count,0.33985348249857367
neuron_284_count,0.2304436418988925
neuron_285_count,0.10357044653841825
neuron_286_count,0.2644952681484595
neuron_287_count,0.2957688048532843
neuron_288_count,0.2736730267397064
neuron_289_count,0.24347470152973588
neuron_290_count,0.3563735472918662
neuron_291_count,0.2858127937682078
neuron_292_count,0.24048691005632183
neuron_293_count,0.04463731856741206
neuron_294_count,0.2833954068730221
neuron_295_count,0.3690900019588633
neuron_296_count,0.3166889159187934
neuron_297_count,0.3687252764135058
neuron_298_count,0.1823946205034711
neuron_299_count,0.23229380998381896
neuron_300_count,0.17844158017135875
neuron_301_count,0.2329095716919006
neuron_302_count,0.16454599571131973
neuron_303_count,0.06589783141230181
neuron_304_count,0.2684672400676063
neuron_305_count,0.2460955372927792
neuron_306_count,0.32764069635190585
neuron_307_count,0.10843456702621057
neuron_308_count,0.054767747950694834
neuron_309_count,0.150093662235058
neuron_310_count,0.10776617052235996
neuron_311_count,0.14286637703743363
neuron_312_count,0.06303720632466128
neuron_313_count,0.02284370861486061
neuron_314_count,0.10642217033477715
neuron_315_count,0.051078240730809354
neuron_316_count,0.16814399981591063
neuron_317_count,0.14743888475690647
neuron_318_count,0.18037652351765454
neuron_319_count,0.21463253847352903
neuron_320_count,0.4168741725359444
neuron_321_count,0.519873832615842
neuron_322_count,0.8519596243699914
neuron_323_count,0.5006901090433453
neuron_324_count,0.8471848645098776
neuron_325_count,0.9037760912040148
neuron_326_count,0.832821740362829
neuron_327_count,0.7563244157703128
neuron_328_count,0.9087180755310417
neuron_329_count,0.718590945815115
neuron_330_count,0.8642412449707988
neuron_331_count,0.6521678109710662
neuron_332_count,0.7263002429033443
neuron_333_count,0.504484741665947
neuron_334_count,0.41027227941531785
neuron_335_count,0.31201054981831566
neuron_336_count,0.3808697316453199
neuron_337_count,0.4773360198735872
neuron_338_count,0.498340610131222
neuron_339_count,0.5802803528452143
neuron_340_count,0.4857620269273427
neuron_341_count,0.5385785195022117
neuron_342_count,0.3964766636834587
neuron_343_count,0.24513574932260568
neuron_344_count,0.47757581397392757
neuron_345_count,0.13651135234172074
neuron_346_count,0.3540054956192889
neuron_347_count,0.41195202567609307
neuron_348_count,0.3491047223945792
neuron_349_count,0.19131580585012112
neuron_350_count,0.202648383882909
neuron_351_count,0.2828663017201982
neuron_352_count,0.26379726740966014
neuron_353_count,0.3011743578513851
neuron_354_count,0.19107628313577216
neuron_355_count,0.2795620520546905
neuron_356_count,0.21731371829690285
neuron_357_count,0.2501731027187804
neuron_358_count,0.32350211258832345
neuron_359_count,0.2517318067542694
neuron_360_count,0.3024168878629942
neuron_361_count,0.2501220783544078
neuron_362_count,0.24146632221954847
neuron_363_count,0.3869393541288053
neuron_364_count,0.12106235707595034
neuron_365_count,0.20419874249939463
neuron_366_count,0.28623106029405654
neuron_367_count,0.17798683914307656
neuron_368_count,0.1910081958523961
neuron_369_count,0.22011988781253264
neuron_370_count,0.2187196402240954
neuron_371_count,0.21260446852888248
neuron_372_count,0.08559998625624989
neuron_373_count,0.10844666514257593
neuron_374_count,0.10432519034435109
neuron_375_count,0.05449038477132985
neuron_376_count,0.06788287763586
neuron_377_count,0.13052525937126566
neuron_378_count,0.09935299751784832
neuron_379_count,0.05046093977444922
neuron_380_count,0.1071955427602787
neuron_381_count,0.08945056749883584
neuron_382_count,0.158355896235815
neuron_383_count,0.1583885995627439
neuron_384_count,0.507444267273266
neuron_385_count,0.7893234931761105
neuron_386_count,0.6468566638379908
neuron_387_count,0.8299129099413677
neuron_388_count,0.7451160630974931
neuron_389_count,0.5643874298779129
neuron_390_count,0.8905753184805683
neuron_391_count,0.9168394297979142
neuron_392_count,0.7475215189933142
neuron_393_count,0.8969340791166603
neuron_394_count,0.5485331273585485
neuron_395_count,0.7786704396537472
neuron_396_count,0.6383568219998306
neuron_397_count,0.4029027398111614
neuron_398_count,0.6174152491894092
neuron_399_count,0.37631037462120775
neuron_400_count,0.5389111681230987
neuron_401_count,0.3592237715858647
neuron_402_count,0.508848912570346
neuron_403_count,0.2835664580392862
neuron_404_count,0.2983229464323709
neuron_405_count,0.3253690887310405
neuron_406_count,0.26099007026969095
neuron_407_count,0.34566559218717585
neuron_408_count,0.20838745875116624
neuron_409_count,0.37374254029967663
neuron_410_count,0.3994357119424956
neuron_411_count,0.30460499201451763
neuron_412_count,0.29103353320915726
neuron_413_count,0.34581331348205185
neuron_414_count,0.22589751126574134
neuron_415_count,0.24981930780517034
neuron_416_count,0.3252208138809091
neuron_417_count,0.2901271310261
neuron_418_count,0.31529336044377093
neuron_419_count,0.2873506046198662
neuron_420_count,0.18373315162247156
neuron_421_count,0.32960065892698176
neuron_422_count,0.22036669260373395
neuron_423_count,0.24714331894683458
neuron_424_count,0.2598676259968945
neuron_425_count,0.3387646943039027
neuron_426_count,0.21561617777278766
neuron_427_count,0.3792143253925525
neuron_428_count,0.13628166656660298
neuron_429_count,0.14049355188838816
neuron_430_count,0.25246102128486636
neuron_431_count,0.05165267697894557
neuron_432_count,0.1362312645128515
neuron_433_count,0.15321246831739618
neuron_434_count,0.23529361824536887
neuron_435_count,0.06351864124831731
neuron_436_count,0.029774204276559427
neuron_437_count,0.09402628374714257
neuron_438_count,0.08520444263820176
neuron_439_count,0.06602174582712236
neuron_440_count,0.07660215464958928
neuron_441_count,0.028532474303843203
neuron_442_count,0.08603918287551644
neuron_443_count,0.11388784607710178
neuron_444_count,0.17768061740058505
neuron_445_count,0.12145593334614943
neuron_446_count,0.14523971546195222
neuron_447_count,0.02315380567009523
neuron_448_count,0.5244749251433575
neuron_449_count,0.43204791880847615
neuron_450_count,0.5722117119366279
neuron_451_count,0.6827470113455992
neuron_452_count,0.8352927294233077
neuron_453_count,1.0009707904306346
neuron_454_count,0.5090274027837336
neuron_455_count,0.8243292992640339
neuron_456_count,1.0616908951537187
neuron_457_count,0.816177044286541
neuron_458_count,0.6623694568035216
neuron_459_count,0.5982063611234715
neuron_460_count,0.5207882926507603
neuron_461_count,0.5536794974562322
neuron_462_count,0.44880409080321104
neuron_463_count,0.5035686236368683
neuron_464_count,0.401682206022861
neuron_465_count,0.48593357094076817
neuron_466_count,0.6587607486957088
neuron_467_count,0.40069370849635166
neuron_468_count,0.4505134398900153
neuron_469_count,0.35997999802379194
neuron_470_count,0.37533304145125745
neuron_471_count,0.20087286465505105
neuron_472_count,0.32600281426576505
neuron_473_count,0.3477297601237265
neuron_474_count,0.27465704106037026
neuron_475_count,0.32530710243163896
neuron_476_count,0.38386596141874263
neuron_477_count,0.26868975521422056
neuron_478_count,0.2425268533901002
neuron_479_count,0.2971895598951831
neuron_480_count,0.28182961516192107
neuron_481_count,0.25455170285129813
neuron_482_count,0.27054403782208003
neuron_483_count,0.2235657587012851
neuron_484_count,0.3341000358142863
neuron_485_count,0.4123796378293679
neuron_486_count,0.31242982470034764
neuron_487_count,0.261483255677166
neuron_488_count,0.2930487117985525
neuron_489_count,0.3034818558817062
neuron_490_count,0.1775802266773962
neuron_491_count,0.4387854261953556
neuron_492_count,0.18045118496061135
neuron_493_count,0.1661428203189186
neuron_494_count,0.20553245012849225
neuron_495_count,0.23005413365674332
neuron_496_count,0.1095942117256381
neuron_497_count,0.14423591415061218
neuron_498_count,0.2069401147591039
neuron_499_count,0.24581936683071623
neuron_500_count,0.06844661752414541
neuron_501_count,0.12661992767325495
neuron_502_count,0.09507570515959018
neuron_503_count,0.09966376366816665
neuron_504_count,0.16470007222002986
neuron_505_count,0.06619491369357489
neuron_506_count,0.05186527308326801
neuron_507_count,0.12517134092112617
neuron_508_count,0.06716779359540259
neuron_509_count,0.11495734353054843
neuron_510_count,0.17219276429821143
neuron_511_count,0.12569041942053727
neuron_512_count,0.39507303614023204
neuron_513_count,0.8250638314222352
neuron_514_count,0.7063532563544738
neuron_515_count,0.867721223069254
neuron_516_count,0.824010657531168
neuron_517_count,0.7837096210230122
neuron_518_count,0.7569287958630944
neuron_519_count,0.6859155889614108
neuron_520_count,0.5439684101315321
neuron_521_count,0.9135697941601976
neuron_522_count,0.6377356036709129
neuron_523_count,0.746805228659056
neuron_524_count,0.678244941300858
neuron_525_count,0.5457519777605009
neuron_526_count,0.5712237558427732
neuron_527_count,0.6948918717275795
neuron_528_count,0.46391582212654453
neuron_529_count,0.7827167526222336
neuron_530_count,0.5992316386585035
neuron_531_count,0.399502644697188
neuron_532_count,0.46430207322799366
neuron_533_count,0.5974037582784153
neuron_534_count,0.35685896253441357
neuron_535_count,0.3286333832452419
neuron_536_count,0.6170982279837671
neuron_537_count,0.25375952640936184
neuron_538_count,0.183727926590498
neuron_539_count,0.32385094220815347
neuron_540_count,0.2614704522774785
neuron_541_count,0.2860211409011873
neuron_542_count,0.21595214219085132
neuron_543_count,0.25328128443484915
neuron_544_count,0.27278453755646626
neuron_545_count,0.19708490284778435
neuron_546_count,0.33876827592646935
neuron_547_count,0.2727193362474089
neuron_548_count,0.27845300682381713
neuron_549_count,0.2524309024554988
neuron_550_count,0.2714368400135807
neuron_551_count,0.30016464364923756
neuron_552_count,0.2615078462425887
neuron_553_count,0.2925221027788024
neuron_554_count,0.2725974854784821
neuron_555_count,0.172552103652778
neuron_556_count,0.11252883405933775
neuron_557_count,0.18269458952642434
neuron_558_count,0.21655570071992755
neuron_559_count,0.17192991070117258
neuron_560_count,0.22130117472169647
neuron_561_count,0.19660894618912975
neuron_562_count,0.14120602123668927
neuron_563_count,0.22118546601065364
neuron_564_count,0.1153999643342713
neuron_565_count,0.1642513415165367
neuron_566_count,0.12186332418819218
neuron_567_count,0.12870113158303836
neuron_568_count,0.0902599400361115
neuron_569_count,0.03763285296212339
neuron_570_count,0.06139433792499335
neuron_571_count,0.05546596387545326
neuron_572_count,0.23144474016807415
neuron_573_count,0.08449580790885342
neuron_574_count,0.17144983972964084
neuron_575_count,0.18178264807009142
neuron_576_count,0.35929491020559623
neuron_577_count,0.6381598821981905
neuron_578_count,0.720111757002097
neuron_579_count,1.027984678406638
neuron_580_count,0.9932540904237602
neuron_581_count,0.8278438894124787
neuron_582_count,0.6924749628287076
neuron_583_count,0.9809771563520819
neuron_584_count,0.7139814195998568
neuron_585_count,0.8295069253509032
neuron_586_count,0.6624786167328908
neuron_587_count,0.7499309344448986
neuron_588_count,0.7984297012654851
neuron_589_count,0.6908978944123169
neuron_590_count,0.6873271502554216
neuron_591_count,0.7415007072676958
neuron_592_count,0.6144779203380193
neuron_593_count,0.6039319574890016
neuron_594_count,0.6209156837181654
neuron_595_count,0.4688584462861531
neuron_596_count,0.7075829172633316
neuron_597_count,0.5189832108317831
neuron_598_count,0.6847354538066835
neuron_599_count,0.5402045336526852
neuron_600_count,0.31457497052184913
neuron_601_count,0.45149280066923236
neuron_602_count,0.32910539445633863
neuron_603_count,0.44302511291535457
neuron_604_count,0.4009531153219169
neuron_605_count,0.2876760551064376
neuron_606_count,0.32621112376575956
neuron_607_count,0.3160720555279013
neuron_608_count,0.30483947828157537
neuron_609_count,0.2276655806184234
neuron_610_count,0.27210214656864645
neuron_611_count,0.20174718268037276
neuron_612_count,0.28308449505979116
neuron_613_count,0.27510809439425715
neuron_614_count,0.3235678188660908
neuron_615_count,0.18259724294831883
neuron_616_count,0.26604468420118643
neuron_617_count,0.2396190850119617
neuron_618_count,0.21613084584178677
neuron_619_count,0.27773492511647474
neuron_620_count,0.20326687902699936
neuron_621_count,0.16852631607595725
neuron_622_count,0.16503157001812624
neuron_623_count,0.21701037579778373
neuron_624_count,0.20853055528771933
neuron_625_count,0.12470855293106939
neuron_626_count,0.10989949230102286
neuron_627_count,0.1418129397606881
neuron_628_count,0.21050145776111467
neuron_629_count,0.13320493217678037
neuron_630_count,0.10235528216536552
neuron_631_count,0.13660900114984048
neuron_632_count,0.1409145258063039
neuron_633_count,0.0953229551360485
neuron_634_count,0.052842734747483015
neuron_635_count,0.14954678419041575
neuron_636_count,0.18765441199207578
neuron_637_count,0.08658987124259639
neuron_638_count,0.17797864684731515
neuron_639_count,0.16780531007930133
neuron_640_count,0.5329878422050464
neuron_641_count,0.8378556825485358
neuron_642_count,1.216243715998762
neuron_643_count,0.9380466185769798
neuron_644_count,0.8487617290296866
neuron_645_count,0.9946171855163172
neuron_646_count,0.9942123468004518
neuron_647_count,0.4706251255463502
neuron_648_count,1.1148548044833255
neuron_649_count,0.779262354358452
neuron_650_count,1.0924676064861483
neuron_651_count,0.5780463196732005
neuron_652_count,0.9672246198813995
neuron_653_count,0.7288383206484556
neuron_654_count,0.8513577085346784
neuron_655_count,0.503456758747706
neuron_656_count,0.8245183829025335
neuron_657_count,0.6553318139495612
neuron_658_count,0.6477623880829554
neuron_659_count,0.409497912760124
neuron_660_count,0.5073114073703915
neuron_661_count,0.6743525400607202
neuron_662_count,0.3978626263409334
neuron_663_count,0.42992216955213514
neuron_664_count,0.4609174582767861
neuron_665_count,0.48758703419440264
neuron_666_count,0.48891859618155764
neuron_667_count,0.2946646100383504
neuron_668_count,0.3783014822974367
neuron_669_count,0.26034077598660527
neuron_670_count,0.4516147823635046
neuron_671_count,0.20985363018034586
neuron_672_count,0.23118218760879317
neuron_673_count,0.37425588814703536
neuron_674_count,0.2687505471618837
neuron_675_count,0.2729916458342961
neuron_676_count,0.30372155629911485
neuron_677_count,0.22378812949411858
neuron_678_count,0.3723538955767813
neuron_679_count,0.2572932999511466
neuron_680_count,0.36385919848940046
neuron_681_count,0.32624313476092526
neuron_682_count,0.3486183922661645
neuron_683_count,0.33076528755202433
neuron_684_count,0.26082219285428476
neuron_685_count,0.26936595661165114
neuron_686_count,0.18859213166471545
neuron_687_count,0.16968705023798752
neuron_688_count,0.14637816197905842
neuron_689_count,0.13584415220591545
neuron_690_count,0.114738820881845
neuron_691_count,0.12539919991760867
neuron_692_count,0.08454944584127955
neuron_693_count,0.12094827707442302
neuron_694_count,0.12685816086405932
neuron_695_count,0.04498596800116053
neuron_696_count,0.02965072587985578
neuron_697_count,0.05395177965335668
neuron_698_count,0.04236918862294402
neuron_699_count,0.07629724266069723
neuron_700_count,0.25962188307813067
neuron_701_count,0.20477787113287294
neuron_702_count,0.18322282588628752
neuron_703_count,0.1682828050961252
neuron_704_count,0.4161732949615393
neuron_705_count,0.9644928125205915
neuron_706_count,1.1279000919671047
neuron_707_count,1.0575085741496857
neuron_708_count,1.0370780839513494
neuron_709_count,0.782750771634579
neuron_710_count,0.9724045533015941
neuron_711_count,1.0932946569480504
neuron_712_count,0.9996860685902959
neuron_713_count,0.9570207228143098
neuron_714_count,0.9058528118152898
neuron_715_count,0.7145738619545329
neuron_716_count,0.8904793379955538
neuron_717_count,0.8942411138900906
neuron_718_count,0.8434067327576696
neuron_719_count,0.8499897317287712
neuron_720_count,0.7121694898497694
neuron_721_count,0.6659518931250505
neuron_722_count,0.7137113410500958
neuron_723_count,0.530751656166339
neuron_724_count,0.7763542076611515
neuron_725_count,0.6057423998147631
neuron_726_count,0.6686734911637613
neuron_727_count,0.4050103157115449
neuron_728_count,0.523605027407809
neuron_729_count,0.4170890412754553
neuron_730_count,0.2279771757607803
neuron_731_count,0.3540068378178888
neuron_732_count,0.2935066646630608
neuron_733_count,0.46019080993155514
neuron_734_count,0.2888528480905135
neuron_735_count,0.29480260168152883
neuron_736_count,0.32727659127677294
neuron_737_count,0.2481625120828696
neuron_738_count,0.29222742153287434
neuron_739_count,0.27868481661750094
neuron_740_count,0.2691490425043474
neuron_741_count,0.23649369792769293
neuron_742_count,0.1942999002280829
neuron_743_count,0.21933920479381996
neuron_744_count,0.30881524827684204
neuron_745_count,0.2845047067079514
neuron_746_count,0.2106397954758802
neuron_747_count,0.2916555551379745
neuron_748_count,0.22704514895687417
neuron_749_count,0.2732413488444298
neuron_750_count,0.2513412025265316
neuron_751_count,0.2348195150292719
neuron_752_count,0.2177369246240728
neuron_753_count,0.12155845389310316
neuron_754_count,0.10229602483121919
neuron_755_count,0.13890493533035497
neuron_756_count,0.11634429660996876
neuron_757_count,0.1002218497501819
neuron_758_count,0.1503158851018298
neuron_759_count,0.1353961419891138
neuron_760_count,0.11219052461954557
neuron_761_count,0.181681456661241
neuron_762_count,0.2543959743240414
neuron_763_count,0.1950976824095909
neuron_764_count,0.11124159181081525
neuron_765_count,0.24851877030214048
neuron_766_count,0.17053620656060964
neuron_767_count,0.0494423647809179
neuron_768_count,0.4192024974479074
neuron_769_count,1.1064882267150313
neuron_770_count,0.9990339678053332
neuron_771_count,0.9498853495321481
neuron_772_count,1.0776208578089388
neuron_773_count,0.9084157511500991
neuron_774_count,1.0732085608144841
neuron_775_count,0.9749607352014699
neuron_776_count,1.0595908522248152
neuron_777_count,1.0215011187925462
neuron_778_count,1.013387429785922
neuron_779_count,0.859722615288891
neuron_780_count,0.357061932942592
neuron_781_count,0.8163781490158991
neuron_782_count,0.9141010230275205
neuron_783_count,0.9141857627061972
neuron_784_count,0.7517230820432115
neuron_785_count,0.6516801888973793
neuron_786_count,0.6696346689203964
neuron_787_count,0.7400761008025105
neuron_788_count,0.6387030774565728
neuron_789_count,0.5291559726373138
neuron_790_count,0.5840940294890777
neuron_791_count,0.6030979912139539
neuron_792_count,0.5834419874711363
neuron_793_count,0.3381784725737167
neuron_794_count,0.41076239074877297
neuron_795_count,0.2695690006361351
neuron_796_count,0.2708074227445423
neuron_797_count,0.4042383229139341
neuron_798_count,0.3259778564848767
neuron_799_count,0.3336348075841709
neuron_800_count,0.15700483786275568
neuron_801_count,0.2907656083398142
neuron_802_count,0.24434703200095997
neuron_803_count,0.2683734288637838
neuron_804_count,0.25036347256316877
neuron_805_count,0.304791535894438
neuron_806_count,0.26652524005764877
neuron_807_count,0.23717134586571348
neuron_808_count,0.27863981685541583
neuron_809_count,0.3101447473117901
neuron_810_count,0.28210763182684245
neuron_811_count,0.25784295701175974
neuron_812_count,0.26132174055225443
neuron_813_count,0.20179439313419673
neuron_814_count,0.2486671437437641
neuron_815_count,0.17460205523775593
neuron_816_count,0.14774765071928
neuron_817_count,0.1642557718904031
neuron_818_count,0.13262523743783505
neuron_819_count,0.1727793388080904
neuron_820_count,0.1265433638895743
neuron_821_count,0.15833949737464514
neuron_822_count,0.13616389973669363
neuron_823_count,0.10935290463867844
neuron_824_count,0.20505595200087393
neuron_825_count,0.22093749995466144
neuron_826_count,0.21662949875698112
neuron_827_count,0.19428929828039132
neuron_828_count,0.25618501875960586
neuron_829_count,0.18113862160744454
neuron_830_count,0.15597065507447558
neuron_831_count,0.18074830721503043
neuron_832_count,0.7098636993611658
neuron_833_count,0.49075028148461364
neuron_834_count,1.292572473586623
neuron_835_count,1.1199602317471966
neuron_836_count,1.1162148445197935
neuron_837_count,1.1359038010537195
neuron_838_count,1.167002187385812
neuron_839_count,1.044708890227817
neuron_840_count,1.033385893362547
neuron_841_count,1.0792510832071296
neuron_842_count,0.663392948951347
neuron_843_count,1.006220887991783
neuron_844_count,0.9885039615717872
neuron_845_count,1.0006662956678467
neuron_846_count,0.7017251610864865
neuron_847_count,0.5131453611386535
neuron_848_count,0.758788342451545
neuron_849_count,0.5939397101407484
neuron_850_count,0.6967995789642442
neuron_851_count,0.6530857758936816
neuron_852_count,0.5552581618624182
neuron_853_count,0.6671018567795185
neuron_854_count,0.6722831165554711
neuron_855_count,0.5311131409018783
neuron_856_count,0.6566370264592027
neuron_857_count,0.6152228362113679
neuron_858_count,0.5522263852390056
neuron_859_count,0.3943653894359396
neuron_860_count,0.3980679312816944
neuron_861_count,0.2877390737180807
neuron_862_count,0.3262231795736595
neuron_863_count,0.3510237566148735
neuron_864_count,0.26579374166524616
neuron_865_count,0.2751835359013929
neuron_866_count,0.21189176715204955
neuron_867_count,0.20604050133427756
neuron_868_count,0.33706402223432197
neuron_869_count,0.24675528083076503
neuron_870_count,0.19091687576613292
neuron_871_count,0.2541822829136591
neuron_872_count,0.14684842041911522
neuron_873_count,0.2905908318061769
neuron_874_count,0.3162910849678949
neuron_875_count,0.29639001983571595
neuron_876_count,0.22432502746218047
neuron_877_count,0.18248655525671958
neuron_878_count,0.2229260076393122
neuron_879_count,0.1967565750860499
neuron_880_count,0.23369723353786725
neuron_881_count,0.1449106551915224
neuron_882_count,0.24700085589383738
neuron_883_count,0.08497719600856468
neuron_884_count,0.1381641807805993
neuron_885_count,0.1444499355006437
neuron_886_count,0.12470929119831911
neuron_887_count,0.15064443263292251
neuron_888_count,0.2031208253156877
neuron_889_count,0.21138576043568413
neuron_890_count,0.19814822897550846
neuron_891_count,0.28217989936827925
neuron_892_count,0.31006347897295916
neuron_893_count,0.28387510147530703
neuron_894_count,0.25541637511173587
neuron_895_count,0.12103463592959668
neuron_896_count,0.7749775831921341
neuron_897_count,0.751463772162145
neuron_898_count,0.7152578533300344
neuron_899_count,1.2222196161977996
neuron_900_count,1.2293530799766308
neuron_901_count,1.278884854684093
neuron_902_count,0.9467786105479321
neuron_903_count,0.7517504749384267
neuron_904_count,0.9670690764651954
neuron_905_count,0.8850103784465532
neuron_906_count,1.043418422876138
neuron_907_count,0.9144918679459182
neuron_908_count,0.9096763630372482
neuron_909_count,0.9249912638138571
neuron_910_count,0.9396362714709731
neuron_911_count,0.6219212707190963
neuron_912_count,0.6568823329479636
neuron_913_count,0.6306895546729312
neuron_914_count,0.7219020571412412
neuron_915_count,0.6164088095659241
neuron_916_count,0.7686392162360685
neuron_917_count,0.6570422444830673
neuron_918_count,0.8720214545643818
neuron_919_count,0.5752415325929106
neuron_920_count,0.4936696464298659
neuron_921_count,0.5433045076499542
neuron_922_count,0.5363104285489793
neuron_923_count,0.5741671569629252
neuron_924_count,0.3230638299585634
neuron_925_count,0.47410540313731225
neuron_926_count,0.3543058226390701
neuron_927_count,0.37060057957960524
neuron_928_count,0.30709739966568667
neuron_929_count,0.331685981095393
neuron_930_count,0.2403296243889524
neuron_931_count,0.21178947819397748
neuron_932_count,0.24284097744163324
neuron_933_count,0.27502778699941843
neuron_934_count,0.1876485080501944
neuron_935_count,0.22303731111199404
neuron_936_count,0.19677828540517217
neuron_937_count,0.244319372748859
neuron_938_count,0.23307566849681222
neuron_939_count,0.2906904329418862
neuron_940_count,0.124194228994364
neuron_941_count,0.12578573175710522
neuron_942_count,0.15119843893198384
neuron_943_count,0.15419258580973974
neuron_944_count,0.16897910961843804
neuron_945_count,0.1418880083395529
neuron_946_count,0.2637900773293643
neuron_947_count,0.15360633332467058
neuron_948_count,0.14804329080926013
neuron_949_count,0.11276072044106311
neuron_950_count,0.18730453120740706
neuron_951_count,0.1316091583159659
neuron_952_count,0.10995458704378874
neuron_953_count,0.1983689812098084
neuron_954_count,0.26817706695949795
neuron_955_count,0.31788243985685916
neuron_956_count,0.21883585295710722
neuron_957_count,0.1675365061138127
neuron_958_count,0.2322539068381991
neuron_959_count,0.21803152027958056
neuron_960_count,1.288453027804221
neuron_961_count,0.681969774993526
neuron_962_count,0.7335149573451667
neuron_963_count,0.6063505491677457
neuron_964_count,1.259819333285078
neuron_965_count,1.1565146777981838
neuron_966_count,1.2972768500498506
neuron_967_count,0.9060448020811208
neuron_968_count,0.9334137182129693
neuron_969_count,1.0393161920433531
neuron_970_count,1.435556395392739
neuron_971_count,0.7585517590568185
neuron_972_count,1.0105141078192708
neuron_973_count,0.5341453659933437
neuron_974_count,0.7394416404651979
neuron_975_count,0.7048924634400063
neuron_976_count,0.8881335216531506
neuron_977_count,0.8745718431873903
neuron_978_count,0.7689861620224907
neuron_979_count,0.830132945805556
neuron_980_count,0.7166357184175605
neuron_981_count,0.8617654210239363
neuron_982_count,0.6313615474693111
neuron_983_count,0.6512956273287077
neuron_984_count,0.6359752565805413
neuron_985_count,0.6973055515394146
neuron_986_count,0.476654829328588
neuron_987_count,0.390078456430918
neuron_988_count,0.40122444624800535
neuron_989_count,0.46045175648189723
neuron_990_count,0.4100429769681597
neuron_991_count,0.3549452832090849
neuron_992_count,0.14309098206953616
neuron_993_count,0.18345603469768829
neuron_994_count,0.19110345452315797
neuron_995_count,0.2017127635754269
neuron_996_count,0.19610906300338887
neuron_997_count,0.22727184654454352
neuron_998_count,0.1969989106848388
neuron_999_count,0.2011866143644109
neuron_1000_count,0.1822468935062513
neuron_1001_count,0.21242833433609826
neuron_1002_count,0.22478847313214828
neuron_1003_count,0.17240199479112245
neuron_1004_count,0.20060501465077926
neuron_1005_count,0.16567714927909608
neuron_1006_count,0.1923202523836276
neuron_1007_count,0.1548483551777466
neuron_1008_count,0.15790265756645788
neuron_1009_count,0.11897053212660111
neuron_1010_count,0.15589425519174366
neuron_1011_count,0.1357594042877392
neuron_1012_count,0.1490914091793327
neuron_1013_count,0.13934741873333567
neuron_1014_count,0.0826412775676067
neuron_1015_count,0.14177975966600975
neuron_1016_count,0.3492312598474433
neuron_1017_count,0.028771069011536893
neuron_1018_count,0.19515455164232115
neuron_1019_count,0.3336072539877625
neuron_1020_count,0.33158489218963483
neuron_1021_count,0.09662433752154419
neuron_1022_count,0.2696773892472443
neuron_1023_count,0.22856847090333554
neuron_1024_count,1.2745591562030678
neuron_1025_count,1.2967007675814592
neuron_1026_count,0.7795249470621856
neuron_1027_count,1.523037727769545
neuron_1028_count,1.381799643044197
neuron_1029_count,1.2741241616087087
neuron_1030_count,1.1038322378951648
neuron_1031_count,0.9517137670740013
neuron_1032_count,0.7050250250897496
neuron_1033_count,0.96148008622978
neuron_1034_count,1.143821410082827
neuron_1035_count,1.0456541968010147
neuron_1036_count,0.9982709893236124
neuron_1037_count,0.7855837078212649
neuron_1038_count,0.8118728013399845
neuron_1039_count,0.6610547253621214
neuron_1040_count,0.8359910937246847
neuron_1041_count,0.9011964157536915
neuron_1042_count,0.730448110635923
neuron_1043_count,0.9009015513158324
neuron_1044_count,0.7026086908292001
neuron_1045_count,0.6209824646860411
neuron_1046_count,0.7815880297649498
neuron_1047_count,0.6942058261945634
neuron_1048_count,0.6642737729701955
neuron_1049_count,0.5995571751003739
neuron_1050_count,0.7071412763513347
neuron_1051_count,0.3807163691139613
neuron_1052_count,0.3871482921718573
neuron_1053_count,0.4021251404150947
neuron_1054_count,0.2756461280875709
neuron_1055_count,0.19689864630320505
neuron_1056_count,0.16337386474882395
neuron_1057_count,0.23192952906348238
neuron_1058_count,0.1797245194874495
neuron_1059_count,0.13551178757081883
neuron_1060_count,0.142314785763522
neuron_1061_count,0.17167269378826977
neuron_1062_count,0.20745312328334398
neuron_1063_count,0.164410783235391
neuron_1064_count,0.2570109776120942
neuron_1065_count,0.17881408756461015
neuron_1066_count,0.27983911778136433
neuron_1067_count,0.1455592960873166
neuron_1068_count,0.20830450907812675
neuron_1069_count,0.20491427351075997
neuron_1070_count,0.18629655949365487
neuron_1071_count,0.154105199668211
neuron_1072_count,0.12692710130245352
neuron_1073_count,0.13218400454081894
neuron_1074_count,0.13734712349325545
neuron_1075_count,0.12619980165157763
neuron_1076_count,0.11184520872453277
neuron_1077_count,0.10183370873902792
neuron_1078_count,0.13287138300141316
neuron_1079_count,0.14664043469647967
neuron_1080_count,0.23719418141475676
neuron_1081_count,0.25062802902749115
neuron_1082_count,0.19476299751144865
neuron_1083_count,0.20991293391477533
neuron_1084_count,0.05152562863947614
neuron_1085_count,0.20367583521205737
neuron_1086_count,0.18823935732464148
neuron_1087_count,0.3019249971624622
neuron_1088_count,1.2515482020784032
neuron_1089_count,0.8228600534541738
neuron_1090_count,1.282418576894825
neuron_1091_count,1.3114824715480757
neuron_1092_count,1.3704769376349033
neuron_1093_count,1.2639079886828803
neuron_1094_count,0.9304583029552255
neuron_1095_count,0.9551867601898992
neuron_1096_count,1.0144189740850669
neuron_1097_count,1.0437396087100592
neuron_1098_count,0.8164328635861685
neuron_1099_count,1.0572616924564968
neuron_1100_count,0.9373787519081556
neuron_1101_count,1.0599892174889338
neuron_1102_count,0.9562268404457015
neuron_1103_count,0.785449938062484
neuron_1104_count,0.6767904255874491
neuron_1105_count,0.5031740155247316
neuron_1106_count,0.7797799652667428
neuron_1107_count,0.8581769635723003
neuron_1108_count,0.73447289431015
neuron_1109_count,0.6927602663713878
neuron_1110_count,0.7422746576668767
neuron_1111_count,0.6913304372550086
neuron_1112_count,0.5982946001254112
neuron_1113_count,0.5132146522149408
neuron_1114_count,0.6410427252793487
neuron_1115_count,0.49994221463005417
neuron_1116_count,0.5114153192660008
neuron_1117_count,0.3455739330372538
neuron_1118_count,0.4115675172465403
neuron_1119_count,0.28912060855327326
neuron_1120_count,0.2524979516748616
neuron_1121_count,0.09531629498900378
neuron_1122_count,0.28697246675597676
neuron_1123_count,0.14726125315518573
neuron_1124_count,0.1893545478375276
neuron_1125_count,0.14701996799892444
neuron_1126_count,0.17658682052603653
neuron_1127_count,0.14698223494908888
neuron_1128_count,0.17113032103989245
neuron_1129_count,0.10352407218244813
neuron_1130_count,0.13339432424377426
neuron_1131_count,0.17300445305846404
neuron_1132_count,0.12804553862305637
neuron_1133_count,0.21228176974671834
neuron_1134_count,0.13000788088046678
neuron_1135_count,0.11774640733474065
neuron_1136_count,0.13286946645638295
neuron_1137_count,0.166881740343733
neuron_1138_count,0.10829431538627066
neuron_1139_count,0.19242236406179375
neuron_1140_count,0.14126476187081957
neuron_1141_count,0.13963329119915455
neuron_1142_count,0.16572821668573512
neuron_1143_count,0.1515495425909738
neuron_1144_count,0.287779632862737
neuron_1145_count,0.13570659447142291
neuron_1146_count,0.2658872981629412
neuron_1147_count,0.2945670088670541
neuron_1148_count,0.35715403903577003
neuron_1149_count,0.13802072017893463
neuron_1150_count,0.23971307983868803
neuron_1151_count,0.19346479114652393
neuron_1152_count,1.2873638976487902
neuron_1153_count,1.6660013915316814
neuron_1154_count,1.3627954457269755
neuron_1155_count,1.3817788069878736
neuron_1156_count,1.3018012417022164
neuron_1157_count,1.247225730617242
neuron_1158_count,1.210630850011073
neuron_1159_count,0.9478041840059105
neuron_1160_count,0.9717953007460144
neuron_1161_count,1.3009359654572943
neuron_1162_count,0.9364924463268021
neuron_1163_count,1.1707216027891605
neuron_1164_count,0.9398234886953807
neuron_1165_count,0.9371650347324947
neuron_1166_count,0.8012651735973617
neuron_1167_count,0.729104370587682
neuron_1168_count,0.6282767568155372
neuron_1169_count,0.9005439768150103
neuron_1170_count,0.9303386687711892
neuron_1171_count,0.8218760923072042
neuron_1172_count,0.8340068231662832
neuron_1173_count,0.8423688644973695
neuron_1174_count,0.6623882084576695
neuron_1175_count,0.6658431828752709
neuron_1176_count,0.7890092543735585
neuron_1177_count,0.5822829743621756
neuron_1178_count,0.4087412128624852
neuron_1179_count,0.5649091675686692
neuron_1180_count,0.6496114016380077
neuron_1181_count,0.3249961811993739
neuron_1182_count,0.3510847407382805
neuron_1183_count,0.4075098941810052
neuron_1184_count,0.26465000295506746
neuron_1185_count,0.33033939306232907
neuron_1186_count,0.32191894030721924
neuron_1187_count,0.22285296547273392
neuron_1188_count,0.15430236922001545
neuron_1189_count,0.23658163848372143
neuron_1190_count,0.19037595645886085
neuron_1191_count,0.18319022267539922
neuron_1192_count,0.15607446633280767
neuron_1193_count,0.1917923779945292
neuron_1194_count,0.15098908675998252
neuron_1195_count,0.1503927986534006
neuron_1196_count,0.21183056461609406
neuron_1197_count,0.15665903750092314
neuron_1198_count,0.15072396756545614
neuron_1199_count,0.14393127238302694
neuron_1200_count,0.13804114423972239
neuron_1201_count,0.13734350467721482
neuron_1202_count,0.15414479626680336
neuron_1203_count,0.25014129910667976
neuron_1204_count,0.22364600089099979
neuron_1205_count,0.20859648198957814
neuron_1206_count,0.15395247327795752
neuron_1207_count,0.1317764983665075
neuron_1208_count,0.20288727966590972
neuron_1209_count,0.20490705642652518
neuron_1210_count,0.2707084254801362
neuron_1211_count,0.18084768143187638
neuron_1212_count,0.26413956542322586
neuron_1213_count,0.2271458844872375
neuron_1214_count,0.25162685997687756
neuron_1215_count,0.3027823442423233
neuron_1216_count,1.326135806703159
neuron_1217_count,1.0283787264620483
neuron_1218_count,1.3731570467721261
neuron_1219_count,1.3466290414973303
neuron_1220_count,1.3761452644161332
neuron_1221_count,1.1831177793843566
neuron_1222_count,1.3375378350124263
neuron_1223_count,1.0024042086496603
neuron_1224_count,1.0888749792098322
neuron_1225_count,1.2803412056707055
neuron_1226_count,1.105005819820721
neuron_1227_count,0.7215905247002139
neuron_1228_count,1.1648327272313457
neuron_1229_count,1.1601826725232367
neuron_1230_count,0.8612092899558843
neuron_1231_count,0.795454029396077
neuron_1232_count,0.9616263155246242
neuron_1233_count,0.9321772167208492
neuron_1234_count,1.0077067676526628
neuron_1235_count,0.8395894122960053
neuron_1236_count,0.9472395338713091
neuron_1237_count,0.7631260003338685
neuron_1238_count,0.8425627977596533
neuron_1239_count,0.7980636251566873
neuron_1240_count,0.613087426391053
neuron_1241_count,0.46115497583178927
neuron_1242_count,0.47480490427228556
neuron_1243_count,0.2784261634401644
neuron_1244_count,0.5916380481367308
neuron_1245_count,0.28849902428308766
neuron_1246_count,0.3048511943161697
neuron_1247_count,0.3296032409143816
neuron_1248_count,0.2729598877884141
neuron_1249_count,0.31223547246737976
neuron_1250_count,0.20800555738852092
neuron_1251_count,0.134993484276387
neuron_1252_count,0.2013208467867167
neuron_1253_count,0.11745237594262456
neuron_1254_count,0.1486441812732349
neuron_1255_count,0.1741690438604666
neuron_1256_count,0.20175770672549168
neuron_1257_count,0.11163875932574302
neuron_1258_count,0.1654689165452203
neuron_1259_count,0.14448933875847236
neuron_1260_count,0.13088431609310378
neuron_1261_count,0.14174739265713035
neuron_1262_count,0.1456673409526133
neuron_1263_count,0.15141476868528575
neuron_1264_count,0.18592872374248423
neuron_1265_count,0.14875967352533215
neuron_1266_count,0.13704840226262593
neuron_1267_count,0.08106325129613587
neuron_1268_count,0.12010669143176936
neuron_1269_count,0.2757622924261004
neuron_1270_count,0.12165191087693891
neuron_1271_count,0.17945470506978822
neuron_1272_count,0.1631446832816537
neuron_1273_count,0.19967149794040207
neuron_1274_count,0.2552371982408164
neuron_1275_count,0.2053285591004658
neuron_1276_count,0.24212583652070863
neuron_1277_count,0.3023424394730471
neuron_1278_count,0.29146636791500524
neuron_1279_count,0.24714501506621558
neuron_1280_count,1.1157798073477465
neuron_1281_count,1.011131237656928
neuron_1282_count,1.4393854595343005
neuron_1283_count,1.3994759781123498
neuron_1284_count,1.398435763889034
neuron_1285_count,1.260349296031561
neuron_1286_count,1.1739983203316777
neuron_1287_count,1.058196739584392
neuron_1288_count,0.967352980882837
neuron_1289_count,1.1005794763576522
neuron_1290_count,0.9964857021986293
neuron_1291_count,1.040443424832563
neuron_1292_count,1.0184136140167794
neuron_1293_count,1.0306099341421877
neuron_1294_count,1.0094664623823881
neuron_1295_count,0.800869891742837
neuron_1296_count,0.9201632208024428
neuron_1297_count,0.9947215622220408
neuron_1298_count,0.945953208406908
neuron_1299_count,0.7827881168999504
neuron_1300_count,0.7182483933614016
neuron_1301_count,0.7159932645815431
neuron_1302_count,0.7048451892017391
neuron_1303_count,0.8661412410350668
neuron_1304_count,0.7222570871298859
neuron_1305_count,0.5682057951300887
neuron_1306_count,0.5165601399726778
neuron_1307_count,0.5211789807937365
neuron_1308_count,0.3470406756586668
neuron_1309_count,0.3688884105515565
neuron_1310_count,0.2659758343323412
neuron_1311_count,0.3628919172125796
neuron_1312_count,0.28614273012166813
neuron_1313_count,0.26077193185556924
neuron_1314_count,0.17242874207205924
neuron_1315_count,0.199081537008582
neuron_1316_count,0.08566230376998808
neuron_1317_count,0.06316469583918125
neuron_1318_count,0.1279705752728432
neuron_1319_count,0.11713033748315618
neuron_1320_count,0.16628849051761946
neuron_1321_count,0.1814071065676967
neuron_1322_count,0.16367462312526523
neuron_1323_count,0.13801903050731926
neuron_1324_count,0.1598477490071979
neuron_1325_count,0.1308260680909478
neuron_1326_count,0.1432597300336422
neuron_1327_count,0.16930400669737306
neuron_1328_count,0.11774309387490145
neuron_1329_count,0.13285960947302536
neuron_1330_count,0.10152785574780154
neuron_1331_count,0.1953487746095896
neuron_1332_count,0.10114535105214754
neuron_1333_count,0.18559670246857696
neuron_1334_count,0.12856311563273554
neuron_1335_count,0.17651951582520944
neuron_1336_count,0.23092408436800452
neuron_1337_count,0.09039875179450854
neuron_1338_count,0.10432856836516541
neuron_1339_count,0.14363677237496228
neuron_1340_count,0.2773341893073724
neuron_1341_count,0.22211610292906758
neuron_1342_count,0.28383944935586813
neuron_1343_count,0.21352787777195525
neuron_1344_count,1.4058557891478032
neuron_1345_count,1.4346464835732453
neuron_1346_count,1.2910681496926908
neuron_1347_count,1.2652331167964939
neuron_1348_count,1.2210658537220063
neuron_1349_count,1.1011654665735269
neuron_1350_count,1.1316809436548934
neuron_1351_count,1.3179509002361092
neuron_1352_count,1.0541005746361138
neuron_1353_count,1.0616079292549778
neuron_1354_count,0.9637477607224737
neuron_1355_count,0.9435892960624926
neuron_1356_count,0.687203804621114
neuron_1357_count,0.9424394247559592
neuron_1358_count,0.8227041554486028
neuron_1359_count,1.1244535471391444
neuron_1360_count,1.0336585049391034
neuron_1361_count,0.874079433431045
neuron_1362_count,0.6692460430335466
neuron_1363_count,0.9435010104045781
neuron_1364_count,0.8457162340054099
neuron_1365_count,0.7730904151253561
neuron_1366_count,0.7645719713912017
neuron_1367_count,0.7108368134914561
neuron_1368_count,0.6042004687389326
neuron_1369_count,0.46668684107847147
neuron_1370_count,0.3924354708625298
neuron_1371_count,0.7643729736729077
neuron_1372_count,0.5695103357249901
neuron_1373_count,0.3825239346216527
neuron_1374_count,0.3174347245158084
neuron_1375_count,0.08205597890322948
neuron_1376_count,0.18705525692143488
neuron_1377_count,0.186449307304501
neuron_1378_count,0.25294302238828115
neuron_1379_count,0.1756629761891339
neuron_1380_count,0.15776370624687303
neuron_1381_count,0.12121568293003054
neuron_1382_count,0.20556677953219374
neuron_1383_count,0.14278327937135415
neuron_1384_count,0.18025110157801466
neuron_1385_count,0.12382422572205443
neuron_1386_count,0.13475766399123185
neuron_1387_count,0.1819441000086758
neuron_1388_count,0.12257466735426645
neuron_1389_count,0.12278140989582068
neuron_1390_count,0.07424513697926025
neuron_1391_count,0.1265757763840868
neuron_1392_count,0.10648484922932719
neuron_1393_count,0.07658098396265212
neuron_1394_count,0.15750308746615907
neuron_1395_count,0.13077323946586913
neuron_1396_count,0.1973318039921591
neuron_1397_count,0.04189824898460151
neuron_1398_count,0.19807310239093087
neuron_1399_count,0.12816131704128317
neuron_1400_count,0.2317669942606938
neuron_1401_count,0.0891855890037339
neuron_1402_count,0.2140025790955965
neuron_1403_count,0.061488981512267366
neuron_1404_count,0.236492345980933
neuron_1405_count,0.24339595940954084
neuron_1406_count,0.2623237916246124
neuron_1407_count,0.15241922334238184
neuron_1408_count,0.9832126242829372
neuron_1409_count,0.9226621191165628
neuron_1410_count,1.4538258679705145
neuron_1411_count,1.3850359326232782
neuron_1412_count,1.2563638913661228
neuron_1413_count,1.1542655388434961
neuron_1414_count,1.0914080205457166
neuron_1415_count,1.1909239038020332
neuron_1416_count,1.2314891767180858
neuron_1417_count,0.8971895728141577
neuron_1418_count,1.0868766898876796
neuron_1419_count,0.9627486474730877
neuron_1420_count,0.9891980126973449
neuron_1421_count,0.857371573549612
neuron_1422_count,0.9271782958245661
neuron_1423_count,1.1689185735933323
neuron_1424_count,0.9269293654896604
neuron_1425_count,0.8375442994067892
neuron_1426_count,0.7726662776213137
neuron_1427_count,0.8876633448607595
neuron_1428_count,1.0278503334700364
neuron_1429_count,0.7336426136335124
neuron_1430_count,0.8251425977442551
neuron_1431_count,0.6038467189513899
neuron_1432_count,0.587249355709562
neuron_1433_count,0.6248338356646861
neuron_1434_count,0.4911024413827169
neuron_1435_count,0.5237677315556212
neuron_1436_count,0.45451564984407694
neuron_1437_count,0.468529193774934
neuron_1438_count,0.09773363324272817
neuron_1439_count,0.31557913307081753
neuron_1440_count,0.28667201135808057
neuron_1441_count,0.1746955546961547
neuron_1442_count,0.15137997642571677
neuron_1443_count,0.19107941088342917
neuron_1444_count,0.2072673731772899
neuron_1445_count,0.15252110494550072
neuron_1446_count,0.15684691727630484
neuron_1447_count,0.163956792022126
neuron_1448_count,0.17549216856515815
neuron_1449_count,0.14578308908735071
neuron_1450_count,0.13919911258208587
neuron_1451_count,0.1048831656806278
neuron_1452_count,0.11703029337585924
neuron_1453_count,0.08934955944166095
neuron_1454_count,0.10986875175207594
neuron_1455_count,0.1411372219275519
neuron_1456_count,0.11035694193340992
neuron_1457_count,0.11593220173756169
neuron_1458_count,0.061369584297777564
neuron_1459_count,0.1177150065175657
neuron_1460_count,0.29715346390790964
neuron_1461_count,0.15737873797393107
neuron_1462_count,0.14776328624967883
neuron_1463_count,0.10882957592974468
neuron_1464_count,0.07803582534398425
neuron_1465_count,0.20227566274693415
neuron_1466_count,0.27558590551054907
neuron_1467_count,0.21012955828245017
neuron_1468_count,0.2971164115763939
neuron_1469_count,0.2294223546447925
neuron_1470_count,0.303517255121872
neuron_1471_count,0.26695910940466255
neuron_1472_count,0.9477805230424016
neuron_1473_count,1.4512428031521887
neuron_1474_count,1.4615688617130462
neuron_1475_count,1.0305826199634212
neuron_1476_count,1.1692193087798866
neuron_1477_count,1.2584480617072054
neuron_1478_count,1.2067915077857743
neuron_1479_count,1.1482689590904445
neuron_1480_count,0.9052536732042203
neuron_1481_count,0.9026500955128455
neuron_1482_count,0.9229802892719298
neuron_1483_count,0.9396522856795808
neuron_1484_count,1.056660159379822
neuron_1485_count,1.0529438616540312
neuron_1486_count,1.1448373445801667
neuron_1487_count,1.0723837242463274
neuron_1488_count,0.8756781377736085
neuron_1489_count,1.006891981188015
neuron_1490_count,0.7845074776989744
neuron_1491_count,0.9232126637211939
neuron_1492_count,0.9798573663023661
neuron_1493_count,0.6995322261332568
neuron_1494_count,0.824941640616602
neuron_1495_count,0.7453328623011825
neuron_1496_count,0.6195202243781532
neuron_1497_count,0.4982059862845253
neuron_1498_count,0.37822702919626144
neuron_1499_count,0.37762595817413824
neuron_1500_count,0.6004636639426661
neuron_1501_count,0.22784976911758673
neuron_1502_count,0.5493755733801979
neuron_1503_count,0.4471580330647624
neuron_1504_count,0.2373111242447194
neuron_1505_count,0.2868262984105008
neuron_1506_count,0.2736558730332205
neuron_1507_count,0.19217623231024744
neuron_1508_count,0.15875735187580362
neuron_1509_count,0.06904248882825276
neuron_1510_count,0.15957394874850994
neuron_1511_count,0.08136837386763537
neuron_1512_count,0.07822927167852903
neuron_1513_count,0.09080962747848821
neuron_1514_count,0.11614937485353397
neuron_1515_count,0.07718749718327189
neuron_1516_count,0.05821056837310201
neuron_1517_count,0.08706078741187165
neuron_1518_count,0.0937902874705179
neuron_1519_count,0.12066133210145907
neuron_1520_count,0.1060860765233351
neuron_1521_count,0.12494670816829664
neuron_1522_count,0.10710020187106878
neuron_1523_count,0.06905569785155473
neuron_1524_count,0.15044001940303997
neuron_1525_count,0.172729510385659
neuron_1526_count,0.332885186988072
neuron_1527_count,0.17281366756281724
neuron_1528_count,0.14784924926781376
neuron_1529_count,0.12756839511054338
neuron_1530_count,0.30227860286008346
neuron_1531_count,0.04616660553285656
neuron_1532_count,0.2372947970994676
neuron_1533_count,0.2642648747031837
neuron_1534_count,0.18156521659587804
neuron_1535_count,0.43913393785303223
neuron_1536_count,0.8477798630524686
neuron_1537_count,1.1554324851016573
neuron_1538_count,1.0988242817680107
neuron_1539_count,1.1728388301976638
neuron_1540_count,1.274283013011239
neuron_1541_count,1.1856809248300146
neuron_1542_count,1.156726907606641
neuron_1543_count,1.1987883551950436
neuron_1544_count,1.1281901237721603
neuron_1545_count,1.0221838841211448
neuron_1546_count,0.9151249374340983
neuron_1547_count,0.8204687337883174
neuron_1548_count,0.9021742358830658
neuron_1549_count,1.0074513987620628
neuron_1550_count,0.7658359817949196
neuron_1551_count,1.1375253844365965
neuron_1552_count,0.6437654969596353
neuron_1553_count,1.0404771586074824
neuron_1554_count,0.783537696141557
neuron_1555_count,0.9463853920290753
neuron_1556_count,0.7693775021730486
neuron_1557_count,0.830903950017367
neuron_1558_count,0.8915657554084327
neuron_1559_count,0.8525367559091099
neuron_1560_count,0.6555786699553732
neuron_1561_count,0.47035345470319057
neuron_1562_count,0.5961937034290945
neuron_1563_count,0.4015697523013303
neuron_1564_count,0.3625639870060506
neuron_1565_count,0.4619368551955496
neuron_1566_count,0.4821036970829784
neuron_1567_count,0.41070442707322646
neuron_1568_count,0.08102238593287558
neuron_1569_count,0.1528479868076307
neuron_1570_count,0.22016603700595988
neuron_1571_count,0.12182329502991379
neuron_1572_count,0.11336130618417833
neuron_1573_count,0.24985923422852227
neuron_1574_count,0.16905868277986033
neuron_1575_count,0.07035255081369299
neuron_1576_count,0.0774864022432469
neuron_1577_count,0.05778971206474126
neuron_1578_count,0.10204246019473456
neuron_1579_count,0.06483395359243496
neuron_1580_count,0.07258964283536681
neuron_1581_count,0.099414999482554
neuron_1582_count,0.10803817183097866
neuron_1583_count,0.10009469472380739
neuron_1584_count,0.06347513054033463
neuron_1585_count,0.10350469771347817
neuron_1586_count,0.1266615922755234
neuron_1587_count,0.11059763012568419
neuron_1588_count,0.1475093847578522
neuron_1589_count,0.2118218536194071
neuron_1590_count,0.21671984855144746
neuron_1591_count,0.11681771675845702
neuron_1592_count,0.15233179674156605
neuron_1593_count,0.16796918674408495
neuron_1594_count,0.2462195303807318
neuron_1595_count,0.12736160118989634
neuron_1596_count,0.2525288321266512
neuron_1597_count,0.22494826887969355
neuron_1598_count,0.3228070802858277
neuron_1599_count,0.30302522557166933
neuron_1600_count,1.2700809638680508
neuron_1601_count,1.527663111446789
neuron_1602_count,1.068762738360258
neuron_1603_count,1.2409490094481375
neuron_1604_count,1.1771741327367526
neuron_1605_count,1.182812140826542
neuron_1606_count,1.2601438040088149
neuron_1607_count,1.2035559227507524
neuron_1608_count,1.2862804175988727
neuron_1609_count,0.7434798672676561
neuron_1610_count,1.073260166924773
neuron_1611_count,1.0629411390176806
neuron_1612_count,0.9555991847504741
neuron_1613_count,1.0748551501828543
neuron_1614_count,1.0234930934812811
neuron_1615_count,0.8832184869929209
neuron_1616_count,1.01002045205305
neuron_1617_count,0.8435954423718374
neuron_1618_count,0.8295320768441925
neuron_1619_count,0.8883322546757209
neuron_1620_count,0.593967650712896
neuron_1621_count,0.7497810306044224
neuron_1622_count,0.7658167690853794
neuron_1623_count,0.7820654004085732
neuron_1624_count,0.589890779412821
neuron_1625_count,0.3841895504670337
neuron_1626_count,0.4069363118069491
neuron_1627_count,0.5421880247044415
neuron_1628_count,0.34969746151174896
neuron_1629_count,0.4835139877507307
neuron_1630_count,0.4183816435649357
neuron_1631_count,0.15888024597589082
neuron_1632_count,0.22855007655700615
neuron_1633_count,0.2571428023640876
neuron_1634_count,0.15583225653899435
neuron_1635_count,0.14959355530405602
neuron_1636_count,0.15228860696370813
neuron_1637_count,0.08092429711715171
neuron_1638_count,0.06967521916514383
neuron_1639_count,0.10835940614581946
neuron_1640_count,0.0941903763394116
neuron_1641_count,0.05383490141517461
neuron_1642_count,0.060042721367137536
neuron_1643_count,0.09340996753524647
neuron_1644_count,0.09222481264360266
neuron_1645_count,0.12474796233416242
neuron_1646_count,0.09253316762837283
neuron_1647_count,0.13094443539357709
neuron_1648_count,0.1005350418216912
neuron_1649_count,0.055332075142365184
neuron_1650_count,0.12297738477970338
neuron_1651_count,0.13686450549488358
neuron_1652_count,0.1775791440202492
neuron_1653_count,0.11286177039021794
neuron_1654_count,0.18968124679031395
neuron_1655_count,0.12932922086333795
neuron_1656_count,0.11600100546214138
neuron_1657_count,0.13707806667354386
neuron_1658_count,0.22970352476737338
neuron_1659_count,0.07361546665551383
neuron_1660_count,0.17839698643990295
neuron_1661_count,0.19469323756559354
neuron_1662_count,0.256893805981608
neuron_1663_count,0.1748928761058144
neuron_1664_count,1.2049211462840663
neuron_1665_count,1.4583993347204092
neuron_1666_count,1.189451804919328
neuron_1667_count,1.0443975195217499
neuron_1668_count,1.1280347743673698
neuron_1669_count,0.9039129620496258
neuron_1670_count,1.1192109637463956
neuron_1671_count,0.89907749515684
neuron_1672_count,1.0931274056157674
neuron_1673_count,1.0921981931303988
neuron_1674_count,0.7748743698796635
neuron_1675_count,0.9660570649050432
neuron_1676_count,1.169719911261081
neuron_1677_count,1.0354969779140535
neuron_1678_count,1.1247888194191105
neuron_1679_count,0.8706262881534546
neuron_1680_count,1.0462464636206223
neuron_1681_count,0.9473893558493153
neuron_1682_count,0.7655436800474172
neuron_1683_count,0.4266915408438726
neuron_1684_count,0.8645582812195509
neuron_1685_count,0.7022614465371124
neuron_1686_count,0.665279781954645
neuron_1687_count,0.8047302696763757
neuron_1688_count,0.4962381093950233
neuron_1689_count,0.5440201605649506
neuron_1690_count,0.44471084651099196
neuron_1691_count,0.21693917734758694
neuron_1692_count,0.32100001459536054
neuron_1693_count,0.2835138182632544
neuron_1694_count,0.4266254054410617
neuron_1695_count,0.3218605626789742
neuron_1696_count,0.2731456757224652
neuron_1697_count,0.27280826673697933
neuron_1698_count,0.20517001577477048
neuron_1699_count,0.13331287525079358
neuron_1700_count,0.13667041534725186
neuron_1701_count,0.12591444150464406
neuron_1702_count,0.08773960123275151
neuron_1703_count,0.052644798312195956
neuron_1704_count,0.07252850747680378
neuron_1705_count,0.07490213126926729
neuron_1706_count,0.058376341225409134
neuron_1707_count,0.05745578360108847
neuron_1708_count,0.09376667648837145
neuron_1709_count,0.05751376880713854
neuron_1710_count,0.07291514226555021
neuron_1711_count,0.13020730783008247
neuron_1712_count,0.15906041395049828
neuron_1713_count,0.051464417299966175
neuron_1714_count,0.08906162684835786
neuron_1715_count,0.21353477778815028
neuron_1716_count,0.0726009638519333
neuron_1717_count,0.13938854329648426
neuron_1718_count,0.11204122290187855
neuron_1719_count,0.12489843482273892
neuron_1720_count,0.08007078529849018
neuron_1721_count,0.1894352485494012
neuron_1722_count,0.23261949637904575
neuron_1723_count,0.06666880126661419
neuron_1724_count,0.1566307055527293
neuron_1725_count,0.22809834359193326
neuron_1726_count,0.40487730952158596
neuron_1727_count,0.24138902599110923
neuron_1728_count,1.2356142998125375
neuron_1729_count,1.2015778955720613
neuron_1730_count,1.3774425148695297
neuron_1731_count,1.1333565286694025
neuron_1732_count,1.1314060890956803
neuron_1733_count,1.124780892529737
neuron_1734_count,0.8504099875711909
neuron_1735_count,1.0106171233664911
neuron_1736_count,0.9792309166785953
neuron_1737_count,0.8563537947642025
neuron_1738_count,0.9174066029821156
neuron_1739_count,1.1377914039640435
neuron_1740_count,0.9373358754305791
neuron_1741_count,0.9957918911133118
neuron_1742_count,1.020618084645629
neuron_1743_count,1.025461724940538
neuron_1744_count,1.0784778932032015
neuron_1745_count,1.0253326953554125
neuron_1746_count,0.9319163083457772
neuron_1747_count,0.8488996983585608
neuron_1748_count,0.8083300977058605
neuron_1749_count,0.6993009195728932
neuron_1750_count,0.8044151262556088
neuron_1751_count,0.7210734561223512
neuron_1752_count,0.5627800105922993
neuron_1753_count,0.5920643057721059
neuron_1754_count,0.4166289255320209
neuron_1755_count,0.4347733680433907
neuron_1756_count,0.2734811137932621
neuron_1757_count,0.469569653592598
neuron_1758_count,0.22523592574349083
neuron_1759_count,0.23944239790910637
neuron_1760_count,0.28131342465368
neuron_1761_count,0.05090277347053189
neuron_1762_count,0.15913353362700658
neuron_1763_count,0.1599321617471549
neuron_1764_count,0.19913494696434617
neuron_1765_count,0.13611868896166623
neuron_1766_count,0.07532125656776092
neuron_1767_count,0.06220884440305709
neuron_1768_count,0.04635164371422794
neuron_1769_count,0.06491200986121648
neuron_1770_count,0.06886416861189856
neuron_1771_count,0.06062782937259267
neuron_1772_count,0.060434041612422135
neuron_1773_count,0.06187465124259847
neuron_1774_count,0.045964374026286725
neuron_1775_count,0.05133796594758033
neuron_1776_count,0.09567478440279512
neuron_1777_count,0.12487630485175835
neuron_1778_count,0.11452335500311223
neuron_1779_count,0.2288644641421119
neuron_1780_count,0.10463754735815115
neuron_1781_count,0.17064317323514633
neuron_1782_count,0.12574845187289782
neuron_1783_count,0.1265266726421234
neuron_1784_count,0.07274003479692466
neuron_1785_count,0.04762327489315504
neuron_1786_count,0.16371391220747758
neuron_1787_count,0.09106743881930335
neuron_1788_count,0.3990183593623885
neuron_1789_count,0.3012134983115422
neuron_1790_count,0.38306797015941707
neuron_1791_count,0.2857393220536126
neuron_1792_count,1.2006629575718992
neuron_1793_count,1.1730465064651578
neuron_1794_count,1.2725301231525321
neuron_1795_count,1.1044021453246766
neuron_1796_count,1.2500784171366854
neuron_1797_count,1.239555700987915
neuron_1798_count,0.9591242931157308
neuron_1799_count,0.9509404012591248
neuron_1800_count,0.9243609265943233
neuron_1801_count,0.7414990593072275
neuron_1802_count,0.8383860306526736
neuron_1803_count,0.9967481797509518
neuron_1804_count,1.2073924976790462
neuron_1805_count,1.271713235784596
neuron_1806_count,0.9826992200604637
neuron_1807_count,0.850094526122664
neuron_1808_count,0.9538931972602731
neuron_1809_count,0.9895868143103488
neuron_1810_count,0.831021793406281
neuron_1811_count,0.8282120796424154
neuron_1812_count,0.9306959028239725
neuron_1813_count,0.754104678890504
neuron_1814_count,0.6687451906364053
neuron_1815_count,0.6789651790722786
neuron_1816_count,0.6161988612008751
neuron_1817_count,0.554919156824945
neuron_1818_count,0.6269252236842251
neuron_1819_count,0.4477440402224651
neuron_1820_count,0.5072397794179189
neuron_1821_count,0.35169417288316185
neuron_1822_count,0.32435953783727245
neuron_1823_count,0.3004019563589637
neuron_1824_count,0.15696785882469783
neuron_1825_count,0.07888346891004015
neuron_1826_count,0.10980368519128052
neuron_1827_count,0.15086975832746713
neuron_1828_count,0.12324669192429843
neuron_1829_count,0.0797396201048697
neuron_1830_count,0.09971588133792705
neuron_1831_count,0.13739873445059786
neuron_1832_count,0.06590734490116082
neuron_1833_count,0.119547395587825
neuron_1834_count,0.22704866106506869
neuron_1835_count,0.06177683709306778
neuron_1836_count,0.06878639966661979
neuron_1837_count,0.06352658187614926
neuron_1838_count,0.06146812179625763
neuron_1839_count,0.10604667687457142
neuron_1840_count,0.07800725809753242
neuron_1841_count,0.11713821974929661
neuron_1842_count,0.10699025484215784
neuron_1843_count,0.13213970606773087
neuron_1844_count,0.2395857118145036
neuron_1845_count,0.15788858705962538
neuron_1846_count,0.07805460809121934
neuron_1847_count,0.12923973054012655
neuron_1848_count,0.1303812673565937
neuron_1849_count,0.23745162366027706
neuron_1850_count,0.13003768466419177
neuron_1851_count,0.13954402311601788
neuron_1852_count,0.1549339194223841
neuron_1853_count,0.20860503292863994
neuron_1854_count,0.35017848529672924
neuron_1855_count,0.4008365488507904
neuron_1856_count,1.2772571743456425
neuron_1857_count,1.3089442832837492
neuron_1858_count,1.1285027972219859
neuron_1859_count,1.0399157652101667
neuron_1860_count,0.6551246200110205
neuron_1861_count,1.0168859031500703
neuron_1862_count,1.2432412492871945
neuron_1863_count,1.0635639614782522
neuron_1864_count,0.9209747793430949
neuron_1865_count,0.685813789344874
neuron_1866_count,0.6148513009032068
neuron_1867_count,0.8193193810427133
neuron_1868_count,0.5074772409023514
neuron_1869_count,1.1583894570235918
neuron_1870_count,0.942437862004917
neuron_1871_count,1.0534973880200087
neuron_1872_count,0.9415275675870943
neuron_1873_count,0.828105800987498
neuron_1874_count,0.7203054146935735
neuron_1875_count,0.8608757226085201
neuron_1876_count,0.7134870491196814
neuron_1877_count,0.8105623083020832
neuron_1878_count,0.7752849387071126
neuron_1879_count,0.48708983200736156
neuron_1880_count,0.5653513611758172
neuron_1881_count,0.5171032864873895
neuron_1882_count,0.3129129173226052
neuron_1883_count,0.365400340361236
neuron_1884_count,0.2775854532278954
neuron_1885_count,0.32863604197850704
neuron_1886_count,0.3812909524719695
neuron_1887_count,0.22541872774871802
neuron_1888_count,0.17291286337978928
neuron_1889_count,0.09747410296841848
neuron_1890_count,0.09676594679009776
neuron_1891_count,0.08615315235712859
neuron_1892_count,0.12407101423967254
neuron_1893_count,0.11565561642739178
neuron_1894_count,0.09265191827925459
neuron_1895_count,0.09688232598270133
neuron_1896_count,0.11951239770257185
neuron_1897_count,0.09284544800677083
neuron_1898_count,0.04511289029453844
neuron_1899_count,0.052695816983696436
neuron_1900_count,0.046265404760183315
neuron_1901_count,0.1393708050650732
neuron_1902_count,0.04944090858594466
neuron_1903_count,0.11534493457424891
neuron_1904_count,0.1039427069240974
neuron_1905_count,0.19104677456914018
neuron_1906_count,0.20311698961227093
neuron_1907_count,0.07685728348385057
neuron_1908_count,0.13208965486135874
neuron_1909_count,0.08865989275109931
neuron_1910_count,0.1253041193937141
neuron_1911_count,0.17835553502619012
neuron_1912_count,0.07619588397812083
neuron_1913_count,0.06741102721566017
neuron_1914_count,0.30498789921778285
neuron_1915_count,0.05362449692297634
neuron_1916_count,0.25364649359866
neuron_1917_count,0.3591244873324844
neuron_1918_count,0.36394013644323553
neuron_1919_count,0.3261617084178436
neuron_1920_count,0.8370594007297851
neuron_1921_count,1.557609971546444
neuron_1922_count,1.0302347053319902
neuron_1923_count,1.008172515320015
neuron_1924_count,0.9640497571545942
neuron_1925_count,1.1224620001248908
neuron_1926_count,0.7447804574143083
neuron_1927_count,0.9218075862708065
neuron_1928_count,0.8232242281173477
neuron_1929_count,0.6682583181717205
neuron_1930_count,1.0531822602546044
neuron_1931_count,1.0043261552895857
neuron_1932_count,0.9079053984198201
neuron_1933_count,0.7340313886556691
neuron_1934_count,0.9549249055980039
neuron_1935_count,1.1241020826079073
neuron_1936_count,0.8429078161570644
neuron_1937_count,0.7333176423124518
neuron_1938_count,0.7739699469443201
neuron_1939_count,0.6671782923747466
neuron_1940_count,0.7727668682982709
neuron_1941_count,0.7238946287121111
neuron_1942_count,0.7704522734728897
neuron_1943_count,0.6323587864518917
neuron_1944_count,0.5281072387058978
neuron_1945_count,0.7687647937673793
neuron_1946_count,0.3915013641289879
neuron_1947_count,0.44687646295180505
neuron_1948_count,0.4034453318693768
neuron_1949_count,0.27575088188570135
neuron_1950_count,0.07520195834631024
neuron_1951_count,0.21705786855421816
neuron_1952_count,0.25735275088575976
neuron_1953_count,0.07024293393147543
neuron_1954_count,0.07230627510139676
neuron_1955_count,0.15653672707206906
neuron_1956_count,0.1372122184609415
neuron_1957_count,0.07320047592917278
neuron_1958_count,0.08104338680973028
neuron_1959_count,0.06631532973360488
neuron_1960_count,0.11368918364819972
neuron_1961_count,0.07373783467531364
neuron_1962_count,0.044230404380511984
neuron_1963_count,0.13836649010926738
neuron_1964_count,0.12219742115549115
neuron_1965_count,0.18336001481500905
neuron_1966_count,0.08222847409272036
neuron_1967_count,0.12357571941579845
neuron_1968_count,0.26716676011085294
neuron_1969_count,0.1116411000926089
neuron_1970_count,0.14281329535625173
neuron_1971_count,0.1180082964696283
neuron_1972_count,0.15133392956023226
neuron_1973_count,0.12575689759663775
neuron_1974_count,0.12090745953179163
neuron_1975_count,0.11300328998611123
neuron_1976_count,0.18923962795061872
neuron_1977_count,0.2648040791731978
neuron_1978_count,0.19465445107752583
neuron_1979_count,0.18559303871984834
neuron_1980_count,0.5467966780946611
neuron_1981_count,0.23854543733412964
neuron_1982_count,0.5785092953667477
neuron_1983_count,0.35685678154435035
neuron_1984_count,0.8653140155723937
neuron_1985_count,0.9485723596703509
neuron_1986_count,0.8781960762588552
neuron_1987_count,0.7976568463177601
neuron_1988_count,1.090374476483456
neuron_1989_count,0.7929171308590436
neuron_1990_count,0.7660317811304039
neuron_1991_count,0.7879672853173572
neuron_1992_count,1.037050034506812
neuron_1993_count,0.8061536493102743
neuron_1994_count,0.8774150945236077
neuron_1995_count,0.6889518625657796
neuron_1996_count,0.7798853462546325
neuron_1997_count,0.8037480645388203
neuron_1998_count,0.7057243510607596
neuron_1999_count,0.9001536643333616
neuron_2000_count,0.9725988058081604
neuron_2001_count,0.7268492470212224
neuron_2002_count,0.8538243581543477
neuron_2003_count,0.7204801763884328
neuron_2004_count,0.790755099400223
neuron_2005_count,0.8733669657671685
neuron_2006_count,0.56641842190641
neuron_2007_count,0.6274899131808706
neuron_2008_count,0.559087192275186
neuron_2009_count,0.4063591140411995
neuron_2010_count,0.4441342576196363
neuron_2011_count,0.3711153314970023
neuron_2012_count,0.3254891913675849
neuron_2013_count,0.43577904445304827
neuron_2014_count,0.07162933400738375
neuron_2015_count,0.3247855846868246
neuron_2016_count,0.333064167123572
neuron_2017_count,0.11597917365914082
neuron_2018_count,0.13161401424774602
neuron_2019_count,0.11452563585694994
neuron_2020_count,0.06893619781168453
neuron_2021_count,0.11762100330721695
neuron_2022_count,0.09187257677936378
neuron_2023_count,0.18618639847937854
neuron_2024_count,0.10681328453342956
neuron_2025_count,0.1316856477661839
neuron_2026_count,0.10390514341225646
neuron_2027_count,0.10375758976786964
neuron_2028_count,0.07527535665908641
neuron_2029_count,0.06962644350346889
neuron_2030_count,0.08181281884597041
neuron_2031_count,0.2792896480892869
neuron_2032_count,0.248375890912389
neuron_2033_count,0.10536303696231464
neuron_2034_count,0.09626034195154093
neuron_2035_count,0.035371279192385516
neuron_2036_count,0.1093795945032909
neuron_2037_count,0.16885414392146697
neuron_2038_count,0.1866056189466557
neuron_2039_count,0.20331927675741354
neuron_2040_count,0.10582219059492015
neuron_2041_count,0.045035751822147405
neuron_2042_count,0.2183558353013653
neuron_2043_count,0.08771660226362113
neuron_2044_count,0.32162236409254613
neuron_2045_count,0.26079709214430025
neuron_2046_count,0.5139507604803589
neuron_2047_count,0.26410937703728643
neuron_2048_count,1.0826957255896255
neuron_2049_count,0.6783650594405708
neuron_2050_count,1.0194321406670612
neuron_2051_count,0.956614741461036
neuron_2052_count,1.0134984838328012
neuron_2053_count,0.6858176608650877
neuron_2054_count,0.7380651328163493
neuron_2055_count,0.8168493376272258
neuron_2056_count,0.5346861339342167
neuron_2057_count,0.45686944143160024
neuron_2058_count,0.7342638014668679
neuron_2059_count,0.7458812670386448
neuron_2060_count,0.8609816095579074
neuron_2061_count,0.8789914932822174
neuron_2062_count,0.7817035641552436
neuron_2063_count,0.9914088790597689
neuron_2064_count,0.9305112779159312
neuron_2065_count,0.6767723347811564
neuron_2066_count,0.6352280107054527
neuron_2067_count,0.828192057667618
neuron_2068_count,0.6051132455958375
neuron_2069_count,0.8138909656516711
neuron_2070_count,0.45144039104577127
neuron_2071_count,0.7641975061167237
neuron_2072_count,0.5411994245371633
neuron_2073_count,0.4069424340514782
neuron_2074_count,0.546650606707167
neuron_2075_count,0.3456259664503016
neuron_2076_count,0.34026208828681165
neuron_2077_count,0.2647250269514631
neuron_2078_count,0.4937912790558523
neuron_2079_count,0.39569150458547975
neuron_2080_count,0.19112186823817734
neuron_2081_count,0.1121325392440266
neuron_2082_count,0.18377452959651147
neuron_2083_count,0.10468714368875577
neuron_2084_count,0.13674536712438728
neuron_2085_count,0.11191948213420871
neuron_2086_count,0.1110826201522872
neuron_2087_count,0.18316387597705266
neuron_2088_count,0.08805538074004471
neuron_2089_count,0.06345465795127014
neuron_2090_count,0.08668632445847299
neuron_2091_count,0.08323887587282353
neuron_2092_count,0.04992094674663114
neuron_2093_count,0.10770662976255332
neuron_2094_count,0.07229878117234087
neuron_2095_count,0.14725811208842457
neuron_2096_count,0.05983131091838564
neuron_2097_count,0.11651910615042146
neuron_2098_count,0.12320415432218082
neuron_2099_count,0.13670813164338882
neuron_2100_count,0.08120279879762707
neuron_2101_count,0.2969879025820791
neuron_2102_count,0.2215325148928025
neuron_2103_count,0.16363957622015632
neuron_2104_count,0.09885247555198781
neuron_2105_count,0.7999961056645821
neuron_2106_count,0.6893656845256086
neuron_2107_count,0.46206632751576865
neuron_2108_count,0.35196207507155974
neuron_2109_count,0.4526710490068638
neuron_2110_count,0.3362163319047728
neuron_2111_count,0.24877094656936327
neuron_2112_count,0.8696896172593991
neuron_2113_count,1.153732187432978
neuron_2114_count,0.9191281227743788
neuron_2115_count,1.1714165772013672
neuron_2116_count,0.7809171637644097
neuron_2117_count,0.9167058639939912
neuron_2118_count,0.7002134981300933
neuron_2119_count,0.7182168164218459
neuron_2120_count,0.682796195327672
neuron_2121_count,0.8946788227814594
neuron_2122_count,0.5551655557290265
neuron_2123_count,0.5433545515446254
neuron_2124_count,0.8657611931789222
neuron_2125_count,0.8189228470907353
neuron_2126_count,0.5932576323777236
neuron_2127_count,0.5964597120505655
neuron_2128_count,0.8603238317422996
neuron_2129_count,0.6627024585124507
neuron_2130_count,0.7553904934089195
neuron_2131_count,0.5092270240166713
neuron_2132_count,0.7014099172274577
neuron_2133_count,0.44680634551919696
neuron_2134_count,0.6296053005694795
neuron_2135_count,0.6245354322219603
neuron_2136_count,0.48211252805220317
neuron_2137_count,0.25135209160904864
neuron_2138_count,0.5309270152891813
neuron_2139_count,0.311306934745203
neuron_2140_count,0.2753488201573819
neuron_2141_count,0.2644806118856626
neuron_2142_count,0.16291332279794848
neuron_2143_count,0.14289576419098357
neuron_2144_count,0.13109328369887457
neuron_2145_count,0.2392282698139071
neuron_2146_count,0.08223119794886516
neuron_2147_count,0.14286950310331015
neuron_2148_count,0.1615032666854881
neuron_2149_count,0.15554377745869666
neuron_2150_count,0.07615049739674473
neuron_2151_count,0.07229873206875262
neuron_2152_count,0.07049037866774763
neuron_2153_count,0.1803979325718535
neuron_2154_count,0.08332592204989045
neuron_2155_count,0.06468718033758702
neuron_2156_count,0.08129487552445064
neuron_2157_count,0.08106330213252838
neuron_2158_count,0.19346794194872108
neuron_2159_count,0.20685388061962906
neuron_2160_count,0.15073332241318121
neuron_2161_count,0.13407875723614057
neuron_2162_count,0.21738024842844714
neuron_2163_count,0.08021607480250321
neuron_2164_count,0.29216018624591256
neuron_2165_count,0.18670472084093903
neuron_2166_count,0.06396807211584386
neuron_2167_count,0.06325874362655179
neuron_2168_count,0.4627987248918475
neuron_2169_count,0.2463590518931286
neuron_2170_count,0.5750083126076616
neuron_2171_count,0.06490486517467436
neuron_2172_count,0.7085154987195654
neuron_2173_count,0.33441635551253857
neuron_2174_count,0.4126811617642154
neuron_2175_count,0.345776356522314
neuron_2176_count,0.7888400007726687
neuron_2177_count,0.8635688101817574
neuron_2178_count,0.9701733606374431
neuron_2179_count,1.0189127665862634
neuron_2180_count,0.9316069053161902
neuron_2181_count,0.7614475741415409
neuron_2182_count,0.6337482349369514
neuron_2183_count,0.5028555749573633
neuron_2184_count,0.7837245358100817
neuron_2185_count,0.6785469796734565
neuron_2186_count,0.6847985501135828
neuron_2187_count,0.8223692808559111
neuron_2188_count,0.8478928043930467
neuron_2189_count,0.7885490601583035
neuron_2190_count,0.8405679548529023
neuron_2191_count,0.7219266364728806
neuron_2192_count,0.713082013254341
neuron_2193_count,0.8479245416528076
neuron_2194_count,0.7563563025160116
neuron_2195_count,0.7169288916395774
neuron_2196_count,0.5750522350550711
neuron_2197_count,0.5309462508394416
neuron_2198_count,0.4327058020641814
neuron_2199_count,0.7008043566780479
neuron_2200_count,0.3047236512699973
neuron_2201_count,0.3141505441300638
neuron_2202_count,0.3301427013635196
neuron_2203_count,0.3504615684300001
neuron_2204_count,0.32364358186504383
neuron_2205_count,0.19351774953410728
neuron_2206_count,0.19436460243539216
neuron_2207_count,0.16567838347305552
neuron_2208_count,0.06077158416752658
neuron_2209_count,0.09424583999004324
neuron_2210_count,0.09173114334650873
neuron_2211_count,0.11903750037833588
neuron_2212_count,0.06127072293200501
neuron_2213_count,0.13613281033519736
neuron_2214_count,0.06529930959008265
neuron_2215_count,0.18118553061110143
neuron_2216_count,0.11709371192704113
neuron_2217_count,0.08412552776428088
neuron_2218_count,0.09941789999726033
neuron_2219_count,0.12989718501213438
neuron_2220_count,0.043893352008753314
neuron_2221_count,0.05827553859361262
neuron_2222_count,0.05662807273798037
neuron_2223_count,0.0650652730088625
neuron_2224_count,0.090036369307985
neuron_2225_count,0.22209250070679776
neuron_2226_count,0.2499457108125624
neuron_2227_count,0.26430270775416725
neuron_2228_count,0.1649382062146649
neuron_2229_count,0.25691420382442065
neuron_2230_count,0.10717539652637956
neuron_2231_count,0.34597333679859954
neuron_2232_count,0.08852147917373104
neuron_2233_count,0.1593074364246807
neuron_2234_count,0.11719077008034341
neuron_2235_count,0.3486453746382196
neuron_2236_count,0.2509434245098227
neuron_2237_count,0.25340349711642723
neuron_2238_count,0.3629102491532293
neuron_2239_count,0.459327165633766
neuron_2240_count,0.7893533463133208
neuron_2241_count,0.8740119894498612
neuron_2242_count,0.9396409794754824
neuron_2243_count,0.8247369953931576
neuron_2244_count,0.8388992850853391
neuron_2245_count,0.7761769544624447
neuron_2246_count,0.5481859513917141
neuron_2247_count,0.5117972213186099
neuron_2248_count,0.46509566631929167
neuron_2249_count,0.5095793660752224
neuron_2250_count,0.7010501796485543
neuron_2251_count,0.3233168284337214
neuron_2252_count,0.6373461786754222
neuron_2253_count,0.5412153295832758
neuron_2254_count,0.7546214624263261
neuron_2255_count,0.8193561921324424
neuron_2256_count,0.6639249908078161
neuron_2257_count,0.6944939003287163
neuron_2258_count,0.646643751640767
neuron_2259_count,0.5974658031701595
neuron_2260_count,0.5081164567908236
neuron_2261_count,0.6043051727761459
neuron_2262_count,0.4871262089308446
neuron_2263_count,0.37787139235159045
neuron_2264_count,0.32910466898612223
neuron_2265_count,0.25191651341149085
neuron_2266_count,0.2692404543944572
neuron_2267_count,0.3857961079276735
neuron_2268_count,0.23514517852898148
neuron_2269_count,0.26323235356759467
neuron_2270_count,0.13447664790100597
neuron_2271_count,0.17461003297986655
neuron_2272_count,0.1062700344921879
neuron_2273_count,0.12858039063021104
neuron_2274_count,0.08080757831051014
neuron_2275_count,0.06921411668867208
neuron_2276_count,0.08946693299423245
neuron_2277_count,0.0927428990059438
neuron_2278_count,0.08859988154699266
neuron_2279_count,0.09149099466438912
neuron_2280_count,0.09249336102699393
neuron_2281_count,0.19530726418464184
neuron_2282_count,0.12838917535190034
neuron_2283_count,0.08641800345436546
neuron_2284_count,0.09542444804277114
neuron_2285_count,0.07742476382449609
neuron_2286_count,0.04750285214220423
neuron_2287_count,0.32390922178964354
neuron_2288_count,0.09669529304421776
neuron_2289_count,0.2402968113093042
neuron_2290_count,0.2111333935013553
neuron_2291_count,0.19626277318051344
neuron_2292_count,0.17821010787139166
neuron_2293_count,0.040824463027561375
neuron_2294_count,0.026922120756209596
neuron_2295_count,0.09154433458499273
neuron_2296_count,0.32897385954822306
neuron_2297_count,0.2672545962588952
neuron_2298_count,0.6276069333242744
neuron_2299_count,0.024697695284492067
neuron_2300_count,0.3148583652534659
neuron_2301_count,0.043637740439614575
neuron_2302_count,0.5282922126883475
neuron_2303_count,0.12163829809307022
neuron_2304_count,1.1215745762507616
neuron_2305_count,0.8598936218638876
neuron_2306_count,1.1165809509118574
neuron_2307_count,0.917335195251828
neuron_2308_count,0.6836047959678154
neuron_2309_count,0.6453126206601677
neuron_2310_count,0.6367318243610703
neuron_2311_count,0.597078069861328
neuron_2312_count,0.5710474071655077
neuron_2313_count,0.6228497671581823
neuron_2314_count,0.42512412317038767
neuron_2315_count,0.5794044120017326
neuron_2316_count,0.6098435275906182
neuron_2317_count,0.9570082498913973
neuron_2318_count,0.7629999005181497
neuron_2319_count,0.6296871853789844
neuron_2320_count,0.5852092598614242
neuron_2321_count,0.5498779437166893
neuron_2322_count,0.506122231770622
neuron_2323_count,0.6860558741934351
neuron_2324_count,0.5136260321711739
neuron_2325_count,0.4734731705858629
neuron_2326_count,0.6213951853221892
neuron_2327_count,0.24243638811057086
neuron_2328_count,0.4784638266188584
neuron_2329_count,0.16583810788918252
neuron_2330_count,0.31506196956872046
neuron_2331_count,0.10732959879362045
neuron_2332_count,0.24787538508410448
neuron_2333_count,0.2591725799570866
neuron_2334_count,0.20904177629310675
neuron_2335_count,0.21262626967275056
neuron_2336_count,0.14240159648039968
neuron_2337_count,0.13672647201362118
neuron_2338_count,0.061757273912153215
neuron_2339_count,0.18942598707150987
neuron_2340_count,0.09325540062634577
neuron_2341_count,0.1243342179669209
neuron_2342_count,0.08198384237441933
neuron_2343_count,0.07538049824167353
neuron_2344_count,0.10843515261419268
neuron_2345_count,0.07176977022171241
neuron_2346_count,0.12924290153926252
neuron_2347_count,0.18582744486166253
neuron_2348_count,0.08565442813203143
neuron_2349_count,0.14547000904180613
neuron_2350_count,0.2582093125969226
neuron_2351_count,0.17292460240427776
neuron_2352_count,0.10174227483051754
neuron_2353_count,0.4111577542652805
neuron_2354_count,0.11773982756038656
neuron_2355_count,0.26561051951255454
neuron_2356_count,0.20282860644910622
neuron_2357_count,0.07271345620578001
neuron_2358_count,0.2505198637567811
neuron_2359_count,0.6369083903527636
neuron_2360_count,0.27984849336146866
neuron_2361_count,0.2822905735041751
neuron_2362_count,0.12564686440103376
neuron_2363_count,0.05600936180532681
neuron_2364_count,0.11004722357743557
neuron_2365_count,0.1874163378540746
neuron_2366_count,0.41460732562335406
neuron_2367_count,0.539020600940487
neuron_2368_count,0.8101148836575887
neuron_2369_count,0.7379746256574296
neuron_2370_count,0.8672521416713491
neuron_2371_count,0.6589564971081678
neuron_2372_count,0.6595344763775695
neuron_2373_count,1.0566319918280618
neuron_2374_count,0.6157943600776145
neuron_2375_count,0.7977017398890328
neuron_2376_count,0.43266084489276346
neuron_2377_count,0.3324052456794024
neuron_2378_count,0.7012373448820208
neuron_2379_count,0.731183747944175
neuron_2380_count,0.5656908110246273
neuron_2381_count,0.5707742483571007
neuron_2382_count,0.7885532569479703
neuron_2383_count,0.4914652265303242
neuron_2384_count,0.6223916515714962
neuron_2385_count,0.5755779864298808
neuron_2386_count,0.5461092195230531
neuron_2387_count,0.5240284310568136
neuron_2388_count,0.4760066565424039
neuron_2389_count,0.5915123087163013
neuron_2390_count,0.29286530716428605
neuron_2391_count,0.2438406589699629
neuron_2392_count,0.5062392965331426
neuron_2393_count,0.3165155604173394
neuron_2394_count,0.3352698664540037
neuron_2395_count,0.4018080671511987
neuron_2396_count,0.18975923263959266
neuron_2397_count,0.1510969956174168
neuron_2398_count,0.1356405294893881
neuron_2399_count,0.2241835924873854
neuron_2400_count,0.23891702667952416
neuron_2401_count,0.11457907216826008
neuron_2402_count,0.1460505982412396
neuron_2403_count,0.13182927720749982
neuron_2404_count,0.08083100770222226
neuron_2405_count,0.09316659142886563
neuron_2406_count,0.09176186633677522
neuron_2407_count,0.11565463492931644
neuron_2408_count,0.13335003098530987
neuron_2409_count,0.09544263759528315
neuron_2410_count,0.08702589441243327
neuron_2411_count,0.19388103001403112
neuron_2412_count,0.15663573781706758
neuron_2413_count,0.07403181658503746
neuron_2414_count,0.1001494143415145
neuron_2415_count,0.1725359544690777
neuron_2416_count,0.18641342138724104
neuron_2417_count,0.13261537117602834
neuron_2418_count,0.10176101204229797
neuron_2419_count,0.2485149402524471
neuron_2420_count,0.22794958010735142
neuron_2421_count,0.194451503333038
neuron_2422_count,0.059706339601237716
neuron_2423_count,0.20491888220011806
neuron_2424_count,0.1051799070701929
neuron_2425_count,0.24117347128395542
neuron_2426_count,0.4270649934685399
neuron_2427_count,0.5036798373494553
neuron_2428_count,0.6951268817182846
neuron_2429_count,0.82842348847073
neuron_2430_count,0.6811189974354428
neuron_2431_count,0.38206348325043105
neuron_2432_count,0.7638780987495506
neuron_2433_count,0.6979419102649597
neuron_2434_count,0.8546882617586974
neuron_2435_count,0.7329323198802207
neuron_2436_count,0.7897602553633287
neuron_2437_count,0.6035480914011456
neuron_2438_count,0.93312609712155
neuron_2439_count,0.6038585332792514
neuron_2440_count,0.6228427271305909
neuron_2441_count,0.36495658639701495
neuron_2442_count,0.547751182156957
neuron_2443_count,0.5301042972279745
neuron_2444_count,0.6187432093222307
neuron_2445_count,0.7088955893829076
neuron_2446_count,0.5531995599268983
neuron_2447_count,0.5334805302109324
neuron_2448_count,0.4953633117199613
neuron_2449_count,0.37114836243526433
neuron_2450_count,0.3753075674129831
neuron_2451_count,0.5530894837710414
neuron_2452_count,0.4026684319908761
neuron_2453_count,0.4524352638011346
neuron_2454_count,0.2230113775087874
neuron_2455_count,0.3584949170674822
neuron_2456_count,0.47631052517440325
neuron_2457_count,0.3314551216528289
neuron_2458_count,0.45228579643618416
neuron_2459_count,0.3733428699422813
neuron_2460_count,0.2172082976958417
neuron_2461_count,0.25857435041463117
neuron_2462_count,0.24361699464473513
neuron_2463_count,0.22841777757682152
neuron_2464_count,0.14909594571499413
neuron_2465_count,0.07037718594854828
neuron_2466_count,0.10368008392662265
neuron_2467_count,0.08886625003683218
neuron_2468_count,0.12437049811732617
neuron_2469_count,0.06113491171489452
neuron_2470_count,0.12828541422962358
neuron_2471_count,0.05266102770482679
neuron_2472_count,0.08637033532430718
neuron_2473_count,0.07761427656643852
neuron_2474_count,0.05471301742994525
neuron_2475_count,0.1100556281574637
neuron_2476_count,0.09189873815464844
neuron_2477_count,0.09218437184725792
neuron_2478_count,0.15409388643653582
neuron_2479_count,0.11531046109387683
neuron_2480_count,0.19213975833325142
neuron_2481_count,0.25984353484240397
neuron_2482_count,0.21326559701955186
neuron_2483_count,0.1435342644281244
neuron_2484_count,0.5198969440307235
neuron_2485_count,0.03852019269644581
neuron_2486_count,0.437267767652306
neuron_2487_count,0.05647950898088608
neuron_2488_count,0.20512916144668408
neuron_2489_count,0.030208469911914004
neuron_2490_count,0.30367945926014717
neuron_2491_count,0.18076332616979532
neuron_2492_count,0.7450639240100139
neuron_2493_count,0.38136264177848606
neuron_2494_count,0.1744624077633148
neuron_2495_count,0.020097275223644618
neuron_2496_count,0.7036249606947073
neuron_2497_count,0.6423238569628635
neuron_2498_count,0.44158236532423306
neuron_2499_count,0.6295706985224231
neuron_2500_count,0.6846070710198715
neuron_2501_count,0.4485076108928921
neuron_2502_count,0.5796193351181891
neuron_2503_count,0.5610466816973579
neuron_2504_count,0.4480853876967001
neuron_2505_count,0.8278558332989678
neuron_2506_count,0.6491415922795923
neuron_2507_count,0.7724150078026638
neuron_2508_count,0.7154358217764206
neuron_2509_count,0.5517336510202276
neuron_2510_count,0.6222319093444072
neuron_2511_count,0.61679840891531
neuron_2512_count,0.45602945980989906
neuron_2513_count,0.24759534456124374
neuron_2514_count,0.5217450168800586
neuron_2515_count,0.40248284818030733
neuron_2516_count,0.5335555308741925
neuron_2517_count,0.2904666348274526
neuron_2518_count,0.4150375007985784
neuron_2519_count,0.2515286939777535
neuron_2520_count,0.21076315498460277
neuron_2521_count,0.2571734501486328
neuron_2522_count,0.145483060221798
neuron_2523_count,0.39201375242460546
neuron_2524_count,0.09742641097435176
neuron_2525_count,0.16939595196888707
neuron_2526_count,0.13022326417417907
neuron_2527_count,0.26258222209727705
neuron_2528_count,0.10837040544871296
neuron_2529_count,0.1728160374411111
neuron_2530_count,0.15480328776244748
neuron_2531_count,0.12390942128913532
neuron_2532_count,0.12272590773058448
neuron_2533_count,0.11089020300692992
neuron_2534_count,0.10677249275665446
neuron_2535_count,0.070871536692652
neuron_2536_count,0.11943590249070193
neuron_2537_count,0.2279418001754976
neuron_2538_count,0.1710576674771303
neuron_2539_count,0.24156874173378123
neuron_2540_count,0.21244820641685108
neuron_2541_count,0.24000704341635626
neuron_2542_count,0.2745022170157262
neuron_2543_count,0.21704644592344555
neuron_2544_count,0.20767927105550804
neuron_2545_count,0.6183026360477211
neuron_2546_count,0.22801417023829357
neuron_2547_count,0.06784229201530423
neuron_2548_count,0.33917542035091636
neuron_2549_count,0.16085975225458915
neuron_2550_count,0.18520086568609895
neuron_2551_count,0.032247875867471486
neuron_2552_count,0.0451383372281813
neuron_2553_count,0.5030490915528278
neuron_2554_count,0.24358665598292895
neuron_2555_count,0.32093071822982433
neuron_2556_count,0.2870335139842217
neuron_2557_count,0.5626808995466831
neuron_2558_count,0.7036374212828477
neuron_2559_count,0.3199333945751333
neuron_2560_count,0.5494896491724376
neuron_2561_count,0.6665566109023889
neuron_2562_count,0.5366889802009415
neuron_2563_count,0.6528751143338407
neuron_2564_count,0.6033658308845764
neuron_2565_count,0.3756918245985938
neuron_2566_count,0.43480640663593567
neuron_2567_count,0.559453251281018
neuron_2568_count,0.4711621826019146
neuron_2569_count,0.2760190930080961
neuron_2570_count,0.13460618089999538
neuron_2571_count,0.14241063205398968
neuron_2572_count,0.38486257773442545
neuron_2573_count,0.35532437105322423
neuron_2574_count,0.5416844809158281
neuron_2575_count,0.3463371361102069
neuron_2576_count,0.4881846442350336
neuron_2577_count,0.3661780770462385
neuron_2578_count,0.5754264074480127
neuron_2579_count,0.305280502009729
neuron_2580_count,0.19474002205274957
neuron_2581_count,0.25201591450125616
neuron_2582_count,0.21135935017865076
neuron_2583_count,0.3222156746468089
neuron_2584_count,0.2109422151526604
neuron_2585_count,0.2819182396924581
neuron_2586_count,0.2569986127729003
neuron_2587_count,0.4357432326632831
neuron_2588_count,0.2460608187039064
neuron_2589_count,0.27914955564926847
neuron_2590_count,0.1976011569499107
neuron_2591_count,0.19592476874744424
neuron_2592_count,0.12967783528243157
neuron_2593_count,0.10636959811789845
neuron_2594_count,0.1862953206683232
neuron_2595_count,0.16408879553394012
neuron_2596_count,0.10964291848196095
neuron_2597_count,0.1238673486722204
neuron_2598_count,0.11544125015166329
neuron_2599_count,0.15061532574568964
neuron_2600_count,0.17638071377372885
neuron_2601_count,0.17299697921641963
neuron_2602_count,0.07384325488053706
neuron_2603_count,0.13421795363915526
neuron_2604_count,0.10700545806289943
neuron_2605_count,0.24081207487531364
neuron_2606_count,0.1902793619531571
neuron_2607_count,0.21491372113976565
neuron_2608_count,0.13506181906389697
neuron_2609_count,0.33942488271192395
neuron_2610_count,0.2201088745332772
neuron_2611_count,0.31528060363628224
neuron_2612_count,0.30434318961804097
neuron_2613_count,0.2018090431235385
neuron_2614_count,0.17006606390600756
neuron_2615_count,0.12239018242671679
neuron_2616_count,0.09710493164726958
neuron_2617_count,0.4219895059253329
neuron_2618_count,0.6937643221817891
neuron_2619_count,0.15482360791457792
neuron_2620_count,0.992032251087211
neuron_2621_count,0.24404263771255696
neuron_2622_count,0.43312531538611937
neuron_2623_count,0.3074957247954991
neuron_2624_count,0.5934383529317329
neuron_2625_count,0.5830811961927717
neuron_2626_count,0.5572959271874527
neuron_2627_count,0.6437928758640898
neuron_2628_count,0.536109472840059
neuron_2629_count,0.5576228656790101
neuron_2630_count,0.551752959985046
neuron_2631_count,0.4222418945402154
neuron_2632_count,0.38848655229443496
neuron_2633_count,0.3533263441494388
neuron_2634_count,0.5190174038144066
neuron_2635_count,0.3351433748805529
neuron_2636_count,0.3165532157315277
neuron_2637_count,0.41306948801076426
neuron_2638_count,0.44504071446872184
neuron_2639_count,0.5910911082886423
neuron_2640_count,0.5007699955140205
neuron_2641_count,0.3205866418306971
neuron_2642_count,0.318791973016182
neuron_2643_count,0.30732766763053687
neuron_2644_count,0.3043659796188662
neuron_2645_count,0.27902868205755194
neuron_2646_count,0.24324384959856743
neuron_2647_count,0.2794592168225624
neuron_2648_count,0.2660995393119737
neuron_2649_count,0.2578686951333656
neuron_2650_count,0.1941759236413905
neuron_2651_count,0.22715646348842847
neuron_2652_count,0.21502344940760587
neuron_2653_count,0.25159321658245737
neuron_2654_count,0.13421232296623356
neuron_2655_count,0.12730833007426087
neuron_2656_count,0.13816205457927228
neuron_2657_count,0.13961159222973046
neuron_2658_count,0.15025899300158793
neuron_2659_count,0.12504806231112203
neuron_2660_count,0.07586738147326816
neuron_2661_count,0.05899479839786248
neuron_2662_count,0.12935455364608806
neuron_2663_count,0.1690099190519198
neuron_2664_count,0.07143525646463636
neuron_2665_count,0.07473056544853748
neuron_2666_count,0.08666813891990693
neuron_2667_count,0.14980712139801894
neuron_2668_count,0.10576374227687627
neuron_2669_count,0.15364582063627508
neuron_2670_count,0.1449960871661102
neuron_2671_count,0.33448522250979423
neuron_2672_count,0.1723983362914296
neuron_2673_count,0.037439262573781454
neuron_2674_count,0.17606021887150136
neuron_2675_count,0.36852972809113155
neuron_2676_count,0.35057023516989605
neuron_2677_count,0.08961426820166928
neuron_2678_count,0.08184207333370629
neuron_2679_count,0.032072916815875235
neuron_2680_count,0.5007712820486434
neuron_2681_count,0.3551040020041181
neuron_2682_count,0.3957480322583171
neuron_2683_count,0.40551163917852373
neuron_2684_count,0.6241703488209828
neuron_2685_count,0.42973613827828056
neuron_2686_count,0.5404602431795913
neuron_2687_count,0.26452687729700447
neuron_2688_count,0.4454406876630082
neuron_2689_count,0.587263990520459
neuron_2690_count,0.4840020727134817
neuron_2691_count,0.5866395859868886
neuron_2692_count,0.5824872471969645
neuron_2693_count,0.3191883411652117
neuron_2694_count,0.2773482360882238
neuron_2695_count,0.5862459453457025
neuron_2696_count,0.24570289579658044
neuron_2697_count,0.5044090292313361
neuron_2698_count,0.41781454357561626
neuron_2699_count,0.2828817624521994
neuron_2700_count,0.418410778122727
neuron_2701_count,0.2800570042734465
neuron_2702_count,0.5628210731709126
neuron_2703_count,0.4830393441139133
neuron_2704_count,0.44181584834947685
neuron_2705_count,0.19925285019918396
neuron_2706_count,0.28402228660009404
neuron_2707_count,0.32076572620810606
neuron_2708_count,0.2812780698185149
neuron_2709_count,0.2661006591792256
neuron_2710_count,0.4275194570488024
neuron_2711_count,0.20951499842595492
neuron_2712_count,0.28116286298018467
neuron_2713_count,0.19093429620437466
neuron_2714_count,0.3226151677710767
neuron_2715_count,0.14177879248933237
neuron_2716_count,0.15487301365626902
neuron_2717_count,0.18368929406459383
neuron_2718_count,0.19884281735509435
neuron_2719_count,0.18240842086646886
neuron_2720_count,0.19179703941719423
neuron_2721_count,0.13760704137755184
neuron_2722_count,0.1314954811216815
neuron_2723_count,0.12476743970784379
neuron_2724_count,0.12144646958265004
neuron_2725_count,0.1472366082097473
neuron_2726_count,0.12163978812560966
neuron_2727_count,0.11689112981232586
neuron_2728_count,0.08677191362344894
neuron_2729_count,0.0903083467109104
neuron_2730_count,0.10367650937998638
neuron_2731_count,0.11067634689783243
neuron_2732_count,0.21750293297338366
neuron_2733_count,0.28693905179271606
neuron_2734_count,0.09162736773819513
neuron_2735_count,0.07684411877235853
neuron_2736_count,0.20835612321724706
neuron_2737_count,0.3087924160539553
neuron_2738_count,0.23385916518509378
neuron_2739_count,0.15053205151913227
neuron_2740_count,0.5304805903960235
neuron_2741_count,0.30675851665724574
neuron_2742_count,0.030208542914466424
neuron_2743_count,0.039245900026062215
neuron_2744_count,0.011438312950006451
neuron_2745_count,0.3166717939368283
neuron_2746_count,0.5072956350052351
neuron_2747_count,0.7464874042995556
neuron_2748_count,0.4297724509490046
neuron_2749_count,0.2865458043293172
neuron_2750_count,0.7623781411921977
neuron_2751_count,0.39833789125986463
neuron_2752_count,0.6382888966587319
neuron_2753_count,0.49385375038391577
neuron_2754_count,0.5784101841379086
neuron_2755_count,0.5887906081957262
neuron_2756_count,0.7917845522073828
neuron_2757_count,0.5501024179633812
neuron_2758_count,0.2963608520479237
neuron_2759_count,0.21082335718844086
neuron_2760_count,0.469954175916116
neuron_2761_count,0.3482118310441064
neuron_2762_count,0.3003939266151223
neuron_2763_count,0.4937277199792776
neuron_2764_count,0.3819517483358322
neuron_2765_count,0.39442249329394397
neuron_2766_count,0.3257590273287317
neuron_2767_count,0.25786573156938
neuron_2768_count,0.441031519579546
neuron_2769_count,0.30095481935357493
neuron_2770_count,0.26583208406819536
neuron_2771_count,0.25859530235087
neuron_2772_count,0.31875326655027253
neuron_2773_count,0.28521211762268184
neuron_2774_count,0.22024476904563306
neuron_2775_count,0.23183945779980009
neuron_2776_count,0.29882080057256044
neuron_2777_count,0.2544568204077402
neuron_2778_count,0.24038637185879957
neuron_2779_count,0.1593291432664601
neuron_2780_count,0.18624540435773207
neuron_2781_count,0.11871012529492675
neuron_2782_count,0.14622471804268528
neuron_2783_count,0.1621367054014937
neuron_2784_count,0.11518094012921082
neuron_2785_count,0.1859348385606705
neuron_2786_count,0.11655512247208413
neuron_2787_count,0.15915586690996136
neuron_2788_count,0.12397595825997837
neuron_2789_count,0.1312091412091596
neuron_2790_count,0.1165600832411148
neuron_2791_count,0.1845856943752322
neuron_2792_count,0.09178967244913136
neuron_2793_count,0.09712874041774991
neuron_2794_count,0.09385923473692298
neuron_2795_count,0.09674111118099107
neuron_2796_count,0.16548770095066032
neuron_2797_count,0.14507091350166798
neuron_2798_count,0.11326307281173406
neuron_2799_count,0.09805911720974708
neuron_2800_count,0.3059823948309649
neuron_2801_count,0.5339141617435637
neuron_2802_count,0.22464455314216722
neuron_2803_count,0.39536258218397424
neuron_2804_count,0.36594226049738987
neuron_2805_count,0.01918863628863325
neuron_2806_count,0.23757720298349938
neuron_2807_count,0.0463132667193272
neuron_2808_count,0.6643413253128942
neuron_2809_count,0.03329006844000739
neuron_2810_count,0.6987132185058745
neuron_2811_count,0.5436417230304385
neuron_2812_count,0.25267449147546883
neuron_2813_count,0.45820089952060417
neuron_2814_count,0.4653063889591587
neuron_2815_count,0.29488441725632125
neuron_2816_count,0.6346765362190467
neuron_2817_count,0.5940541069267816
neuron_2818_count,0.5033689315023621
neuron_2819_count,0.5250022411035584
neuron_2820_count,0.37404714011121587
neuron_2821_count,0.4856547463159051
neuron_2822_count,0.34166162970833536
neuron_2823_count,0.36616323480955904
neuron_2824_count,0.411772406507249
neuron_2825_count,0.5845620734251119
neuron_2826_count,0.576514174639969
neuron_2827_count,0.5218594575530093
neuron_2828_count,0.3293055892860851
neuron_2829_count,0.4379225696053535
neuron_2830_count,0.36496441420648695
neuron_2831_count,0.25121549339683236
neuron_2832_count,0.28874886368997704
neuron_2833_count,0.31166261268448375
neuron_2834_count,0.26427783763850876
neuron_2835_count,0.2283113625229532
neuron_2836_count,0.2753363872580269
neuron_2837_count,0.2443219404239659
neuron_2838_count,0.36056243443452296
neuron_2839_count,0.38086305431113576
neuron_2840_count,0.2937889698207713
neuron_2841_count,0.16267132033922213
neuron_2842_count,0.25351664760589276
neuron_2843_count,0.15905064815883654
neuron_2844_count,0.1806155621101446
neuron_2845_count,0.13541451669847093
neuron_2846_count,0.16342215907189966
neuron_2847_count,0.19178336628775627
neuron_2848_count,0.20193140279352728
neuron_2849_count,0.16501385894925802
neuron_2850_count,0.1503438611093676
neuron_2851_count,0.06753046885257968
neuron_2852_count,0.11744860632776025
neuron_2853_count,0.11527579449221362
neuron_2854_count,0.10658159367907688
neuron_2855_count,0.07813513706431499
neuron_2856_count,0.09684820995429408
neuron_2857_count,0.21237644567545688
neuron_2858_count,0.09207611086659381
neuron_2859_count,0.06144354263399865
neuron_2860_count,0.146299785181868
neuron_2861_count,0.08701105259785183
neuron_2862_count,0.0911985977611304
neuron_2863_count,0.17930514715044876
neuron_2864_count,0.1679282441346022
neuron_2865_count,0.5023752114358413
neuron_2866_count,0.39920609357131887
neuron_2867_count,0.37727374373101397
neuron_2868_count,0.14724388214608525
neuron_2869_count,0.15729235070359204
neuron_2870_count,0.33543437274527566
neuron_2871_count,0.32872729467759104
neuron_2872_count,0.12761473976200194
neuron_2873_count,0.3578724004172841
neuron_2874_count,0.7749579424643889
neuron_2875_count,0.6238176471542629
neuron_2876_count,0.7140021627693838
neuron_2877_count,0.13081793343566392
neuron_2878_count,0.13976222254963372
neuron_2879_count,0.22713769569986683
neuron_2880_count,0.45426090789352996
neuron_2881_count,0.7047237280872255
neuron_2882_count,0.5062708171757324
neuron_2883_count,0.47976301370735175
neuron_2884_count,0.5733718313619344
neuron_2885_count,0.31862984106446623
neuron_2886_count,0.5300816007214328
neuron_2887_count,0.2679639591842633
neuron_2888_count,0.37831843004215504
neuron_2889_count,0.3592991518443384
neuron_2890_count,0.45963166172931047
neuron_2891_count,0.39621253752665603
neuron_2892_count,0.26239128438873965
neuron_2893_count,0.3911912750057452
neuron_2894_count,0.37421642862003784
neuron_2895_count,0.507014149654744
neuron_2896_count,0.28289466298797844
neuron_2897_count,0.30741056052385995
neuron_2898_count,0.28434779202155813
neuron_2899_count,0.2348491802595871
neuron_2900_count,0.2691917248350324
neuron_2901_count,0.33846482681993945
neuron_2902_count,0.28907638773069805
neuron_2903_count,0.25337153366863063
neuron_2904_count,0.21616588557478006
neuron_2905_count,0.23795816834901912
neuron_2906_count,0.17233894210636191
neuron_2907_count,0.18213644140765184
neuron_2908_count,0.19727083397148504
neuron_2909_count,0.14925230883408408
neuron_2910_count,0.19743773733655212
neuron_2911_count,0.1604202262832662
neuron_2912_count,0.17337489089379093
neuron_2913_count,0.16186191245161208
neuron_2914_count,0.10489651301184916
neuron_2915_count,0.17549743201607915
neuron_2916_count,0.1519622770710568
neuron_2917_count,0.07320590051577441
neuron_2918_count,0.16846545362586388
neuron_2919_count,0.10060292983614097
neuron_2920_count,0.06278375771642336
neuron_2921_count,0.13377329032692095
neuron_2922_count,0.13037748607228467
neuron_2923_count,0.08965420057410198
neuron_2924_count,0.11702215716333869
neuron_2925_count,0.07851208436403542
neuron_2926_count,0.10041245788040645
neuron_2927_count,0.10071900394201974
neuron_2928_count,0.4173234125318446
neuron_2929_count,0.19720650153244434
neuron_2930_count,0.3368654427220221
neuron_2931_count,0.21525644354977613
neuron_2932_count,0.23080271207380787
neuron_2933_count,0.23143455158095055
neuron_2934_count,0.5596046916176158
neuron_2935_count,0.08072560740523668
neuron_2936_count,0.3665364151898725
neuron_2937_count,0.5450673606311247
neuron_2938_count,0.5527202869108473
neuron_2939_count,0.2960762999727849
neuron_2940_count,0.29270120998716237
neuron_2941_count,0.22737905293325694
neuron_2942_count,0.3876724241380222
neuron_2943_count,0.4838207337254532
neuron_2944_count,0.35269504713565786
neuron_2945_count,0.5448115452956435
neuron_2946_count,0.5062418065583744
neuron_2947_count,0.5415238808958223
neuron_2948_count,0.5539613749490285
neuron_2949_count,0.43827311595555396
neuron_2950_count,0.5454184507819432
neuron_2951_count,0.1634698094611167
neuron_2952_count,0.5435116141530456
neuron_2953_count,0.2895581097198916
neuron_2954_count,0.3179490039519083
neuron_2955_count,0.3822693275260707
neuron_2956_count,0.37618709747814005
neuron_2957_count,0.3630568877207078
neuron_2958_count,0.45383313387865637
neuron_2959_count,0.3150250226805361
neuron_2960_count,0.3581866507319106
neuron_2961_count,0.3075578188439128
neuron_2962_count,0.3257187585250494
neuron_2963_count,0.28466962323831424
neuron_2964_count,0.25586429901848723
neuron_2965_count,0.3131910722561861
neuron_2966_count,0.2643683221462849
neuron_2967_count,0.24936296641082206
neuron_2968_count,0.27994412735724306
neuron_2969_count,0.2690659454741705
neuron_2970_count,0.25567039038596434
neuron_2971_count,0.18439911225185127
neuron_2972_count,0.18572784043541934
neuron_2973_count,0.14069140924728568
neuron_2974_count,0.23047674462625398
neuron_2975_count,0.1530261360004158
neuron_2976_count,0.1991511316102798
neuron_2977_count,0.1337821419059764
neuron_2978_count,0.15831927537529383
neuron_2979_count,0.21898918952800006
neuron_2980_count,0.0977232962387414
neuron_2981_count,0.20823739584387577
neuron_2982_count,0.15814454562539543
neuron_2983_count,0.1133930392583212
neuron_2984_count,0.11344008969438019
neuron_2985_count,0.15101067079496236
neuron_2986_count,0.0790507933017873
neuron_2987_count,0.08034122703518831
neuron_2988_count,0.1242534880017239
neuron_2989_count,0.24682313943141068
neuron_2990_count,0.10177798916212355
neuron_2991_count,0.26569452239540325
neuron_2992_count,0.11645230041117569
neuron_2993_count,0.1164565812960166
neuron_2994_count,0.49869213358537634
neuron_2995_count,0.43732910004612907
neuron_2996_count,0.38584455843344845
neuron_2997_count,0.24175080468063564
neuron_2998_count,0.18665414028457547
neuron_2999_count,0.35142029941960906
neuron_3000_count,0.20417442539250547
neuron_3001_count,0.5182326793793646
neuron_3002_count,0.2667314141691268
neuron_3003_count,0.5370657809352967
neuron_3004_count,0.3093092360666824
neuron_3005_count,0.09302272000139702
neuron_3006_count,0.27594055552842794
neuron_3007_count,0.21809077112495318
neuron_3008_count,0.23048714872955522
neuron_3009_count,0.37548924229824326
neuron_3010_count,0.28134689738151236
neuron_3011_count,0.4776066264488277
neuron_3012_count,0.18187392896956828
neuron_3013_count,0.25212574411979743
neuron_3014_count,0.3344348520558667
neuron_3015_count,0.33688597200032977
neuron_3016_count,0.2966005758796953
neuron_3017_count,0.19240623562396686
neuron_3018_count,0.37541682614667876
neuron_3019_count,0.5059572428036634
neuron_3020_count,0.3419422869397136
neuron_3021_count,0.43924567711920254
neuron_3022_count,0.4053707825296462
neuron_3023_count,0.38127124115093003
neuron_3024_count,0.2518444941241147
neuron_3025_count,0.2847157380343308
neuron_3026_count,0.24280449521102315
neuron_3027_count,0.33026902575386596
neuron_3028_count,0.3004134375983916
neuron_3029_count,0.3008316440432616
neuron_3030_count,0.1512114340533642
neuron_3031_count,0.2076576538705231
neuron_3032_count,0.25560370631494217
neuron_3033_count,0.19738072525233638
neuron_3034_count,0.20407762430706536
neuron_3035_count,0.15749948379786177
neuron_3036_count,0.20250514229605548
neuron_3037_count,0.1708092285138449
neuron_3038_count,0.13123431805994706
neuron_3039_count,0.19460389483769047
neuron_3040_count,0.16586702183400104
neuron_3041_count,0.12479111731125106
neuron_3042_count,0.16240413779621762
neuron_3043_count,0.10225456233395247
neuron_3044_count,0.18561138760483123
neuron_3045_count,0.1076432201546412
neuron_3046_count,0.19507945411891947
neuron_3047_count,0.13440945781198343
neuron_3048_count,0.1856724626605613
neuron_3049_count,0.09780660993944293
neuron_3050_count,0.22097039548832453
neuron_3051_count,0.23527678171685884
neuron_3052_count,0.19719806243169533
neuron_3053_count,0.32813195787141963
neuron_3054_count,0.311562516573619
neuron_3055_count,0.41095347439609037
neuron_3056_count,0.13597586915254803
neuron_3057_count,0.2466826691068891
neuron_3058_count,0.24140428281448487
neuron_3059_count,0.2714409323027028
neuron_3060_count,0.41232319454889144
neuron_3061_count,0.2356025858754029
neuron_3062_count,0.16319237537447778
neuron_3063_count,0.14513944493411668
neuron_3064_count,0.23522919156178013
neuron_3065_count,0.046988853858105036
neuron_3066_count,0.39164050421585556
neuron_3067_count,0.28314440056846124
neuron_3068_count,0.29202246804318566
neuron_3069_count,0.2845664527095967
neuron_3070_count,0.5537673903373185
neuron_3071_count,0.2080270485723406
neuron_3072_count,0.5337254108915385
neuron_3073_count,0.5453938291425471
neuron_3074_count,0.5525923714770976
neuron_3075_count,0.5642466412024237
neuron_3076_count,0.2565652372166347
neuron_3077_count,0.23634388782757804
neuron_3078_count,0.245326883353485
neuron_3079_count,0.24872665886168985
neuron_3080_count,0.2971420288810428
neuron_3081_count,0.2509312172884142
neuron_3082_count,0.30365789874140947
neuron_3083_count,0.3515938372908788
neuron_3084_count,0.31011327949567935
neuron_3085_count,0.35506336632056495
neuron_3086_count,0.4240511770983909
neuron_3087_count,0.2916949505485771
neuron_3088_count,0.28129059673638446
neuron_3089_count,0.23618439888519696
neuron_3090_count,0.3225034374077051
neuron_3091_count,0.22837192872007447
neuron_3092_count,0.2761957747715238
neuron_3093_count,0.22502022362619936
neuron_3094_count,0.29671201898641025
neuron_3095_count,0.25859636914933
neuron_3096_count,0.2541306975303196
neuron_3097_count,0.23668693650587377
neuron_3098_count,0.2880756410471714
neuron_3099_count,0.21618192303305095
neuron_3100_count,0.18232777093471209
neuron_3101_count,0.20205858449502417
neuron_3102_count,0.18578354347290194
neuron_3103_count,0.074223875181289
neuron_3104_count,0.1717221624962833
neuron_3105_count,0.13094989712862087
neuron_3106_count,0.09906099449721559
neuron_3107_count,0.06034407796705518
neuron_3108_count,0.07475670404330109
neuron_3109_count,0.16488908859776946
neuron_3110_count,0.056599031901664765
neuron_3111_count,0.06909185719163463
neuron_3112_count,0.10846255945604391
neuron_3113_count,0.046552386321634415
neuron_3114_count,0.10743968824253683
neuron_3115_count,0.06397192840415378
neuron_3116_count,0.26303209920483417
neuron_3117_count,0.2878904212670286
neuron_3118_count,0.2324720660548903
neuron_3119_count,0.49671701856071493
neuron_3120_count,0.1098266663408177
neuron_3121_count,0.4271516633578234
neuron_3122_count,0.09844892006339387
neuron_3123_count,0.20230268558681974
neuron_3124_count,0.12313635016427202
neuron_3125_count,0.22880295788296082
neuron_3126_count,0.1617165626337571
neuron_3127_count,0.21907189607964134
neuron_3128_count,0.6750026070524701
neuron_3129_count,0.5932468132027273
neuron_3130_count,0.4370113951913117
neuron_3131_count,0.4684811891206723
neuron_3132_count,0.28298729524800326
neuron_3133_count,0.34339987826102547
neuron_3134_count,0.599551004485603
neuron_3135_count,0.37777071526317546
neuron_3136_count,0.210724824971869
neuron_3137_count,0.6446039629193315
neuron_3138_count,0.2354733287306434
neuron_3139_count,0.27665365646470425
neuron_3140_count,0.33715969872386525
neuron_3141_count,0.2894157073486512
neuron_3142_count,0.20768355147969114
neuron_3143_count,0.19199841363723008
neuron_3144_count,0.19810370113850784
neuron_3145_count,0.2915858909874802
neuron_3146_count,0.21568987949949744
neuron_3147_count,0.3254377634893695
neuron_3148_count,0.2916724142155074
neuron_3149_count,0.28802163864127495
neuron_3150_count,0.39612290731043825
neuron_3151_count,0.26626113308861954
neuron_3152_count,0.2676687454736859
neuron_3153_count,0.2405623154765304
neuron_3154_count,0.25840934747275174
neuron_3155_count,0.35872879017400455
neuron_3156_count,0.2504024821220628
neuron_3157_count,0.25775407849330806
neuron_3158_count,0.2044095917769415
neuron_3159_count,0.2965826908109077
neuron_3160_count,0.19652087915555086
neuron_3161_count,0.18785284170913194
neuron_3162_count,0.21417776213336118
neuron_3163_count,0.15729021287898565
neuron_3164_count,0.16255477562646015
neuron_3165_count,0.1541900911488147
neuron_3166_count,0.1499034481597162
neuron_3167_count,0.10632685931553265
neuron_3168_count,0.13960277248407765
neuron_3169_count,0.106107795060494
neuron_3170_count,0.10790736695310021
neuron_3171_count,0.07869039178468515
neuron_3172_count,0.08299824088281868
neuron_3173_count,0.21926845944754392
neuron_3174_count,0.16429501106792238
neuron_3175_count,0.1113395831097192
neuron_3176_count,0.07134481027937997
neuron_3177_count,0.04817538312702935
neuron_3178_count,0.11195405589665064
neuron_3179_count,0.18506945673896155
neuron_3180_count,0.158310194227594
neuron_3181_count,0.32682940837835694
neuron_3182_count,0.22179501489307124
neuron_3183_count,0.4809426958638108
neuron_3184_count,0.3202775271260616
neuron_3185_count,0.2508186737110522
neuron_3186_count,0.42445262078148754
neuron_3187_count,0.11643201840484693
neuron_3188_count,0.2597168969928307
neuron_3189_count,0.0984261572451674
neuron_3190_count,0.13591831486045658
neuron_3191_count,0.35486640260401137
neuron_3192_count,0.3217553382204713
neuron_3193_count,0.30332560940891745
neuron_3194_count,0.5749055493020063
neuron_3195_count,0.21671003325948504
neuron_3196_count,0.28526838450353925
neuron_3197_count,0.16218288113326002
neuron_3198_count,0.4598466971554167
neuron_3199_count,0.19663829370457125
neuron_3200_count,0.31176641710545955
neuron_3201_count,0.6431260845583833
neuron_3202_count,0.387833773569647
neuron_3203_count,0.40945988485696094
neuron_3204_count,0.28640619694119684
neuron_3205_count,0.21526550943214764
neuron_3206_count,0.22768131275325135
neuron_3207_count,0.2590107266373822
neuron_3208_count,0.22684850680873786
neuron_3209_count,0.29897621025562804
neuron_3210_count,0.3349581369983112
neuron_3211_count,0.19258342059256897
neuron_3212_count,0.47512525945800355
neuron_3213_count,0.26023746043592005
neuron_3214_count,0.367501310979243
neuron_3215_count,0.2531117701320609
neuron_3216_count,0.12002907124031394
neuron_3217_count,0.30640560813080886
neuron_3218_count,0.23696606959127803
neuron_3219_count,0.298423287299356
neuron_3220_count,0.26126498870822173
neuron_3221_count,0.2610875571247808
neuron_3222_count,0.1951512136238293
neuron_3223_count,0.23160771788335302
neuron_3224_count,0.21917362032906812
neuron_3225_count,0.2257156081946861
neuron_3226_count,0.2207062435295406
neuron_3227_count,0.13769542549583866
neuron_3228_count,0.18652044617826652
neuron_3229_count,0.1575589140314145
neuron_3230_count,0.21915889218864976
neuron_3231_count,0.1479678074761729
neuron_3232_count,0.0919504519882284
neuron_3233_count,0.12664928312595553
neuron_3234_count,0.14634931452533959
neuron_3235_count,0.06710118271578935
neuron_3236_count,0.06863706581692475
neuron_3237_count,0.04728045424768473
neuron_3238_count,0.08291216488454967
neuron_3239_count,0.06984805635666125
neuron_3240_count,0.08567364921816631
neuron_3241_count,0.05671390388546241
neuron_3242_count,0.061677960920747704
neuron_3243_count,0.10063386088872481
neuron_3244_count,0.16274428160291865
neuron_3245_count,0.27426120071392046
neuron_3246_count,0.2252534987559083
neuron_3247_count,0.09802273102856124
neuron_3248_count,0.49770229034190516
neuron_3249_count,0.4466660947056072
neuron_3250_count,0.3538578961522627
neuron_3251_count,0.058703090002432255
neuron_3252_count,0.28000143558467033
neuron_3253_count,0.2917394901654563
neuron_3254_count,0.4284938551027998
neuron_3255_count,0.01266605626967049
neuron_3256_count,0.4487260138364555
neuron_3257_count,0.41548117770164006
neuron_3258_count,0.19888661262203863
neuron_3259_count,0.23294621756832812
neuron_3260_count,0.5632504579878734
neuron_3261_count,0.09321367941562245
neuron_3262_count,0.5926026563566834
neuron_3263_count,0.20587601709714945
neuron_3264_count,0.2767730797316974
neuron_3265_count,0.6482219883564695
neuron_3266_count,0.38350149927165017
neuron_3267_count,0.3115512868872723
neuron_3268_count,0.22847157591788597
neuron_3269_count,0.5941074735274443
neuron_3270_count,0.25176536331651184
neuron_3271_count,0.24937367346429745
neuron_3272_count,0.3054539379679854
neuron_3273_count,0.23412569002824907
neuron_3274_count,0.30159180211541065
neuron_3275_count,0.1669063928076403
neuron_3276_count,0.20825554786437003
neuron_3277_count,0.3580849978998329
neuron_3278_count,0.32104233365474216
neuron_3279_count,0.21449319955697713
neuron_3280_count,0.34055262430051086
neuron_3281_count,0.21169809360032085
neuron_3282_count,0.2190161185843904
neuron_3283_count,0.22342140907901514
neuron_3284_count,0.2049083270421796
neuron_3285_count,0.27854558953453334
neuron_3286_count,0.24484186174345873
neuron_3287_count,0.19853896929328
neuron_3288_count,0.1590684374107878
neuron_3289_count,0.2551470768493006
neuron_3290_count,0.19383278650470093
neuron_3291_count,0.15365329821632412
neuron_3292_count,0.13266820201455598
neuron_3293_count,0.1423803547369961
neuron_3294_count,0.10137045838452757
neuron_3295_count,0.12162710479299732
neuron_3296_count,0.15664456970527996
neuron_3297_count,0.12676598860880198
neuron_3298_count,0.06853513904580205
neuron_3299_count,0.06665753204838196
neuron_3300_count,0.06003659036445044
neuron_3301_count,0.09569754432031746
neuron_3302_count,0.08048075382969819
neuron_3303_count,0.17163708450517615
neuron_3304_count,0.127326777836988
neuron_3305_count,0.14852463150164247
neuron_3306_count,0.21115483344642647
neuron_3307_count,0.40236401330431154
neuron_3308_count,0.3199802641261633
neuron_3309_count,0.18764252285222044
neuron_3310_count,0.3062928886613413
neuron_3311_count,0.07780798323153162
neuron_3312_count,0.1681022991515262
neuron_3313_count,0.2665867612532178
neuron_3314_count,0.1686280904944874
neuron_3315_count,0.043559911012493555
neuron_3316_count,0.19455057062384665
neuron_3317_count,0.17223409291694697
neuron_3318_count,0.07988108167002136
neuron_3319_count,0.06725804403013767
neuron_3320_count,0.21789681703064573
neuron_3321_count,0.24953040098746
neuron_3322_count,0.22364654779231674
neuron_3323_count,0.036111710799440096
neuron_3324_count,0.31671551061757797
neuron_3325_count,0.07618985534809465
neuron_3326_count,0.2875287594826458
neuron_3327_count,0.16264305281937408
neuron_3328_count,0.2604719065882284
neuron_3329_count,0.5868800261653587
neuron_3330_count,0.3456867729656432
neuron_3331_count,0.38852111447665144
neuron_3332_count,0.554829966892892
neuron_3333_count,0.3134941246353964
neuron_3334_count,0.21946008915524412
neuron_3335_count,0.31397241373141693
neuron_3336_count,0.2842264351118021
neuron_3337_count,0.2927787783856777
neuron_3338_count,0.20748461693245385
neuron_3339_count,0.21442713681790815
neuron_3340_count,0.3299546672999799
neuron_3341_count,0.2877333129628738
neuron_3342_count,0.14057714318764022
neuron_3343_count,0.38406198690649285
neuron_3344_count,0.2329366206016018
neuron_3345_count,0.3698490219582292
neuron_3346_count,0.3322677793779808
neuron_3347_count,0.2505159330335328
neuron_3348_count,0.23169569549335292
neuron_3349_count,0.23200917240207872
neuron_3350_count,0.22851100990908368
neuron_3351_count,0.21347366743178145
neuron_3352_count,0.1104842412737772
neuron_3353_count,0.14706337999979355
neuron_3354_count,0.14262611497620864
neuron_3355_count,0.15444428615697597
neuron_3356_count,0.08852886499869417
neuron_3357_count,0.11655261167596942
neuron_3358_count,0.17614451122052577
neuron_3359_count,0.1439675397893364
neuron_3360_count,0.11133718513722038
neuron_3361_count,0.08460974222744683
neuron_3362_count,0.1203713172254984
neuron_3363_count,0.12993593696536612
neuron_3364_count,0.09226967889019816
neuron_3365_count,0.12104945779082874
neuron_3366_count,0.06538176424885547
neuron_3367_count,0.12476693868500971
neuron_3368_count,0.05407190676674861
neuron_3369_count,0.12709609483004117
neuron_3370_count,0.08699661841364908
neuron_3371_count,0.14186412219107056
neuron_3372_count,0.1580614946611928
neuron_3373_count,0.22322199486246147
neuron_3374_count,0.18685741059905558
neuron_3375_count,0.3890137885800292
neuron_3376_count,0.3400674650536809
neuron_3377_count,0.3450238477756479
neuron_3378_count,0.4602314361878346
neuron_3379_count,0.22657442047303183
neuron_3380_count,0.2361954964064152
neuron_3381_count,0.36991141584012754
neuron_3382_count,0.16821620599154535
neuron_3383_count,0.3581705819618086
neuron_3384_count,0.31137080214274604
neuron_3385_count,0.09582308758429078
neuron_3386_count,0.11495004357469245
neuron_3387_count,0.04004092004246229
neuron_3388_count,0.3810987205655762
neuron_3389_count,0.15785256266135778
neuron_3390_count,0.3803623084962554
neuron_3391_count,0.15516226242920075
neuron_3392_count,0.5119070854987584
neuron_3393_count,0.3779369364129442
neuron_3394_count,0.22042094251032435
neuron_3395_count,0.23800627769955826
neuron_3396_count,0.13893005884850312
neuron_3397_count,0.15583366657432618
neuron_3398_count,0.30997000773190436
neuron_3399_count,0.11187760745333426
neuron_3400_count,0.11455036876409888
neuron_3401_count,0.28493881489199446
neuron_3402_count,0.19532299729095484
neuron_3403_count,0.16376489040749276
neuron_3404_count,0.23022622777039586
neuron_3405_count,0.2703190317357072
neuron_3406_count,0.21692103533945375
neuron_3407_count,0.1632024056128088
neuron_3408_count,0.26788961195362754
neuron_3409_count,0.19645962987959664
neuron_3410_count,0.2180814469301244
neuron_3411_count,0.25804914522254835
neuron_3412_count,0.24288750020599853
neuron_3413_count,0.2689581351197804
neuron_3414_count,0.2722387186170795
neuron_3415_count,0.17222399547684145
neuron_3416_count,0.21700666155006731
neuron_3417_count,0.1591940570443983
neuron_3418_count,0.15681412535563607
neuron_3419_count,0.12842260699166527
neuron_3420_count,0.3266482098025191
neuron_3421_count,0.12736685178180449
neuron_3422_count,0.12321142562825699
neuron_3423_count,0.10932473022332662
neuron_3424_count,0.176048736140598
neuron_3425_count,0.07991194274950128
neuron_3426_count,0.09878094290167744
neuron_3427_count,0.09425177960799574
neuron_3428_count,0.12491155278889327
neuron_3429_count,0.07554040239546794
neuron_3430_count,0.048258187688746235
neuron_3431_count,0.08730807020168699
neuron_3432_count,0.17923949202840728
neuron_3433_count,0.3185073156324021
neuron_3434_count,0.17451234903307622
neuron_3435_count,0.2980145661631755
neuron_3436_count,0.13539781549625746
neuron_3437_count,0.16314855625080701
neuron_3438_count,0.3780447642897237
neuron_3439_count,0.1298222854552571
neuron_3440_count,0.22490051062913802
neuron_3441_count,0.4195475621496836
neuron_3442_count,0.12411712911147825
neuron_3443_count,0.10992189398759333
neuron_3444_count,0.21877624971090714
neuron_3445_count,0.10201438955204073
neuron_3446_count,0.17161613875433104
neuron_3447_count,0.10911541327856444
neuron_3448_count,0.23619100490199202
neuron_3449_count,0.053974223400834104
neuron_3450_count,0.17572871304759274
neuron_3451_count,0.3247770263250084
neuron_3452_count,0.09425768209042545
neuron_3453_count,0.02064319738212414
neuron_3454_count,0.3610768870686532
neuron_3455_count,0.3816623014963626
neuron_3456_count,0.278995847471815
neuron_3457_count,0.455134347503009
neuron_3458_count,0.3110219257052367
neuron_3459_count,0.4119518576640619
neuron_3460_count,0.37625675110831747
neuron_3461_count,0.27224703683686013
neuron_3462_count,0.2853610241792891
neuron_3463_count,0.1913438928697865
neuron_3464_count,0.3195432990535392
neuron_3465_count,0.4917493102687594
neuron_3466_count,0.1670547113119232
neuron_3467_count,0.24174847356342608
neuron_3468_count,0.2975161836325879
neuron_3469_count,0.2847370701128064
neuron_3470_count,0.21752962346445545
neuron_3471_count,0.4057256804061341
neuron_3472_count,0.26169431272353255
neuron_3473_count,0.2377939275599081
neuron_3474_count,0.29850977536010403
neuron_3475_count,0.28834368790917647
neuron_3476_count,0.2002094826734383
neuron_3477_count,0.25945726203562636
neuron_3478_count,0.20818717136921056
neuron_3479_count,0.19844060686626244
neuron_3480_count,0.17852624340554593
neuron_3481_count,0.17442660650577663
neuron_3482_count,0.19443339740238222
neuron_3483_count,0.11228867729509853
neuron_3484_count,0.17897267514760343
neuron_3485_count,0.16202313068931717
neuron_3486_count,0.13029404880418316
neuron_3487_count,0.1160892446216373
neuron_3488_count,0.21985750131919757
neuron_3489_count,0.09722863565129138
neuron_3490_count,0.11680505957711426
neuron_3491_count,0.09880809252172826
neuron_3492_count,0.12254243861478434
neuron_3493_count,0.07973406777675021
neuron_3494_count,0.08274059404424922
neuron_3495_count,0.19713470049180207
neuron_3496_count,0.11532099233855433
neuron_3497_count,0.20561326057241602
neuron_3498_count,0.16704944255157136
neuron_3499_count,0.16320573476254083
neuron_3500_count,0.2337866677059758
neuron_3501_count,0.3865291504620122
neuron_3502_count,0.04872640893305982
neuron_3503_count,0.3343727074000432
neuron_3504_count,0.13404520780885504
neuron_3505_count,0.17245333508372546
neuron_3506_count,0.14922901833205302
neuron_3507_count,0.13616832897048803
neuron_3508_count,0.23794326950315245
neuron_3509_count,0.26239831969026656
neuron_3510_count,0.012727884748239549
neuron_3511_count,0.01917839231599157
neuron_3512_count,0.12980651756190587
neuron_3513_count,0.17132791581586426
neuron_3514_count,0.13399626770687786
neuron_3515_count,0.1744690099349356
neuron_3516_count,0.16669604167667085
neuron_3517_count,0.04141105545538654
neuron_3518_count,0.28986816127126414
neuron_3519_count,0.27813911576107353
neuron_3520_count,0.4784462746645767
neuron_3521_count,0.2964228355902481
neuron_3522_count,0.2591102237440108
neuron_3523_count,0.2451122471847423
neuron_3524_count,0.1428068346420324
neuron_3525_count,0.18756886685334945
neuron_3526_count,0.183024220910166
neuron_3527_count,0.17373384902829236
neuron_3528_count,0.28050597617726586
neuron_3529_count,0.1900145593611498
neuron_3530_count,0.17438939822880883
neuron_3531_count,0.1456842533163252
neuron_3532_count,0.4593407382596007
neuron_3533_count,0.20866519058555547
neuron_3534_count,0.1626309516024435
neuron_3535_count,0.3007160331329861
neuron_3536_count,0.17096586467742636
neuron_3537_count,0.10076508902675926
neuron_3538_count,0.28382384306079583
neuron_3539_count,0.2560764234523084
neuron_3540_count,0.26218748773281564
neuron_3541_count,0.25414009499734885
neuron_3542_count,0.20260384315800312
neuron_3543_count,0.22638650659811607
neuron_3544_count,0.1441902583310653
neuron_3545_count,0.13546481377996578
neuron_3546_count,0.2058245805415588
neuron_3547_count,0.162036164917543
neuron_3548_count,0.1820376588936394
neuron_3549_count,0.08557530713674741
neuron_3550_count,0.15476679045593486
neuron_3551_count,0.1190969817358968
neuron_3552_count,0.11932468073340027
neuron_3553_count,0.05065621674668924
neuron_3554_count,0.12416422511318054
neuron_3555_count,0.18506646025531007
neuron_3556_count,0.06501775470464932
neuron_3557_count,0.10636391667090314
neuron_3558_count,0.11181978279273144
neuron_3559_count,0.08030997929290981
neuron_3560_count,0.26192847979459244
neuron_3561_count,0.12403067092492154
neuron_3562_count,0.13210557111844004
neuron_3563_count,0.24487323510047385
neuron_3564_count,0.221143996634204
neuron_3565_count,0.15378472922672531
neuron_3566_count,0.08229475976026668
neuron_3567_count,0.19029951211159482
neuron_3568_count,0.2852001280157898
neuron_3569_count,0.01889189814319743
neuron_3570_count,0.015008037829282124
neuron_3571_count,0.18988062400353328
neuron_3572_count,0.08818503013949247
neuron_3573_count,0.09588888906269716
neuron_3574_count,0.30610993834747857
neuron_3575_count,0.046285578940666636
neuron_3576_count,0.4026572925328471
neuron_3577_count,0.09892494135963432
neuron_3578_count,0.11464000398041767
neuron_3579_count,0.17271995326963965
neuron_3580_count,0.28273342675915514
neuron_3581_count,0.05130876476994316
neuron_3582_count,0.18593481544318746
neuron_3583_count,0.07760535799926621
neuron_3584_count,0.34799495656308227
neuron_3585_count,0.2387398681760768
neuron_3586_count,0.47436171363808205
neuron_3587_count,0.2969878735558793
neuron_3588_count,0.12345709639893297
neuron_3589_count,0.25198684466612187
neuron_3590_count,0.11473324750700377
neuron_3591_count,0.17552052215823377
neuron_3592_count,0.21237646439730995
neuron_3593_count,0.30046628953599075
neuron_3594_count,0.3276428381682442
neuron_3595_count,0.2470305202996192
neuron_3596_count,0.31590139902531217
neuron_3597_count,0.38104160959298794
neuron_3598_count,0.24868028255655794
neuron_3599_count,0.42026693287304073
neuron_3600_count,0.16018461759205674
neuron_3601_count,0.17705355493020278
neuron_3602_count,0.1909062189262311
neuron_3603_count,0.2262331694490594
neuron_3604_count,0.23693777508672165
neuron_3605_count,0.23132987265065674
neuron_3606_count,0.14540284786460544
neuron_3607_count,0.21926440080562598
neuron_3608_count,0.15958591817617335
neuron_3609_count,0.21580430793610753
neuron_3610_count,0.16690451978651424
neuron_3611_count,0.18355585613454228
neuron_3612_count,0.12607189715422862
neuron_3613_count,0.1373201423413439
neuron_3614_count,0.12226099545766739
neuron_3615_count,0.1203392805565768
neuron_3616_count,0.10041339087529952
neuron_3617_count,0.09657237284504772
neuron_3618_count,0.11062279585292042
neuron_3619_count,0.07333408608891942
neuron_3620_count,0.14594735306394935
neuron_3621_count,0.16004535377288454
neuron_3622_count,0.17801738601011435
neuron_3623_count,0.21839417714805529
neuron_3624_count,0.08832808215393625
neuron_3625_count,0.2042974827241425
neuron_3626_count,0.18519700844451895
neuron_3627_count,0.16338457329676837
neuron_3628_count,0.15400766073794647
neuron_3629_count,0.21503628301581962
neuron_3630_count,0.17182636698319587
neuron_3631_count,0.12617467590104628
neuron_3632_count,0.06082295925649829
neuron_3633_count,0.17530711812002003
neuron_3634_count,0.230634849106042
neuron_3635_count,0.14149826936372267
neuron_3636_count,0.11785623181960218
neuron_3637_count,0.024198439848225756
neuron_3638_count,0.16504846244933968
neuron_3639_count,0.04182628184319448
neuron_3640_count,0.008430299870003738
neuron_3641_count,0.006214540672771891
neuron_3642_count,0.14148168933546404
neuron_3643_count,0.09991043381378673
neuron_3644_count,0.45017899454066956
neuron_3645_count,0.11148716487628493
neuron_3646_count,0.36858262326013347
neuron_3647_count,0.220232878823914
neuron_3648_count,0.20815777038619102
neuron_3649_count,0.25437312500227144
neuron_3650_count,0.15216621076539041
neuron_3651_count,0.10417294849826711
neuron_3652_count,0.1061034237047878
neuron_3653_count,0.17447206943172167
neuron_3654_count,0.0804807529087238
neuron_3655_count,0.13969681272148773
neuron_3656_count,0.2728496291121661
neuron_3657_count,0.19530640192401344
neuron_3658_count,0.24675569681841597
neuron_3659_count,0.43962591711096755
neuron_3660_count,0.21706077671455365
neuron_3661_count,0.33311034497126185
neuron_3662_count,0.284038994375884
neuron_3663_count,0.20143792404510857
neuron_3664_count,0.18073955276895254
neuron_3665_count,0.22136773459186967
neuron_3666_count,0.16312893052670374
neuron_3667_count,0.1393452703702278
neuron_3668_count,0.2220914210962136
neuron_3669_count,0.21107420479852926
neuron_3670_count,0.2347604646871203
neuron_3671_count,0.2068567903051898
neuron_3672_count,0.21012820328467513
neuron_3673_count,0.1763449469749271
neuron_3674_count,0.1489863890847184
neuron_3675_count,0.21628867812117653
neuron_3676_count,0.180104311666777
neuron_3677_count,0.1483279765412977
neuron_3678_count,0.15822556564869156
neuron_3679_count,0.2212679522621045
neuron_3680_count,0.14703674925431753
neuron_3681_count,0.10430590627956565
neuron_3682_count,0.10694019217395889
neuron_3683_count,0.08971534030644052
neuron_3684_count,0.1256796630082757
neuron_3685_count,0.17478345769319661
neuron_3686_count,0.06714924260356792
neuron_3687_count,0.1971117648280594
neuron_3688_count,0.14216851601786445
neuron_3689_count,0.18091964328975854
neuron_3690_count,0.20790398560689097
neuron_3691_count,0.24142725841278578
neuron_3692_count,0.32574648914042903
neuron_3693_count,0.28072637870673134
neuron_3694_count,0.32775529415188376
neuron_3695_count,0.09442903298902192
neuron_3696_count,0.1410635818297094
neuron_3697_count,0.17583296546850594
neuron_3698_count,0.126702765124062
neuron_3699_count,0.2286154064883353
neuron_3700_count,0.07491452316771544
neuron_3701_count,0.11712881965430513
neuron_3702_count,0.3962088793799273
neuron_3703_count,0.42398079481857265
neuron_3704_count,0.172862999690905
neuron_3705_count,0.23533779075986322
neuron_3706_count,0.17229521938111308
neuron_3707_count,0.17229879430795011
neuron_3708_count,0.17654446993397455
neuron_3709_count,0.1631427240268379
neuron_3710_count,0.23297900064095867
neuron_3711_count,0.04893683098962909
neuron_3712_count,0.1604815912168745
neuron_3713_count,0.40615212870802764
neuron_3714_count,0.4408649981634485
neuron_3715_count,0.10168370211835648
neuron_3716_count,0.1238713611540441
neuron_3717_count,0.17449966798185929
neuron_3718_count,0.13267490280747618
neuron_3719_count,0.396052609491827
neuron_3720_count,0.22467598242241826
neuron_3721_count,0.14107245316054046
neuron_3722_count,0.3498026782887385
neuron_3723_count,0.32264652382797565
neuron_3724_count,0.25961348120041716
neuron_3725_count,0.21045026370396183
neuron_3726_count,0.2910810305394873
neuron_3727_count,0.3100135329950635
neuron_3728_count,0.1554619972453748
neuron_3729_count,0.2867435002619557
neuron_3730_count,0.22925450876134718
neuron_3731_count,0.26932863835281556
neuron_3732_count,0.25883801144735163
neuron_3733_count,0.2904283075495233
neuron_3734_count,0.24642634858057735
neuron_3735_count,0.17090451609605137
neuron_3736_count,0.20222822085501402
neuron_3737_count,0.21184201227051935
neuron_3738_count,0.2342093706531045
neuron_3739_count,0.20108936156598753
neuron_3740_count,0.18079679568228163
neuron_3741_count,0.14775828409614447
neuron_3742_count,0.24003871069342375
neuron_3743_count,0.19628187354856497
neuron_3744_count,0.19328902307044935
neuron_3745_count,0.16953619676136608
neuron_3746_count,0.18082309605494584
neuron_3747_count,0.07893893314082184
neuron_3748_count,0.10613805394460736
neuron_3749_count,0.13912982299934143
neuron_3750_count,0.1600614030509529
neuron_3751_count,0.16329027845978827
neuron_3752_count,0.21835772505182682
neuron_3753_count,0.2908041652120086
neuron_3754_count,0.28894376105155967
neuron_3755_count,0.29522026570911675
neuron_3756_count,0.3290788955029065
neuron_3757_count,0.4276078219021803
neuron_3758_count,0.2687503161217092
neuron_3759_count,0.22447457063356716
neuron_3760_count,0.38163903526290094
neuron_3761_count,0.3126131756317023
neuron_3762_count,0.29780991491273456
neuron_3763_count,0.2767729736544108
neuron_3764_count,0.3184425801806484
neuron_3765_count,0.03842665933896136
neuron_3766_count,0.23856385566165283
neuron_3767_count,0.22687741398936562
neuron_3768_count,0.4884854852537239
neuron_3769_count,0.29565384072398304
neuron_3770_count,0.20452081765561936
neuron_3771_count,0.14681181328675472
neuron_3772_count,0.31267078575892115
neuron_3773_count,0.18522315717633495
neuron_3774_count,0.08989375553540264
neuron_3775_count,0.10110414920380242
neuron_3776_count,0.4088608099109123
neuron_3777_count,0.3728789379135011
neuron_3778_count,0.29215152270829486
neuron_3779_count,0.26164370137122017
neuron_3780_count,0.14436278786065837
neuron_3781_count,0.13370518978572232
neuron_3782_count,0.28124131954183984
neuron_3783_count,0.1418928042622546
neuron_3784_count,0.11005634670773831
neuron_3785_count,0.43486614727677336
neuron_3786_count,0.40287689758373696
neuron_3787_count,0.21632209486034215
neuron_3788_count,0.2512489423679285
neuron_3789_count,0.2943528650342656
neuron_3790_count,0.23208425995488774
neuron_3791_count,0.3511052709906608
neuron_3792_count,0.2477423813226446
neuron_3793_count,0.33813530284359916
neuron_3794_count,0.2504772252425305
neuron_3795_count,0.2777482382639063
neuron_3796_count,0.3506599592092016
neuron_3797_count,0.24536673875647866
neuron_3798_count,0.22798346832112018
neuron_3799_count,0.21499527123497367
neuron_3800_count,0.24601165939560105
neuron_3801_count,0.19028438040049145
neuron_3802_count,0.20502685016821823
neuron_3803_count,0.21042577117070863
neuron_3804_count,0.20629204318513664
neuron_3805_count,0.21159445545188615
neuron_3806_count,0.1608837943048414
neuron_3807_count,0.13238739205038752
neuron_3808_count,0.20707719885307424
neuron_3809_count,0.17266826468733487
neuron_3810_count,0.11070237184443868
neuron_3811_count,0.1455082475968369
neuron_3812_count,0.19177999010051416
neuron_3813_count,0.17695083064934417
neuron_3814_count,0.10707946908453639
neuron_3815_count,0.17582197211888564
neuron_3816_count,0.14531363840065561
neuron_3817_count,0.3557168450830111
neuron_3818_count,0.182880730803942
neuron_3819_count,0.14958246042818063
neuron_3820_count,0.20312407499640872
neuron_3821_count,0.13184527424581144
neuron_3822_count,0.19606739732418033
neuron_3823_count,0.29578832909636465
neuron_3824_count,0.24841187001194784
neuron_3825_count,0.2633545868285714
neuron_3826_count,0.18907233283231203
neuron_3827_count,0.15474263315563522
neuron_3828_count,0.31790032870310814
neuron_3829_count,0.13963767255609746
neuron_3830_count,0.05965339381402762
neuron_3831_count,0.1000533341565139
neuron_3832_count,0.3831445965953527
neuron_3833_count,0.09451328645320081
neuron_3834_count,0.24514512997628446
neuron_3835_count,0.20936776764211296
neuron_3836_count,0.1545678816888003
neuron_3837_count,0.23343870647889697
neuron_3838_count,0.38992862808143847
neuron_3839_count,0.16442217342493026
neuron_3840_count,0.30400330792067554
neuron_3841_count,0.43406325061736967
neuron_3842_count,0.4505891058693614
neuron_3843_count,0.4455992425307468
neuron_3844_count,0.13100014399108983
neuron_3845_count,0.308006146235772
neuron_3846_count,0.30548124344996314
neuron_3847_count,0.35609869619755885
neuron_3848_count,0.2876017927152121
neuron_3849_count,0.21815410246648848
neuron_3850_count,0.31193389509111735
neuron_3851_count,0.2635662615074908
neuron_3852_count,0.3068339070195671
neuron_3853_count,0.2962264574869495
neuron_3854_count,0.26836052706037444
neuron_3855_count,0.3298203553088316
neuron_3856_count,0.32625839976291227
neuron_3857_count,0.20045491936171586
neuron_3858_count,0.2158380842798264
neuron_3859_count,0.2873117920287751
neuron_3860_count,0.25583530918130737
neuron_3861_count,0.2827553466858051
neuron_3862_count,0.23042555721276817
neuron_3863_count,0.23135745174341216
neuron_3864_count,0.2793301278435284
neuron_3865_count,0.25769121542195733
neuron_3866_count,0.29621531034767834
neuron_3867_count,0.1616675811657247
neuron_3868_count,0.21177782076428386
neuron_3869_count,0.28012864118213354
neuron_3870_count,0.23388376151178253
neuron_3871_count,0.2114789878057006
neuron_3872_count,0.21147732358953542
neuron_3873_count,0.19586598959697116
neuron_3874_count,0.19167057517711722
neuron_3875_count,0.14317504213504922
neuron_3876_count,0.19524557777173723
neuron_3877_count,0.18057047122082298
neuron_3878_count,0.143802486572435
neuron_3879_count,0.182205234453218
neuron_3880_count,0.1205811107655452
neuron_3881_count,0.13717688609923373
neuron_3882_count,0.16389271874068542
neuron_3883_count,0.09256648836006798
neuron_3884_count,0.13486950395487568
neuron_3885_count,0.1903154061613812
neuron_3886_count,0.484232075475288
neuron_3887_count,0.14149171920995632
neuron_3888_count,0.30150391237568247
neuron_3889_count,0.2505969244604892
neuron_3890_count,0.3827587116567735
neuron_3891_count,0.1252510191915484
neuron_3892_count,0.182275026940229
neuron_3893_count,0.345444118273445
neuron_3894_count,0.32908937012283457
neuron_3895_count,0.26148155362949377
neuron_3896_count,0.08095056363174
neuron_3897_count,0.18121994118541462
neuron_3898_count,0.0370958717619051
neuron_3899_count,0.06528328007312231
neuron_3900_count,0.10491488427770257
neuron_3901_count,0.261272219559281
neuron_3902_count,0.17322271101114511
neuron_3903_count,0.3255286434702209
neuron_3904_count,0.4065715465916105
neuron_3905_count,0.4539887900528493
neuron_3906_count,0.37853365460637894
neuron_3907_count,0.4111490642222062
neuron_3908_count,0.3060339619588574
neuron_3909_count,0.22983716164050222
neuron_3910_count,0.4114453855668226
neuron_3911_count,0.390516820274946
neuron_3912_count,0.20238203251869535
neuron_3913_count,0.39868218763322083
neuron_3914_count,0.22263047194575147
neuron_3915_count,0.2391664179111445
neuron_3916_count,0.2285948958078446
neuron_3917_count,0.2760174823155998
neuron_3918_count,0.23147694675489688
neuron_3919_count,0.21935788497273428
neuron_3920_count,0.17517624428322393
neuron_3921_count,0.3006082287129921
neuron_3922_count,0.25635624778768584
neuron_3923_count,0.24286078192818317
neuron_3924_count,0.23711738306907337
neuron_3925_count,0.19686848246419597
neuron_3926_count,0.1899915357751077
neuron_3927_count,0.2268014733019537
neuron_3928_count,0.2736178970457041
neuron_3929_count,0.2255520322985756
neuron_3930_count,0.20996446631792712
neuron_3931_count,0.25152062965173927
neuron_3932_count,0.18384579650132196
neuron_3933_count,0.22202914510163263
neuron_3934_count,0.2555996036509729
neuron_3935_count,0.22708115223508898
neuron_3936_count,0.2223773544118256
neuron_3937_count,0.24651605002740318
neuron_3938_count,0.16926573361264544
neuron_3939_count,0.2092093717558765
neuron_3940_count,0.21848803785923837
neuron_3941_count,0.1744927109974114
neuron_3942_count,0.12440751979463804
neuron_3943_count,0.1501943778517222
neuron_3944_count,0.15189714601538984
neuron_3945_count,0.15676500994541687
neuron_3946_count,0.11568256946923675
neuron_3947_count,0.12089953862480352
neuron_3948_count,0.13386449551654728
neuron_3949_count,0.10489634551104607
neuron_3950_count,0.21324776324898034
neuron_3951_count,0.17827105602470172
neuron_3952_count,0.13329329829944225
neuron_3953_count,0.10319083988440904
neuron_3954_count,0.2204910976327918
neuron_3955_count,0.23639503717518823
neuron_3956_count,0.26292225553220994
neuron_3957_count,0.26584110324625326
neuron_3958_count,0.08766972532970216
neuron_3959_count,0.10643886112502027
neuron_3960_count,0.18467603977955854
neuron_3961_count,0.1980823623314639
neuron_3962_count,0.1845121684531472
neuron_3963_count,0.059151930438014755
neuron_3964_count,0.0197261323688928
neuron_3965_count,0.11088194367795443
neuron_3966_count,0.13923903120248854
neuron_3967_count,0.01137988271682111
neuron_3968_count,0.09223988595940716
neuron_3969_count,0.2736972860430717
neuron_3970_count,0.44108533032024666
neuron_3971_count,0.22717961256250274
neuron_3972_count,0.31561756891939924
neuron_3973_count,0.1146015155513838
neuron_3974_count,0.3599607363039554
neuron_3975_count,0.10603892504822159
neuron_3976_count,0.2220718954387623
neuron_3977_count,0.4187132877228711
neuron_3978_count,0.17140604188830647
neuron_3979_count,0.2563370727385137
neuron_3980_count,0.28223914119142146
neuron_3981_count,0.25392413934763847
neuron_3982_count,0.3123326625280499
neuron_3983_count,0.23891173941787625
neuron_3984_count,0.24227235057142865
neuron_3985_count,0.28905705004991056
neuron_3986_count,0.302399633361858
neuron_3987_count,0.24392291346513256
neuron_3988_count,0.28427179669039243
neuron_3989_count,0.2743235256421199
neuron_3990_count,0.2975739790022839
neuron_3991_count,0.21580502262009182
neuron_3992_count,0.22726144818781913
neuron_3993_count,0.20216000199215173
neuron_3994_count,0.20758112929185268
neuron_3995_count,0.2562999718425057
neuron_3996_count,0.2797345467107143
neuron_3997_count,0.21961383841951326
neuron_3998_count,0.24002761450527244
neuron_3999_count,0.23583171643572148
neuron_4000_count,0.23361416567897617
neuron_4001_count,0.16387259482895522
neuron_4002_count,0.18444075235791402
neuron_4003_count,0.23901151438423884
neuron_4004_count,0.21577964112321668
neuron_4005_count,0.21360834956121605
neuron_4006_count,0.17813235097889762
neuron_4007_count,0.19287071964426983
neuron_4008_count,0.17982391194579378
neuron_4009_count,0.14832538052021457
neuron_4010_count,0.13580599238676516
neuron_4011_count,0.16547782346141532
neuron_4012_count,0.17455368556215317
neuron_4013_count,0.14521900138531013
neuron_4014_count,0.16165829554935535
neuron_4015_count,0.31732702527771955
neuron_4016_count,0.228411826423993
neuron_4017_count,0.17724021642481974
neuron_4018_count,0.1302315338694872
neuron_4019_count,0.25675770819911403
neuron_4020_count,0.13185373460883518
neuron_4021_count,0.20858794006919076
neuron_4022_count,0.12134848436369011
neuron_4023_count,0.2557694914995877
neuron_4024_count,0.14922183469520345
neuron_4025_count,0.2450120362698135
neuron_4026_count,0.14820975101571676
neuron_4027_count,0.24719048275881805
neuron_4028_count,0.29243695855500024
neuron_4029_count,0.19756503940996006
neuron_4030_count,0.12912153909856092
neuron_4031_count,0.13833490336659304
neuron_4032_count,0.13609882584949828
neuron_4033_count,0.15614225073651572
neuron_4034_count,0.25475428880545054
neuron_4035_count,0.48405225613023845
neuron_4036_count,0.32188855175454084
neuron_4037_count,0.09165327162265394
neuron_4038_count,0.30399043994664515
neuron_4039_count,0.46605746930942404
neuron_4040_count,0.24737124878217148
neuron_4041_count,0.33623832209661786
neuron_4042_count,0.09558984448895204
neuron_4043_count,0.3907635768773214
neuron_4044_count,0.3362108579428861
neuron_4045_count,0.2928494183201964
neuron_4046_count,0.35765391533083385
neuron_4047_count,0.2928209544481578
neuron_4048_count,0.2706565191297936
neuron_4049_count,0.21318160236018788
neuron_4050_count,0.2691419288565851
neuron_4051_count,0.21826888670710257
neuron_4052_count,0.2344402810144829
neuron_4053_count,0.18945291754842924
neuron_4054_count,0.31972329248976067
neuron_4055_count,0.2876746848319795
neuron_4056_count,0.30131642651024976
neuron_4057_count,0.2627881626052948
neuron_4058_count,0.2624024805682712
neuron_4059_count,0.29127408838294055
neuron_4060_count,0.2544473076373733
neuron_4061_count,0.20590656714227365
neuron_4062_count,0.1821150424193268
neuron_4063_count,0.18264662620785838
neuron_4064_count,0.24769026458097726
neuron_4065_count,0.22684715076545273
neuron_4066_count,0.2098783612016947
neuron_4067_count,0.18070502195245386
neuron_4068_count,0.23688506052249356
neuron_4069_count,0.18162162651597663
neuron_4070_count,0.11557536429444493
neuron_4071_count,0.23465250114540342
neuron_4072_count,0.16834433379635982
neuron_4073_count,0.2258661468041322
neuron_4074_count,0.15058553128018706
neuron_4075_count,0.20225759992121375
neuron_4076_count,0.20424624780115924
neuron_4077_count,0.11571726824067743
neuron_4078_count,0.1422136815401262
neuron_4079_count,0.3179048068561582
neuron_4080_count,0.20741645521858518
neuron_4081_count,0.06431091988691363
neuron_4082_count,0.22131294707693008
neuron_4083_count,0.18765501863327927
neuron_4084_count,0.15674912329124416
neuron_4085_count,0.2579234435290696
neuron_4086_count,0.12496561742447437
neuron_4087_count,0.29227764551724267
neuron_4088_count,0.07164040441070052
neuron_4089_count,0.08896121881219986
neuron_4090_count,0.10379989858043881
neuron_4091_count,0.1332245324014849
neuron_4092_count,0.14284308825591355
neuron_4093_count,0.18194956616368765
neuron_4094_count,0.01679357397254906
neuron_4095_count,0.1292952859245458
