,0
neuron_0_count,0.11682288121770035
neuron_1_count,0.0845684384667233
neuron_2_count,0.10135548546685189
neuron_3_count,0.0696468416875807
neuron_4_count,0.05312971790414325
neuron_5_count,0.05335140879719728
neuron_6_count,0.08138011678259771
neuron_7_count,0.12902691952537063
neuron_8_count,0.16044573974946424
neuron_9_count,0.16681208024558453
neuron_10_count,0.10597054205532389
neuron_11_count,0.13769293441805716
neuron_12_count,0.019709848059128635
neuron_13_count,0.09044910405166698
neuron_14_count,0.12219767394713699
neuron_15_count,0.08259480128365441
neuron_16_count,0.08160137497195696
neuron_17_count,0.11576360372111867
neuron_18_count,0.07231125991966764
neuron_19_count,0.0582018811657858
neuron_20_count,0.07150835251588919
neuron_21_count,0.07326900409117343
neuron_22_count,0.07208758309538175
neuron_23_count,0.10435335082632596
neuron_24_count,0.06361129746742164
neuron_25_count,0.10040063070959787
neuron_26_count,0.07571020249996452
neuron_27_count,0.07745742781472281
neuron_28_count,0.043040811454873054
neuron_29_count,0.06970656079626798
neuron_30_count,0.035681807307537006
neuron_31_count,0.07016916816227653
neuron_32_count,0.058996750331425124
neuron_33_count,0.06186495748129742
neuron_34_count,0.09675243167863051
neuron_35_count,0.05230977974740643
neuron_36_count,0.07185198764307107
neuron_37_count,0.03855468902931042
neuron_38_count,0.04123411587354936
neuron_39_count,0.05277856825207962
neuron_40_count,0.0599422899996577
neuron_41_count,0.04625068835512064
neuron_42_count,0.0628853534684863
neuron_43_count,0.12057884724615411
neuron_44_count,0.053840519164010725
neuron_45_count,0.05738139950076357
neuron_46_count,0.06711760258534255
neuron_47_count,0.029496836431602266
neuron_48_count,0.057505778357892195
neuron_49_count,0.021873574270490373
neuron_50_count,0.05578366592607202
neuron_51_count,0.038478654385893526
neuron_52_count,0.03916182378095891
neuron_53_count,0.025504603256729607
neuron_54_count,0.045042588785061184
neuron_55_count,0.02278841543421639
neuron_56_count,0.01729589962936553
neuron_57_count,0.009732550098899596
neuron_58_count,0.03340113239214136
neuron_59_count,0.008492775221477344
neuron_60_count,0.014050981563022126
neuron_61_count,0.009586271751625908
neuron_62_count,0.00972128418193477
neuron_63_count,0.01433467770236567
neuron_64_count,0.0723515945215468
neuron_65_count,0.11406149414204242
neuron_66_count,0.0652653828571112
neuron_67_count,0.03322955065981706
neuron_68_count,0.044304348017939574
neuron_69_count,0.02764272959374897
neuron_70_count,0.15373369121342728
neuron_71_count,0.09802247759894164
neuron_72_count,0.15005193710539153
neuron_73_count,0.19503135281628137
neuron_74_count,0.1331299029977463
neuron_75_count,0.1484938522830502
neuron_76_count,0.09417862096900256
neuron_77_count,0.09777314673133089
neuron_78_count,0.1117040118668067
neuron_79_count,0.12808546694528716
neuron_80_count,0.12852697394566853
neuron_81_count,0.10371165168849886
neuron_82_count,0.08378581401877269
neuron_83_count,0.0774819303192387
neuron_84_count,0.04526489106478214
neuron_85_count,0.05814982348480173
neuron_86_count,0.06523059790521424
neuron_87_count,0.06613625792595886
neuron_88_count,0.0715535198607481
neuron_89_count,0.08431469870017794
neuron_90_count,0.059692939323332236
neuron_91_count,0.06653056093393282
neuron_92_count,0.0842566642584257
neuron_93_count,0.0788271722294362
neuron_94_count,0.07038004824481339
neuron_95_count,0.07711973636472777
neuron_96_count,0.07440106564634252
neuron_97_count,0.07485360017099274
neuron_98_count,0.04384815882882002
neuron_99_count,0.04773025790739245
neuron_100_count,0.10236189134483573
neuron_101_count,0.0696408891303381
neuron_102_count,0.08667880147288606
neuron_103_count,0.07578424424967625
neuron_104_count,0.08162887452582818
neuron_105_count,0.03609164838814438
neuron_106_count,0.0734891203151922
neuron_107_count,0.04018940005494412
neuron_108_count,0.05732340047275074
neuron_109_count,0.10409390692919454
neuron_110_count,0.06802359038519645
neuron_111_count,0.05992082243381311
neuron_112_count,0.042256923156716086
neuron_113_count,0.0512124894814224
neuron_114_count,0.06949331566956818
neuron_115_count,0.015278587272693253
neuron_116_count,0.04393294143555476
neuron_117_count,0.014591825367630817
neuron_118_count,0.037211797614176256
neuron_119_count,0.02338286043034271
neuron_120_count,0.01823342305122541
neuron_121_count,0.013569658759324692
neuron_122_count,0.034751849668429396
neuron_123_count,0.0091669013015735
neuron_124_count,0.025532890022573626
neuron_125_count,0.016406350319978738
neuron_126_count,0.01809812894267844
neuron_127_count,0.025943726575962375
neuron_128_count,0.06652957398747608
neuron_129_count,0.07823135594767286
neuron_130_count,0.037819481208736475
neuron_131_count,0.02761856931736869
neuron_132_count,0.024153366078290654
neuron_133_count,0.13811522594581815
neuron_134_count,0.0036899557891977505
neuron_135_count,0.12518114642448583
neuron_136_count,0.003073047994622576
neuron_137_count,0.17529432459915936
neuron_138_count,0.1814221011303135
neuron_139_count,0.10391689613296484
neuron_140_count,0.18143131937212942
neuron_141_count,0.11041167985840059
neuron_142_count,0.1290773709285015
neuron_143_count,0.14348472901993903
neuron_144_count,0.0970452666565374
neuron_145_count,0.11115889017466526
neuron_146_count,0.08100142397496354
neuron_147_count,0.07482495965914918
neuron_148_count,0.046329432530549566
neuron_149_count,0.05552309498715516
neuron_150_count,0.052463617363595075
neuron_151_count,0.06047183134526458
neuron_152_count,0.07037717837160962
neuron_153_count,0.060298105764015564
neuron_154_count,0.0675443936979459
neuron_155_count,0.06318385621880268
neuron_156_count,0.08223633261177979
neuron_157_count,0.05907151654266041
neuron_158_count,0.06868561301246404
neuron_159_count,0.0663120442323396
neuron_160_count,0.07050825146956635
neuron_161_count,0.05792881021870813
neuron_162_count,0.066422816187576
neuron_163_count,0.06288637406233387
neuron_164_count,0.08001585463835013
neuron_165_count,0.06575957373707858
neuron_166_count,0.03255606435968132
neuron_167_count,0.08622549777687852
neuron_168_count,0.053347645364303836
neuron_169_count,0.07607303169457294
neuron_170_count,0.05264006645604971
neuron_171_count,0.053636766823637314
neuron_172_count,0.03211810814962619
neuron_173_count,0.0421228147875371
neuron_174_count,0.03679316548880403
neuron_175_count,0.048411862193933286
neuron_176_count,0.02506146956492694
neuron_177_count,0.015254997777519534
neuron_178_count,0.03465587074917817
neuron_179_count,0.03876030456217476
neuron_180_count,0.01098859530727525
neuron_181_count,0.022414334897202723
neuron_182_count,0.04163246645972353
neuron_183_count,0.026233061927036685
neuron_184_count,0.025358862765163886
neuron_185_count,0.02994493061464326
neuron_186_count,0.03903954624296439
neuron_187_count,0.02894926165058298
neuron_188_count,0.011428824901368304
neuron_189_count,0.023410953175369474
neuron_190_count,0.009928840790096947
neuron_191_count,0.01483264248382378
neuron_192_count,0.0923231622294566
neuron_193_count,0.0762065861354777
neuron_194_count,0.1500741475157646
neuron_195_count,0.08499774440679222
neuron_196_count,0.11547810877608825
neuron_197_count,0.17958293471062747
neuron_198_count,0.11289389047629467
neuron_199_count,0.17015069845000813
neuron_200_count,0.21962114868380045
neuron_201_count,0.12800775203024523
neuron_202_count,0.10702773819832959
neuron_203_count,0.14316590851894226
neuron_204_count,0.14159356330658457
neuron_205_count,0.17198465579615055
neuron_206_count,0.06328674868633309
neuron_207_count,0.18531897942120465
neuron_208_count,0.07818754688223975
neuron_209_count,0.05746835648671918
neuron_210_count,0.0716198447120415
neuron_211_count,0.06920373895323098
neuron_212_count,0.07870349759468576
neuron_213_count,0.04197543925099982
neuron_214_count,0.05971174704107058
neuron_215_count,0.0511162031837569
neuron_216_count,0.08004575435701616
neuron_217_count,0.04992788632340604
neuron_218_count,0.09405246896588876
neuron_219_count,0.07455595308018276
neuron_220_count,0.05351931180896284
neuron_221_count,0.08742141421572833
neuron_222_count,0.05340695417968144
neuron_223_count,0.1002316508936533
neuron_224_count,0.0934698456452607
neuron_225_count,0.08016248001546625
neuron_226_count,0.06020057385219468
neuron_227_count,0.059709691213550395
neuron_228_count,0.05520495779600934
neuron_229_count,0.053227608654655034
neuron_230_count,0.08666420345026209
neuron_231_count,0.07737697781891151
neuron_232_count,0.08857750711245202
neuron_233_count,0.08586386360887688
neuron_234_count,0.06592017951099588
neuron_235_count,0.0679635660600427
neuron_236_count,0.047967372030537164
neuron_237_count,0.032214243941157
neuron_238_count,0.05688108259598601
neuron_239_count,0.039168454971846456
neuron_240_count,0.05616570992294427
neuron_241_count,0.045080860286293545
neuron_242_count,0.04971840714177293
neuron_243_count,0.052831578003274426
neuron_244_count,0.05155820082880369
neuron_245_count,0.03560394700395528
neuron_246_count,0.02397344994093914
neuron_247_count,0.033321117980272416
neuron_248_count,0.030515439578099657
neuron_249_count,0.019923475482338318
neuron_250_count,0.018697343379981635
neuron_251_count,0.02006090742971753
neuron_252_count,0.033345997021344054
neuron_253_count,0.019772062116965194
neuron_254_count,0.020514906754470208
neuron_255_count,0.011368786751475173
neuron_256_count,0.060326754403790595
neuron_257_count,0.12264766280515357
neuron_258_count,0.05156576787204803
neuron_259_count,0.23089298900267285
neuron_260_count,0.010551161025779344
neuron_261_count,0.15450268558823735
neuron_262_count,0.1489040856543438
neuron_263_count,0.18204464145423122
neuron_264_count,0.09902408673944973
neuron_265_count,0.1930012967759056
neuron_266_count,0.1351679597670383
neuron_267_count,0.16139236294263903
neuron_268_count,0.1922396286670749
neuron_269_count,0.07404882255153791
neuron_270_count,0.1271942497069387
neuron_271_count,0.08769321232928115
neuron_272_count,0.16257732885329848
neuron_273_count,0.08247921314377668
neuron_274_count,0.09967870896184272
neuron_275_count,0.046548563761804954
neuron_276_count,0.09842821698397089
neuron_277_count,0.047138001564214646
neuron_278_count,0.05542102902647793
neuron_279_count,0.07122818766910571
neuron_280_count,0.06303114843122708
neuron_281_count,0.06890379621832582
neuron_282_count,0.0548099065715634
neuron_283_count,0.028905958786810466
neuron_284_count,0.046005973158993185
neuron_285_count,0.058030190210731594
neuron_286_count,0.08585449610027474
neuron_287_count,0.08760514371606865
neuron_288_count,0.06475647148609892
neuron_289_count,0.060964897028301115
neuron_290_count,0.07972167408342778
neuron_291_count,0.06522346313842983
neuron_292_count,0.04170261114985725
neuron_293_count,0.026715822764512828
neuron_294_count,0.07521519363800722
neuron_295_count,0.08386331586880597
neuron_296_count,0.0669973189179294
neuron_297_count,0.06908300488979753
neuron_298_count,0.05149498207167093
neuron_299_count,0.050594500019823185
neuron_300_count,0.04282747217873868
neuron_301_count,0.04963317135880088
neuron_302_count,0.04474378442143992
neuron_303_count,0.022564086444898074
neuron_304_count,0.04593698080722344
neuron_305_count,0.06899903325644552
neuron_306_count,0.06671847599891681
neuron_307_count,0.048450865043372746
neuron_308_count,0.01504960707952549
neuron_309_count,0.03216398324832681
neuron_310_count,0.044681737767227794
neuron_311_count,0.021594522164681523
neuron_312_count,0.010527739030549637
neuron_313_count,0.007091006023162611
neuron_314_count,0.014429430944966959
neuron_315_count,0.02300359016749616
neuron_316_count,0.021244581804181484
neuron_317_count,0.025145768883892985
neuron_318_count,0.01777800994269016
neuron_319_count,0.018433838174407607
neuron_320_count,0.04781775437030486
neuron_321_count,0.14450856483873467
neuron_322_count,0.16699205671837028
neuron_323_count,0.24537895154005596
neuron_324_count,0.17520870109196446
neuron_325_count,0.07185544487023465
neuron_326_count,0.059063925127790455
neuron_327_count,0.12742018569209151
neuron_328_count,0.15232234284454269
neuron_329_count,0.14022004207683542
neuron_330_count,0.12268638722910186
neuron_331_count,0.1875480348107999
neuron_332_count,0.2470261306355419
neuron_333_count,0.07746132228491051
neuron_334_count,0.1898410024526232
neuron_335_count,0.18097376228604575
neuron_336_count,0.12117020239592327
neuron_337_count,0.07250858181710992
neuron_338_count,0.04976373138535073
neuron_339_count,0.04673062440935839
neuron_340_count,0.0451904681605096
neuron_341_count,0.042191953192825885
neuron_342_count,0.04509525343242027
neuron_343_count,0.0823445451691435
neuron_344_count,0.050699323429957935
neuron_345_count,0.077022142750968
neuron_346_count,0.07294164168410153
neuron_347_count,0.0892104330023141
neuron_348_count,0.04484506647168081
neuron_349_count,0.08255896105007474
neuron_350_count,0.050229816358737495
neuron_351_count,0.04600673847400934
neuron_352_count,0.07006239089917947
neuron_353_count,0.06870058818130363
neuron_354_count,0.05200299677016129
neuron_355_count,0.05444893911438273
neuron_356_count,0.051805944586942376
neuron_357_count,0.05747433092321878
neuron_358_count,0.0965064730932409
neuron_359_count,0.05051581992468515
neuron_360_count,0.04763468586742624
neuron_361_count,0.0586811737764974
neuron_362_count,0.05633192602941718
neuron_363_count,0.07774350641969814
neuron_364_count,0.05133560012760437
neuron_365_count,0.04962611110962119
neuron_366_count,0.0698167232303118
neuron_367_count,0.048513144846612316
neuron_368_count,0.08309504108742
neuron_369_count,0.08166544517814509
neuron_370_count,0.050169952466334294
neuron_371_count,0.0547081313805092
neuron_372_count,0.03985659368359851
neuron_373_count,0.012790157690940995
neuron_374_count,0.07386331364768092
neuron_375_count,0.018567091860423712
neuron_376_count,0.041094776808643235
neuron_377_count,0.05505317199661938
neuron_378_count,0.038683546665294596
neuron_379_count,0.007838412655010585
neuron_380_count,0.012768218568724704
neuron_381_count,0.015797990826433253
neuron_382_count,0.023669204663843743
neuron_383_count,0.022773510968025032
neuron_384_count,0.15660924884714367
neuron_385_count,0.03582806290063665
neuron_386_count,0.14631318070295193
neuron_387_count,0.25226819043085813
neuron_388_count,0.13867311377376115
neuron_389_count,0.030674921074357493
neuron_390_count,0.15486256738776785
neuron_391_count,0.13024986055602605
neuron_392_count,0.16282805840691097
neuron_393_count,0.2721564709834846
neuron_394_count,0.21670219362804666
neuron_395_count,0.11760084779829733
neuron_396_count,0.1597771634789582
neuron_397_count,0.17333271793980068
neuron_398_count,0.05056643428690469
neuron_399_count,0.08281660987425296
neuron_400_count,0.07669255479003548
neuron_401_count,0.08238693951401219
neuron_402_count,0.05585346382000134
neuron_403_count,0.06413891464967844
neuron_404_count,0.052022625501786865
neuron_405_count,0.050522095089780034
neuron_406_count,0.05287677796276806
neuron_407_count,0.06012953555262884
neuron_408_count,0.07740651772002974
neuron_409_count,0.06290648145885379
neuron_410_count,0.04721072881808075
neuron_411_count,0.0565241964698428
neuron_412_count,0.06342215288927439
neuron_413_count,0.09428115392067422
neuron_414_count,0.07892400759462306
neuron_415_count,0.05925149781073914
neuron_416_count,0.08905036578963418
neuron_417_count,0.08377981073524143
neuron_418_count,0.100525827392972
neuron_419_count,0.0524918834575466
neuron_420_count,0.03193669584318058
neuron_421_count,0.08324202984823402
neuron_422_count,0.08371193934210006
neuron_423_count,0.053744904081962225
neuron_424_count,0.054552507941623654
neuron_425_count,0.08613310305000041
neuron_426_count,0.0684739677641301
neuron_427_count,0.11066181421193011
neuron_428_count,0.07891682505547892
neuron_429_count,0.06974558471912662
neuron_430_count,0.07729140406390078
neuron_431_count,0.015427954695452072
neuron_432_count,0.030817937727439612
neuron_433_count,0.06030317562168551
neuron_434_count,0.05469288678895862
neuron_435_count,0.046389081857203085
neuron_436_count,0.0103682961502213
neuron_437_count,0.015492393828572593
neuron_438_count,0.045051409898015836
neuron_439_count,0.010663753692366126
neuron_440_count,0.017239586172453546
neuron_441_count,0.014208255486346542
neuron_442_count,0.04266713841721964
neuron_443_count,0.03469664915143132
neuron_444_count,0.03176126236746722
neuron_445_count,0.01407924333325386
neuron_446_count,0.025772718896906424
neuron_447_count,0.030498433112198256
neuron_448_count,0.0888025354484692
neuron_449_count,0.11415206690662938
neuron_450_count,0.12233804711440163
neuron_451_count,0.1342494231010636
neuron_452_count,0.15143858360336848
neuron_453_count,0.21753804739144864
neuron_454_count,0.1787166575419603
neuron_455_count,0.15315787510013618
neuron_456_count,0.1466690204825381
neuron_457_count,0.1343533078884621
neuron_458_count,0.1836079905418325
neuron_459_count,0.07826933655056414
neuron_460_count,0.1844230054174912
neuron_461_count,0.07640761243760943
neuron_462_count,0.07902897492022526
neuron_463_count,0.05301955575226441
neuron_464_count,0.07006094872723273
neuron_465_count,0.045982443944399654
neuron_466_count,0.08015666984675299
neuron_467_count,0.05708004969871219
neuron_468_count,0.054084674875702926
neuron_469_count,0.06511037147796173
neuron_470_count,0.06246443394700667
neuron_471_count,0.06590998704323804
neuron_472_count,0.06759381137417597
neuron_473_count,0.07231537257784909
neuron_474_count,0.06048865675709281
neuron_475_count,0.06589315395003068
neuron_476_count,0.05163746561995469
neuron_477_count,0.10678660444705093
neuron_478_count,0.06523200888462155
neuron_479_count,0.07571652973838969
neuron_480_count,0.0708175574201699
neuron_481_count,0.08552653129512347
neuron_482_count,0.06760076260788686
neuron_483_count,0.06359231765679768
neuron_484_count,0.09672515120492473
neuron_485_count,0.12178118878112623
neuron_486_count,0.07532227685295179
neuron_487_count,0.04513386346144513
neuron_488_count,0.09306678144466984
neuron_489_count,0.07951594371128651
neuron_490_count,0.06521440732622036
neuron_491_count,0.14898724386620404
neuron_492_count,0.05462656075121619
neuron_493_count,0.04780145566204065
neuron_494_count,0.06856777969176947
neuron_495_count,0.08438112733633457
neuron_496_count,0.06197309547824717
neuron_497_count,0.05152766218948139
neuron_498_count,0.05234265632434297
neuron_499_count,0.07968143278434048
neuron_500_count,0.03571742920284163
neuron_501_count,0.015176702005873469
neuron_502_count,0.061562226412315096
neuron_503_count,0.02779933258161063
neuron_504_count,0.09906389434156193
neuron_505_count,0.029402304188230824
neuron_506_count,0.021159045332939184
neuron_507_count,0.03306334376862846
neuron_508_count,0.03360731118982764
neuron_509_count,0.025689628389465244
neuron_510_count,0.03104320928232776
neuron_511_count,0.02285522520767743
neuron_512_count,0.18153886656231394
neuron_513_count,0.19244351354050523
neuron_514_count,0.23757866571380676
neuron_515_count,0.15965510612560457
neuron_516_count,0.16205962434179488
neuron_517_count,0.16205543887973173
neuron_518_count,0.2708658170805214
neuron_519_count,0.1707475939804416
neuron_520_count,0.12389760797622819
neuron_521_count,0.14415498473047098
neuron_522_count,0.17143396447200648
neuron_523_count,0.11159396477238542
neuron_524_count,0.2260236439339247
neuron_525_count,0.17997903422522737
neuron_526_count,0.07169486921024662
neuron_527_count,0.06314413434449069
neuron_528_count,0.08370687695367321
neuron_529_count,0.03737460959418176
neuron_530_count,0.051598011960444334
neuron_531_count,0.06925420666636148
neuron_532_count,0.0546360593702096
neuron_533_count,0.05251500257220994
neuron_534_count,0.05141917146848865
neuron_535_count,0.05092812158731347
neuron_536_count,0.059334369605211906
neuron_537_count,0.061726620083277714
neuron_538_count,0.06893822526211818
neuron_539_count,0.1024495894489752
neuron_540_count,0.07146533510236375
neuron_541_count,0.0845341473191899
neuron_542_count,0.06447573679464766
neuron_543_count,0.10650772710111853
neuron_544_count,0.09868769715285433
neuron_545_count,0.07101270488720623
neuron_546_count,0.10406296644975292
neuron_547_count,0.0898308739589575
neuron_548_count,0.0758911571398764
neuron_549_count,0.05049071988009357
neuron_550_count,0.06314037686341167
neuron_551_count,0.07237609758156907
neuron_552_count,0.0634104098250475
neuron_553_count,0.05784588995924969
neuron_554_count,0.08893589441605468
neuron_555_count,0.03110555822413824
neuron_556_count,0.06107493850960358
neuron_557_count,0.066788760585454
neuron_558_count,0.06538889792683783
neuron_559_count,0.06560751821570662
neuron_560_count,0.07264023703397243
neuron_561_count,0.06430720280359628
neuron_562_count,0.06496729347795353
neuron_563_count,0.07929330841491872
neuron_564_count,0.056564478700378965
neuron_565_count,0.1037880332697444
neuron_566_count,0.0317869693443403
neuron_567_count,0.06955260276428586
neuron_568_count,0.061390016340798756
neuron_569_count,0.021657829575235765
neuron_570_count,0.050460691748448576
neuron_571_count,0.01501031950415653
neuron_572_count,0.03295027580489819
neuron_573_count,0.007945889171654272
neuron_574_count,0.034451722636100746
neuron_575_count,0.015095125386901331
neuron_576_count,0.03316159328182344
neuron_577_count,0.013696149143945173
neuron_578_count,0.09159084536872324
neuron_579_count,0.18380241380143064
neuron_580_count,0.13592113784444376
neuron_581_count,0.12540601267270635
neuron_582_count,0.17035746614438652
neuron_583_count,0.22819337964366937
neuron_584_count,0.23127755485175644
neuron_585_count,0.19435414917700522
neuron_586_count,0.18828184175092433
neuron_587_count,0.13672242859626377
neuron_588_count,0.051035589782262
neuron_589_count,0.11035451843816607
neuron_590_count,0.06641155180556277
neuron_591_count,0.05608306091885226
neuron_592_count,0.07075003123397136
neuron_593_count,0.05192191074283212
neuron_594_count,0.047658115521513125
neuron_595_count,0.0636247997290202
neuron_596_count,0.062293127061776116
neuron_597_count,0.04610970984326811
neuron_598_count,0.0708200737014188
neuron_599_count,0.04065720853723515
neuron_600_count,0.06924723446460024
neuron_601_count,0.06451518659990907
neuron_602_count,0.07309736125370964
neuron_603_count,0.05693497138178838
neuron_604_count,0.05842934726175239
neuron_605_count,0.06626700527855303
neuron_606_count,0.05640761057924781
neuron_607_count,0.06342926371704496
neuron_608_count,0.0679665874079915
neuron_609_count,0.08827604685807747
neuron_610_count,0.09571916245522391
neuron_611_count,0.07322295887547142
neuron_612_count,0.0702037056092078
neuron_613_count,0.07909925017891911
neuron_614_count,0.07321345389948815
neuron_615_count,0.05007319370994484
neuron_616_count,0.08795334822471843
neuron_617_count,0.08228915936740172
neuron_618_count,0.07746672343898087
neuron_619_count,0.08360307422002217
neuron_620_count,0.06113674277449399
neuron_621_count,0.08391897823637962
neuron_622_count,0.06639136588613781
neuron_623_count,0.06027709518531876
neuron_624_count,0.06094370860857898
neuron_625_count,0.06011854228480257
neuron_626_count,0.06366610893579326
neuron_627_count,0.075104790748724
neuron_628_count,0.07028758626574622
neuron_629_count,0.10159544624378986
neuron_630_count,0.052910748960251525
neuron_631_count,0.07593838121386082
neuron_632_count,0.04843044797279567
neuron_633_count,0.049622495235879506
neuron_634_count,0.01711038911238235
neuron_635_count,0.06391203378667613
neuron_636_count,0.019975340894141005
neuron_637_count,0.028002374620165214
neuron_638_count,0.029645899765383246
neuron_639_count,0.034503184789565114
neuron_640_count,0.18630651580559937
neuron_641_count,0.22391287332901147
neuron_642_count,0.19749993192905918
neuron_643_count,0.10246374076149817
neuron_644_count,0.2022581166341345
neuron_645_count,0.16558299131713383
neuron_646_count,0.26083435293252105
neuron_647_count,0.11754774198136993
neuron_648_count,0.22298604975038533
neuron_649_count,0.16287454691389136
neuron_650_count,0.32942333283984176
neuron_651_count,0.15441313128975612
neuron_652_count,0.15546698699300804
neuron_653_count,0.20687999119861553
neuron_654_count,0.07191818663316707
neuron_655_count,0.048825488105114084
neuron_656_count,0.05938822414250239
neuron_657_count,0.04472441762671389
neuron_658_count,0.03574637131104118
neuron_659_count,0.04461275224562809
neuron_660_count,0.04436815402680058
neuron_661_count,0.041041763180271834
neuron_662_count,0.05804145386137255
neuron_663_count,0.0718853951626707
neuron_664_count,0.05035484051615749
neuron_665_count,0.04743786398125133
neuron_666_count,0.04830897210928192
neuron_667_count,0.09112220094566142
neuron_668_count,0.0653340027014915
neuron_669_count,0.07473890646302817
neuron_670_count,0.06509962254643327
neuron_671_count,0.051811102554305655
neuron_672_count,0.07054038437358429
neuron_673_count,0.071047498575071
neuron_674_count,0.0657112981813838
neuron_675_count,0.0812451026969101
neuron_676_count,0.09669990560981903
neuron_677_count,0.07291817977563658
neuron_678_count,0.10058553058943151
neuron_679_count,0.09163901652350395
neuron_680_count,0.10797294585202921
neuron_681_count,0.08827836611690837
neuron_682_count,0.11870373164574466
neuron_683_count,0.10274528685473022
neuron_684_count,0.05826052626481565
neuron_685_count,0.053717740713158615
neuron_686_count,0.053546374956642356
neuron_687_count,0.06921433845240199
neuron_688_count,0.07409199204849554
neuron_689_count,0.03632309957383617
neuron_690_count,0.06690656768639053
neuron_691_count,0.08564794509322177
neuron_692_count,0.04089904607450347
neuron_693_count,0.07641377467263924
neuron_694_count,0.11159624695068246
neuron_695_count,0.01634866741700699
neuron_696_count,0.01415156356001419
neuron_697_count,0.022349863621162834
neuron_698_count,0.0228966236426405
neuron_699_count,0.027632710959926282
neuron_700_count,0.05013377417207093
neuron_701_count,0.03425486162345687
neuron_702_count,0.0478103389685047
neuron_703_count,0.03204298837568455
neuron_704_count,0.20071961894996182
neuron_705_count,0.23032773934661976
neuron_706_count,0.280515760052278
neuron_707_count,0.2536066268183776
neuron_708_count,0.19467896768372012
neuron_709_count,0.12427284860835353
neuron_710_count,0.31065156989984116
neuron_711_count,0.17180352110045355
neuron_712_count,0.24764001752077447
neuron_713_count,0.23941787692295846
neuron_714_count,0.25068622359332576
neuron_715_count,0.2976640658736745
neuron_716_count,0.23532730483159464
neuron_717_count,0.03643805027832285
neuron_718_count,0.07374672734483992
neuron_719_count,0.03284961924023104
neuron_720_count,0.13045147066133936
neuron_721_count,0.04563555357407252
neuron_722_count,0.03381176065305806
neuron_723_count,0.035914367090165
neuron_724_count,0.06132820659193844
neuron_725_count,0.04885383536278101
neuron_726_count,0.06256063986670413
neuron_727_count,0.051147125614288025
neuron_728_count,0.06030209971980288
neuron_729_count,0.06376858539057183
neuron_730_count,0.06276574774257818
neuron_731_count,0.057948164615599596
neuron_732_count,0.07827264916211835
neuron_733_count,0.06616027063870572
neuron_734_count,0.06277198553031388
neuron_735_count,0.05527202666916767
neuron_736_count,0.07047525749400876
neuron_737_count,0.09889149904897099
neuron_738_count,0.06870405994119755
neuron_739_count,0.06598693096522582
neuron_740_count,0.07798882765522795
neuron_741_count,0.07849168356815914
neuron_742_count,0.05521125054979546
neuron_743_count,0.07470076635721773
neuron_744_count,0.08293950829562205
neuron_745_count,0.08064004207890751
neuron_746_count,0.08230084413640365
neuron_747_count,0.07372621680410918
neuron_748_count,0.059927931200138784
neuron_749_count,0.07172186534396427
neuron_750_count,0.041015318139640905
neuron_751_count,0.08240163488889263
neuron_752_count,0.059503119461323625
neuron_753_count,0.04055441200102669
neuron_754_count,0.07707805199742035
neuron_755_count,0.06346232555503012
neuron_756_count,0.08165413247373615
neuron_757_count,0.08943179635322818
neuron_758_count,0.06519045566249054
neuron_759_count,0.0920829779501452
neuron_760_count,0.045977009085470394
neuron_761_count,0.02599664331634391
neuron_762_count,0.049287034656837786
neuron_763_count,0.03636491561138752
neuron_764_count,0.03762774378701167
neuron_765_count,0.05618961950009879
neuron_766_count,0.051868900577373506
neuron_767_count,0.019780533941481764
neuron_768_count,0.26935673486016126
neuron_769_count,0.26834486189701956
neuron_770_count,0.26505074979178944
neuron_771_count,0.2101501743722653
neuron_772_count,0.1991722017475981
neuron_773_count,0.17897959210637396
neuron_774_count,0.21616536671428183
neuron_775_count,0.1435239305854932
neuron_776_count,0.2081404369500095
neuron_777_count,0.2739578687067403
neuron_778_count,0.32597668075901054
neuron_779_count,0.0505865975135015
neuron_780_count,0.2472454275434161
neuron_781_count,0.19231868159756932
neuron_782_count,0.04350052125703832
neuron_783_count,0.030597372357751257
neuron_784_count,0.046269987880591404
neuron_785_count,0.03204581387623304
neuron_786_count,0.0547515115784096
neuron_787_count,0.046090328021008486
neuron_788_count,0.06302447523375007
neuron_789_count,0.057669657666156976
neuron_790_count,0.05954676576462317
neuron_791_count,0.058294774466155996
neuron_792_count,0.05033730549280532
neuron_793_count,0.0735709252068738
neuron_794_count,0.0491355644361168
neuron_795_count,0.08292795609003084
neuron_796_count,0.08317077418840688
neuron_797_count,0.05802517232004474
neuron_798_count,0.06735862916791824
neuron_799_count,0.05197576582050828
neuron_800_count,0.05947651311971655
neuron_801_count,0.08641130422465396
neuron_802_count,0.083505588317773
neuron_803_count,0.0827230882642373
neuron_804_count,0.07624970988074703
neuron_805_count,0.08278790991427298
neuron_806_count,0.09699007614798244
neuron_807_count,0.09197420918688437
neuron_808_count,0.10728517514980096
neuron_809_count,0.08235759703856266
neuron_810_count,0.07701947896231123
neuron_811_count,0.05919573625443822
neuron_812_count,0.07547504144048131
neuron_813_count,0.07718485522187801
neuron_814_count,0.06899000903722063
neuron_815_count,0.0467270132959421
neuron_816_count,0.0706788219711891
neuron_817_count,0.08330091269979928
neuron_818_count,0.10163308310664373
neuron_819_count,0.10214244735931144
neuron_820_count,0.0886689581942248
neuron_821_count,0.0876063277998052
neuron_822_count,0.06503911879882453
neuron_823_count,0.10414891236459967
neuron_824_count,0.09513466181778232
neuron_825_count,0.08593713830027752
neuron_826_count,0.03808319854115841
neuron_827_count,0.03132033846250913
neuron_828_count,0.07759296181835523
neuron_829_count,0.08002981378974142
neuron_830_count,0.0475377759395153
neuron_831_count,0.04453993381920532
neuron_832_count,0.2073980655265531
neuron_833_count,0.19894006535088282
neuron_834_count,0.2635481095889848
neuron_835_count,0.24218516707019924
neuron_836_count,0.3216963544965904
neuron_837_count,0.2219021547569828
neuron_838_count,0.23831807842781016
neuron_839_count,0.06946654712572314
neuron_840_count,0.2459108768145284
neuron_841_count,0.10684247265821986
neuron_842_count,0.1623919922911473
neuron_843_count,0.04334623107927768
neuron_844_count,0.07007036272940106
neuron_845_count,0.038234491733580206
neuron_846_count,0.04513281048423726
neuron_847_count,0.052509531102872986
neuron_848_count,0.039886894509358534
neuron_849_count,0.0421223241404968
neuron_850_count,0.04441994921869927
neuron_851_count,0.072411470540063
neuron_852_count,0.06172702297993113
neuron_853_count,0.04223264117434944
neuron_854_count,0.04478509229974573
neuron_855_count,0.056310878509880785
neuron_856_count,0.05894537859306942
neuron_857_count,0.028323901490905426
neuron_858_count,0.04238687942909056
neuron_859_count,0.027701071588699555
neuron_860_count,0.02332957700727379
neuron_861_count,0.04247216639656877
neuron_862_count,0.05282783396118672
neuron_863_count,0.02899990925018371
neuron_864_count,0.06989443089187991
neuron_865_count,0.06946860656287523
neuron_866_count,0.05331564967102842
neuron_867_count,0.08047335560628077
neuron_868_count,0.033027650552539506
neuron_869_count,0.046301239908907554
neuron_870_count,0.06487906673356678
neuron_871_count,0.07284111397558951
neuron_872_count,0.041493260631388446
neuron_873_count,0.0743973776529269
neuron_874_count,0.1204842630429713
neuron_875_count,0.09408203392411407
neuron_876_count,0.0497287041020566
neuron_877_count,0.05407331136201149
neuron_878_count,0.05779970956636185
neuron_879_count,0.02234078902692882
neuron_880_count,0.05884313998342541
neuron_881_count,0.07890931828667988
neuron_882_count,0.07161826403208599
neuron_883_count,0.07091232291038624
neuron_884_count,0.03717790962797976
neuron_885_count,0.07112158183601724
neuron_886_count,0.06526617984422012
neuron_887_count,0.10187989382415868
neuron_888_count,0.07689251605735334
neuron_889_count,0.09074338941180696
neuron_890_count,0.017980602907269
neuron_891_count,0.0460864045797196
neuron_892_count,0.10697298346740738
neuron_893_count,0.11081278795178645
neuron_894_count,0.07513831345876232
neuron_895_count,0.03486365011763784
neuron_896_count,0.15579173184879974
neuron_897_count,0.2583498331000307
neuron_898_count,0.36197257699207147
neuron_899_count,0.28957954911115436
neuron_900_count,0.25207036110915204
neuron_901_count,0.20709468016498545
neuron_902_count,0.3279544365911703
neuron_903_count,0.2961267080776011
neuron_904_count,0.1392942501250731
neuron_905_count,0.16859058339500868
neuron_906_count,0.2815018220910775
neuron_907_count,0.04610448756408997
neuron_908_count,0.09778878767239702
neuron_909_count,0.07757176359729073
neuron_910_count,0.07180505528284736
neuron_911_count,0.06806970749891705
neuron_912_count,0.04292963626960239
neuron_913_count,0.032321147781722674
neuron_914_count,0.0805054841645215
neuron_915_count,0.05775062412304946
neuron_916_count,0.06415633874753027
neuron_917_count,0.04716323025138032
neuron_918_count,0.04680976536623711
neuron_919_count,0.03429407438628436
neuron_920_count,0.02348931654082745
neuron_921_count,0.04737598560950482
neuron_922_count,0.034904548786583084
neuron_923_count,0.060667492747316004
neuron_924_count,0.05353886469291917
neuron_925_count,0.05286232537012102
neuron_926_count,0.036045718219236855
neuron_927_count,0.01815614793734765
neuron_928_count,0.03256686441105336
neuron_929_count,0.05615461773414723
neuron_930_count,0.04696580671662906
neuron_931_count,0.056206063483512786
neuron_932_count,0.04779052008195456
neuron_933_count,0.07204931334139494
neuron_934_count,0.07416456433175958
neuron_935_count,0.04432400200464208
neuron_936_count,0.07929261623561376
neuron_937_count,0.08259267141800375
neuron_938_count,0.0546925665277658
neuron_939_count,0.059089289603782305
neuron_940_count,0.06526030086452447
neuron_941_count,0.05860377130713676
neuron_942_count,0.07600770239439625
neuron_943_count,0.08133338658738251
neuron_944_count,0.04551914797427532
neuron_945_count,0.044021080590198075
neuron_946_count,0.057561076915853784
neuron_947_count,0.10043357194858549
neuron_948_count,0.07678949993464429
neuron_949_count,0.08265058966811512
neuron_950_count,0.08583740483349568
neuron_951_count,0.10384738746858466
neuron_952_count,0.07575563239198715
neuron_953_count,0.0758806522068978
neuron_954_count,0.11681691343655407
neuron_955_count,0.05767140888661991
neuron_956_count,0.07556572169246364
neuron_957_count,0.056947343875120765
neuron_958_count,0.09099946593395797
neuron_959_count,0.0420183847156782
neuron_960_count,0.20003862883172635
neuron_961_count,0.30464951415171504
neuron_962_count,0.3193366590134078
neuron_963_count,0.20622021855091355
neuron_964_count,0.28220293650239636
neuron_965_count,0.2361428650452743
neuron_966_count,0.2816700582241706
neuron_967_count,0.20653631220318425
neuron_968_count,0.30831369867094494
neuron_969_count,0.337659598901891
neuron_970_count,0.050101536376607775
neuron_971_count,0.05574995955531542
neuron_972_count,0.12728134811799827
neuron_973_count,0.04150571342806811
neuron_974_count,0.12357154701097817
neuron_975_count,0.036169837861675214
neuron_976_count,0.05239102175345667
neuron_977_count,0.07441573412247224
neuron_978_count,0.05043656585796025
neuron_979_count,0.08473137193438965
neuron_980_count,0.058312004510985505
neuron_981_count,0.04103423637351858
neuron_982_count,0.043511808486459996
neuron_983_count,0.05988038941222315
neuron_984_count,0.06644302222573123
neuron_985_count,0.02846182431966783
neuron_986_count,0.06157115806337646
neuron_987_count,0.039678316438976596
neuron_988_count,0.013011438151262374
neuron_989_count,0.025006779927014583
neuron_990_count,0.02338627753116399
neuron_991_count,0.028861110011313904
neuron_992_count,0.01779664216553864
neuron_993_count,0.03039367543402785
neuron_994_count,0.05688107213420371
neuron_995_count,0.03757418670485682
neuron_996_count,0.04273634511214362
neuron_997_count,0.06890826241193954
neuron_998_count,0.031212715730375817
neuron_999_count,0.06318464034295623
neuron_1000_count,0.04746019980049976
neuron_1001_count,0.03848689861668664
neuron_1002_count,0.06612388815924322
neuron_1003_count,0.02102921246217987
neuron_1004_count,0.06118085450333932
neuron_1005_count,0.08555297655465582
neuron_1006_count,0.047717090069979096
neuron_1007_count,0.04004538663741736
neuron_1008_count,0.06223108594090032
neuron_1009_count,0.059326188963502446
neuron_1010_count,0.06888637593455643
neuron_1011_count,0.05992847311535657
neuron_1012_count,0.06586887523618687
neuron_1013_count,0.09405800388863672
neuron_1014_count,0.07674730248959306
neuron_1015_count,0.11824788728656246
neuron_1016_count,0.1192994835516589
neuron_1017_count,0.029377605974342403
neuron_1018_count,0.06329131317075273
neuron_1019_count,0.10391935687812465
neuron_1020_count,0.07852295381533042
neuron_1021_count,0.025673691406141952
neuron_1022_count,0.15257908178266716
neuron_1023_count,0.0788033122667175
neuron_1024_count,0.2531373460984431
neuron_1025_count,0.30779907714552407
neuron_1026_count,0.3040784899325044
neuron_1027_count,0.32864397674758417
neuron_1028_count,0.1927439759919531
neuron_1029_count,0.30776050024249635
neuron_1030_count,0.26739456869318473
neuron_1031_count,0.3363503885544526
neuron_1032_count,0.11396722182034685
neuron_1033_count,0.3046908290901909
neuron_1034_count,0.37009495146132265
neuron_1035_count,0.0905430400637604
neuron_1036_count,0.06721076004678408
neuron_1037_count,0.07062599771438952
neuron_1038_count,0.06386451062224288
neuron_1039_count,0.07212009287181467
neuron_1040_count,0.0885204110331505
neuron_1041_count,0.05762090677632811
neuron_1042_count,0.06948967122831592
neuron_1043_count,0.10557584212019286
neuron_1044_count,0.08693355968513994
neuron_1045_count,0.06166190620256776
neuron_1046_count,0.08439043745109603
neuron_1047_count,0.07615696488830767
neuron_1048_count,0.011848190919119848
neuron_1049_count,0.039548637215289006
neuron_1050_count,0.02225925598351964
neuron_1051_count,0.011316486695077786
neuron_1052_count,0.03863862361078968
neuron_1053_count,0.011016142082073223
neuron_1054_count,0.0372469177784716
neuron_1055_count,0.05064468508644332
neuron_1056_count,0.023830023032262778
neuron_1057_count,0.03521396881727848
neuron_1058_count,0.05076112966945141
neuron_1059_count,0.02768858497623926
neuron_1060_count,0.01424549732587289
neuron_1061_count,0.02345360500809841
neuron_1062_count,0.03949014193273544
neuron_1063_count,0.062343564999242956
neuron_1064_count,0.06293686181977554
neuron_1065_count,0.04958329736666994
neuron_1066_count,0.03230750263940839
neuron_1067_count,0.026368684894043065
neuron_1068_count,0.04230472945099152
neuron_1069_count,0.0664695201395725
neuron_1070_count,0.05975307933579452
neuron_1071_count,0.07808027160258646
neuron_1072_count,0.0634307368381534
neuron_1073_count,0.06330921269516876
neuron_1074_count,0.04462236712586033
neuron_1075_count,0.09991241189188571
neuron_1076_count,0.03720247147921629
neuron_1077_count,0.05792949150767346
neuron_1078_count,0.10730786498628181
neuron_1079_count,0.11560627235018256
neuron_1080_count,0.08344959076992042
neuron_1081_count,0.09934367748356177
neuron_1082_count,0.10523135106444895
neuron_1083_count,0.0764560166994655
neuron_1084_count,0.02370563315696398
neuron_1085_count,0.08073982781501701
neuron_1086_count,0.03130686026830909
neuron_1087_count,0.10990028591612475
neuron_1088_count,0.20955182256155147
neuron_1089_count,0.14649840678234693
neuron_1090_count,0.23168681024437032
neuron_1091_count,0.3370621245028534
neuron_1092_count,0.36719159032942533
neuron_1093_count,0.3081985051060241
neuron_1094_count,0.2936069693700224
neuron_1095_count,0.3173188349361661
neuron_1096_count,0.24374375262606368
neuron_1097_count,0.11330983046428308
neuron_1098_count,0.05345209706832696
neuron_1099_count,0.06528121596192238
neuron_1100_count,0.071026712726698
neuron_1101_count,0.07162930688151789
neuron_1102_count,0.05765639264732736
neuron_1103_count,0.11386250803375586
neuron_1104_count,0.1250103169125641
neuron_1105_count,0.07356600686260936
neuron_1106_count,0.03836196329810032
neuron_1107_count,0.030608129531877585
neuron_1108_count,0.03302385387935043
neuron_1109_count,0.05258711698701746
neuron_1110_count,0.03782657818534506
neuron_1111_count,0.022505028382601565
neuron_1112_count,0.030846150767165223
neuron_1113_count,0.05382220984393182
neuron_1114_count,0.03696092118252382
neuron_1115_count,0.024934455507874445
neuron_1116_count,0.06441088043604956
neuron_1117_count,0.016257157123355875
neuron_1118_count,0.04397013213355175
neuron_1119_count,0.032811676283225885
neuron_1120_count,0.027486932923672436
neuron_1121_count,0.006404025494934518
neuron_1122_count,0.038662860633892335
neuron_1123_count,0.01892772896758571
neuron_1124_count,0.012167001329583874
neuron_1125_count,0.009929491990944018
neuron_1126_count,0.02910362955715877
neuron_1127_count,0.022647667520177273
neuron_1128_count,0.035777453424124764
neuron_1129_count,0.04952072430725413
neuron_1130_count,0.016383728261292543
neuron_1131_count,0.031516351959480535
neuron_1132_count,0.030036846147808466
neuron_1133_count,0.05577287208136594
neuron_1134_count,0.06645204793668857
neuron_1135_count,0.05691678273830225
neuron_1136_count,0.049200283941414985
neuron_1137_count,0.09332539038536733
neuron_1138_count,0.05964603239164115
neuron_1139_count,0.08526250297746729
neuron_1140_count,0.08104344486582363
neuron_1141_count,0.12930896501950007
neuron_1142_count,0.09847304082341651
neuron_1143_count,0.1134595127215503
neuron_1144_count,0.11534095319930249
neuron_1145_count,0.1331660605274128
neuron_1146_count,0.07814672762877015
neuron_1147_count,0.1293916557812998
neuron_1148_count,0.09546095067345392
neuron_1149_count,0.11519227311296737
neuron_1150_count,0.04159697565451545
neuron_1151_count,0.06989056913754982
neuron_1152_count,0.3156055898844191
neuron_1153_count,0.2676122589862841
neuron_1154_count,0.2851865591084313
neuron_1155_count,0.2627462626587366
neuron_1156_count,0.2916127456158774
neuron_1157_count,0.15722499464077253
neuron_1158_count,0.3632799592306067
neuron_1159_count,0.3196714315883106
neuron_1160_count,0.11611577711882162
neuron_1161_count,0.06446919462255032
neuron_1162_count,0.09001489373513039
neuron_1163_count,0.06610891764678137
neuron_1164_count,0.08584341379079341
neuron_1165_count,0.10855663626138243
neuron_1166_count,0.10064612238353698
neuron_1167_count,0.08028825780820614
neuron_1168_count,0.09457389430833305
neuron_1169_count,0.1234129623210039
neuron_1170_count,0.10560415473390652
neuron_1171_count,0.11416434133222178
neuron_1172_count,0.10995413335133514
neuron_1173_count,0.09331008159570053
neuron_1174_count,0.08752144001699982
neuron_1175_count,0.03826456800108552
neuron_1176_count,0.03324445856416658
neuron_1177_count,0.04389726261645249
neuron_1178_count,0.03393514005456888
neuron_1179_count,0.07941597766419844
neuron_1180_count,0.007344129118228909
neuron_1181_count,0.033061043969378756
neuron_1182_count,0.013731881329346649
neuron_1183_count,0.015864189079896313
neuron_1184_count,0.014513915735830732
neuron_1185_count,0.00890827583453702
neuron_1186_count,0.02278990518563645
neuron_1187_count,0.042978178998418826
neuron_1188_count,0.0161779468912273
neuron_1189_count,0.07405290116552954
neuron_1190_count,0.044838034034947044
neuron_1191_count,0.04080782042955039
neuron_1192_count,0.06110828866595566
neuron_1193_count,0.044566047222717786
neuron_1194_count,0.028668743606559882
neuron_1195_count,0.03218386571181671
neuron_1196_count,0.022317108733733174
neuron_1197_count,0.07091196891169557
neuron_1198_count,0.0376643906746533
neuron_1199_count,0.05327543199913856
neuron_1200_count,0.07138640769131843
neuron_1201_count,0.051756099576788034
neuron_1202_count,0.08468662922775316
neuron_1203_count,0.09305757067558248
neuron_1204_count,0.09851472063401531
neuron_1205_count,0.12951587342546603
neuron_1206_count,0.10388900451788782
neuron_1207_count,0.09599659423229143
neuron_1208_count,0.11733518965042325
neuron_1209_count,0.07497894161993465
neuron_1210_count,0.12216261438535791
neuron_1211_count,0.09809563752035891
neuron_1212_count,0.08970430466057455
neuron_1213_count,0.09749262219715649
neuron_1214_count,0.05793474490420458
neuron_1215_count,0.10886196348962843
neuron_1216_count,0.31970739887886224
neuron_1217_count,0.22531706056453704
neuron_1218_count,0.34313936883923823
neuron_1219_count,0.3172694274571891
neuron_1220_count,0.3600613251431513
neuron_1221_count,0.3057081281407284
neuron_1222_count,0.22117007002347866
neuron_1223_count,0.07220611409873193
neuron_1224_count,0.14954678882436745
neuron_1225_count,0.12487018931913768
neuron_1226_count,0.13978314446426415
neuron_1227_count,0.14943348535900408
neuron_1228_count,0.10488933259657918
neuron_1229_count,0.13225856259103339
neuron_1230_count,0.1026897221867562
neuron_1231_count,0.1151463498851501
neuron_1232_count,0.14195271613043708
neuron_1233_count,0.11559787214361664
neuron_1234_count,0.10776209839999407
neuron_1235_count,0.11131188159616526
neuron_1236_count,0.11887186239349468
neuron_1237_count,0.05514197048842115
neuron_1238_count,0.0590231413610188
neuron_1239_count,0.03987070750775944
neuron_1240_count,0.03616568606735557
neuron_1241_count,0.05167708717034794
neuron_1242_count,0.03625925159048246
neuron_1243_count,0.014659780308573844
neuron_1244_count,0.015790386674858915
neuron_1245_count,0.00915375543268751
neuron_1246_count,0.017716853041526884
neuron_1247_count,0.014477622138343665
neuron_1248_count,0.028363404142522447
neuron_1249_count,0.02672733151486721
neuron_1250_count,0.009525223519819166
neuron_1251_count,0.029996344381685178
neuron_1252_count,0.013680449114665053
neuron_1253_count,0.01732182473105162
neuron_1254_count,0.021286733158767557
neuron_1255_count,0.03364739581181997
neuron_1256_count,0.01621139545396587
neuron_1257_count,0.04202891465645464
neuron_1258_count,0.04294864636594903
neuron_1259_count,0.04648803130700527
neuron_1260_count,0.02786309234151281
neuron_1261_count,0.029930958717479944
neuron_1262_count,0.06787993911743972
neuron_1263_count,0.02892714463207282
neuron_1264_count,0.051100186631148486
neuron_1265_count,0.08424371592563124
neuron_1266_count,0.08979327650989305
neuron_1267_count,0.09844238747279838
neuron_1268_count,0.06543810734615049
neuron_1269_count,0.10627318138088962
neuron_1270_count,0.12010899317824408
neuron_1271_count,0.12366861808811791
neuron_1272_count,0.12399284508026184
neuron_1273_count,0.05737840489105028
neuron_1274_count,0.14979929848980933
neuron_1275_count,0.029126061887523008
neuron_1276_count,0.09687403026816141
neuron_1277_count,0.12769883332859933
neuron_1278_count,0.10207659844931435
neuron_1279_count,0.1445198669731194
neuron_1280_count,0.2828172365133776
neuron_1281_count,0.4110671619635071
neuron_1282_count,0.23759189126208996
neuron_1283_count,0.3614049248964865
neuron_1284_count,0.38232539476374455
neuron_1285_count,0.18556679972951817
neuron_1286_count,0.05225958552220614
neuron_1287_count,0.07486637931580195
neuron_1288_count,0.1384210651733052
neuron_1289_count,0.11638270899669806
neuron_1290_count,0.17753766279599914
neuron_1291_count,0.14058127606352439
neuron_1292_count,0.05418065956568216
neuron_1293_count,0.11489079839684332
neuron_1294_count,0.09532960921107705
neuron_1295_count,0.07879388269209481
neuron_1296_count,0.1116083464796373
neuron_1297_count,0.05753700676792729
neuron_1298_count,0.12380918733791041
neuron_1299_count,0.07228722181961605
neuron_1300_count,0.09616379661201585
neuron_1301_count,0.08211522729973855
neuron_1302_count,0.02633166111700376
neuron_1303_count,0.09510561321561306
neuron_1304_count,0.037426443012878674
neuron_1305_count,0.011627918405354265
neuron_1306_count,0.013045191658402962
neuron_1307_count,0.012669511787636506
neuron_1308_count,0.008956266932290444
neuron_1309_count,0.010271561061832184
neuron_1310_count,0.02045531558431221
neuron_1311_count,0.013570355691629107
neuron_1312_count,0.017290825789434257
neuron_1313_count,0.022404197267806444
neuron_1314_count,0.0139037736900934
neuron_1315_count,0.018271861797577033
neuron_1316_count,0.02781773831232437
neuron_1317_count,0.013873977931909656
neuron_1318_count,0.010474176382369131
neuron_1319_count,0.016879783284546743
neuron_1320_count,0.02856469569072713
neuron_1321_count,0.03106993404616623
neuron_1322_count,0.03588727833720562
neuron_1323_count,0.0354027888877337
neuron_1324_count,0.05901336661009021
neuron_1325_count,0.0630017063699577
neuron_1326_count,0.043526327563259054
neuron_1327_count,0.07074862433436283
neuron_1328_count,0.05165430686183048
neuron_1329_count,0.07240141762851257
neuron_1330_count,0.04630456826370047
neuron_1331_count,0.0941698400650329
neuron_1332_count,0.057912162147999324
neuron_1333_count,0.08079915414930253
neuron_1334_count,0.05017010729358204
neuron_1335_count,0.10139425689721254
neuron_1336_count,0.06870225370247898
neuron_1337_count,0.08079981005202386
neuron_1338_count,0.10128579041759084
neuron_1339_count,0.10329077717826249
neuron_1340_count,0.06290164439346613
neuron_1341_count,0.10311540731180585
neuron_1342_count,0.028660608548416313
neuron_1343_count,0.14295114529134192
neuron_1344_count,0.2735363066795532
neuron_1345_count,0.39930448489786563
neuron_1346_count,0.41404880850414005
neuron_1347_count,0.3644370583682749
neuron_1348_count,0.3346528374349644
neuron_1349_count,0.2887023140822328
neuron_1350_count,0.1430728007677588
neuron_1351_count,0.20325380087682754
neuron_1352_count,0.17255441743821504
neuron_1353_count,0.06172509730741699
neuron_1354_count,0.11242799167612663
neuron_1355_count,0.13296188814631246
neuron_1356_count,0.1023362443039996
neuron_1357_count,0.08748651708897148
neuron_1358_count,0.10061433060474612
neuron_1359_count,0.13689215319978756
neuron_1360_count,0.054657738245689175
neuron_1361_count,0.07880647773112387
neuron_1362_count,0.09264505548252261
neuron_1363_count,0.10331057893419318
neuron_1364_count,0.09688340751609123
neuron_1365_count,0.0728340216297427
neuron_1366_count,0.07965348112065265
neuron_1367_count,0.01152350035561834
neuron_1368_count,0.0785249265062826
neuron_1369_count,0.011967741991847684
neuron_1370_count,0.015455382750565086
neuron_1371_count,0.004914529909887506
neuron_1372_count,0.00914859418236998
neuron_1373_count,0.010069998652127453
neuron_1374_count,0.013269043718986549
neuron_1375_count,0.0212834598206057
neuron_1376_count,0.009314251496091483
neuron_1377_count,0.018543096998492617
neuron_1378_count,0.01892537008712164
neuron_1379_count,0.007743958781108125
neuron_1380_count,0.056426698706617706
neuron_1381_count,0.024067447061590558
neuron_1382_count,0.0068019894078047
neuron_1383_count,0.018430629974948112
neuron_1384_count,0.018344865040774268
neuron_1385_count,0.027094913355350428
neuron_1386_count,0.03348945350472146
neuron_1387_count,0.040629050196558214
neuron_1388_count,0.03984744025238002
neuron_1389_count,0.049313468518940695
neuron_1390_count,0.023650547833154137
neuron_1391_count,0.06910267462011635
neuron_1392_count,0.058974061490164265
neuron_1393_count,0.03686533091907586
neuron_1394_count,0.0759317655837394
neuron_1395_count,0.06107992869787618
neuron_1396_count,0.10758922207648897
neuron_1397_count,0.09382728541227423
neuron_1398_count,0.10963898933099295
neuron_1399_count,0.16623235949009624
neuron_1400_count,0.16529933787519235
neuron_1401_count,0.11399739246921473
neuron_1402_count,0.0870962389212413
neuron_1403_count,0.07414940470448811
neuron_1404_count,0.06130392566480922
neuron_1405_count,0.10583194624678222
neuron_1406_count,0.09273778536281646
neuron_1407_count,0.036184599898568676
neuron_1408_count,0.21145886368339573
neuron_1409_count,0.24451991812329316
neuron_1410_count,0.441197042914848
neuron_1411_count,0.1405963940470692
neuron_1412_count,0.41967177072806083
neuron_1413_count,0.3251604702460657
neuron_1414_count,0.3118775397955735
neuron_1415_count,0.2750773999968515
neuron_1416_count,0.19046610805336484
neuron_1417_count,0.1557804620167217
neuron_1418_count,0.08643668319827291
neuron_1419_count,0.11783766495608475
neuron_1420_count,0.13740042113604903
neuron_1421_count,0.12507701109352312
neuron_1422_count,0.16550868154077975
neuron_1423_count,0.1425470212892693
neuron_1424_count,0.12041635043596324
neuron_1425_count,0.08562179212289908
neuron_1426_count,0.10417258693920725
neuron_1427_count,0.030146380698194905
neuron_1428_count,0.05200788480178298
neuron_1429_count,0.04592617794668674
neuron_1430_count,0.08478810130955997
neuron_1431_count,0.04015102870399766
neuron_1432_count,0.01936421361739743
neuron_1433_count,0.024520184174808606
neuron_1434_count,0.02042458700284383
neuron_1435_count,0.006474660492847825
neuron_1436_count,0.019549733961998647
neuron_1437_count,0.015872268985143746
neuron_1438_count,0.012380456845958475
neuron_1439_count,0.011549154846512845
neuron_1440_count,0.01221976085889001
neuron_1441_count,0.012802071568637538
neuron_1442_count,0.009822144678504861
neuron_1443_count,0.04661271464822314
neuron_1444_count,0.011185800178591589
neuron_1445_count,0.04247543024094097
neuron_1446_count,0.06858710833264414
neuron_1447_count,0.04144268333893569
neuron_1448_count,0.024313866506946516
neuron_1449_count,0.01472293856274904
neuron_1450_count,0.027013456362460983
neuron_1451_count,0.028680133642600275
neuron_1452_count,0.011570678149798334
neuron_1453_count,0.03105715241903273
neuron_1454_count,0.038731142640350345
neuron_1455_count,0.08168922600913667
neuron_1456_count,0.05626037124502939
neuron_1457_count,0.08962086640504702
neuron_1458_count,0.11887712383707642
neuron_1459_count,0.046622217387143394
neuron_1460_count,0.11234162265484421
neuron_1461_count,0.08903803002679778
neuron_1462_count,0.08848254952583953
neuron_1463_count,0.07890590766453195
neuron_1464_count,0.08663552333094218
neuron_1465_count,0.09401946830079552
neuron_1466_count,0.1096853421258217
neuron_1467_count,0.07007528091886767
neuron_1468_count,0.15154888294565633
neuron_1469_count,0.11199550182591075
neuron_1470_count,0.10723590426239098
neuron_1471_count,0.0899256772669404
neuron_1472_count,0.08145937512305632
neuron_1473_count,0.35266871915457587
neuron_1474_count,0.3262734138500846
neuron_1475_count,0.36126958888135785
neuron_1476_count,0.3228118656167248
neuron_1477_count,0.3720011556026471
neuron_1478_count,0.0940703700299424
neuron_1479_count,0.28406497120387175
neuron_1480_count,0.2995581641866233
neuron_1481_count,0.11426292476217467
neuron_1482_count,0.13947846620069543
neuron_1483_count,0.15564238570217137
neuron_1484_count,0.17185238426347826
neuron_1485_count,0.15519968442012289
neuron_1486_count,0.11368401387520072
neuron_1487_count,0.07016368643161014
neuron_1488_count,0.17139759615247185
neuron_1489_count,0.12458703528536763
neuron_1490_count,0.12289406459087016
neuron_1491_count,0.09936598207491412
neuron_1492_count,0.026959695994164007
neuron_1493_count,0.09124192195823089
neuron_1494_count,0.0882090378150428
neuron_1495_count,0.03104919711953777
neuron_1496_count,0.023620626711315776
neuron_1497_count,0.026720011539260846
neuron_1498_count,0.006871054528173445
neuron_1499_count,0.011245598316084543
neuron_1500_count,0.009233802615807842
neuron_1501_count,0.04565752308245921
neuron_1502_count,0.05821047984172642
neuron_1503_count,0.008796980495678973
neuron_1504_count,0.016230789949036387
neuron_1505_count,0.034458837219219766
neuron_1506_count,0.026089694520976883
neuron_1507_count,0.010434065009329849
neuron_1508_count,0.00883441030191584
neuron_1509_count,0.022833003106192296
neuron_1510_count,0.014727601472236923
neuron_1511_count,0.00703291394594107
neuron_1512_count,0.0066486722675992566
neuron_1513_count,0.016251467266617206
neuron_1514_count,0.02438277824847883
neuron_1515_count,0.013060729505871192
neuron_1516_count,0.014020434432899444
neuron_1517_count,0.01668121603263982
neuron_1518_count,0.053261583179064154
neuron_1519_count,0.03948859505149516
neuron_1520_count,0.04571366819421849
neuron_1521_count,0.0962662501692752
neuron_1522_count,0.054156846968162864
neuron_1523_count,0.12086991942301914
neuron_1524_count,0.11049790453156011
neuron_1525_count,0.056235887938272444
neuron_1526_count,0.12204612460886269
neuron_1527_count,0.0994963037044665
neuron_1528_count,0.08951827836434029
neuron_1529_count,0.1517409839108372
neuron_1530_count,0.11855278494937291
neuron_1531_count,0.10457447383872864
neuron_1532_count,0.151675007994744
neuron_1533_count,0.08206117024425477
neuron_1534_count,0.0928684576808946
neuron_1535_count,0.15483838588764495
neuron_1536_count,0.22985922843038215
neuron_1537_count,0.13691088058827888
neuron_1538_count,0.2634724527931818
neuron_1539_count,0.30791746403493736
neuron_1540_count,0.397725430255744
neuron_1541_count,0.11754947115574449
neuron_1542_count,0.29621329570477595
neuron_1543_count,0.14072902442304275
neuron_1544_count,0.1397975754114395
neuron_1545_count,0.09823083095627888
neuron_1546_count,0.13542101206853818
neuron_1547_count,0.14476471363265858
neuron_1548_count,0.09361671472121294
neuron_1549_count,0.16545722796152423
neuron_1550_count,0.11814691603883704
neuron_1551_count,0.0954115483446244
neuron_1552_count,0.09068096606073506
neuron_1553_count,0.10957158600426298
neuron_1554_count,0.0742775951756047
neuron_1555_count,0.04724956925411285
neuron_1556_count,0.05849070857229044
neuron_1557_count,0.042069854943898546
neuron_1558_count,0.08074663312846769
neuron_1559_count,0.015896045008802876
neuron_1560_count,0.010677730803436798
neuron_1561_count,0.01490076299793714
neuron_1562_count,0.009658302155547218
neuron_1563_count,0.015672801311932993
neuron_1564_count,0.0098946659874155
neuron_1565_count,0.005768972666096519
neuron_1566_count,0.010512105580759656
neuron_1567_count,0.012219423384342544
neuron_1568_count,0.010880337190545
neuron_1569_count,0.02462692985487895
neuron_1570_count,0.009275547406114422
neuron_1571_count,0.007263988057879707
neuron_1572_count,0.011014891957111896
neuron_1573_count,0.004784812118948361
neuron_1574_count,0.011879156656903075
neuron_1575_count,0.033967355876770994
neuron_1576_count,0.01083545322987791
neuron_1577_count,0.01386416044716654
neuron_1578_count,0.05077461323708832
neuron_1579_count,0.01347080030671971
neuron_1580_count,0.01890583874530495
neuron_1581_count,0.03265211173203045
neuron_1582_count,0.05416361830730576
neuron_1583_count,0.09294711615102894
neuron_1584_count,0.06246088492500826
neuron_1585_count,0.06521402834866341
neuron_1586_count,0.07194611255655542
neuron_1587_count,0.08706097008965599
neuron_1588_count,0.10651512036388844
neuron_1589_count,0.0859511150743899
neuron_1590_count,0.07579806593233748
neuron_1591_count,0.1392335958563193
neuron_1592_count,0.11421617318452978
neuron_1593_count,0.15014894125128528
neuron_1594_count,0.12243167427122667
neuron_1595_count,0.14534953676072596
neuron_1596_count,0.09709163506643892
neuron_1597_count,0.16555069961455882
neuron_1598_count,0.08400107897997852
neuron_1599_count,0.0930102618103156
neuron_1600_count,0.32052666089867854
neuron_1601_count,0.3129150943957103
neuron_1602_count,0.3609261170931981
neuron_1603_count,0.35513553451132235
neuron_1604_count,0.4260312497135783
neuron_1605_count,0.2895281707740979
neuron_1606_count,0.14111914215790614
neuron_1607_count,0.09501675715826177
neuron_1608_count,0.11367683467155887
neuron_1609_count,0.12091714525092992
neuron_1610_count,0.11639883407662599
neuron_1611_count,0.11041910404741634
neuron_1612_count,0.1774878477090806
neuron_1613_count,0.15230516830575871
neuron_1614_count,0.1403470797602645
neuron_1615_count,0.13346650377037092
neuron_1616_count,0.11858759734350918
neuron_1617_count,0.12210320723663812
neuron_1618_count,0.13090586125343803
neuron_1619_count,0.07708139232883526
neuron_1620_count,0.016994826395571195
neuron_1621_count,0.07696918568412528
neuron_1622_count,0.025806374841956012
neuron_1623_count,0.016631293441315857
neuron_1624_count,0.009175464530316466
neuron_1625_count,0.012160200449879692
neuron_1626_count,0.029796047539581205
neuron_1627_count,0.028617792541864417
neuron_1628_count,0.030424213454562754
neuron_1629_count,0.037969341865882716
neuron_1630_count,0.01857883685186415
neuron_1631_count,0.004841786014650337
neuron_1632_count,0.017472889098961178
neuron_1633_count,0.009616547756134661
neuron_1634_count,0.013582185768939797
neuron_1635_count,0.009197948058643048
neuron_1636_count,0.02513957845642964
neuron_1637_count,0.009110178676640643
neuron_1638_count,0.005222328699532729
neuron_1639_count,0.010502214107654244
neuron_1640_count,0.014517120212450593
neuron_1641_count,0.01754689319472319
neuron_1642_count,0.006887682183246495
neuron_1643_count,0.022729711834556368
neuron_1644_count,0.01826084603195828
neuron_1645_count,0.08942333570334829
neuron_1646_count,0.05962494049851996
neuron_1647_count,0.05774703578170723
neuron_1648_count,0.0558211802826285
neuron_1649_count,0.014418765149324414
neuron_1650_count,0.056775496256873975
neuron_1651_count,0.09543826122684129
neuron_1652_count,0.09561143972830125
neuron_1653_count,0.09211868588529687
neuron_1654_count,0.1041792167193003
neuron_1655_count,0.09761891023307212
neuron_1656_count,0.15378792333006316
neuron_1657_count,0.04587006024174161
neuron_1658_count,0.14490508844639885
neuron_1659_count,0.1181620213634634
neuron_1660_count,0.1303510159895535
neuron_1661_count,0.1073112633491532
neuron_1662_count,0.09740187425540414
neuron_1663_count,0.11880502912008667
neuron_1664_count,0.2592966768925483
neuron_1665_count,0.24791099454395127
neuron_1666_count,0.2560513174802725
neuron_1667_count,0.29935803313307124
neuron_1668_count,0.3179905238917941
neuron_1669_count,0.34628519903308946
neuron_1670_count,0.23109976276542088
neuron_1671_count,0.10019322528090846
neuron_1672_count,0.15704616305308117
neuron_1673_count,0.0937068872910426
neuron_1674_count,0.08842454651457521
neuron_1675_count,0.1240230444901056
neuron_1676_count,0.14890289000848334
neuron_1677_count,0.14043173973146247
neuron_1678_count,0.08239564013701944
neuron_1679_count,0.09218555163978684
neuron_1680_count,0.09814952413490535
neuron_1681_count,0.09032891798661735
neuron_1682_count,0.11414510931853422
neuron_1683_count,0.010155109919369618
neuron_1684_count,0.06062329399302793
neuron_1685_count,0.048549655160395055
neuron_1686_count,0.09141211550780565
neuron_1687_count,0.004510342515302343
neuron_1688_count,0.00777769456625825
neuron_1689_count,0.009806474663862835
neuron_1690_count,0.05544905971055142
neuron_1691_count,0.039810948267935985
neuron_1692_count,0.022089580807206965
neuron_1693_count,0.04384053739834046
neuron_1694_count,0.014153278746635335
neuron_1695_count,0.010310243867390205
neuron_1696_count,0.03202405134461683
neuron_1697_count,0.007908060740951989
neuron_1698_count,0.010353403360432396
neuron_1699_count,0.01040868290554569
neuron_1700_count,0.010067641300844928
neuron_1701_count,0.016759816713605116
neuron_1702_count,0.007332993611188705
neuron_1703_count,0.0069691764743149975
neuron_1704_count,0.024272151580879184
neuron_1705_count,0.008409988370230104
neuron_1706_count,0.011236363393229039
neuron_1707_count,0.017529465375486955
neuron_1708_count,0.032003088348561914
neuron_1709_count,0.03851655270675958
neuron_1710_count,0.02850473666301867
neuron_1711_count,0.061462481922944734
neuron_1712_count,0.05915921296814139
neuron_1713_count,0.017215321045451752
neuron_1714_count,0.0423483824569342
neuron_1715_count,0.08435472213246975
neuron_1716_count,0.0546057024765208
neuron_1717_count,0.11907968030348853
neuron_1718_count,0.0768333389131905
neuron_1719_count,0.14762985133004017
neuron_1720_count,0.1651055978138426
neuron_1721_count,0.14998892736708214
neuron_1722_count,0.13387693378803037
neuron_1723_count,0.11058555689160127
neuron_1724_count,0.14980527555259437
neuron_1725_count,0.1564719792712687
neuron_1726_count,0.08950310051674007
neuron_1727_count,0.13576219447597276
neuron_1728_count,0.3289751381454935
neuron_1729_count,0.20271102606163088
neuron_1730_count,0.1956977538651989
neuron_1731_count,0.2945374325205411
neuron_1732_count,0.2237273546976431
neuron_1733_count,0.2540649247462852
neuron_1734_count,0.315324288467292
neuron_1735_count,0.16533335899188661
neuron_1736_count,0.1490857920368806
neuron_1737_count,0.13588368332307113
neuron_1738_count,0.08242645420194866
neuron_1739_count,0.19579051994478586
neuron_1740_count,0.1527887797283011
neuron_1741_count,0.16238517365512828
neuron_1742_count,0.14998037637647543
neuron_1743_count,0.12833995372466372
neuron_1744_count,0.09678871220182597
neuron_1745_count,0.02176369540247112
neuron_1746_count,0.12071054681203103
neuron_1747_count,0.09341570333799779
neuron_1748_count,0.014577690178561808
neuron_1749_count,0.009591426704387299
neuron_1750_count,0.01721424677673858
neuron_1751_count,0.016435644127382028
neuron_1752_count,0.012390891404859133
neuron_1753_count,0.06197199919085844
neuron_1754_count,0.05791817258433314
neuron_1755_count,0.025875177710240213
neuron_1756_count,0.013238575763407812
neuron_1757_count,0.02511764355288454
neuron_1758_count,0.027609044170187502
neuron_1759_count,0.023093478474285653
neuron_1760_count,0.008345776911078115
neuron_1761_count,0.01119825408905616
neuron_1762_count,0.011580313512651721
neuron_1763_count,0.00859225007638914
neuron_1764_count,0.004286538526276714
neuron_1765_count,0.025055937244167936
neuron_1766_count,0.008713889218172621
neuron_1767_count,0.011651642840247035
neuron_1768_count,0.01091874359539425
neuron_1769_count,0.01592098608327193
neuron_1770_count,0.006393606735880523
neuron_1771_count,0.021803524269318572
neuron_1772_count,0.014056247224166804
neuron_1773_count,0.009395474840866669
neuron_1774_count,0.014163633724898386
neuron_1775_count,0.023702881677382243
neuron_1776_count,0.03222227887687093
neuron_1777_count,0.07726720582662538
neuron_1778_count,0.053481223686422594
neuron_1779_count,0.07333941906943703
neuron_1780_count,0.0493175348576117
neuron_1781_count,0.07582534293061807
neuron_1782_count,0.09572212703009714
neuron_1783_count,0.0719993010793557
neuron_1784_count,0.15238284341223052
neuron_1785_count,0.1992151845576775
neuron_1786_count,0.09745555451690174
neuron_1787_count,0.15016469805925228
neuron_1788_count,0.22591247646982815
neuron_1789_count,0.22751575739822666
neuron_1790_count,0.12047731541034823
neuron_1791_count,0.18301332190072067
neuron_1792_count,0.23821239165662556
neuron_1793_count,0.32396691551677037
neuron_1794_count,0.195335875234113
neuron_1795_count,0.12425834906699129
neuron_1796_count,0.28333029854541175
neuron_1797_count,0.14653716555344418
neuron_1798_count,0.35599352511341076
neuron_1799_count,0.10150146886346673
neuron_1800_count,0.20193539598045918
neuron_1801_count,0.12663955489020184
neuron_1802_count,0.1452465478213378
neuron_1803_count,0.17055329499294727
neuron_1804_count,0.18501160506938885
neuron_1805_count,0.1186999437194616
neuron_1806_count,0.05475007030221671
neuron_1807_count,0.1615684693398484
neuron_1808_count,0.10420185718784467
neuron_1809_count,0.15536189873014528
neuron_1810_count,0.1816520187572468
neuron_1811_count,0.10282787776227909
neuron_1812_count,0.00992530666761149
neuron_1813_count,0.0382038021593028
neuron_1814_count,0.014760327510874
neuron_1815_count,0.013188748223421094
neuron_1816_count,0.005648754610544024
neuron_1817_count,0.004446878835966929
neuron_1818_count,0.031478486428070426
neuron_1819_count,0.03534606821199178
neuron_1820_count,0.02704416110450039
neuron_1821_count,0.018222706296339375
neuron_1822_count,0.0408274238453733
neuron_1823_count,0.008923508957183357
neuron_1824_count,0.00635702205694812
neuron_1825_count,0.010907009351033451
neuron_1826_count,0.004746899093670012
neuron_1827_count,0.00884413732508853
neuron_1828_count,0.0046680491715125165
neuron_1829_count,0.016207953808639916
neuron_1830_count,0.008328111407216558
neuron_1831_count,0.01261517372445873
neuron_1832_count,0.007078533211615612
neuron_1833_count,0.027643874151337636
neuron_1834_count,0.07115325865385082
neuron_1835_count,0.018680704523586104
neuron_1836_count,0.01903622637766854
neuron_1837_count,0.016134380318584912
neuron_1838_count,0.04372272880057437
neuron_1839_count,0.05270671435773264
neuron_1840_count,0.03260257515915824
neuron_1841_count,0.07187905529776106
neuron_1842_count,0.0990857163267635
neuron_1843_count,0.07808268718386638
neuron_1844_count,0.09182932848635963
neuron_1845_count,0.14106080979750635
neuron_1846_count,0.09561715428047125
neuron_1847_count,0.16151544335153184
neuron_1848_count,0.09289767369918184
neuron_1849_count,0.15542290665118974
neuron_1850_count,0.1074896534307703
neuron_1851_count,0.191000806268814
neuron_1852_count,0.12434513233809302
neuron_1853_count,0.13552370962880397
neuron_1854_count,0.14883426977898712
neuron_1855_count,0.03720273523004437
neuron_1856_count,0.3480652692110894
neuron_1857_count,0.2991211261212955
neuron_1858_count,0.2954921880864718
neuron_1859_count,0.09122321847303105
neuron_1860_count,0.18050765914829414
neuron_1861_count,0.18452964557904616
neuron_1862_count,0.29774675016868596
neuron_1863_count,0.13766356379185815
neuron_1864_count,0.1697975312196094
neuron_1865_count,0.12946270600623105
neuron_1866_count,0.1549104583344067
neuron_1867_count,0.16333005595277061
neuron_1868_count,0.12829036587449755
neuron_1869_count,0.17161193278977105
neuron_1870_count,0.19554440063350287
neuron_1871_count,0.12423283510958227
neuron_1872_count,0.14846800755614076
neuron_1873_count,0.1307318295743874
neuron_1874_count,0.17190127472072808
neuron_1875_count,0.038536727034364504
neuron_1876_count,0.020703867804373402
neuron_1877_count,0.05337440538684822
neuron_1878_count,0.02926494201355309
neuron_1879_count,0.04373875260122695
neuron_1880_count,0.016945008074632048
neuron_1881_count,0.0239910031019991
neuron_1882_count,0.018236836851362445
neuron_1883_count,0.030167956474136254
neuron_1884_count,0.026063974370860762
neuron_1885_count,0.020861958101519196
neuron_1886_count,0.01757307573812547
neuron_1887_count,0.005564699922092332
neuron_1888_count,0.013756072819860701
neuron_1889_count,0.006207262111486218
neuron_1890_count,0.010983103055579702
neuron_1891_count,0.004797008107449793
neuron_1892_count,0.017883477062995964
neuron_1893_count,0.05593580225192488
neuron_1894_count,0.032639876539552845
neuron_1895_count,0.01421621300847662
neuron_1896_count,0.024860735220278145
neuron_1897_count,0.020500437260366294
neuron_1898_count,0.01978788658037381
neuron_1899_count,0.010956542682631742
neuron_1900_count,0.009423806524050352
neuron_1901_count,0.03686042280071963
neuron_1902_count,0.029892585036827166
neuron_1903_count,0.053850209005972094
neuron_1904_count,0.026114212806047213
neuron_1905_count,0.05019041415820233
neuron_1906_count,0.06375868000761781
neuron_1907_count,0.011071375566078713
neuron_1908_count,0.04872194433799887
neuron_1909_count,0.13022552106254426
neuron_1910_count,0.07254586618227604
neuron_1911_count,0.12252024803763031
neuron_1912_count,0.18271813750669727
neuron_1913_count,0.1296333252942078
neuron_1914_count,0.13195609239309766
neuron_1915_count,0.081125244300323
neuron_1916_count,0.22603578850599754
neuron_1917_count,0.24107321045431707
neuron_1918_count,0.0914548701716828
neuron_1919_count,0.20591764373455818
neuron_1920_count,0.2789691325111345
neuron_1921_count,0.35530788546963105
neuron_1922_count,0.3324585662696393
neuron_1923_count,0.1886308961047934
neuron_1924_count,0.20349187501204363
neuron_1925_count,0.19081315896144085
neuron_1926_count,0.13584944621007142
neuron_1927_count,0.13418728150023243
neuron_1928_count,0.1580062180959531
neuron_1929_count,0.2034996251530891
neuron_1930_count,0.17180909240803333
neuron_1931_count,0.1781198382132962
neuron_1932_count,0.17874128924176735
neuron_1933_count,0.17052280631093036
neuron_1934_count,0.20703093787101445
neuron_1935_count,0.059107853602017896
neuron_1936_count,0.13778266724722435
neuron_1937_count,0.09649701948399711
neuron_1938_count,0.1499068390386753
neuron_1939_count,0.06876050362151193
neuron_1940_count,0.03368149130195314
neuron_1941_count,0.028130933031235456
neuron_1942_count,0.015069639420224101
neuron_1943_count,0.03307208238034093
neuron_1944_count,0.026320391991986172
neuron_1945_count,0.0220921197202363
neuron_1946_count,0.05074651356350074
neuron_1947_count,0.0380342739262091
neuron_1948_count,0.048874784820801404
neuron_1949_count,0.031655744903097735
neuron_1950_count,0.024564395355173956
neuron_1951_count,0.007591288525631103
neuron_1952_count,0.01605671125467266
neuron_1953_count,0.011283724944916059
neuron_1954_count,0.007172283906805507
neuron_1955_count,0.018691615874548068
neuron_1956_count,0.010315918890494234
neuron_1957_count,0.018676157327241615
neuron_1958_count,0.005286294524878774
neuron_1959_count,0.019945024416168355
neuron_1960_count,0.008326269456478595
neuron_1961_count,0.014287703488947062
neuron_1962_count,0.007486445909972564
neuron_1963_count,0.022433864750882493
neuron_1964_count,0.019807861464121224
neuron_1965_count,0.08551852663192078
neuron_1966_count,0.032488227192886826
neuron_1967_count,0.028782325260426525
neuron_1968_count,0.023245823141138808
neuron_1969_count,0.06657683945072826
neuron_1970_count,0.05219931574007594
neuron_1971_count,0.09110844900598111
neuron_1972_count,0.07009714852589743
neuron_1973_count,0.04413213008001812
neuron_1974_count,0.06667473269699947
neuron_1975_count,0.1641115563974027
neuron_1976_count,0.08398313004815171
neuron_1977_count,0.11758713249491623
neuron_1978_count,0.13189573184449466
neuron_1979_count,0.14266987708684037
neuron_1980_count,0.057975907986848665
neuron_1981_count,0.23511757964298907
neuron_1982_count,0.234444133845837
neuron_1983_count,0.1132042416570416
neuron_1984_count,0.25037144234002406
neuron_1985_count,0.2605184675076394
neuron_1986_count,0.17184711068836586
neuron_1987_count,0.09335083212765663
neuron_1988_count,0.30958577859738795
neuron_1989_count,0.20241025194605317
neuron_1990_count,0.14256519884275382
neuron_1991_count,0.14219932845183977
neuron_1992_count,0.21526126409130664
neuron_1993_count,0.14984193402414683
neuron_1994_count,0.18181975342809764
neuron_1995_count,0.1571910608234049
neuron_1996_count,0.21261156817676852
neuron_1997_count,0.20296705742334553
neuron_1998_count,0.21697494428920167
neuron_1999_count,0.0364773633494373
neuron_2000_count,0.13054826630960287
neuron_2001_count,0.015606559291282303
neuron_2002_count,0.032867861510838134
neuron_2003_count,0.011663529098611514
neuron_2004_count,0.013345534276274176
neuron_2005_count,0.013738880170620006
neuron_2006_count,0.009783642011414878
neuron_2007_count,0.011864437751836376
neuron_2008_count,0.012718133900361028
neuron_2009_count,0.007245448939115502
neuron_2010_count,0.0426149771348964
neuron_2011_count,0.02575799842874489
neuron_2012_count,0.011422164323293266
neuron_2013_count,0.005227345555159968
neuron_2014_count,0.022294829477359515
neuron_2015_count,0.012875605801739333
neuron_2016_count,0.016770511997071316
neuron_2017_count,0.009980060140589955
neuron_2018_count,0.005071041983357789
neuron_2019_count,0.0060337165964928705
neuron_2020_count,0.02599411624803711
neuron_2021_count,0.07968645469932764
neuron_2022_count,0.006910379209645472
neuron_2023_count,0.027388580632903184
neuron_2024_count,0.012177512118983137
neuron_2025_count,0.02266612389079723
neuron_2026_count,0.006335484429519124
neuron_2027_count,0.021051886091357615
neuron_2028_count,0.015398229143786163
neuron_2029_count,0.03364361903468961
neuron_2030_count,0.023919142367355997
neuron_2031_count,0.0533264156956996
neuron_2032_count,0.045908866938478565
neuron_2033_count,0.05697506833653526
neuron_2034_count,0.05936661498716658
neuron_2035_count,0.0753429995513823
neuron_2036_count,0.10182442978993306
neuron_2037_count,0.12630119835001316
neuron_2038_count,0.1166336630320747
neuron_2039_count,0.07721987815194478
neuron_2040_count,0.1317867998488594
neuron_2041_count,0.13791472992360723
neuron_2042_count,0.10702805319322334
neuron_2043_count,0.16477419351198822
neuron_2044_count,0.15722424126894383
neuron_2045_count,0.20343097936143784
neuron_2046_count,0.15529931043160305
neuron_2047_count,0.18359762694805187
neuron_2048_count,0.2905353735006829
neuron_2049_count,0.25278437881258053
neuron_2050_count,0.263416708289724
neuron_2051_count,0.12117731808859306
neuron_2052_count,0.14269974479371766
neuron_2053_count,0.16137883750956555
neuron_2054_count,0.1900691573772086
neuron_2055_count,0.1936646167281753
neuron_2056_count,0.13023591816425653
neuron_2057_count,0.13734608710269566
neuron_2058_count,0.15586115494185604
neuron_2059_count,0.19631393858239743
neuron_2060_count,0.18810544142559632
neuron_2061_count,0.20973752307728655
neuron_2062_count,0.2244744673827036
neuron_2063_count,0.13847353993354458
neuron_2064_count,0.02541891286838191
neuron_2065_count,0.04841828656309609
neuron_2066_count,0.02961211674827187
neuron_2067_count,0.11591543816824423
neuron_2068_count,0.008866336026003799
neuron_2069_count,0.01555655341828921
neuron_2070_count,0.007854282259693125
neuron_2071_count,0.023341821182133293
neuron_2072_count,0.020431161785378474
neuron_2073_count,0.032707342935753655
neuron_2074_count,0.01871086748739703
neuron_2075_count,0.030476828012700338
neuron_2076_count,0.017129470362655275
neuron_2077_count,0.04656898300504354
neuron_2078_count,0.013049535667548809
neuron_2079_count,0.011568681629998717
neuron_2080_count,0.016615018983388005
neuron_2081_count,0.020315927097329316
neuron_2082_count,0.022030423459433512
neuron_2083_count,0.03991552664322094
neuron_2084_count,0.01654549840975687
neuron_2085_count,0.006522234349004258
neuron_2086_count,0.03525414002068962
neuron_2087_count,0.061448426138888915
neuron_2088_count,0.008692736527238523
neuron_2089_count,0.010673188924923617
neuron_2090_count,0.008767836611190863
neuron_2091_count,0.030230830762969868
neuron_2092_count,0.03634570494326338
neuron_2093_count,0.014488455563989512
neuron_2094_count,0.00939350322561313
neuron_2095_count,0.04644284836522196
neuron_2096_count,0.006291579848487806
neuron_2097_count,0.09711102109702272
neuron_2098_count,0.03761007424782546
neuron_2099_count,0.09887028784553045
neuron_2100_count,0.06343588730837524
neuron_2101_count,0.12960164725482493
neuron_2102_count,0.12096500052513837
neuron_2103_count,0.06630171611574145
neuron_2104_count,0.0738045482069987
neuron_2105_count,0.10943431471352064
neuron_2106_count,0.08324170858728108
neuron_2107_count,0.19676805405552525
neuron_2108_count,0.2263400427124032
neuron_2109_count,0.10709184286919982
neuron_2110_count,0.21526492307161477
neuron_2111_count,0.2426813615354365
neuron_2112_count,0.2746579092482194
neuron_2113_count,0.26070851140671425
neuron_2114_count,0.20235827630396702
neuron_2115_count,0.12017002884575861
neuron_2116_count,0.12865090338997304
neuron_2117_count,0.18469772246911978
neuron_2118_count,0.12711919440165637
neuron_2119_count,0.14849787386724903
neuron_2120_count,0.10587544503023422
neuron_2121_count,0.1352268234849231
neuron_2122_count,0.1886805861695226
neuron_2123_count,0.1804284754377966
neuron_2124_count,0.1761421175378855
neuron_2125_count,0.16979456082581734
neuron_2126_count,0.11160592553938731
neuron_2127_count,0.18775314159077539
neuron_2128_count,0.08115965002797357
neuron_2129_count,0.027051978896137308
neuron_2130_count,0.018897371890814217
neuron_2131_count,0.016636698376816098
neuron_2132_count,0.013490010183206856
neuron_2133_count,0.02990774032902016
neuron_2134_count,0.016364285475320192
neuron_2135_count,0.02430941100674664
neuron_2136_count,0.023795688349778354
neuron_2137_count,0.008401315604706298
neuron_2138_count,0.04850924788133934
neuron_2139_count,0.023377346573194277
neuron_2140_count,0.022506597819295628
neuron_2141_count,0.023746942621205816
neuron_2142_count,0.014243483039541288
neuron_2143_count,0.012788470882418659
neuron_2144_count,0.033619236142108114
neuron_2145_count,0.014153034133045448
neuron_2146_count,0.02088303980179677
neuron_2147_count,0.03875004086855184
neuron_2148_count,0.020067737883546342
neuron_2149_count,0.049398483506759974
neuron_2150_count,0.02858913216853042
neuron_2151_count,0.04357666509319145
neuron_2152_count,0.019117216075727406
neuron_2153_count,0.04485773255734074
neuron_2154_count,0.011627209860660803
neuron_2155_count,0.02114455519873651
neuron_2156_count,0.01971376160248582
neuron_2157_count,0.028093087852997994
neuron_2158_count,0.049554194603167095
neuron_2159_count,0.07285119840314092
neuron_2160_count,0.047054588047991064
neuron_2161_count,0.09408374444322559
neuron_2162_count,0.0472698889145257
neuron_2163_count,0.06040475076402549
neuron_2164_count,0.12528926822955977
neuron_2165_count,0.07995210126458904
neuron_2166_count,0.12072042883537659
neuron_2167_count,0.141253953192477
neuron_2168_count,0.0754908363878921
neuron_2169_count,0.10365572965888475
neuron_2170_count,0.1297882672997216
neuron_2171_count,0.17675654014272218
neuron_2172_count,0.10721155475468104
neuron_2173_count,0.18273011179723186
neuron_2174_count,0.04301061204814918
neuron_2175_count,0.09050626401067152
neuron_2176_count,0.2259976717309759
neuron_2177_count,0.1816962598038112
neuron_2178_count,0.24725683523975833
neuron_2179_count,0.09805132564625296
neuron_2180_count,0.16870778581580065
neuron_2181_count,0.132165623514391
neuron_2182_count,0.2321488793799793
neuron_2183_count,0.15082979825101933
neuron_2184_count,0.1777246588998343
neuron_2185_count,0.18858093085419436
neuron_2186_count,0.1258495458949465
neuron_2187_count,0.20329941987094435
neuron_2188_count,0.18668312643094215
neuron_2189_count,0.20664920374974644
neuron_2190_count,0.1583809709674727
neuron_2191_count,0.177061477718773
neuron_2192_count,0.06977592174854483
neuron_2193_count,0.10950215931482327
neuron_2194_count,0.022351660549363203
neuron_2195_count,0.010678811893626336
neuron_2196_count,0.008741759083374642
neuron_2197_count,0.019378488418613088
neuron_2198_count,0.012139648701565475
neuron_2199_count,0.04380768004181204
neuron_2200_count,0.011808272629570501
neuron_2201_count,0.009375941336211488
neuron_2202_count,0.017023756428272474
neuron_2203_count,0.02345491924184246
neuron_2204_count,0.010729531057187255
neuron_2205_count,0.008085551052363651
neuron_2206_count,0.019107972401400053
neuron_2207_count,0.008069209998657054
neuron_2208_count,0.014359275502064693
neuron_2209_count,0.014657559270837882
neuron_2210_count,0.027510284694534117
neuron_2211_count,0.029317932306927655
neuron_2212_count,0.049911580876145854
neuron_2213_count,0.01246478116316138
neuron_2214_count,0.05265173328059369
neuron_2215_count,0.01215041786033827
neuron_2216_count,0.02750878831305198
neuron_2217_count,0.009184603805895725
neuron_2218_count,0.03094412723380549
neuron_2219_count,0.033186498922684965
neuron_2220_count,0.0479815916111761
neuron_2221_count,0.03304851417867691
neuron_2222_count,0.09130011538604585
neuron_2223_count,0.06051553278001823
neuron_2224_count,0.025915110889594153
neuron_2225_count,0.10286917984965671
neuron_2226_count,0.11285639517506052
neuron_2227_count,0.11243865756607668
neuron_2228_count,0.03589390566612345
neuron_2229_count,0.13344342565499653
neuron_2230_count,0.08362704690149292
neuron_2231_count,0.11734311179751006
neuron_2232_count,0.08653018921750097
neuron_2233_count,0.17128209347141526
neuron_2234_count,0.20812763590184485
neuron_2235_count,0.1643399433375164
neuron_2236_count,0.17914203472909185
neuron_2237_count,0.22335427915674022
neuron_2238_count,0.16907246614736882
neuron_2239_count,0.1983710424029685
neuron_2240_count,0.2853657263272541
neuron_2241_count,0.17039262308180836
neuron_2242_count,0.21012051443967344
neuron_2243_count,0.16073828173830335
neuron_2244_count,0.27543043643543463
neuron_2245_count,0.165950338018406
neuron_2246_count,0.16277138471151897
neuron_2247_count,0.20827737249285755
neuron_2248_count,0.17561757340127498
neuron_2249_count,0.18252187328371205
neuron_2250_count,0.20496888551698944
neuron_2251_count,0.09648753959149772
neuron_2252_count,0.18988785909031297
neuron_2253_count,0.11357157570491594
neuron_2254_count,0.22051526448105246
neuron_2255_count,0.20154826996574537
neuron_2256_count,0.21737021427049397
neuron_2257_count,0.03386944545659498
neuron_2258_count,0.11809320757401953
neuron_2259_count,0.07399113437456259
neuron_2260_count,0.08526440162863982
neuron_2261_count,0.008496919100249002
neuron_2262_count,0.017861416863405866
neuron_2263_count,0.03547768937373358
neuron_2264_count,0.0708258622031909
neuron_2265_count,0.019683046923677075
neuron_2266_count,0.007514214776635032
neuron_2267_count,0.019932658194183474
neuron_2268_count,0.009533190576092771
neuron_2269_count,0.028664463044066613
neuron_2270_count,0.008520358293529526
neuron_2271_count,0.010907900852328737
neuron_2272_count,0.003971044161704857
neuron_2273_count,0.014028880815378536
neuron_2274_count,0.010060425708018876
neuron_2275_count,0.03046633355443374
neuron_2276_count,0.012021767768778377
neuron_2277_count,0.022866524036639125
neuron_2278_count,0.015257353714066155
neuron_2279_count,0.015386681628935178
neuron_2280_count,0.01829978756192767
neuron_2281_count,0.059645326415572686
neuron_2282_count,0.022858389676328306
neuron_2283_count,0.01908863023527131
neuron_2284_count,0.00938508432817526
neuron_2285_count,0.028937917434633614
neuron_2286_count,0.030678442236699827
neuron_2287_count,0.11511794164891434
neuron_2288_count,0.011071304681642094
neuron_2289_count,0.07408182769193242
neuron_2290_count,0.07108991815739235
neuron_2291_count,0.07922958823452342
neuron_2292_count,0.04608552465254884
neuron_2293_count,0.0926805737985022
neuron_2294_count,0.11809552954549955
neuron_2295_count,0.06818124169129128
neuron_2296_count,0.11953533079580606
neuron_2297_count,0.11411634135895388
neuron_2298_count,0.1873153714462682
neuron_2299_count,0.11353534547556704
neuron_2300_count,0.20818320693036801
neuron_2301_count,0.1449435759636727
neuron_2302_count,0.06659277058898261
neuron_2303_count,0.19188472407984586
neuron_2304_count,0.31168263474968516
neuron_2305_count,0.29523857977906187
neuron_2306_count,0.25700536295992327
neuron_2307_count,0.1356523574153319
neuron_2308_count,0.18226010679070428
neuron_2309_count,0.15800864396659067
neuron_2310_count,0.1120713967298608
neuron_2311_count,0.16695930684422416
neuron_2312_count,0.21259654789002547
neuron_2313_count,0.22791390223253088
neuron_2314_count,0.1536190642410573
neuron_2315_count,0.18277124454200433
neuron_2316_count,0.18502935020166583
neuron_2317_count,0.194846047133295
neuron_2318_count,0.12685918071839286
neuron_2319_count,0.17089122462518375
neuron_2320_count,0.027244553155440908
neuron_2321_count,0.11336084498436821
neuron_2322_count,0.07227112404326239
neuron_2323_count,0.044151429086803445
neuron_2324_count,0.012933839251423135
neuron_2325_count,0.007652245217253495
neuron_2326_count,0.008835156592150069
neuron_2327_count,0.014587502694161883
neuron_2328_count,0.04193497679467359
neuron_2329_count,0.02027320376217656
neuron_2330_count,0.013064529348080618
neuron_2331_count,0.009539683344330592
neuron_2332_count,0.01606407152020646
neuron_2333_count,0.008290756405400765
neuron_2334_count,0.008866113357852565
neuron_2335_count,0.010223397989348217
neuron_2336_count,0.007496687760799391
neuron_2337_count,0.006848649567907747
neuron_2338_count,0.010210809944893966
neuron_2339_count,0.01607497842809981
neuron_2340_count,0.01933731966802034
neuron_2341_count,0.029476072501467804
neuron_2342_count,0.012140146722780066
neuron_2343_count,0.06837820239990319
neuron_2344_count,0.020300412351149766
neuron_2345_count,0.012095137307191348
neuron_2346_count,0.08120542284693855
neuron_2347_count,0.09195976570679279
neuron_2348_count,0.0142678127545081
neuron_2349_count,0.022245291632589134
neuron_2350_count,0.0380115781588915
neuron_2351_count,0.12718506247540032
neuron_2352_count,0.022386360599693775
neuron_2353_count,0.18971483188602423
neuron_2354_count,0.020947518877150267
neuron_2355_count,0.13643557216562585
neuron_2356_count,0.08664153546601383
neuron_2357_count,0.13304041687299734
neuron_2358_count,0.13442808426708103
neuron_2359_count,0.12435934718599403
neuron_2360_count,0.11229507935302888
neuron_2361_count,0.2047477385685436
neuron_2362_count,0.1113858896982412
neuron_2363_count,0.16082673101143782
neuron_2364_count,0.16173857293027505
neuron_2365_count,0.2079724384839189
neuron_2366_count,0.14828606386664486
neuron_2367_count,0.08646264152410785
neuron_2368_count,0.30347702493236606
neuron_2369_count,0.16401122341839053
neuron_2370_count,0.11853108342582347
neuron_2371_count,0.0750041393510418
neuron_2372_count,0.21565723119424665
neuron_2373_count,0.12157666363091357
neuron_2374_count,0.17274405684222416
neuron_2375_count,0.09741039627030143
neuron_2376_count,0.15531389541698498
neuron_2377_count,0.17829917623695202
neuron_2378_count,0.1903141970787483
neuron_2379_count,0.17984623448869425
neuron_2380_count,0.17294420659408294
neuron_2381_count,0.16664145390237872
neuron_2382_count,0.24733026375328676
neuron_2383_count,0.11176719649166644
neuron_2384_count,0.0875186471108354
neuron_2385_count,0.06868916110303383
neuron_2386_count,0.11202595869500909
neuron_2387_count,0.047597406012211435
neuron_2388_count,0.028693940403800286
neuron_2389_count,0.007922000396873574
neuron_2390_count,0.007615954642003632
neuron_2391_count,0.050234547540005725
neuron_2392_count,0.03383013521449382
neuron_2393_count,0.013756856681614055
neuron_2394_count,0.024814240914160082
neuron_2395_count,0.02149957865620939
neuron_2396_count,0.022219696889461182
neuron_2397_count,0.005462449262026187
neuron_2398_count,0.016255403446647006
neuron_2399_count,0.01593737940103466
neuron_2400_count,0.009206716263484313
neuron_2401_count,0.014679002156190307
neuron_2402_count,0.011806439635804897
neuron_2403_count,0.020088018400368945
neuron_2404_count,0.012445206516777833
neuron_2405_count,0.010782794748542646
neuron_2406_count,0.05131163862614125
neuron_2407_count,0.03742272635080465
neuron_2408_count,0.019757798495663212
neuron_2409_count,0.02784410223450826
neuron_2410_count,0.02652672752768237
neuron_2411_count,0.0456110509876019
neuron_2412_count,0.06094689213073731
neuron_2413_count,0.03746704306341206
neuron_2414_count,0.030409282119064546
neuron_2415_count,0.02889560560139899
neuron_2416_count,0.07976242374324938
neuron_2417_count,0.016443810219904806
neuron_2418_count,0.11508352918284584
neuron_2419_count,0.14618819109460168
neuron_2420_count,0.10870236448054019
neuron_2421_count,0.11139787852162819
neuron_2422_count,0.12599696970749766
neuron_2423_count,0.1348609735401869
neuron_2424_count,0.11703158783291531
neuron_2425_count,0.15322014157995567
neuron_2426_count,0.16004576526033756
neuron_2427_count,0.2176032816425283
neuron_2428_count,0.12596560652057692
neuron_2429_count,0.07979391666485197
neuron_2430_count,0.2464696769904161
neuron_2431_count,0.21098332132677272
neuron_2432_count,0.16007609734927966
neuron_2433_count,0.13856005412033331
neuron_2434_count,0.17365007043471392
neuron_2435_count,0.18010528656990368
neuron_2436_count,0.11748519260725623
neuron_2437_count,0.07013877823731884
neuron_2438_count,0.18274408761098881
neuron_2439_count,0.09619102566818233
neuron_2440_count,0.16641959881150298
neuron_2441_count,0.2004659825735099
neuron_2442_count,0.1716288316128708
neuron_2443_count,0.16118935584163444
neuron_2444_count,0.20518766194746219
neuron_2445_count,0.18815150222602506
neuron_2446_count,0.21467471816155054
neuron_2447_count,0.0523374752934405
neuron_2448_count,0.0876544808229017
neuron_2449_count,0.027924926539295555
neuron_2450_count,0.05400733791868542
neuron_2451_count,0.02554241103055903
neuron_2452_count,0.004532645722186812
neuron_2453_count,0.01785076351624492
neuron_2454_count,0.008690445142326697
neuron_2455_count,0.013441473452396796
neuron_2456_count,0.03149625245876614
neuron_2457_count,0.012390030740707082
neuron_2458_count,0.012718852583868859
neuron_2459_count,0.00793268034188025
neuron_2460_count,0.009459114364777494
neuron_2461_count,0.020537595289094795
neuron_2462_count,0.00939749397366127
neuron_2463_count,0.012833054158517578
neuron_2464_count,0.013325868896580606
neuron_2465_count,0.028048777186008414
neuron_2466_count,0.020683579268736575
neuron_2467_count,0.020501177055999728
neuron_2468_count,0.018551948097387104
neuron_2469_count,0.019637182525686053
neuron_2470_count,0.06842684437922938
neuron_2471_count,0.06434565203041075
neuron_2472_count,0.019670098130418222
neuron_2473_count,0.016615421413539555
neuron_2474_count,0.05349781402349818
neuron_2475_count,0.024290215020837017
neuron_2476_count,0.0108591714406098
neuron_2477_count,0.00828281929637223
neuron_2478_count,0.02467051163005371
neuron_2479_count,0.033022958211592915
neuron_2480_count,0.0802960221792959
neuron_2481_count,0.09973615008798442
neuron_2482_count,0.07879867759753412
neuron_2483_count,0.03433397296288765
neuron_2484_count,0.16428300762210998
neuron_2485_count,0.17378493479482285
neuron_2486_count,0.1253041049815273
neuron_2487_count,0.11907661681389384
neuron_2488_count,0.12442942670305707
neuron_2489_count,0.18406458151746047
neuron_2490_count,0.20739095303151928
neuron_2491_count,0.18869340384704614
neuron_2492_count,0.13852103455163997
neuron_2493_count,0.15481572928381704
neuron_2494_count,0.1975916675066452
neuron_2495_count,0.06565643432569342
neuron_2496_count,0.17229006112487721
neuron_2497_count,0.14909924493496787
neuron_2498_count,0.16190080571265666
neuron_2499_count,0.07386963458340248
neuron_2500_count,0.10886921273917563
neuron_2501_count,0.12785407956149386
neuron_2502_count,0.11666793941222975
neuron_2503_count,0.13097562268618052
neuron_2504_count,0.15660766524625885
neuron_2505_count,0.20009614962706723
neuron_2506_count,0.17709173321402338
neuron_2507_count,0.19398216527082202
neuron_2508_count,0.2149215007502457
neuron_2509_count,0.15534598824792314
neuron_2510_count,0.23028902406195834
neuron_2511_count,0.1981429671923446
neuron_2512_count,0.19672479838202872
neuron_2513_count,0.046627907122799656
neuron_2514_count,0.08916790053965701
neuron_2515_count,0.03330168592452394
neuron_2516_count,0.06196039342088708
neuron_2517_count,0.01338719421687875
neuron_2518_count,0.008520492381784275
neuron_2519_count,0.020788917855456814
neuron_2520_count,0.07558408132524005
neuron_2521_count,0.006878343784604418
neuron_2522_count,0.006325929896534785
neuron_2523_count,0.011533673915597974
neuron_2524_count,0.029933390286890793
neuron_2525_count,0.018628018498653656
neuron_2526_count,0.015028298898000631
neuron_2527_count,0.013179821406650694
neuron_2528_count,0.013631974625247088
neuron_2529_count,0.016012907699767265
neuron_2530_count,0.019859872657499264
neuron_2531_count,0.011590431753356209
neuron_2532_count,0.016028619351048833
neuron_2533_count,0.03921868485755778
neuron_2534_count,0.01756895488846387
neuron_2535_count,0.014779444943773673
neuron_2536_count,0.01682576817604868
neuron_2537_count,0.07482151822577549
neuron_2538_count,0.021716379774628716
neuron_2539_count,0.08933528385354295
neuron_2540_count,0.04127686537903802
neuron_2541_count,0.050753458215396896
neuron_2542_count,0.13514989594959798
neuron_2543_count,0.09801640627612987
neuron_2544_count,0.09292360683273185
neuron_2545_count,0.21948134489485654
neuron_2546_count,0.07261397781960341
neuron_2547_count,0.07531950439597723
neuron_2548_count,0.15026467504547517
neuron_2549_count,0.147990644007228
neuron_2550_count,0.138037498750169
neuron_2551_count,0.06376005133992856
neuron_2552_count,0.15667559453457247
neuron_2553_count,0.19204187340004403
neuron_2554_count,0.171709541559105
neuron_2555_count,0.20869123107134607
neuron_2556_count,0.19470551771931416
neuron_2557_count,0.20271322785375367
neuron_2558_count,0.1724234621486271
neuron_2559_count,0.22290161173689793
neuron_2560_count,0.10358050566078603
neuron_2561_count,0.06001931348654682
neuron_2562_count,0.11017135694182767
neuron_2563_count,0.11323712151269488
neuron_2564_count,0.14479841740391286
neuron_2565_count,0.14774763749259923
neuron_2566_count,0.0628269788778621
neuron_2567_count,0.1426569061944842
neuron_2568_count,0.13459116159231801
neuron_2569_count,0.11029212499732516
neuron_2570_count,0.08916883976518003
neuron_2571_count,0.12393549549962996
neuron_2572_count,0.24765225529005175
neuron_2573_count,0.07448399661672234
neuron_2574_count,0.2304087073421357
neuron_2575_count,0.09515717221308226
neuron_2576_count,0.11319458765362303
neuron_2577_count,0.0984549402507641
neuron_2578_count,0.19637588602044764
neuron_2579_count,0.025481235804470037
neuron_2580_count,0.015033075999093343
neuron_2581_count,0.022631232117806502
neuron_2582_count,0.01039624348810761
neuron_2583_count,0.008102745481109834
neuron_2584_count,0.008868718395413068
neuron_2585_count,0.013701751016430466
neuron_2586_count,0.011295859337950097
neuron_2587_count,0.009623834301792668
neuron_2588_count,0.006073118497337628
neuron_2589_count,0.011771190160912177
neuron_2590_count,0.01951528078821574
neuron_2591_count,0.011162386597664442
neuron_2592_count,0.021203889050799833
neuron_2593_count,0.016250159476351098
neuron_2594_count,0.01782234896701901
neuron_2595_count,0.013329574648396202
neuron_2596_count,0.0233828971032534
neuron_2597_count,0.022487938433064077
neuron_2598_count,0.0121825706441797
neuron_2599_count,0.034947295982196924
neuron_2600_count,0.043391516924035256
neuron_2601_count,0.045804846573423846
neuron_2602_count,0.007967930309530462
neuron_2603_count,0.022204305582666353
neuron_2604_count,0.01208694559413405
neuron_2605_count,0.0495173016892646
neuron_2606_count,0.011794976201056642
neuron_2607_count,0.04577247747867841
neuron_2608_count,0.04900731645697662
neuron_2609_count,0.13230574980792345
neuron_2610_count,0.15668246006897868
neuron_2611_count,0.034844003143783386
neuron_2612_count,0.09811516887445595
neuron_2613_count,0.08562493270654353
neuron_2614_count,0.027421909790063342
neuron_2615_count,0.07327397247056347
neuron_2616_count,0.1301229872874365
neuron_2617_count,0.18094294691446206
neuron_2618_count,0.07891921040325653
neuron_2619_count,0.17256153819590975
neuron_2620_count,0.09047047830847196
neuron_2621_count,0.19293969502732383
neuron_2622_count,0.20414596885399533
neuron_2623_count,0.26164403864612584
neuron_2624_count,0.1531911169110466
neuron_2625_count,0.1509795026733407
neuron_2626_count,0.10694313572122767
neuron_2627_count,0.12364021764685204
neuron_2628_count,0.1282134353014109
neuron_2629_count,0.06764886105402229
neuron_2630_count,0.09068878477867354
neuron_2631_count,0.17720849560042706
neuron_2632_count,0.16457266512300084
neuron_2633_count,0.19727129233069218
neuron_2634_count,0.2433736237835591
neuron_2635_count,0.17450514342607765
neuron_2636_count,0.176200073842893
neuron_2637_count,0.21560151190759802
neuron_2638_count,0.2413447151267813
neuron_2639_count,0.19897395829619702
neuron_2640_count,0.13655813116539367
neuron_2641_count,0.04499576183123581
neuron_2642_count,0.0463199024841091
neuron_2643_count,0.030977084445918436
neuron_2644_count,0.024693788459870372
neuron_2645_count,0.02979273531202234
neuron_2646_count,0.06129507860191946
neuron_2647_count,0.009427517332282066
neuron_2648_count,0.030165938853687055
neuron_2649_count,0.00876470089685877
neuron_2650_count,0.014148395358326425
neuron_2651_count,0.009601872659470642
neuron_2652_count,0.014068217091505367
neuron_2653_count,0.013239643311286148
neuron_2654_count,0.012509114622583774
neuron_2655_count,0.007000667915013036
neuron_2656_count,0.023756447566758737
neuron_2657_count,0.022234987170424436
neuron_2658_count,0.01434222232886398
neuron_2659_count,0.012212250976626747
neuron_2660_count,0.023518630945793307
neuron_2661_count,0.01990150334535043
neuron_2662_count,0.0488578715463146
neuron_2663_count,0.06366314950317378
neuron_2664_count,0.0169947317163181
neuron_2665_count,0.0185153129376585
neuron_2666_count,0.016016072310663154
neuron_2667_count,0.039825311067860664
neuron_2668_count,0.05260433933076772
neuron_2669_count,0.15400328273053096
neuron_2670_count,0.026504240697093007
neuron_2671_count,0.15612537524672426
neuron_2672_count,0.09219894668219142
neuron_2673_count,0.1377044058201145
neuron_2674_count,0.10148401745231575
neuron_2675_count,0.13724897026623029
neuron_2676_count,0.06709710857470312
neuron_2677_count,0.10801586041670042
neuron_2678_count,0.14518726830905365
neuron_2679_count,0.08511307738776372
neuron_2680_count,0.1825510617526016
neuron_2681_count,0.17550449463964368
neuron_2682_count,0.15276061234905347
neuron_2683_count,0.16055050539526178
neuron_2684_count,0.19688631643290067
neuron_2685_count,0.23512342493852018
neuron_2686_count,0.22933074778765922
neuron_2687_count,0.21817903808132222
neuron_2688_count,0.08650777890512068
neuron_2689_count,0.07322659450087224
neuron_2690_count,0.09451020165797402
neuron_2691_count,0.08149247177185381
neuron_2692_count,0.12746583084535704
neuron_2693_count,0.08590364453130286
neuron_2694_count,0.07461611182252076
neuron_2695_count,0.19519761230270166
neuron_2696_count,0.1389956168155359
neuron_2697_count,0.23362484354596458
neuron_2698_count,0.19326267576618583
neuron_2699_count,0.13823624267318943
neuron_2700_count,0.2162227256565215
neuron_2701_count,0.16121294394071367
neuron_2702_count,0.19825645960187532
neuron_2703_count,0.21974568069707778
neuron_2704_count,0.2158485830305042
neuron_2705_count,0.15249149714312765
neuron_2706_count,0.01541787060280761
neuron_2707_count,0.05699724385923252
neuron_2708_count,0.03914575824008487
neuron_2709_count,0.02617856350754806
neuron_2710_count,0.02009564714935798
neuron_2711_count,0.01192643694488451
neuron_2712_count,0.0050651306476377535
neuron_2713_count,0.007952094006132567
neuron_2714_count,0.01064689047008506
neuron_2715_count,0.039701284536646224
neuron_2716_count,0.015256442769405479
neuron_2717_count,0.019510342531110864
neuron_2718_count,0.014752636743186089
neuron_2719_count,0.016229413942962033
neuron_2720_count,0.01856368458225052
neuron_2721_count,0.029853569670264438
neuron_2722_count,0.01829288099425382
neuron_2723_count,0.02760307043628965
neuron_2724_count,0.026479589413647017
neuron_2725_count,0.02662783451585201
neuron_2726_count,0.030440617858150068
neuron_2727_count,0.015194750943325574
neuron_2728_count,0.01823524488576196
neuron_2729_count,0.005843372409326142
neuron_2730_count,0.028185973969005296
neuron_2731_count,0.027928707058483798
neuron_2732_count,0.08210200905182988
neuron_2733_count,0.10903630443572429
neuron_2734_count,0.04445590044382358
neuron_2735_count,0.04982021280811286
neuron_2736_count,0.03766720532326233
neuron_2737_count,0.15726055812269063
neuron_2738_count,0.10834810206925094
neuron_2739_count,0.08934883042700739
neuron_2740_count,0.2059457256556535
neuron_2741_count,0.1292296619526924
neuron_2742_count,0.11064230385317175
neuron_2743_count,0.09639123164239072
neuron_2744_count,0.06469714689671438
neuron_2745_count,0.12560282610659101
neuron_2746_count,0.2279069596077256
neuron_2747_count,0.17055253058427072
neuron_2748_count,0.20481780505916847
neuron_2749_count,0.21890444072707516
neuron_2750_count,0.19384746518028279
neuron_2751_count,0.23708993787411653
neuron_2752_count,0.168406337423753
neuron_2753_count,0.1236328982700669
neuron_2754_count,0.115286729274825
neuron_2755_count,0.07249215454596439
neuron_2756_count,0.21029407167276926
neuron_2757_count,0.0742753851405206
neuron_2758_count,0.07360807039842135
neuron_2759_count,0.08056234346348667
neuron_2760_count,0.15473009922648237
neuron_2761_count,0.18173651677273028
neuron_2762_count,0.19092121294695585
neuron_2763_count,0.1710589199699213
neuron_2764_count,0.22132777766794431
neuron_2765_count,0.16177017042383401
neuron_2766_count,0.1994316059534742
neuron_2767_count,0.14881702211833703
neuron_2768_count,0.12975539329669508
neuron_2769_count,0.10037117025081072
neuron_2770_count,0.1320204691666067
neuron_2771_count,0.018614151334542237
neuron_2772_count,0.018723209119272957
neuron_2773_count,0.032629742545014245
neuron_2774_count,0.025314310063454817
neuron_2775_count,0.010802310623218292
neuron_2776_count,0.019634462886468147
neuron_2777_count,0.01509767173456843
neuron_2778_count,0.01662626496411198
neuron_2779_count,0.010987809716821059
neuron_2780_count,0.012364810924502603
neuron_2781_count,0.014984497034089592
neuron_2782_count,0.010280423030179587
neuron_2783_count,0.008852845745170614
neuron_2784_count,0.031863907807992684
neuron_2785_count,0.017313882874440786
neuron_2786_count,0.01724554481442879
neuron_2787_count,0.008714936577101864
neuron_2788_count,0.03375307597599629
neuron_2789_count,0.021812685457135335
neuron_2790_count,0.02712979744245219
neuron_2791_count,0.017596192507575006
neuron_2792_count,0.024132238869152944
neuron_2793_count,0.021187295376610044
neuron_2794_count,0.042557446722348874
neuron_2795_count,0.012265163615127417
neuron_2796_count,0.050119279064951366
neuron_2797_count,0.03613589636556819
neuron_2798_count,0.03089164035337097
neuron_2799_count,0.053013981342344196
neuron_2800_count,0.0930529914476356
neuron_2801_count,0.1929962626298998
neuron_2802_count,0.10497184446286562
neuron_2803_count,0.14776983750169043
neuron_2804_count,0.12759905971727273
neuron_2805_count,0.0619997717845243
neuron_2806_count,0.15878889465928986
neuron_2807_count,0.06451865844570437
neuron_2808_count,0.18495060730502633
neuron_2809_count,0.025230410022255047
neuron_2810_count,0.19477595133429215
neuron_2811_count,0.19276967369186992
neuron_2812_count,0.22706141439385047
neuron_2813_count,0.156966067761885
neuron_2814_count,0.23336342020851197
neuron_2815_count,0.15358997567414234
neuron_2816_count,0.19821661551578995
neuron_2817_count,0.06981820438771974
neuron_2818_count,0.11350027650301636
neuron_2819_count,0.10916478401332372
neuron_2820_count,0.05080839575434311
neuron_2821_count,0.179400650149718
neuron_2822_count,0.08475995300646216
neuron_2823_count,0.12922712140301928
neuron_2824_count,0.2189128706572222
neuron_2825_count,0.1710444810935723
neuron_2826_count,0.18783676517207995
neuron_2827_count,0.18145260875358935
neuron_2828_count,0.18077252547623746
neuron_2829_count,0.25049447911125067
neuron_2830_count,0.16865519797699197
neuron_2831_count,0.05142224533442917
neuron_2832_count,0.17764015794173632
neuron_2833_count,0.1584393245085398
neuron_2834_count,0.1180883445356227
neuron_2835_count,0.037679242483097564
neuron_2836_count,0.04165756412449505
neuron_2837_count,0.09150497589964035
neuron_2838_count,0.042463133279206214
neuron_2839_count,0.013006683224313274
neuron_2840_count,0.009393861846750569
neuron_2841_count,0.007865180095319047
neuron_2842_count,0.009785373141571123
neuron_2843_count,0.011794761733651972
neuron_2844_count,0.013565958851203463
neuron_2845_count,0.006995061231479322
neuron_2846_count,0.016477511656245024
neuron_2847_count,0.009921181094550417
neuron_2848_count,0.021526046043560225
neuron_2849_count,0.013243773225716154
neuron_2850_count,0.02274411950508027
neuron_2851_count,0.022937499970249006
neuron_2852_count,0.03237592143780924
neuron_2853_count,0.017822084658154144
neuron_2854_count,0.024609757715775546
neuron_2855_count,0.024052492629906164
neuron_2856_count,0.018191002786335744
neuron_2857_count,0.037485841971261646
neuron_2858_count,0.024268689750309536
neuron_2859_count,0.007911497903782351
neuron_2860_count,0.06388616579879247
neuron_2861_count,0.05224817223714168
neuron_2862_count,0.05123861505125843
neuron_2863_count,0.03708613273008601
neuron_2864_count,0.075051431713585
neuron_2865_count,0.16002874396416333
neuron_2866_count,0.10528433490666242
neuron_2867_count,0.13679530927269323
neuron_2868_count,0.13427285539590783
neuron_2869_count,0.10852384987529076
neuron_2870_count,0.11961809322583541
neuron_2871_count,0.1551476557939967
neuron_2872_count,0.11465684710742252
neuron_2873_count,0.1384888165244258
neuron_2874_count,0.16837522967442403
neuron_2875_count,0.14954210924288203
neuron_2876_count,0.20414822820594436
neuron_2877_count,0.0923752102027654
neuron_2878_count,0.15801439258109207
neuron_2879_count,0.19416750893209478
neuron_2880_count,0.14003920848598655
neuron_2881_count,0.05519798617410686
neuron_2882_count,0.06551401732701834
neuron_2883_count,0.059973136354070186
neuron_2884_count,0.10127076210519567
neuron_2885_count,0.06503554902566352
neuron_2886_count,0.1833023286401405
neuron_2887_count,0.08316216622389103
neuron_2888_count,0.1598676308148399
neuron_2889_count,0.1915423988702361
neuron_2890_count,0.21672377708926427
neuron_2891_count,0.13854252662650682
neuron_2892_count,0.0693656062279984
neuron_2893_count,0.2240982109431507
neuron_2894_count,0.19252325003157605
neuron_2895_count,0.11103634852621858
neuron_2896_count,0.17180111097515605
neuron_2897_count,0.07568318983297839
neuron_2898_count,0.19880154600779126
neuron_2899_count,0.02036741815215133
neuron_2900_count,0.0293350808198106
neuron_2901_count,0.024936947913409016
neuron_2902_count,0.06882646974586201
neuron_2903_count,0.018536908653669054
neuron_2904_count,0.01706567633269021
neuron_2905_count,0.01784595292540017
neuron_2906_count,0.027099058054853364
neuron_2907_count,0.011150624022191958
neuron_2908_count,0.028792437954393596
neuron_2909_count,0.014904537190322344
neuron_2910_count,0.02148746541915693
neuron_2911_count,0.03770884445359817
neuron_2912_count,0.027927360816876946
neuron_2913_count,0.016587694550585334
neuron_2914_count,0.010309117719902193
neuron_2915_count,0.016873066355161562
neuron_2916_count,0.04257687723566267
neuron_2917_count,0.0404849098222744
neuron_2918_count,0.06005002679103552
neuron_2919_count,0.03766036045543979
neuron_2920_count,0.015762506534964346
neuron_2921_count,0.028715515434862587
neuron_2922_count,0.019013253515683837
neuron_2923_count,0.03503301130489514
neuron_2924_count,0.040878745120598886
neuron_2925_count,0.059226446462803145
neuron_2926_count,0.05494478837832717
neuron_2927_count,0.041754723122909315
neuron_2928_count,0.09255419227332487
neuron_2929_count,0.10535198798268132
neuron_2930_count,0.12259926617170772
neuron_2931_count,0.15779709263378194
neuron_2932_count,0.11713246239987243
neuron_2933_count,0.14285281293104352
neuron_2934_count,0.23439694942682535
neuron_2935_count,0.1368832872670212
neuron_2936_count,0.1381714217689561
neuron_2937_count,0.20922379633792437
neuron_2938_count,0.16874788213627728
neuron_2939_count,0.14727127670555157
neuron_2940_count,0.14674796524368341
neuron_2941_count,0.18029276477272727
neuron_2942_count,0.2009816240724034
neuron_2943_count,0.19105905450466626
neuron_2944_count,0.15057388983122227
neuron_2945_count,0.045219482239986133
neuron_2946_count,0.04599007017191645
neuron_2947_count,0.041824047232073724
neuron_2948_count,0.06008507841474289
neuron_2949_count,0.06478349961199005
neuron_2950_count,0.07393533719701365
neuron_2951_count,0.046619118318090146
neuron_2952_count,0.1298114748712553
neuron_2953_count,0.16909534913115953
neuron_2954_count,0.09217956333825944
neuron_2955_count,0.20542313330210588
neuron_2956_count,0.1985683754637298
neuron_2957_count,0.19071769842031883
neuron_2958_count,0.16655019694795303
neuron_2959_count,0.14605264558663322
neuron_2960_count,0.15140507311586313
neuron_2961_count,0.055148629005728256
neuron_2962_count,0.04603217560380353
neuron_2963_count,0.044275134728617174
neuron_2964_count,0.039614600765510224
neuron_2965_count,0.02529640347468698
neuron_2966_count,0.09294849020606374
neuron_2967_count,0.022743474862464044
neuron_2968_count,0.01082443579054898
neuron_2969_count,0.016858908129753873
neuron_2970_count,0.007614127953183093
neuron_2971_count,0.02642477365235918
neuron_2972_count,0.011105652164098725
neuron_2973_count,0.027912674518651648
neuron_2974_count,0.027692987342528633
neuron_2975_count,0.008358639010828561
neuron_2976_count,0.013352520680287392
neuron_2977_count,0.009717041409245748
neuron_2978_count,0.014560370491260882
neuron_2979_count,0.012660634567429253
neuron_2980_count,0.01658492409366622
neuron_2981_count,0.022519532212160322
neuron_2982_count,0.052053931773648004
neuron_2983_count,0.02172241823985581
neuron_2984_count,0.011632150739181293
neuron_2985_count,0.03489054588421009
neuron_2986_count,0.023615531364493056
neuron_2987_count,0.024543402545737447
neuron_2988_count,0.05281282338190918
neuron_2989_count,0.06877350132399304
neuron_2990_count,0.04224402052534745
neuron_2991_count,0.09752443710454345
neuron_2992_count,0.018391203489493857
neuron_2993_count,0.07529366785424295
neuron_2994_count,0.13410580366399047
neuron_2995_count,0.19031081534806024
neuron_2996_count,0.14890601765317604
neuron_2997_count,0.13573716203185443
neuron_2998_count,0.147788255543293
neuron_2999_count,0.15511233395710675
neuron_3000_count,0.14863953657914997
neuron_3001_count,0.11895210426849706
neuron_3002_count,0.19323586966446196
neuron_3003_count,0.2051047533269592
neuron_3004_count,0.1853050351466069
neuron_3005_count,0.13395431549453224
neuron_3006_count,0.14869466141161158
neuron_3007_count,0.13961158194011608
neuron_3008_count,0.09466352145477117
neuron_3009_count,0.08151334620842879
neuron_3010_count,0.06903386440707657
neuron_3011_count,0.03731423429002505
neuron_3012_count,0.0831351392518407
neuron_3013_count,0.06270893270114032
neuron_3014_count,0.053976175423056494
neuron_3015_count,0.07355338675881695
neuron_3016_count,0.06055496023211833
neuron_3017_count,0.11578167306747339
neuron_3018_count,0.11476236556350661
neuron_3019_count,0.1547765499867385
neuron_3020_count,0.17356492645028176
neuron_3021_count,0.18121866870787526
neuron_3022_count,0.16401407449544375
neuron_3023_count,0.20864825918516233
neuron_3024_count,0.03799508040684901
neuron_3025_count,0.12369569905380831
neuron_3026_count,0.14750617584319875
neuron_3027_count,0.06239620830174383
neuron_3028_count,0.02566915419571776
neuron_3029_count,0.10023524460472452
neuron_3030_count,0.09163202875084317
neuron_3031_count,0.025293301265083723
neuron_3032_count,0.010933758867594665
neuron_3033_count,0.013096920141640406
neuron_3034_count,0.027213110228031953
neuron_3035_count,0.025699931328543202
neuron_3036_count,0.014110289342022138
neuron_3037_count,0.026766236466246693
neuron_3038_count,0.025903941786015794
neuron_3039_count,0.013568104736795587
neuron_3040_count,0.023415261601090493
neuron_3041_count,0.008842093150247962
neuron_3042_count,0.051086062629586565
neuron_3043_count,0.02695914226195094
neuron_3044_count,0.014003004580113195
neuron_3045_count,0.05022412493786535
neuron_3046_count,0.013016095800048602
neuron_3047_count,0.009154220733832756
neuron_3048_count,0.025166480342140155
neuron_3049_count,0.024700304478645532
neuron_3050_count,0.04710784651831815
neuron_3051_count,0.06977233555985454
neuron_3052_count,0.05557671301656465
neuron_3053_count,0.07229559178447312
neuron_3054_count,0.1187902325000451
neuron_3055_count,0.17262804287695238
neuron_3056_count,0.012563894566181073
neuron_3057_count,0.08764653579827214
neuron_3058_count,0.08473331111749567
neuron_3059_count,0.1256745105940872
neuron_3060_count,0.11352723334173051
neuron_3061_count,0.12383066131037443
neuron_3062_count,0.1074108696811194
neuron_3063_count,0.16692765166271137
neuron_3064_count,0.1411340145165503
neuron_3065_count,0.06291436052777769
neuron_3066_count,0.10242257196405308
neuron_3067_count,0.1371126932180572
neuron_3068_count,0.17861112131068774
neuron_3069_count,0.17059330511366277
neuron_3070_count,0.21140295245326846
neuron_3071_count,0.20343144731400986
neuron_3072_count,0.15439276067101465
neuron_3073_count,0.04514697284366562
neuron_3074_count,0.0965820369943513
neuron_3075_count,0.0400855658481311
neuron_3076_count,0.07187275089563351
neuron_3077_count,0.050787775952138375
neuron_3078_count,0.05449295388521683
neuron_3079_count,0.1013404710246788
neuron_3080_count,0.12692926061250165
neuron_3081_count,0.09643917529785129
neuron_3082_count,0.12876636869814978
neuron_3083_count,0.15111776948097283
neuron_3084_count,0.162914963070271
neuron_3085_count,0.07357538399581001
neuron_3086_count,0.16873665527148712
neuron_3087_count,0.13909976667289928
neuron_3088_count,0.15113202999612524
neuron_3089_count,0.14148321778962575
neuron_3090_count,0.10541707481439966
neuron_3091_count,0.09673836815965103
neuron_3092_count,0.11206747085557314
neuron_3093_count,0.1154194549793911
neuron_3094_count,0.04334357772186276
neuron_3095_count,0.05946372865342767
neuron_3096_count,0.026074016574899772
neuron_3097_count,0.007050392688896685
neuron_3098_count,0.010629180209404128
neuron_3099_count,0.01003345678413288
neuron_3100_count,0.031766408846161956
neuron_3101_count,0.04561852213457998
neuron_3102_count,0.009199981998995275
neuron_3103_count,0.0405467486886717
neuron_3104_count,0.031423802341704936
neuron_3105_count,0.02006044818030726
neuron_3106_count,0.04997787210733806
neuron_3107_count,0.02373104883324932
neuron_3108_count,0.012487968476945863
neuron_3109_count,0.027604153342489474
neuron_3110_count,0.03850035374019857
neuron_3111_count,0.0357175624656742
neuron_3112_count,0.012583138260391868
neuron_3113_count,0.024439566470902285
neuron_3114_count,0.019607867452398314
neuron_3115_count,0.029023035842740644
neuron_3116_count,0.07426725546117349
neuron_3117_count,0.10237989660474842
neuron_3118_count,0.08404119560417328
neuron_3119_count,0.10818527439457581
neuron_3120_count,0.01754911321560835
neuron_3121_count,0.1485127200829834
neuron_3122_count,0.09254546445619909
neuron_3123_count,0.18284948848384192
neuron_3124_count,0.11681096458741971
neuron_3125_count,0.12115344150243759
neuron_3126_count,0.12249309296674887
neuron_3127_count,0.14611717777191666
neuron_3128_count,0.16740453965951452
neuron_3129_count,0.2293318312264797
neuron_3130_count,0.1941102503840182
neuron_3131_count,0.15628277649203304
neuron_3132_count,0.16734213524077496
neuron_3133_count,0.14904808321177218
neuron_3134_count,0.20804271640160998
neuron_3135_count,0.17206014369884376
neuron_3136_count,0.12312615064691182
neuron_3137_count,0.03340802259563265
neuron_3138_count,0.07967602563766996
neuron_3139_count,0.07960646160581039
neuron_3140_count,0.08484531880913929
neuron_3141_count,0.09984014257768703
neuron_3142_count,0.05085693189033352
neuron_3143_count,0.045418475070133406
neuron_3144_count,0.06285417728418466
neuron_3145_count,0.11477271547598736
neuron_3146_count,0.0865870850004877
neuron_3147_count,0.15836257769175638
neuron_3148_count,0.12792401377848236
neuron_3149_count,0.15180045880219503
neuron_3150_count,0.17540957233937884
neuron_3151_count,0.11966539027251197
neuron_3152_count,0.1570034156444023
neuron_3153_count,0.13011994712148994
neuron_3154_count,0.10748539334874035
neuron_3155_count,0.0719080462030364
neuron_3156_count,0.11605416613992395
neuron_3157_count,0.11298395853342699
neuron_3158_count,0.10018691978741295
neuron_3159_count,0.02458856087799003
neuron_3160_count,0.01546976633947434
neuron_3161_count,0.009051275688966638
neuron_3162_count,0.10421527287164012
neuron_3163_count,0.07055630413155123
neuron_3164_count,0.04289330523001378
neuron_3165_count,0.08170274393540844
neuron_3166_count,0.07437220323717644
neuron_3167_count,0.015050108556790773
neuron_3168_count,0.03953275285270136
neuron_3169_count,0.038260362642785484
neuron_3170_count,0.031115598244621276
neuron_3171_count,0.032626684310020235
neuron_3172_count,0.02738448106036405
neuron_3173_count,0.03165094906163089
neuron_3174_count,0.04972964856718182
neuron_3175_count,0.023883692125456546
neuron_3176_count,0.032603023152778896
neuron_3177_count,0.03349296879029151
neuron_3178_count,0.030781487557911547
neuron_3179_count,0.04317280313183752
neuron_3180_count,0.057294724120399654
neuron_3181_count,0.0962036316809462
neuron_3182_count,0.1631243296151836
neuron_3183_count,0.15863752122219818
neuron_3184_count,0.12379399954558606
neuron_3185_count,0.1261204868194648
neuron_3186_count,0.2269549451228257
neuron_3187_count,0.1382210580906839
neuron_3188_count,0.12674768293898447
neuron_3189_count,0.13546695011180704
neuron_3190_count,0.0968442903405751
neuron_3191_count,0.13293087352721075
neuron_3192_count,0.13432465807810415
neuron_3193_count,0.16747798456616148
neuron_3194_count,0.15128808290013113
neuron_3195_count,0.15011499282609703
neuron_3196_count,0.1511890488507039
neuron_3197_count,0.12965393402538355
neuron_3198_count,0.14745422085895027
neuron_3199_count,0.09535752271379419
neuron_3200_count,0.052443827439801416
neuron_3201_count,0.05602300660055892
neuron_3202_count,0.03789580487709046
neuron_3203_count,0.04145781431581673
neuron_3204_count,0.0529406423567977
neuron_3205_count,0.07418064761777302
neuron_3206_count,0.054057148223426416
neuron_3207_count,0.11974982471587908
neuron_3208_count,0.05346470823328113
neuron_3209_count,0.11094434586162355
neuron_3210_count,0.1984340167451119
neuron_3211_count,0.11111269576914362
neuron_3212_count,0.1447493785533861
neuron_3213_count,0.11763646659355337
neuron_3214_count,0.1484542558448196
neuron_3215_count,0.12914368220293
neuron_3216_count,0.09793432305448556
neuron_3217_count,0.1555411532317143
neuron_3218_count,0.11534768390360281
neuron_3219_count,0.14196369960601535
neuron_3220_count,0.028793984511971724
neuron_3221_count,0.12110818634524642
neuron_3222_count,0.09470690061468523
neuron_3223_count,0.07237391136502769
neuron_3224_count,0.04409818759970954
neuron_3225_count,0.06556958824624218
neuron_3226_count,0.024140926386217315
neuron_3227_count,0.03163083345559328
neuron_3228_count,0.06697999219167985
neuron_3229_count,0.03620670895302183
neuron_3230_count,0.005313424474738041
neuron_3231_count,0.015904702355962336
neuron_3232_count,0.06159714031630331
neuron_3233_count,0.01472461338932609
neuron_3234_count,0.013223976493553086
neuron_3235_count,0.08807975093867926
neuron_3236_count,0.043989035715780944
neuron_3237_count,0.0449062935690816
neuron_3238_count,0.05421571306108039
neuron_3239_count,0.03721654023716718
neuron_3240_count,0.012750590448706564
neuron_3241_count,0.05236025628975245
neuron_3242_count,0.04244422351241135
neuron_3243_count,0.031980499343825686
neuron_3244_count,0.04108024311976556
neuron_3245_count,0.143354640859637
neuron_3246_count,0.10251334701683595
neuron_3247_count,0.08878394996723996
neuron_3248_count,0.11997646747531135
neuron_3249_count,0.153517588296519
neuron_3250_count,0.2081041077905685
neuron_3251_count,0.097824890251238
neuron_3252_count,0.15353891856595017
neuron_3253_count,0.14731514213740055
neuron_3254_count,0.17286268020536272
neuron_3255_count,0.04484661128424115
neuron_3256_count,0.10386244975991571
neuron_3257_count,0.15315986205015542
neuron_3258_count,0.11900248808925537
neuron_3259_count,0.11633408915932525
neuron_3260_count,0.22079307095857914
neuron_3261_count,0.09562911842749627
neuron_3262_count,0.13449628853354262
neuron_3263_count,0.12420020665606177
neuron_3264_count,0.05359651378533184
neuron_3265_count,0.030093672656913054
neuron_3266_count,0.04162200598235341
neuron_3267_count,0.107521583292279
neuron_3268_count,0.07368584661231253
neuron_3269_count,0.06594810008586471
neuron_3270_count,0.0469525112305033
neuron_3271_count,0.08997146474990639
neuron_3272_count,0.0948301577995766
neuron_3273_count,0.05777347801517713
neuron_3274_count,0.09232231574137811
neuron_3275_count,0.07041319922403302
neuron_3276_count,0.09708776770462205
neuron_3277_count,0.1341742911080706
neuron_3278_count,0.13996112678625017
neuron_3279_count,0.07114383745309527
neuron_3280_count,0.09447698050871053
neuron_3281_count,0.06127322858572776
neuron_3282_count,0.13431081256379723
neuron_3283_count,0.1021887369404148
neuron_3284_count,0.09390453458156572
neuron_3285_count,0.1432901052680171
neuron_3286_count,0.06986916643779223
neuron_3287_count,0.0200824845181789
neuron_3288_count,0.06983014864647241
neuron_3289_count,0.035881254586692155
neuron_3290_count,0.11278089071379838
neuron_3291_count,0.07907297868373614
neuron_3292_count,0.04749350333394019
neuron_3293_count,0.05770157228230435
neuron_3294_count,0.08224690268991575
neuron_3295_count,0.07394005834118736
neuron_3296_count,0.010165223001231558
neuron_3297_count,0.05524290640078136
neuron_3298_count,0.08150726103073214
neuron_3299_count,0.04712731033730766
neuron_3300_count,0.03990990813164222
neuron_3301_count,0.04346676267246902
neuron_3302_count,0.07911006285637895
neuron_3303_count,0.07908789932422175
neuron_3304_count,0.0763738760452865
neuron_3305_count,0.07931214860777844
neuron_3306_count,0.08149020709428548
neuron_3307_count,0.06472923535386638
neuron_3308_count,0.14623228633355212
neuron_3309_count,0.08381393844308113
neuron_3310_count,0.14175584384713696
neuron_3311_count,0.04875050392809199
neuron_3312_count,0.09661058676636752
neuron_3313_count,0.09446731046622911
neuron_3314_count,0.12620856799200383
neuron_3315_count,0.024793789112126208
neuron_3316_count,0.13240605994039673
neuron_3317_count,0.14403901277097605
neuron_3318_count,0.03767716042965001
neuron_3319_count,0.04689003000390453
neuron_3320_count,0.0984897833072485
neuron_3321_count,0.07918833681433787
neuron_3322_count,0.11706701407201403
neuron_3323_count,0.05806140505859428
neuron_3324_count,0.13307467324756034
neuron_3325_count,0.0713020551869209
neuron_3326_count,0.11939313462356652
neuron_3327_count,0.05984175006213313
neuron_3328_count,0.055505792473280635
neuron_3329_count,0.044672798598568625
neuron_3330_count,0.1126893899786468
neuron_3331_count,0.04087647224802511
neuron_3332_count,0.03774941879711506
neuron_3333_count,0.03549742338470489
neuron_3334_count,0.06293333464146628
neuron_3335_count,0.10648766710486449
neuron_3336_count,0.07915074061200222
neuron_3337_count,0.15294490299182684
neuron_3338_count,0.05437645847404647
neuron_3339_count,0.1352048888239133
neuron_3340_count,0.11357291893987018
neuron_3341_count,0.09762070263559453
neuron_3342_count,0.09617884243412031
neuron_3343_count,0.16665410075175424
neuron_3344_count,0.11789625967244174
neuron_3345_count,0.13549358357844954
neuron_3346_count,0.13325038458256552
neuron_3347_count,0.09823796701472368
neuron_3348_count,0.11149181674129452
neuron_3349_count,0.09674541733142966
neuron_3350_count,0.08940835043035386
neuron_3351_count,0.09472252563059402
neuron_3352_count,0.09594883580919283
neuron_3353_count,0.08049035122636375
neuron_3354_count,0.06992504897429175
neuron_3355_count,0.011668750843399286
neuron_3356_count,0.046892832781285726
neuron_3357_count,0.09110066934049044
neuron_3358_count,0.0452142955568971
neuron_3359_count,0.06660192800905856
neuron_3360_count,0.08462918056319416
neuron_3361_count,0.0420354232851968
neuron_3362_count,0.019765231615668677
neuron_3363_count,0.05133897970626877
neuron_3364_count,0.038348402705396745
neuron_3365_count,0.06640990383598361
neuron_3366_count,0.042687805361982814
neuron_3367_count,0.06146836242060724
neuron_3368_count,0.07003666676595674
neuron_3369_count,0.048681228664506804
neuron_3370_count,0.060495592168500784
neuron_3371_count,0.03327778659590677
neuron_3372_count,0.028502034062577078
neuron_3373_count,0.1616585548785789
neuron_3374_count,0.08600732180690532
neuron_3375_count,0.10912520808499013
neuron_3376_count,0.13658591263496375
neuron_3377_count,0.11466802570207246
neuron_3378_count,0.1523655816525708
neuron_3379_count,0.12987305816760733
neuron_3380_count,0.12848546796960753
neuron_3381_count,0.17018274564400773
neuron_3382_count,0.08747818315277081
neuron_3383_count,0.12097166199435214
neuron_3384_count,0.11793266008767325
neuron_3385_count,0.10374972279706776
neuron_3386_count,0.028374881602652086
neuron_3387_count,0.06393102399262007
neuron_3388_count,0.13120413854867724
neuron_3389_count,0.08062759360898439
neuron_3390_count,0.1271507042225966
neuron_3391_count,0.06615966480915902
neuron_3392_count,0.03443548586138076
neuron_3393_count,0.033784222734552435
neuron_3394_count,0.07988828996846445
neuron_3395_count,0.0629723994250192
neuron_3396_count,0.10510850700196447
neuron_3397_count,0.07835556725840442
neuron_3398_count,0.037408951221626505
neuron_3399_count,0.09281050495060433
neuron_3400_count,0.07073889411521259
neuron_3401_count,0.05688648116641255
neuron_3402_count,0.0546997462372641
neuron_3403_count,0.05975901473712478
neuron_3404_count,0.12420033187554824
neuron_3405_count,0.096752195300782
neuron_3406_count,0.13821453052424995
neuron_3407_count,0.09243796672070143
neuron_3408_count,0.09685097599312434
neuron_3409_count,0.10338384718817137
neuron_3410_count,0.1312933488733726
neuron_3411_count,0.15795386517944526
neuron_3412_count,0.13445891952804384
neuron_3413_count,0.12835996476184158
neuron_3414_count,0.09773431337026356
neuron_3415_count,0.09238847090270372
neuron_3416_count,0.0959219978231774
neuron_3417_count,0.11281368805772418
neuron_3418_count,0.08297765609826238
neuron_3419_count,0.0547424581272197
neuron_3420_count,0.01462406020640887
neuron_3421_count,0.062298060059933075
neuron_3422_count,0.07592219689496035
neuron_3423_count,0.022016347869865407
neuron_3424_count,0.09893625384784757
neuron_3425_count,0.0659777159521383
neuron_3426_count,0.04590699738781065
neuron_3427_count,0.08318059025672958
neuron_3428_count,0.06797387677574165
neuron_3429_count,0.05855306556203549
neuron_3430_count,0.03557495141200387
neuron_3431_count,0.06858213572976402
neuron_3432_count,0.02344850107677794
neuron_3433_count,0.09070228982387912
neuron_3434_count,0.053257766428734116
neuron_3435_count,0.08110864484898131
neuron_3436_count,0.0556493554225172
neuron_3437_count,0.12978936600922902
neuron_3438_count,0.09831720077499959
neuron_3439_count,0.06475168828255273
neuron_3440_count,0.1448334877753776
neuron_3441_count,0.1556121871737814
neuron_3442_count,0.14920768206142565
neuron_3443_count,0.09992821761414694
neuron_3444_count,0.12755780950227252
neuron_3445_count,0.051649605225530706
neuron_3446_count,0.10108666071837927
neuron_3447_count,0.030524329764547775
neuron_3448_count,0.11995813779455253
neuron_3449_count,0.04928666076022785
neuron_3450_count,0.07460185093180871
neuron_3451_count,0.04393261291919022
neuron_3452_count,0.04670972151460942
neuron_3453_count,0.02781147116839091
neuron_3454_count,0.10706159446544194
neuron_3455_count,0.13933532909642032
neuron_3456_count,0.05292078886297499
neuron_3457_count,0.033425005754334394
neuron_3458_count,0.0397826579639603
neuron_3459_count,0.028673039425981386
neuron_3460_count,0.025713847972979903
neuron_3461_count,0.04901240352237048
neuron_3462_count,0.040652632128199126
neuron_3463_count,0.05051797520608685
neuron_3464_count,0.1038435375712432
neuron_3465_count,0.061219453837069476
neuron_3466_count,0.05220659062319855
neuron_3467_count,0.11217211392769469
neuron_3468_count,0.09300774248272456
neuron_3469_count,0.09323449950760876
neuron_3470_count,0.08372050120875063
neuron_3471_count,0.12126571914206669
neuron_3472_count,0.1376544124988566
neuron_3473_count,0.10025443900616215
neuron_3474_count,0.13164265267604922
neuron_3475_count,0.12525498673197305
neuron_3476_count,0.12848399939498667
neuron_3477_count,0.08970297017725218
neuron_3478_count,0.09779407326428141
neuron_3479_count,0.10333907895437863
neuron_3480_count,0.08033606115988362
neuron_3481_count,0.09564701654369845
neuron_3482_count,0.09864329904316912
neuron_3483_count,0.04984318344585004
neuron_3484_count,0.09488974511673018
neuron_3485_count,0.032212571786693275
neuron_3486_count,0.03763897972841543
neuron_3487_count,0.07789686448790184
neuron_3488_count,0.11011382138672762
neuron_3489_count,0.07441096451443201
neuron_3490_count,0.044787545501599385
neuron_3491_count,0.07223155774903328
neuron_3492_count,0.07858847858770707
neuron_3493_count,0.05435389031473242
neuron_3494_count,0.05883697292734688
neuron_3495_count,0.06921263786090379
neuron_3496_count,0.038667007073435025
neuron_3497_count,0.08683038589135339
neuron_3498_count,0.0753252377523059
neuron_3499_count,0.07377175855070181
neuron_3500_count,0.09472498526145365
neuron_3501_count,0.0930109773189415
neuron_3502_count,0.036270232582236314
neuron_3503_count,0.09310835017864558
neuron_3504_count,0.05722906902195664
neuron_3505_count,0.11333685532456028
neuron_3506_count,0.10801049677533575
neuron_3507_count,0.13483521948450705
neuron_3508_count,0.1395054773322271
neuron_3509_count,0.07779254972837929
neuron_3510_count,0.04618925366457033
neuron_3511_count,0.021155789079169117
neuron_3512_count,0.048825798047163776
neuron_3513_count,0.04860407994566232
neuron_3514_count,0.08306112274857086
neuron_3515_count,0.08664699154456151
neuron_3516_count,0.0708464720943206
neuron_3517_count,0.051915441523881334
neuron_3518_count,0.08172044689119412
neuron_3519_count,0.05041248123366268
neuron_3520_count,0.03912460504990238
neuron_3521_count,0.05761674653172208
neuron_3522_count,0.04712904326378914
neuron_3523_count,0.07821123574473562
neuron_3524_count,0.07634864984675355
neuron_3525_count,0.0677388462999286
neuron_3526_count,0.046072695281281356
neuron_3527_count,0.0417098193898678
neuron_3528_count,0.06050854694969174
neuron_3529_count,0.030670934543798732
neuron_3530_count,0.062308184921188225
neuron_3531_count,0.07180477998928969
neuron_3532_count,0.07701556617995114
neuron_3533_count,0.10644653425004971
neuron_3534_count,0.06850596493129861
neuron_3535_count,0.12537077813671077
neuron_3536_count,0.12628345796723553
neuron_3537_count,0.10224333509358755
neuron_3538_count,0.13185014200467854
neuron_3539_count,0.12005933569757124
neuron_3540_count,0.09581199322583225
neuron_3541_count,0.09931861573029163
neuron_3542_count,0.13021931460195946
neuron_3543_count,0.1228725457557395
neuron_3544_count,0.11282414591073314
neuron_3545_count,0.10777944825957916
neuron_3546_count,0.09493773274457133
neuron_3547_count,0.07896625015396977
neuron_3548_count,0.09702108436833717
neuron_3549_count,0.09694453387113938
neuron_3550_count,0.08214641349218241
neuron_3551_count,0.08504894022259271
neuron_3552_count,0.09101419896775886
neuron_3553_count,0.0590184022023055
neuron_3554_count,0.09544012936221116
neuron_3555_count,0.11320165303502935
neuron_3556_count,0.04921798526719498
neuron_3557_count,0.07077471678860825
neuron_3558_count,0.04964526785781709
neuron_3559_count,0.0768245387709744
neuron_3560_count,0.08745673385163133
neuron_3561_count,0.05136133685067229
neuron_3562_count,0.0415617129923172
neuron_3563_count,0.0636931375348184
neuron_3564_count,0.08110212104006662
neuron_3565_count,0.03371830470099264
neuron_3566_count,0.06893355848854596
neuron_3567_count,0.08807249578367607
neuron_3568_count,0.10098916042980846
neuron_3569_count,0.04344982084138839
neuron_3570_count,0.0638979343236114
neuron_3571_count,0.09341846597838563
neuron_3572_count,0.0532114790684667
neuron_3573_count,0.018935234251590268
neuron_3574_count,0.1407126757050157
neuron_3575_count,0.02245746371383267
neuron_3576_count,0.0923097817874036
neuron_3577_count,0.12248927232038505
neuron_3578_count,0.03118609000004044
neuron_3579_count,0.06825208277444156
neuron_3580_count,0.1381266345296155
neuron_3581_count,0.03974228019975494
neuron_3582_count,0.10463830924769052
neuron_3583_count,0.03761451766983395
neuron_3584_count,0.05234591676466632
neuron_3585_count,0.032757210318280244
neuron_3586_count,0.022196934584619105
neuron_3587_count,0.05136278251635412
neuron_3588_count,0.06299831469874648
neuron_3589_count,0.032619720574778674
neuron_3590_count,0.0759588951601678
neuron_3591_count,0.028109808023194155
neuron_3592_count,0.045942298998651876
neuron_3593_count,0.0885194311594682
neuron_3594_count,0.0716401581857512
neuron_3595_count,0.08827435081136284
neuron_3596_count,0.11793671987670123
neuron_3597_count,0.08326027572341838
neuron_3598_count,0.06762331545127248
neuron_3599_count,0.09159394353589614
neuron_3600_count,0.09979931233538927
neuron_3601_count,0.10474408480286407
neuron_3602_count,0.06524714432991813
neuron_3603_count,0.11137534903366611
neuron_3604_count,0.08620079893661464
neuron_3605_count,0.1290779463572714
neuron_3606_count,0.10562477740394866
neuron_3607_count,0.08257423461937581
neuron_3608_count,0.1325006902551852
neuron_3609_count,0.11343968385793071
neuron_3610_count,0.10523529192094214
neuron_3611_count,0.07152666031977489
neuron_3612_count,0.08754635361298796
neuron_3613_count,0.08765137328454944
neuron_3614_count,0.0749464219668427
neuron_3615_count,0.08195996978619532
neuron_3616_count,0.07949390336002993
neuron_3617_count,0.07903068589892542
neuron_3618_count,0.07175582698504354
neuron_3619_count,0.06261697336537168
neuron_3620_count,0.07742061243201578
neuron_3621_count,0.05577548972676194
neuron_3622_count,0.08948870214286367
neuron_3623_count,0.09673280033022919
neuron_3624_count,0.10598928076151928
neuron_3625_count,0.07552842324187456
neuron_3626_count,0.08738325607002423
neuron_3627_count,0.06404271937770109
neuron_3628_count,0.09817719067523167
neuron_3629_count,0.08211426120252935
neuron_3630_count,0.10567983149376034
neuron_3631_count,0.09713165547441277
neuron_3632_count,0.07144072959328666
neuron_3633_count,0.1149897198852527
neuron_3634_count,0.12409519538820166
neuron_3635_count,0.08992567938387758
neuron_3636_count,0.04504657566457257
neuron_3637_count,0.032455883071224156
neuron_3638_count,0.08188108435611699
neuron_3639_count,0.034178263154726635
neuron_3640_count,0.029859887496501356
neuron_3641_count,0.09449372905010048
neuron_3642_count,0.062048962102601246
neuron_3643_count,0.035958893908862255
neuron_3644_count,0.09664151060564224
neuron_3645_count,0.062498489998343495
neuron_3646_count,0.11462042996579785
neuron_3647_count,0.02484464085028222
neuron_3648_count,0.05900299887538307
neuron_3649_count,0.05369048539744006
neuron_3650_count,0.07724831673474741
neuron_3651_count,0.06207629843947629
neuron_3652_count,0.07497475574596871
neuron_3653_count,0.03758285703004109
neuron_3654_count,0.0739786411167069
neuron_3655_count,0.035888861751559406
neuron_3656_count,0.0724355676705119
neuron_3657_count,0.04465896799514739
neuron_3658_count,0.07254657199261125
neuron_3659_count,0.10394221431580747
neuron_3660_count,0.05602352421473067
neuron_3661_count,0.12039494850323945
neuron_3662_count,0.1039692190045815
neuron_3663_count,0.0860995160390089
neuron_3664_count,0.09053751064681259
neuron_3665_count,0.08480032170890972
neuron_3666_count,0.1277101499632076
neuron_3667_count,0.0787254821322983
neuron_3668_count,0.10132946332580622
neuron_3669_count,0.10803319839675218
neuron_3670_count,0.10697523382255988
neuron_3671_count,0.09894435602776264
neuron_3672_count,0.11957595121531303
neuron_3673_count,0.06711718202234215
neuron_3674_count,0.09864487899129104
neuron_3675_count,0.10098784628755572
neuron_3676_count,0.10669745466430969
neuron_3677_count,0.09463560617618477
neuron_3678_count,0.06949485518250265
neuron_3679_count,0.07622538719748848
neuron_3680_count,0.07022450140359299
neuron_3681_count,0.09582985990452669
neuron_3682_count,0.07493350069365348
neuron_3683_count,0.0535292243532321
neuron_3684_count,0.058237745241004946
neuron_3685_count,0.0868089697675691
neuron_3686_count,0.07927308328922789
neuron_3687_count,0.09154185844568571
neuron_3688_count,0.09427270408096997
neuron_3689_count,0.0938921162103657
neuron_3690_count,0.10839807970795803
neuron_3691_count,0.10327410292452982
neuron_3692_count,0.11090149797253221
neuron_3693_count,0.10001971239623372
neuron_3694_count,0.11784625073637353
neuron_3695_count,0.08635802784364094
neuron_3696_count,0.11145079883768391
neuron_3697_count,0.1236587981477022
neuron_3698_count,0.08893521880247973
neuron_3699_count,0.09971858950959328
neuron_3700_count,0.06042006330582736
neuron_3701_count,0.06311205506325779
neuron_3702_count,0.12848066490394908
neuron_3703_count,0.11954607731708936
neuron_3704_count,0.06928928404271306
neuron_3705_count,0.06354286986228849
neuron_3706_count,0.06841867090040024
neuron_3707_count,0.07214497224020824
neuron_3708_count,0.0380440840182715
neuron_3709_count,0.028029959307122432
neuron_3710_count,0.05222024212933496
neuron_3711_count,0.029176064418859532
neuron_3712_count,0.09262019187205633
neuron_3713_count,0.02938449586674101
neuron_3714_count,0.02881886936284643
neuron_3715_count,0.04738394153833567
neuron_3716_count,0.07950597451744015
neuron_3717_count,0.07308760497959213
neuron_3718_count,0.04454574107737874
neuron_3719_count,0.03801512333671736
neuron_3720_count,0.051061855962497876
neuron_3721_count,0.0518788032183672
neuron_3722_count,0.04211305631080575
neuron_3723_count,0.09605203348327218
neuron_3724_count,0.07580950137942136
neuron_3725_count,0.07615838008385381
neuron_3726_count,0.10793772177825667
neuron_3727_count,0.06690344336452814
neuron_3728_count,0.10947204156076643
neuron_3729_count,0.06389120747730159
neuron_3730_count,0.06192362380054625
neuron_3731_count,0.09318302257874067
neuron_3732_count,0.10809398745013665
neuron_3733_count,0.11868989437965993
neuron_3734_count,0.05522833893577608
neuron_3735_count,0.09891514191976575
neuron_3736_count,0.09156294007283625
neuron_3737_count,0.08973563601127069
neuron_3738_count,0.09751878774271755
neuron_3739_count,0.1029449440018946
neuron_3740_count,0.09745279777837354
neuron_3741_count,0.08442423591110054
neuron_3742_count,0.03306410621375308
neuron_3743_count,0.058514119327402775
neuron_3744_count,0.074768611912338
neuron_3745_count,0.07540831703843748
neuron_3746_count,0.08446010115060182
neuron_3747_count,0.060352093059906714
neuron_3748_count,0.08443871322679447
neuron_3749_count,0.09732700857403856
neuron_3750_count,0.08635260374000439
neuron_3751_count,0.10033609790899484
neuron_3752_count,0.10685211130493424
neuron_3753_count,0.1302820528467151
neuron_3754_count,0.10737401570171962
neuron_3755_count,0.1325343463008676
neuron_3756_count,0.09500428044838127
neuron_3757_count,0.11713085594712253
neuron_3758_count,0.06626166122848823
neuron_3759_count,0.07355784881123995
neuron_3760_count,0.12130780736573923
neuron_3761_count,0.08999554127489165
neuron_3762_count,0.10416118334534563
neuron_3763_count,0.11020603857092945
neuron_3764_count,0.11929760882831081
neuron_3765_count,0.023780497946901832
neuron_3766_count,0.09182839035044318
neuron_3767_count,0.05318769467850773
neuron_3768_count,0.11862985198033668
neuron_3769_count,0.06936881864690864
neuron_3770_count,0.05174186243911563
neuron_3771_count,0.06298941129851779
neuron_3772_count,0.07574544429012134
neuron_3773_count,0.03643802058637796
neuron_3774_count,0.03435416090474128
neuron_3775_count,0.07884255212764107
neuron_3776_count,0.031351808566900674
neuron_3777_count,0.0371775276344887
neuron_3778_count,0.026174307888345127
neuron_3779_count,0.031870681898765504
neuron_3780_count,0.08625056145284296
neuron_3781_count,0.07332735188607908
neuron_3782_count,0.027875543735091032
neuron_3783_count,0.03959171991324645
neuron_3784_count,0.03296739364598408
neuron_3785_count,0.07473684055601501
neuron_3786_count,0.05956092209966013
neuron_3787_count,0.0680054406960166
neuron_3788_count,0.10375127593663286
neuron_3789_count,0.052330508601344555
neuron_3790_count,0.09507402483534047
neuron_3791_count,0.1000462435837049
neuron_3792_count,0.06026823798050476
neuron_3793_count,0.09946561734420634
neuron_3794_count,0.06237383830598489
neuron_3795_count,0.09341390254607251
neuron_3796_count,0.11112172276676138
neuron_3797_count,0.07427786070032913
neuron_3798_count,0.08496843600994472
neuron_3799_count,0.08127750807273992
neuron_3800_count,0.1111727289633716
neuron_3801_count,0.09131612108506829
neuron_3802_count,0.08057455419142645
neuron_3803_count,0.09219766472265506
neuron_3804_count,0.0849912161036675
neuron_3805_count,0.07776887420790543
neuron_3806_count,0.08902818692497166
neuron_3807_count,0.07245042449556058
neuron_3808_count,0.08123166177740634
neuron_3809_count,0.08939559695173593
neuron_3810_count,0.06925386374720086
neuron_3811_count,0.06964210199395615
neuron_3812_count,0.09684795315726238
neuron_3813_count,0.04143620399742623
neuron_3814_count,0.08535449240121917
neuron_3815_count,0.09701871910853968
neuron_3816_count,0.09207545404173487
neuron_3817_count,0.08513411309221061
neuron_3818_count,0.11159935003077942
neuron_3819_count,0.10010040034152354
neuron_3820_count,0.08878771563992358
neuron_3821_count,0.07524738646899776
neuron_3822_count,0.10131424875275988
neuron_3823_count,0.09327193373451989
neuron_3824_count,0.0700313887787414
neuron_3825_count,0.11870820035641755
neuron_3826_count,0.07430973518111467
neuron_3827_count,0.08770721451047045
neuron_3828_count,0.1062339718622263
neuron_3829_count,0.05383727189492432
neuron_3830_count,0.10259225899101566
neuron_3831_count,0.040150433776595745
neuron_3832_count,0.09791194365421732
neuron_3833_count,0.052688078357927576
neuron_3834_count,0.03673632690810391
neuron_3835_count,0.043919968487029615
neuron_3836_count,0.0434309845255402
neuron_3837_count,0.048411207823096325
neuron_3838_count,0.0967663068518102
neuron_3839_count,0.03630478627540912
neuron_3840_count,0.048899702561564506
neuron_3841_count,0.03866194783931899
neuron_3842_count,0.029287424901648165
neuron_3843_count,0.03230873547451381
neuron_3844_count,0.06161811759100011
neuron_3845_count,0.03737823800359612
neuron_3846_count,0.04068449168836921
neuron_3847_count,0.04343485421039604
neuron_3848_count,0.020952614476300285
neuron_3849_count,0.0937372285086854
neuron_3850_count,0.053532504476358184
neuron_3851_count,0.0405085474963833
neuron_3852_count,0.06666212704685814
neuron_3853_count,0.0637732728708569
neuron_3854_count,0.056629098610710527
neuron_3855_count,0.06300160113572696
neuron_3856_count,0.0781053618756741
neuron_3857_count,0.04620871354267203
neuron_3858_count,0.0780325421119143
neuron_3859_count,0.054884800202280135
neuron_3860_count,0.055776637038736594
neuron_3861_count,0.06592182147744988
neuron_3862_count,0.08710516370601545
neuron_3863_count,0.03647918788484033
neuron_3864_count,0.09243108794171434
neuron_3865_count,0.07040050707495146
neuron_3866_count,0.08010266291619653
neuron_3867_count,0.10184483262164287
neuron_3868_count,0.08259759760313012
neuron_3869_count,0.051061063643682736
neuron_3870_count,0.056693484537144095
neuron_3871_count,0.0706935393596167
neuron_3872_count,0.06010700847412348
neuron_3873_count,0.04416139646498937
neuron_3874_count,0.07993080153536686
neuron_3875_count,0.08815886791743874
neuron_3876_count,0.04625225728474523
neuron_3877_count,0.08139975594122614
neuron_3878_count,0.08193461240948213
neuron_3879_count,0.09218989415640771
neuron_3880_count,0.08075275756699557
neuron_3881_count,0.06572789775853546
neuron_3882_count,0.06685069677401409
neuron_3883_count,0.08795955261781488
neuron_3884_count,0.08653613609527858
neuron_3885_count,0.08890834474999532
neuron_3886_count,0.1033034916231286
neuron_3887_count,0.07916955615867755
neuron_3888_count,0.08886883623481162
neuron_3889_count,0.09117711919996355
neuron_3890_count,0.09008990991878757
neuron_3891_count,0.06332012054505085
neuron_3892_count,0.06665212383852795
neuron_3893_count,0.11399469138068441
neuron_3894_count,0.07633933011647531
neuron_3895_count,0.11801818779365703
neuron_3896_count,0.03387843526851188
neuron_3897_count,0.05142075189700318
neuron_3898_count,0.026035950615006825
neuron_3899_count,0.021241617341458047
neuron_3900_count,0.02629363783320525
neuron_3901_count,0.04134133152869951
neuron_3902_count,0.036008142437170654
neuron_3903_count,0.20160826155160846
neuron_3904_count,0.025131179822822668
neuron_3905_count,0.033102059838434436
neuron_3906_count,0.03262619584888697
neuron_3907_count,0.030783513474768653
neuron_3908_count,0.05108923469888069
neuron_3909_count,0.038160803105930924
neuron_3910_count,0.04304445874680041
neuron_3911_count,0.03173277520613649
neuron_3912_count,0.036622304891840124
neuron_3913_count,0.037285568124792126
neuron_3914_count,0.028999527496926122
neuron_3915_count,0.03997763923015696
neuron_3916_count,0.05658920503437723
neuron_3917_count,0.05914465855588742
neuron_3918_count,0.07276652628596736
neuron_3919_count,0.06161353487406193
neuron_3920_count,0.046563397935993484
neuron_3921_count,0.08888984671593869
neuron_3922_count,0.06517988172967545
neuron_3923_count,0.08250810589727048
neuron_3924_count,0.04659270904029242
neuron_3925_count,0.07374954262007632
neuron_3926_count,0.044929228914983826
neuron_3927_count,0.06511621633305681
neuron_3928_count,0.029291791529219513
neuron_3929_count,0.10165398077940979
neuron_3930_count,0.07794417539366985
neuron_3931_count,0.06152456947291188
neuron_3932_count,0.08533697926535061
neuron_3933_count,0.06526952856841958
neuron_3934_count,0.07121980140008966
neuron_3935_count,0.07330347832621079
neuron_3936_count,0.057753105358476636
neuron_3937_count,0.08223589025452593
neuron_3938_count,0.05094102644469614
neuron_3939_count,0.062170639077668566
neuron_3940_count,0.06286320612911481
neuron_3941_count,0.06885841031
neuron_3942_count,0.07619655360399577
neuron_3943_count,0.07751947351887664
neuron_3944_count,0.08569833408103511
neuron_3945_count,0.08872033951366079
neuron_3946_count,0.07375684608808905
neuron_3947_count,0.0817992656350813
neuron_3948_count,0.08054573772405033
neuron_3949_count,0.07729835814773386
neuron_3950_count,0.029260287596577613
neuron_3951_count,0.08909251987489195
neuron_3952_count,0.07066613599565169
neuron_3953_count,0.06376191647470913
neuron_3954_count,0.07234487015012192
neuron_3955_count,0.061555264526990644
neuron_3956_count,0.06761483097710996
neuron_3957_count,0.06473838005561408
neuron_3958_count,0.04616165793691057
neuron_3959_count,0.05711669619515877
neuron_3960_count,0.04764278069635593
neuron_3961_count,0.04699859981751456
neuron_3962_count,0.026959371393902976
neuron_3963_count,0.022592276110989476
neuron_3964_count,0.06546644611704623
neuron_3965_count,0.022246112445607966
neuron_3966_count,0.0397846125102318
neuron_3967_count,0.06563914911734209
neuron_3968_count,0.049418355754557136
neuron_3969_count,0.025038317061822135
neuron_3970_count,0.07210315585216129
neuron_3971_count,0.03652333580977363
neuron_3972_count,0.031881641284217554
neuron_3973_count,0.05947183797472755
neuron_3974_count,0.0240597182405618
neuron_3975_count,0.04441933035643508
neuron_3976_count,0.03557126553027143
neuron_3977_count,0.0484100394800111
neuron_3978_count,0.059448223678327056
neuron_3979_count,0.0472388793241606
neuron_3980_count,0.054911857732874186
neuron_3981_count,0.04965660437819769
neuron_3982_count,0.06226857228841469
neuron_3983_count,0.030769058160960386
neuron_3984_count,0.08013113461763208
neuron_3985_count,0.05662182230976817
neuron_3986_count,0.09507513665823628
neuron_3987_count,0.06264551412085557
neuron_3988_count,0.06050013956655842
neuron_3989_count,0.051077798779557974
neuron_3990_count,0.08475731353723362
neuron_3991_count,0.055038627513157384
neuron_3992_count,0.06756059352147767
neuron_3993_count,0.06774568854650392
neuron_3994_count,0.04398298866121249
neuron_3995_count,0.08067598413990171
neuron_3996_count,0.0781825263391058
neuron_3997_count,0.04473322116240033
neuron_3998_count,0.06957363679918524
neuron_3999_count,0.04241406386751792
neuron_4000_count,0.07824504113873626
neuron_4001_count,0.0556492730158441
neuron_4002_count,0.049064100266270366
neuron_4003_count,0.07201551594288344
neuron_4004_count,0.08107658241930243
neuron_4005_count,0.042593053515825485
neuron_4006_count,0.04675709795553912
neuron_4007_count,0.07213150802032389
neuron_4008_count,0.0444604968981612
neuron_4009_count,0.05515153912262355
neuron_4010_count,0.08182766276809214
neuron_4011_count,0.04448427427508023
neuron_4012_count,0.03719922848465028
neuron_4013_count,0.013801210303265907
neuron_4014_count,0.041551330594451485
neuron_4015_count,0.079391541429743
neuron_4016_count,0.09613314341319512
neuron_4017_count,0.07252554525854954
neuron_4018_count,0.05123768048372895
neuron_4019_count,0.06643670186412776
neuron_4020_count,0.05066150394391872
neuron_4021_count,0.046877067308439074
neuron_4022_count,0.03032889567459307
neuron_4023_count,0.06396992484695244
neuron_4024_count,0.06886927292737943
neuron_4025_count,0.06191709256731609
neuron_4026_count,0.06050541344020502
neuron_4027_count,0.041574175873495794
neuron_4028_count,0.08017532593984031
neuron_4029_count,0.046726639327169306
neuron_4030_count,0.04293320654336327
neuron_4031_count,0.017240175359274537
neuron_4032_count,0.06590979275144576
neuron_4033_count,0.07535930275029337
neuron_4034_count,0.04259045372041062
neuron_4035_count,0.03467436962835027
neuron_4036_count,0.027141638819069794
neuron_4037_count,0.061171942639279636
neuron_4038_count,0.032644486343428605
neuron_4039_count,0.0488125523099501
neuron_4040_count,0.028828684309403815
neuron_4041_count,0.025406777523524743
neuron_4042_count,0.028352667326615143
neuron_4043_count,0.039791353363518855
neuron_4044_count,0.04731923585501269
neuron_4045_count,0.07857944380308104
neuron_4046_count,0.04616555894405852
neuron_4047_count,0.06132379511044264
neuron_4048_count,0.059281921527471
neuron_4049_count,0.06164566037280181
neuron_4050_count,0.06283135736886677
neuron_4051_count,0.0705727370420525
neuron_4052_count,0.06390011814120228
neuron_4053_count,0.07052788290900036
neuron_4054_count,0.07899717769163322
neuron_4055_count,0.0686555148242333
neuron_4056_count,0.05180411539897109
neuron_4057_count,0.07097287589085552
neuron_4058_count,0.10659928198384325
neuron_4059_count,0.09513547743324502
neuron_4060_count,0.08305437982156191
neuron_4061_count,0.06775055507388716
neuron_4062_count,0.0888139747148653
neuron_4063_count,0.08240807887568138
neuron_4064_count,0.09921175542460955
neuron_4065_count,0.10252982774458119
neuron_4066_count,0.07182790283736859
neuron_4067_count,0.08828048317536755
neuron_4068_count,0.07653204467425431
neuron_4069_count,0.036766071828078326
neuron_4070_count,0.07127002909465616
neuron_4071_count,0.08830788618088586
neuron_4072_count,0.09163833115161374
neuron_4073_count,0.0768017682537844
neuron_4074_count,0.09738156271207904
neuron_4075_count,0.11510013944418862
neuron_4076_count,0.054692457550842954
neuron_4077_count,0.07853663556589757
neuron_4078_count,0.08074650206443029
neuron_4079_count,0.09513971779240116
neuron_4080_count,0.09256627487849634
neuron_4081_count,0.0550809092390597
neuron_4082_count,0.06767331329959578
neuron_4083_count,0.05335916982653027
neuron_4084_count,0.04492266856456098
neuron_4085_count,0.060655914056412574
neuron_4086_count,0.04138179609587381
neuron_4087_count,0.07150569528108766
neuron_4088_count,0.06510952433376978
neuron_4089_count,0.03217149132077696
neuron_4090_count,0.042195045677955456
neuron_4091_count,0.03352738372281025
neuron_4092_count,0.03378321875052498
neuron_4093_count,0.014277275967857897
neuron_4094_count,0.07989183723969287
neuron_4095_count,0.05435808281446122
