,0,1,2,3,4,5,6,7,8,9
neuron_0_count,0.015842865884677634,0.40138654472481616,0.055578297230373275,0.142838729418467,0.011804013084290695,0.003341577604042474,0.010322965413632645,0.08264357525926169,0.03774559480683766,0.025273947312046408
neuron_1_count,0.014760020798122539,0.511150200623723,0.07235398374733545,0.19809073176248207,0.022564024223440685,0.006036369180852055,0.024737686412476603,0.09890766021414854,0.04944834795581292,0.03693587016488173
neuron_2_count,0.011013399261879525,0.5300714448574775,0.05137700340324744,0.1648061516051592,0.014486269396217544,0.0071487601116848945,0.0299560177874532,0.12227272194967884,0.0248768491473657,0.09693982630464165
neuron_3_count,0.014647790188190402,0.32908513385200083,0.09639809859473064,0.2717540137188804,0.006710808473175067,0.011216113483517684,0.030482724044172543,0.06955722120431107,0.020291839575211204,0.07536131048480839
neuron_4_count,0.006014096488808639,0.2516541330398555,0.1414163301232468,0.3043250866775116,0.019731211274192542,0.005373007946552259,0.011254926583006072,0.012654502157949154,0.016109131674390757,0.13135553131704827
neuron_5_count,0.010978338337104716,0.381051798751448,0.05906997920312858,0.16556475542172283,0.0023650295316641062,0.006052001099241849,0.017704251587970996,0.03202777930075024,0.014051555007815365,0.034186585439386186
neuron_6_count,0.0028002607990006596,0.3098124264247285,0.07185122596014246,0.19790624679907332,0.0008942647524368338,0.0027230500895440643,0.010598756719659541,0.017334813579469345,0.006502923916677551,0.05280977058945055
neuron_7_count,0.01191515941231168,0.4498322451373368,0.07371839962510801,0.21919189272698114,0.011460752133107023,0.003532258048766508,0.017515000774017214,0.04325945989465234,0.022292414373963412,0.06323808789371735
neuron_8_count,0.02389007742699358,0.7237076373050985,0.08932537173893845,0.2298404341893291,0.01632273245788409,0.009431583241146041,0.009964812034228887,0.06647322884787457,0.03725189378803873,0.11560383276932457
neuron_9_count,0.0289122322794517,0.7446081177306774,0.07897303392423063,0.16137713378945792,0.002313087282647344,0.0026777112471522563,0.022192857611382594,0.09091945630989379,0.04427354618902715,0.09144098461571205
neuron_10_count,0.025694779794909313,0.7100848111639086,0.12218888743323636,0.22541034684427871,0.002866725003346282,0.01039166087257,0.006939869047718428,0.058065639122814074,0.038313144564141116,0.05411356570801648
neuron_11_count,0.029920652462497598,0.7407882005981969,0.11806804741705143,0.2877355061710804,0.04880628721620424,0.01712585657889388,0.012738326002087456,0.05970674126946339,0.033969603918614116,0.1170798393631679
neuron_12_count,0.008919761066122942,0.40196512765003045,0.07869267303109109,0.12783654078172468,0.010180006429459654,0.0007876707459009303,0.005856426996265592,0.01791143006546676,0.0276739705201829,0.01090444254152307
neuron_13_count,0.028955120962337252,0.4810602497219043,0.20551070208536154,0.38168061048873675,0.08918177422151705,0.011824134982099638,0.0012467461289788623,0.04600042321952994,0.029626483755140296,0.19155155529073398
neuron_14_count,0.023596773626461294,0.5835226703058493,0.1417056717143579,0.32054507731286946,0.053917295164539664,0.007039578144661676,0.002280899498669841,0.04705708337905966,0.028071000668869722,0.08096372606562141
neuron_15_count,0.024126166195152003,0.35267930019962246,0.2865042365567405,0.47078055434636507,0.13092820305025635,0.012333484264570496,0.0008427259921201281,0.10898230331039035,0.017670889232405198,0.17460303593508264
neuron_16_count,0.023840223142537503,0.31736253642925666,0.04511616888486922,0.06792188971905963,6.052392687990859e-05,0.005805958440495161,0.011187054835372433,0.01867179971349918,0.02295916946706693,0.01784560310330418
neuron_17_count,0.009514570797899743,0.2859061290214563,0.13295239597582195,0.17937834399856678,0.015840420782505485,0.005501802574860427,0.021876793213788145,0.024011617767939086,0.01993116363180039,0.025843138837929727
neuron_18_count,0.033871271095310754,0.5183601911206812,0.17231681684946146,0.20552340871384414,0.1264195961089669,0.008935429167547651,0.0022433999429077034,0.02251878490065505,0.04964755365273327,0.08102333937985376
neuron_19_count,0.04042954352506804,0.3886437702724562,0.17175436872467897,0.2430090562397862,0.12768778378022985,0.008243583493605239,0.003865181745332208,0.046165478298310594,0.057805985089001644,0.09614140077069064
neuron_20_count,0.023557171134564098,0.3627525872082228,0.21690692038672832,0.39376134199831114,0.127734012449276,0.012399863218286344,0.002452536241585465,0.0767118258259423,0.037922705673362006,0.11005583622027476
neuron_21_count,0.05155958106877523,0.244347167717615,0.22016286544466784,0.17515098328766873,0.167355063220877,0.028210154203727605,0.008842484869416984,0.07313370427171811,0.05763921528542999,0.04643783037475502
neuron_22_count,0.06425779926707909,0.19953033916181748,0.29524505883788904,0.3195690298403605,0.23018466276933364,0.01856013220466695,0.008094082510229028,0.11831045644773297,0.03343081217194957,0.15878577243086467
neuron_23_count,0.06777484482294052,0.34494753166654757,0.23876765690823915,0.21212410177378452,0.21993919146127333,0.017309149189965012,0.008696531028622542,0.07381061110288101,0.06447188733519635,0.0857926510813484
neuron_24_count,0.03750625731990814,0.2749820474215947,0.2488815696554474,0.32980631416365636,0.20416693314366277,0.010925191706860286,0.004591764262191635,0.11131688243805926,0.051491500418290856,0.13011326032278114
neuron_25_count,0.06630794255441114,0.31209462133213073,0.20194955402935083,0.29181025049407305,0.21175770343144923,0.012157841354887148,0.001827690568970284,0.0864282842996136,0.05798933579969648,0.06995077911058772
neuron_26_count,0.08908818335902113,0.2311665557906606,0.1711665986747426,0.19603413823874685,0.23151562010597432,0.02011266485089267,0.011229782050709514,0.07882809668922997,0.06252217370501033,0.06579673573153619
neuron_27_count,0.061777079040389954,0.17297405449735376,0.18972635982496694,0.21254214431736052,0.22956551152589327,0.014646982730618006,0.004354495331085541,0.08643302833808322,0.05278141503406228,0.039708116859739545
neuron_28_count,0.07881932763955735,0.15100292004030724,0.10239582745014064,0.09187220390883732,0.1453758173764651,0.010139297240730562,0.006572367540780798,0.05443439101773284,0.045260252736727305,0.021009534950863613
neuron_29_count,0.08804817336398388,0.17789119839093948,0.20617890823634033,0.18945605720751024,0.2414169910670135,0.012683027949504967,0.0028933261195817376,0.10887211129689198,0.0610179576601321,0.08544203686897567
neuron_30_count,0.12220916639883903,0.1598034757801025,0.15666093677771903,0.17383782541512127,0.3728540872624236,0.02107952211256032,0.009127602301300155,0.05388695199265664,0.06653569672025977,0.04010342073829572
neuron_31_count,0.11607320368318427,0.223487626774977,0.22889450086262353,0.18697706108058207,0.29373408815604796,0.014597829263192738,0.013181764037270394,0.11434931983195062,0.08864422310287737,0.06228370671899508
neuron_32_count,0.08788901239762711,0.08043014346670635,0.170027268297956,0.1269237715373333,0.25837703952394486,0.019333181936132936,0.004095611938824635,0.11184703491941789,0.050129978469290126,0.05340472239474353
neuron_33_count,0.1228086874446723,0.24752271906598433,0.17908515190452784,0.2269780377194276,0.3154901528364421,0.010311059176676147,0.013188653908924777,0.09169979275934312,0.091110223821078,0.051312466264341744
neuron_34_count,0.10501027437664692,0.0734988034233523,0.22170144765900046,0.15894349474167568,0.3178104684891429,0.025953613212776196,0.019998223522913396,0.15489908807322728,0.05927186212651861,0.093595553374125
neuron_35_count,0.12998799369517233,0.02732932677060325,0.18682683797650973,0.09931245115869472,0.27737679653184033,0.027128897208390942,0.013770141846060124,0.18694505789623836,0.05864432969540487,0.07925243418254774
neuron_36_count,0.112346434943557,0.0558586382462819,0.18986705139333382,0.12918892101752066,0.2863305108561765,0.017254121999439404,0.014061035554832665,0.15653424722019535,0.05565492296702507,0.09844141813378507
neuron_37_count,0.08114673887767451,0.009357414181957008,0.12440678906293975,0.07079299475849105,0.27086419565596953,0.023313410854477388,0.0007158395674863533,0.22561901881596952,0.041804057617534696,0.054636121803781815
neuron_38_count,0.10280807017854995,0.004518640017866109,0.09986315591434,0.09306130468595053,0.30387248608218476,0.01135211314872157,0.014332854473864287,0.14834035617484195,0.055699631338087974,0.03469271929071631
neuron_39_count,0.15466477100392287,0.017880218392927652,0.15688293926581592,0.14850766987061978,0.38060198440420395,0.014751913835361206,0.0017358466060562322,0.19026809125055766,0.09609673215176581,0.03552550227027872
neuron_40_count,0.11112832977429987,0.027244701109841757,0.1531072297051399,0.11942083503057396,0.35475680971609025,0.013461076010313492,0.0038948241599281314,0.18778640021002563,0.07392256843956568,0.0464628724615533
neuron_41_count,0.09235126647437564,0.0017634722189096182,0.11932606345389893,0.05611049924065023,0.23131752852584234,0.006485047567538631,0.008681475862398712,0.23739417039127247,0.03681390667847566,0.08638805203520705
neuron_42_count,0.14826158864810912,0.012343796523113362,0.1720548485590238,0.08332681959151589,0.1828112961223857,0.01284557887058254,0.0073863144035857045,0.2649631640096349,0.04378926654213594,0.12161598135473678
neuron_43_count,0.229206056492764,0.01958380819484218,0.2734609359416986,0.09665268874234065,0.29825628515680125,0.019822441062620957,0.01780686195486493,0.3885016286496104,0.046892747043122546,0.22348397905767567
neuron_44_count,0.2126006212881263,0.019204300390152446,0.1795271853267177,0.05759044776934785,0.16711349678104775,0.01648237155860395,0.008294141475500547,0.28663333770933064,0.03902160763937018,0.14465086045854447
neuron_45_count,0.17805225673482378,0.011992312703368577,0.1091018404459348,0.060977713702514286,0.25276165969042513,0.02484053889681695,0.008654265859484638,0.25290576447729296,0.053444417913772524,0.1152796114383374
neuron_46_count,0.11813563908985836,0.00924096143815259,0.08762003650919456,0.05377413304424662,0.26873150182156935,0.03173070436198657,0.0008784947759861092,0.2212038988365942,0.04955228822668807,0.09282222403609366
neuron_47_count,0.10051289346945222,0.003653645846922328,0.02740596658851463,0.008563165330065778,0.027879074633230583,0.003815750667571699,0.055126897149906456,0.11004988791719009,0.022366778256790648,0.03203243000997903
neuron_48_count,0.12342791844109302,0.023235082396894355,0.0536363336583488,0.030992570076225846,0.18293339853705584,0.009634892610009577,0.03179757086261771,0.19216289704053802,0.03602610493721649,0.0694545920792046
neuron_49_count,0.17126359502357671,0.027187880098021863,0.10127600877699186,0.012357448827604603,0.12051328007500015,0.020282074821372086,0.01734230554318479,0.209045890851072,0.04675370314370478,0.06397533815689432
neuron_50_count,0.17795236231529632,0.020461904778674215,0.16172665767803518,0.017441534572664813,0.14676418288248722,0.022302251930367778,0.03931281429654629,0.36551719490124795,0.07062140837132941,0.17867079424647686
neuron_51_count,0.16062094950247582,0.023526841211309005,0.10976727081225832,0.018657346799269364,0.11097888222838369,0.019825050208135145,0.006684227796914778,0.20864371433242734,0.03720256468253495,0.10431592331787046
neuron_52_count,0.23122515132298171,0.027097644638809024,0.12606907673431506,0.03600450191863717,0.17113825406447739,0.016846900839051146,0.023252463717587893,0.2811783802505148,0.03456584565431389,0.16182216730333193
neuron_53_count,0.02790462793760902,0.041555726129722664,0.02444346362720229,0.03833247010930249,0.16540102550729988,0.013610707388741747,0.030584528718746826,0.043351044917454284,0.02013199813322586,0.01828956815306004
neuron_54_count,0.21230348478678823,0.01222065552798117,0.0843506604464826,0.004933660791245459,0.013137856715075363,0.03539512741465847,0.034559769911993395,0.29883288902184746,0.033866795338316324,0.14992100765650407
neuron_55_count,0.184209230934322,0.010115039550988511,0.08850166150326766,0.024021531546581848,0.05812244080088781,0.023303790957565212,0.05427973046554857,0.2294392198449139,0.04777770052991018,0.10506269445825331
neuron_56_count,0.1856450835053547,0.0017371347882870064,0.07254243423901255,0.00386810483646376,0.03816304906549099,0.012830391905632621,0.030243297821429635,0.2601997447664778,0.027099303120762114,0.1061932845865231
neuron_57_count,0.06819382064294635,0.009465606586911712,0.027755988828197187,0.008020574687353092,0.020645510448932036,0.0192010555740453,0.01876968190932497,0.11952078974853668,0.01577512862784071,0.04436702004420985
neuron_58_count,0.22186511037651618,0.01747097944236361,0.062361769749200074,0.009649142867284466,0.038237560154743666,0.029504347887405358,0.03016433231892967,0.19425875452439859,0.03410296419357252,0.11329065041498321
neuron_59_count,0.06065202874120029,0.0009726045866719924,0.018303479909604216,0.008571649490995755,0.002649550316521034,0.031906806660627646,0.056010661797875276,0.07236622609312196,0.006658001010512226,0.031393974312974096
neuron_60_count,0.051820361690802424,0.0010512423091115532,0.01622333524602882,0.010155184737736689,0.008156923573995837,0.0026743781756111626,0.048701290960066576,0.042678197198026596,0.02290683871515073,0.007825515381116331
neuron_61_count,0.052171321641545615,0.003318623089799768,0.014740403704744685,0.0003116948935334993,0.004876145804460009,0.004828850037071682,0.027944234900807184,0.040863518415738195,0.036593776416663684,0.021727721030112362
neuron_62_count,0.015301078391385878,0.023177047404684056,0.0019908565254582213,0.007606505331543979,0.0025223507759745897,0.0029001214874350423,0.030665404800169674,0.031594756525893386,0.02056509483271087,0.007239726737489391
neuron_63_count,0.07002193123904547,0.016226029214787656,0.0013920516389743058,0.010650014939673505,0.0037018490988656224,0.1644779711903248,0.08866378022727456,0.06345783014629272,0.01603383291845251,0.030040861864696303
neuron_64_count,0.014251217748031626,0.46992714443770833,0.05207091213538731,0.18071479078351718,0.009170844557985905,0.01466471652176056,0.027284832801108896,0.12463987870019577,0.029223199314750054,0.06805325026887793
neuron_65_count,0.01378923946309283,0.5235272700234783,0.11701617492599148,0.2746190930642359,0.03373772482393278,0.013077396665747532,0.014876740339113438,0.061735269433107975,0.01751833555324124,0.09206722946521759
neuron_66_count,0.008070077575114971,0.2436620840557453,0.029904374528814642,0.09683535888067438,0.0035720829370724724,0.00632449555975528,0.030711864106916544,0.046146910001690786,0.006964391669527249,0.03047567864145259
neuron_67_count,0.006464710468081555,0.40556360844454376,0.02886263079969574,0.0986513493240798,0.0017832459886694763,0.005667926410458782,0.010608717902415014,0.05172808109296062,0.014351993224694253,0.019551616273828003
neuron_68_count,0.001053394091113104,0.2892456146629974,0.015184491138632385,0.0478376195615844,0.0032933743599932695,0.0029912367587103597,0.0030900934678807744,0.008509806136203096,0.010618022549153294,0.021721228267837765
neuron_69_count,0.003502456308302912,0.41908357477598357,0.018379912253479756,0.0790634789411138,0.0022391443573498114,0.004733420514396881,0.008374567879895094,0.055364101899045184,0.01215030051799672,0.016014590528972666
neuron_70_count,0.017759109586885827,0.49528114540832346,0.030596062925155293,0.10007200713074803,0.0021981263505952446,0.0018016233064639588,0.021526245967202234,0.09137975265402024,0.04216960878535752,0.045406512041829834
neuron_71_count,0.0076692783156337395,0.3054803271004896,0.1384978863206646,0.28331748281591274,0.041813957882577024,0.006920463627513099,0.023496358864538144,0.03269340825574908,0.023469623433367344,0.09981185628323715
neuron_72_count,0.014745626071308048,0.43242034918453814,0.11597994037777601,0.32219738784747926,0.007080184359484237,0.0017378135223911975,0.020721259919076987,0.032556918318946415,0.01635760754719172,0.09598580892501979
neuron_73_count,0.044062060426007986,0.7839929569990033,0.05476285381550283,0.14465108361502757,0.012589987159851422,0.001363449439556616,0.015486370480110909,0.09744378577685459,0.04688010240298261,0.08360194715214084
neuron_74_count,0.0340264414994156,0.7536151913592513,0.09274436431913424,0.2700391157501405,0.009339651662991048,0.0013948784643557713,0.011755534630505285,0.07078696315114934,0.03731102194682111,0.08633073058025574
neuron_75_count,0.03734092872496801,0.7085337388073993,0.10156255699358002,0.24046340406670785,0.048365368236127776,0.00313380233301689,0.005186277982384059,0.05679920436001043,0.03948586143141817,0.09818944184428127
neuron_76_count,0.03135661078097765,0.5051478356627298,0.09977046286792648,0.28046808211286417,0.02338451147419189,0.0031366093299911857,0.004393753593869863,0.04504086180300889,0.03546545956312235,0.09470530867165781
neuron_77_count,0.036811952365257264,0.4256096155202921,0.19972927532022583,0.3721293492943206,0.10308455678021455,0.013061387032908975,0.009951281797359723,0.026731721077478433,0.02270668835346621,0.1903915038554742
neuron_78_count,0.018256452372090726,0.3876848366637813,0.16947842373049307,0.19920042552949938,0.05093962168311145,0.004443500970560101,0.007591051520468066,0.030053345096259586,0.035993724459063764,0.0656441535735246
neuron_79_count,0.02134372728977487,0.4217097794346206,0.10989649506411195,0.16218508358606185,0.02698562624495432,0.005357107008757216,0.008443613869677458,0.03422467404684481,0.03007432872982782,0.035639358455301466
neuron_80_count,0.028135767732261785,0.6298213819602922,0.05785384786127104,0.10758732121549144,0.013720778964889144,0.0003975517915111547,0.01802338808879675,0.050990995379783216,0.03840861600899034,0.03318454360540974
neuron_81_count,0.014989892762565824,0.43053575726882753,0.15310819945002913,0.20631864419648765,0.04485782015448711,0.007305351120472044,0.003163443936011261,0.024408448040700085,0.04247519865893429,0.04138153782997983
neuron_82_count,0.020098074977636243,0.35769617894477734,0.25394964335517217,0.2512103750987286,0.09779412427902998,0.014011206134071127,0.011588153473696523,0.024415046865485124,0.0398384213405656,0.05955876086145298
neuron_83_count,0.022349829978342457,0.3249453723929394,0.175377200182866,0.29399929766303684,0.08852443206148644,0.012863465031337382,0.011931038750638237,0.029961494770018,0.03914993537543811,0.07138529603605415
neuron_84_count,0.1207009974739841,0.5696951616456462,0.1646034463156195,0.23699712426815228,0.18241670773256363,0.004377183881318747,0.012189424910935475,0.010089493842551318,0.05148339472813601,0.08565979942764157
neuron_85_count,0.032173063865376855,0.17324879340366173,0.16359500103888855,0.18038994531695118,0.1941827272855728,0.01259615828361509,0.007941032324816397,0.05232147593557478,0.04311194881402376,0.05458951045717393
neuron_86_count,0.053790380677033844,0.26310894644844984,0.17941638429491863,0.2498874340472006,0.20809955490655047,0.011733542152795422,0.0014023052940291686,0.0724182478531663,0.049890762188548765,0.04585988684030615
neuron_87_count,0.03944214215266467,0.37275470213151096,0.18430898631061438,0.2581029266697856,0.1324344572829564,0.009228348046765297,0.0013695253415115793,0.0784634718357694,0.03737947073143438,0.09917261928931753
neuron_88_count,0.05467710365195669,0.5148656554760811,0.2217064984114659,0.30926518269253767,0.21130368030533445,0.008208500429625957,0.0021117241270745962,0.025232085553897398,0.061166636741439864,0.09990389599956642
neuron_89_count,0.090386267295374,0.14025890212958042,0.2672713809917542,0.35230519851563796,0.36446355785968976,0.024643858190455007,0.016506270226029032,0.08856710067197024,0.055015384158087155,0.10068123238439644
neuron_90_count,0.07392590497783191,0.2850045681860579,0.17421097495164145,0.22815347020060356,0.2719743609283458,0.01146713708441064,0.0021076022709453413,0.07293202897551693,0.08252527320746961,0.06808008385217834
neuron_91_count,0.1269003228518499,0.25571435108209006,0.21737147947896876,0.26000997219640043,0.28296951489005046,0.022620102769707565,0.007644841565393114,0.04233448743116286,0.054467579655760934,0.08634202327519458
neuron_92_count,0.07887588052871158,0.30619429163013456,0.16974388637662785,0.2078985123870102,0.18969756874498678,0.007336730829184729,0.0011661015855367694,0.06052167883433679,0.05034566810498714,0.061314598444892926
neuron_93_count,0.11441157589848241,0.13907737021396618,0.24131916533771075,0.22352915179510843,0.3247190430523605,0.03257200760081791,0.011308937502363087,0.10292326724301315,0.06697321222756752,0.08047149713385512
neuron_94_count,0.13131902473881876,0.20041558792599842,0.1809653229822703,0.17533427508746607,0.29101961796908493,0.024735586019033362,0.007418304561785993,0.0941841911979947,0.07948591062548499,0.06246154278185018
neuron_95_count,0.09725624353866708,0.05822926410680315,0.1849776454794994,0.14737993370319424,0.3477682612081406,0.022151885580154962,0.016698711191129784,0.11811304255761171,0.06619401208034412,0.08412087989374661
neuron_96_count,0.11851239836469246,0.1283056718666058,0.2205145846985011,0.1542092513302728,0.23347771011116414,0.030403207873348916,0.0021700467641835126,0.13697335839565974,0.0624831577732157,0.04907185761469743
neuron_97_count,0.15104202689326915,0.0075026811267510166,0.10084175666822945,0.12424622791308831,0.38878386702183104,0.003969807015567626,0.002919608560738359,0.09303562672430324,0.0647252425744046,0.02062556439052647
neuron_98_count,0.11535284322984346,0.030863710081051723,0.11743221514804661,0.07780813246318757,0.23351101401436294,0.021300714531030183,0.02138591936882195,0.11177190207954038,0.03502959667211543,0.04222070264777461
neuron_99_count,0.09159895213930508,0.01793936393066689,0.11935984309439043,0.09556834068189637,0.27650801840579026,0.019213630336607106,0.019603934901621177,0.13560206347717962,0.04657174586708864,0.04237225667516917
neuron_100_count,0.1798043982193681,0.002360997509160273,0.17905732823288228,0.16530953268194665,0.4415852162609039,0.012145211792230834,0.005687128200080355,0.2195606976808478,0.08998750555852536,0.08038431336569224
neuron_101_count,0.1568123639721709,0.04870529286057837,0.16931794694857794,0.16153812622094094,0.39604883582915157,0.023133048842062548,0.009068654323404274,0.15163815063571845,0.07411497695148062,0.0488671263056565
neuron_102_count,0.16756461010892015,0.03731278741985247,0.13635812565488048,0.12090647941726185,0.3528647473270203,0.005560085969463625,0.000419169638061408,0.08316389131251051,0.09575109405965487,0.03145929209987143
neuron_103_count,0.1966265113958651,0.02462769894078401,0.19247358888326965,0.11665228858839427,0.2815736166697387,0.014960277588934218,0.0034033773903474063,0.19821015171476292,0.07748321644682549,0.06129293306634728
neuron_104_count,0.13622339432632516,0.010218584086825785,0.23930439133062864,0.13206200820164812,0.3765435589385206,0.029637536522218722,0.0074559033055892725,0.27676033443332193,0.06246695514797629,0.10417627893674059
neuron_105_count,0.10556506573483063,0.004207838956189654,0.10575087115219636,0.07745381822892414,0.2711382180580334,0.009375607549495492,0.02443921383405112,0.14043379435436432,0.06123922302467419,0.04960416313684497
neuron_106_count,0.1982605553831761,0.0056191758321069984,0.1940888278454691,0.09229967630045041,0.24714934577975284,0.003993823078736197,0.01612526710928272,0.3336252910664473,0.05160286733641842,0.13954070693314075
neuron_107_count,0.11352819772040917,0.009646588141744045,0.05963651606432008,0.03418782311576299,0.19482918513240097,0.009335702840420873,0.04618565279437044,0.13782875360071792,0.035115320563613134,0.04649283539637464
neuron_108_count,0.211176678668541,0.016271540416579994,0.14937289004828086,0.01605533172688821,0.12361049670513496,0.017230579503950558,0.0120956057370889,0.28217324960211665,0.02189024811057559,0.16828052122471324
neuron_109_count,0.11128589662533808,0.012922167783634142,0.1143050074407368,0.07530433836464831,0.33501490936428635,0.0050271585412050394,0.0014268293058514597,0.2847708472617708,0.08341256484384166,0.09312545264793823
neuron_110_count,0.22578715802667154,0.005114371700780104,0.1671838460130858,0.08435899259800514,0.3198728978647204,0.02354124216882326,0.00040969786633377435,0.3141080525946534,0.050609823607359244,0.14647934079909983
neuron_111_count,0.10661588600106872,0.023345039335046808,0.049474054720552385,0.03855948606412174,0.25432897760949247,0.00872664995486351,0.02232119865726434,0.1895137969537002,0.039697844621580936,0.04917309448002198
neuron_112_count,0.12392372827556336,0.014437135250436588,0.11437498532964585,0.05643879033289745,0.17503238181815137,0.0014954133241531949,0.02019822947389106,0.24239696150547588,0.057083254342198575,0.13067812642106832
neuron_113_count,0.11807792171068585,0.011520252150664767,0.0484846205051532,0.020534052699810526,0.15485558786767484,0.003214741171469415,0.047732280059340035,0.19544064961479643,0.03265550772353981,0.037562891640674875
neuron_114_count,0.20530745085807678,0.012941392110295984,0.1396174196978644,0.015888428597345322,0.11131680742460642,0.005043443470857736,0.03452137241490619,0.25960347944137774,0.05574935059450409,0.1533236947143182
neuron_115_count,0.07095550047939428,0.003089181850954744,0.05148998859006655,0.03873011082215359,0.16421491916979436,0.017442859985318797,0.012201937881369286,0.07049530024479955,0.01844832265332902,0.00983298204435043
neuron_116_count,0.1177522081201055,0.0005668511103730902,0.05053515974308295,0.020895558850586044,0.11005522100861091,0.00022384688323930045,0.05616317363585249,0.09061598521476473,0.03380179887608083,0.030741479678606146
neuron_117_count,0.04851753934111008,0.002198371526003169,0.02848458285624221,0.02883011565391462,0.07015870181725897,0.018564439431524665,0.035099406268331454,0.040343757195242566,0.03463466579947505,0.0090524893447992
neuron_118_count,0.13247666179283266,0.023980000823184383,0.026777892786150115,0.012355418010406273,0.009959420808922446,0.04170714429595357,0.1070932669956567,0.08837464394718567,0.05942120760245581,0.05524934731326277
neuron_119_count,0.08152831178085904,0.0022707830431017047,0.023380156992039366,0.013170093888291157,0.029021505765638167,6.996555194277963e-05,0.07862022749963765,0.04518218624315794,0.015999887147000513,0.004344063128573963
neuron_120_count,0.15976245166351508,0.008725096276511218,0.07734453013267528,0.010778898096020312,0.050460762408356785,0.0183283038068449,0.029212830451135416,0.27060286418059953,0.027175201712282743,0.10704602599584076
neuron_121_count,0.10734245917147439,6.88559091906512e-05,0.040702530329727704,0.02159736673250743,0.023900137419977208,0.0008075495756241224,0.04973217764958547,0.12147697367115964,0.03312189764954647,0.019923219378307863
neuron_122_count,0.09849946617096789,0.011426625990208272,0.020427074645163246,0.004404225584519937,0.00038746101748441883,0.08930407970972518,0.11505629350323907,0.0952663478222852,0.019926738881076655,0.06822321975884373
neuron_123_count,0.08269600053160586,0.0037634225680653575,0.010191200774296045,0.02258546448398606,0.003722243271080502,0.02561236395134847,0.0863442157562673,0.07076822012853726,0.01561835493139286,0.03158515984574757
neuron_124_count,0.1555065218541504,0.009543018454717944,0.019959669412518685,0.008652340683934147,0.013714549598026787,0.024036318359143494,0.039023165832311364,0.08623864578445475,0.014659104759701797,0.03111400192756275
neuron_125_count,0.1824510880433041,0.015550532205840503,0.04523419282484445,0.012753121719546168,0.03731399342525164,0.03197648264830252,0.027224824984872262,0.1909014830609035,0.018889452427262046,0.11100404589150838
neuron_126_count,0.026362452571063927,8.532948923409701e-05,0.006623941948083176,0.005183376116246058,0.010618528632845355,0.0014154974204104234,0.07812585049254539,0.005524853892922156,0.009151797034795392,0.0012159115910158162
neuron_127_count,0.12222625715456994,0.0089687531873969,0.010734166810407897,0.010023972979968238,0.0017030822310451117,0.033683186113594416,0.10566321706773335,0.0546457011453174,0.017072857661126713,0.02323448674796512
neuron_128_count,0.032129437007297465,0.4002825100124041,0.06503939729030028,0.24934220693389197,0.012529750614274637,0.013329094230060012,0.03866019613557335,0.1470311284370332,0.02415994822587708,0.11665518749883352
neuron_129_count,0.021691500323953145,0.47325939624909374,0.021200055247201685,0.11452849186154979,0.010897494938294401,0.003548284979095359,0.037197172730388695,0.14900442194747449,0.038476554669383434,0.019440383198334646
neuron_130_count,0.015365764894599822,0.6060227324826816,0.020452366675792526,0.11920369560641458,0.001172485767534182,0.004354077548920213,0.03770473825068478,0.215779015714444,0.028301000489812173,0.04868077845329909
neuron_131_count,0.015054897531776534,0.3441973972699267,0.023543052981178533,0.07540116278105097,0.005643890426965035,0.00030598785438661676,0.01143982402417807,0.06806328190781319,0.011752875008160914,0.002719119281974396
neuron_132_count,0.002665625390008414,0.3203238559945976,0.036098431460243434,0.12435161256093419,0.0008673960103488584,0.0007593627899039595,0.014416702217364463,0.04666776517190629,0.0031746220604785894,0.010093835679467957
neuron_133_count,0.018582457219875455,0.526179146552007,0.014067252440978013,0.06764730483163882,0.01125765576511123,0.012425368256860081,0.014238382125764344,0.1056156685458998,0.021966982519631,0.03517692330913224
neuron_134_count,0.03423813109531597,0.7296015815126662,0.012654648432187512,0.011714010930314538,0.005331748849662095,0.0006524461337568573,0.003995584257899859,0.09170543979483745,0.009958518524214692,0.024691788002375606
neuron_135_count,0.027679078742790172,0.9237306105263707,0.04265126058856396,0.07931207691653475,0.0031577054802552143,0.0018709506162643726,0.014577622181938248,0.0977802258197305,0.034361838267570055,0.017427771777917718
neuron_136_count,0.0330320172250734,0.5462751659007484,0.10155192084719397,0.1766359151740878,0.010077862825262966,0.002033276793840577,0.0007478811436593513,0.020200847816610093,0.0299558152288095,0.0014272844715510664
neuron_137_count,0.01823642768432529,0.6338663980364925,0.08708099363770777,0.1666586384731245,0.024201060701276464,0.0018988681025883837,0.024742817974900508,0.059578076532023586,0.046934849152474215,0.06858060444565013
neuron_138_count,0.027599762028187556,0.6553756237367003,0.05785896101749116,0.12792795392067424,0.007815229918471677,0.004748421663980519,0.011855296358236608,0.0783149361941152,0.03931994430891664,0.03545622242979603
neuron_139_count,0.02659087086785156,0.5414794833451904,0.13505339917527426,0.24514932839590897,0.06965445898581257,0.0038034204205529554,0.003739426151966447,0.029777256995655775,0.04954028389854366,0.09039943398516531
neuron_140_count,0.0294005269824663,0.5039839460489829,0.14144803278817886,0.22338431387920257,0.04437752586013197,0.0018983664977509362,0.004401702489340423,0.03820161883234655,0.03493362143483879,0.06570117361182905
neuron_141_count,0.02545782252848737,0.7349133612354252,0.12425208498684115,0.16198557431103364,0.02201358568112266,0.0032768790535769032,0.004755570360441344,0.05984474481239002,0.036169525902565516,0.06099056712841357
neuron_142_count,0.018052690332486368,0.4717765282953038,0.11088747039981248,0.13120125419881712,0.026703540376101745,0.0035430669945305236,0.002847951497537568,0.038454942055562644,0.03940807926606145,0.019842223863488773
neuron_143_count,0.02251885973108426,0.5430137461539422,0.10060898360133086,0.19020638332674064,0.03681663122273739,0.0022317123849474214,0.016680665063180097,0.054910389567590284,0.0408943720065616,0.06690783976678243
neuron_144_count,0.017921610479365083,0.3169125915951101,0.06916195363063565,0.0714795389164222,0.031099794777897954,0.005849764520185847,0.0032618297472260015,0.027675245237142113,0.0511953978932414,0.019336147727767913
neuron_145_count,0.022600925842763686,0.4032025948955474,0.22560085676777608,0.28757524967203635,0.10003543074083468,0.014623705876924721,0.006391939317602291,0.027209294330568838,0.02808444351975485,0.08594527409053149
neuron_146_count,0.02417908436594242,0.36689561171982976,0.22469909190373866,0.2964631403916503,0.10681890492611812,0.015833510558328392,0.0013493611478824132,0.058347451301411155,0.04031174280763746,0.08472431875355932
neuron_147_count,0.042244258002546164,0.47428231651883607,0.12909680896026984,0.13710390449797424,0.060878048399130164,0.008648354268721278,0.006780778614434896,0.02083440920288601,0.03723157856097313,0.03253222344468844
neuron_148_count,0.019679105267246123,0.09271451818822492,0.03895918824572343,0.04144411343780857,0.05859563459102905,0.0006758378563060804,0.0029844647160626667,0.008704855143044005,0.037114316314346134,0.0026396546202816125
neuron_149_count,0.0443409438083123,0.34511412433963895,0.12679130644572945,0.1123457131573892,0.07199170284948295,0.008147818166751909,0.006992987870954474,0.027762111492794977,0.04671190608767843,0.057442256473316175
neuron_150_count,0.021411329168244495,0.3398297629856805,0.10161774724913225,0.10517497454089758,0.04457423187798257,0.00860580035947592,0.00181865618810209,0.03894777927511234,0.04909827371962448,0.0336648405032324
neuron_151_count,0.09282043279555646,0.3396912901958774,0.11555060327895814,0.15209707461479155,0.15907999025986064,0.0117534004486563,0.009448157192757295,0.04390063983172453,0.05644382808693166,0.07794291159268751
neuron_152_count,0.12105698021448855,0.2765947063366682,0.20271578814004992,0.23934369415338352,0.30571107615724524,0.012232882454504298,0.0032240890285525547,0.10113859027065919,0.07697942496056459,0.0793298145520521
neuron_153_count,0.0845824104884419,0.22085215222313503,0.20952379321035397,0.25763099320761784,0.29402562659180315,0.019878607046192917,0.00530888704187484,0.05719094704435726,0.07712798539688709,0.06418917705145932
neuron_154_count,0.13367910937174748,0.17238483219866263,0.13725474876574892,0.18139867359522666,0.29354330532718775,0.01781795474730987,0.009766297692760266,0.07785065253845266,0.0752905394888467,0.07395526000613209
neuron_155_count,0.07206170847495144,0.2185336030098516,0.11665262147368244,0.17246981146000165,0.2132292887334481,0.005457408194628333,0.003848518142909929,0.04308867279534241,0.05751782579590055,0.03484830961173732
neuron_156_count,0.09361271234233107,0.1967679477595318,0.2011486882883856,0.25610550871344495,0.2684523852708222,0.01763384910899401,0.009592359258159072,0.045596304951462246,0.03859253229994755,0.06646150906617485
neuron_157_count,0.13633076129667435,0.15863568249942805,0.11581964877165743,0.13719053671391582,0.3142902014224192,0.020609018870935497,0.012945492382396034,0.04007025206096429,0.07620084484389739,0.027372109280042925
neuron_158_count,0.08332915912461955,0.08273653078145243,0.16264375650143587,0.11243130088205164,0.2517284350092816,0.02776347919694986,0.016392288178233405,0.07988691118052973,0.05725000464717933,0.03132263912570343
neuron_159_count,0.14054721682243684,0.038765118135168725,0.19927297601052052,0.16260783375638008,0.3640044282218734,0.02039492669503041,0.0036717547156316314,0.16645646364496225,0.08048842478227378,0.09495206954351892
neuron_160_count,0.10454052554794688,0.049244488135031184,0.16973866627523804,0.14745500295340452,0.3496797563232297,0.021426503356641327,0.00820028270678913,0.126778430683382,0.07601036965543642,0.07458835889462012
neuron_161_count,0.07041983037928384,0.022544032900449346,0.10597135394667945,0.0670795485875543,0.3086577474175397,0.01344469435563718,0.0057444432119680006,0.1096639209374938,0.06358590468793085,0.0507983079247971
neuron_162_count,0.1528659128152627,0.01849750989786894,0.1144484347462631,0.12756475374844972,0.370306099017472,0.005363114170159883,0.013948416562763868,0.11503105137774527,0.08105772221414129,0.03883493619362602
neuron_163_count,0.15134373669591406,0.05298278032609019,0.16913881359197322,0.136202472294513,0.3673822067888747,0.03543873396274485,0.010202836881976943,0.14620533641901898,0.08251262761612027,0.06761206041834861
neuron_164_count,0.16434495964422297,0.012909061879877518,0.23486145404520323,0.17725338591696105,0.3935763609681475,0.010008786434738372,0.010983040219949933,0.232457370310296,0.09839969917222335,0.10126311579410713
neuron_165_count,0.16572562008105116,0.01884315365766233,0.16250796347593094,0.18825367149184893,0.3943278231914891,0.03264791258950707,0.006081344105315543,0.17659592788781503,0.08860748026818982,0.09113452675809858
neuron_166_count,0.06829186838468704,0.03632124346487729,0.11216198536883418,0.10344514492196472,0.21030797742484234,0.009364781473224577,0.018977085092361123,0.0871311989304573,0.05104863998149617,0.020860883694890114
neuron_167_count,0.16205993566010124,0.03425896039037571,0.17215761303138505,0.1307440505095379,0.32506904214628596,0.016870676290961846,0.04074395289520616,0.17659435919196997,0.0692023017067179,0.07698482887659122
neuron_168_count,0.1808676615977708,0.06740540284696142,0.21112458285232583,0.11966672971221501,0.2655599306668269,0.039692592122762334,0.013803784366527967,0.2059046111889615,0.07083272892807324,0.10169095753818325
neuron_169_count,0.13030057972339387,0.0048077246064150096,0.16143645570015475,0.1175921675909408,0.3525969722923064,0.0105031759799217,0.01282673375659639,0.26033893175958006,0.05612988276606726,0.11120319080240035
neuron_170_count,0.08257301675580381,0.002476488089312478,0.07352760005805331,0.07482984082943789,0.2547738188832701,0.006510457219307188,0.02579336253431075,0.11950856957122424,0.05096560847148868,0.055049863412296646
neuron_171_count,0.15221061619425957,0.007432300488915827,0.13958210621387612,0.09309960010473503,0.3300258048129572,0.009085631104456416,0.012966475884979164,0.19799362450061328,0.04699575952065038,0.05677563703269786
neuron_172_count,0.08194698784669252,0.003776377182486454,0.08468543776249443,0.03287570646530459,0.16118996288864237,0.0010451717185395563,0.010018924367012474,0.1744521440527679,0.037280978530263034,0.07133182300697627
neuron_173_count,0.10802924795948368,0.013837415272514985,0.029290538680121728,0.023217032553891057,0.2001510473725559,0.011792408049050108,0.031781015279602254,0.065937759638935,0.018773261165909362,0.025339098419396047
neuron_174_count,0.10739769598446167,0.01770801053452513,0.03740901426984808,0.039422604001380875,0.23281466759576805,0.003386449605426306,0.02783709897823884,0.10034972544096168,0.01790341472828623,0.029965938020486513
neuron_175_count,0.11097360569319548,0.010779567074889987,0.05832279499273749,0.02785313303893311,0.15372376967516596,0.0063313325292700465,0.03229717275635467,0.09827183909780067,0.03312239500056227,0.025404534257203015
neuron_176_count,0.08500988754820768,0.010803260090071399,0.045048770434053254,0.026045329422679637,0.19414312653753452,0.007178271917696377,0.036325367354365416,0.04267855561742068,0.015552464010910913,0.022198937951040432
neuron_177_count,0.004180389340164381,0.03306263306118611,0.000650403064308783,0.014386652909065954,0.06957685124234542,0.006410180991959197,0.07061322916859897,0.007910555410415326,0.007659355595031224,0.025989629534896613
neuron_178_count,0.08486554760069365,0.0013516145384008318,0.029803744863195952,0.02247803516056344,0.07649359094804467,0.0016312662990822548,0.059353993023036664,0.07491421428359687,0.015277623868067414,0.015459359434134401
neuron_179_count,0.009476881103082826,0.0045787690708181655,0.006897738925980258,0.021738822844980465,0.056097246743160675,0.030694279056079715,0.026145492817535712,0.0027038888625188426,0.011589395312881952,0.020869761734376685
neuron_180_count,0.010439573297592937,0.054625022481805105,0.005731637270080553,0.015717629959835923,0.1031020652810477,0.01960670546055522,0.03886362910806557,0.01399688214425733,0.00588088657824022,0.024329739385821926
neuron_181_count,0.023186791796943128,0.01540353453430799,0.04081204970606321,0.05176222042628925,0.17141943812027044,0.026397867567172967,0.01595156101859714,0.047945735464438755,0.026472354522354843,0.0077799176258756125
neuron_182_count,0.11399473502817242,0.005533606429344525,0.06614627553486535,0.030020426890869728,0.1433577751759327,0.001016394576291768,0.028150486633422976,0.12564949121696956,0.020139089922504877,0.04500737150367175
neuron_183_count,0.07934671859116432,0.01880708857278643,0.00952350059121089,0.010103374800364842,0.0016301521123090676,0.004258935953869504,0.14615142167452788,0.011276037033845651,0.008638785347139868,0.005388513013726601
neuron_184_count,0.15176225491512169,0.005823957024084447,0.027802691509646968,0.007568679832764968,0.02325819944715539,0.03948081370119505,0.0803387395492133,0.1273499697359982,0.03815590117902917,0.04841540158379448
neuron_185_count,0.16607245672350068,0.014241250112860336,0.03803347482238412,0.02231475847773648,0.019306066576744912,0.04709914782684642,0.03079826782307618,0.18218571522961183,0.06834353608444019,0.08944595665797075
neuron_186_count,0.11405954136225291,0.011551994149013901,0.04424412822603331,0.014642256630375307,0.04401392379024197,0.048123681498255175,0.040253358008004544,0.16719224335231134,0.04926113163113531,0.08288338997457215
neuron_187_count,0.11734565808550881,0.010284984070628791,0.02764419830061292,0.008561827402174777,0.024257724642796165,0.05679784159381518,0.053848372931417025,0.12505495356541022,0.04078986371819622,0.05632657437590259
neuron_188_count,0.09808138456050663,0.007549968487781736,0.011429814418639758,0.007415972265440211,0.0008466461826883657,0.057861596403046195,0.03759669038518356,0.09736597702546844,0.01631977544502302,0.048403988901527736
neuron_189_count,0.00042894268419879904,0.02735291151373273,0.003918000247691941,0.01244756388646387,0.0151932191541755,0.03727083553821722,0.023268241712579865,0.0009012842537213239,0.0014358658554383986,0.01351568487613708
neuron_190_count,0.05972525337745782,0.0027313026830103034,0.001427754557110257,0.01527621349888169,0.001303961740455599,0.06332583398917713,0.03601334118836275,0.08939754401094169,0.019266304904698862,0.053502924864347434
neuron_191_count,0.03606365958578994,0.006317116563219961,0.0016150557141028261,0.014207648879938944,0.008098313584890368,0.040328629237795316,0.04853027723753727,0.07377351115562764,0.014310850927322108,0.044604226406956896
neuron_192_count,0.023064495048240714,0.5079776662497114,0.02163400438024609,0.07063655740867567,0.00644459993611686,0.005087134602332965,0.02617580511159641,0.1920600094661809,0.028936608941393722,0.04724989400220069
neuron_193_count,0.013037968695905414,0.4235774631754554,0.018541643558409607,0.08219943408924925,0.0018448476171652106,0.00035314829319736153,0.037145937698179435,0.11300239002580534,0.03347655416731492,0.03356703949675938
neuron_194_count,0.009212441298682643,0.5200264821995555,0.03361496143091183,0.13260333923047318,0.004618392065586847,0.005019537473024048,0.019635973906405577,0.14892866655428136,0.01941057091256221,0.02483405002845679
neuron_195_count,0.017348173929985514,0.44834415205384354,0.06377336535188999,0.1870543666424695,0.01032609334096965,0.013151895605410024,0.027616910082313817,0.11631868578146884,0.02941394979938875,0.047037873943464314
neuron_196_count,0.01774818255601262,0.5348750131442284,0.09968676004928373,0.2629711857157592,0.010980644504986922,0.010017191572173435,0.028606761253715113,0.10282648307431294,0.024377624775117474,0.12068041382813927
neuron_197_count,0.030760047663825316,0.5862245360182703,0.03373541718893244,0.1559293369506633,0.020537824477994626,0.01565078397412986,0.020950984291420505,0.12923264793610467,0.030482190013332192,0.08765159605031753
neuron_198_count,0.014006264956463857,0.3693768098183648,0.09623683620911608,0.3258027885608605,0.008160207878756542,0.003783273219687154,0.027319222527536657,0.026697168635996263,0.006218963944045669,0.060830611490897885
neuron_199_count,0.013329445437039995,0.443615580302125,0.11144760115466484,0.2707927814300786,0.020118528407974748,0.00174298718264429,0.012443866001040568,0.03813212563500346,0.024403971301335294,0.09156770321499882
neuron_200_count,0.030853936556893127,0.8366793532372767,0.023557749488463675,0.06196754818473818,0.017914243027906694,0.011919918658915382,0.03389105451312312,0.20301335608115254,0.0396622437198404,0.048594877900739575
neuron_201_count,0.04391320944793435,0.9168364795725938,0.06968950876969893,0.1316563312546859,0.012350984496866169,0.007573986732520644,0.015548094731251572,0.11098920056974289,0.046364902907977686,0.06848848535814414
neuron_202_count,0.041409910672925404,0.9905720538934881,0.04884202738690438,0.11103804262848949,0.02119071054824497,0.0021200765973799322,0.005952257781894551,0.0783285187990196,0.06746921406067012,0.05675978463574441
neuron_203_count,0.03249496429459695,0.752147791943367,0.06902167471455234,0.10681578414189709,0.009962035702760427,0.0007298820862813617,0.0006401295647008066,0.07648260200342351,0.054027999194584314,0.04950897347606929
neuron_204_count,0.05063086886640811,0.5527746469685473,0.166575386885717,0.2375708620100149,0.07641147254620301,0.0027168492014894782,0.0005143969885645725,0.05827029686162771,0.04686937834350931,0.11321237563668701
neuron_205_count,0.025686308702935756,0.4348280768103697,0.13184937724454224,0.15110920046521964,0.03463770293401179,0.009450791241046502,0.0043572720882366495,0.027316958607691316,0.021179295455527825,0.030191423094409378
neuron_206_count,0.047470478689878345,0.7717931948389951,0.09657300257602988,0.1694746614693074,0.06155245715000987,0.0003064409032162564,0.020657003079253097,0.0596782335953123,0.05116077193523555,0.042516564347506204
neuron_207_count,0.016468002727356226,0.48784632259199356,0.11456638967170779,0.19963716341236543,0.015802912827610927,0.002124971666822,0.012562865566761089,0.04542011367098352,0.039354942085589525,0.06339574821598494
neuron_208_count,0.043839517954240986,0.553362326831517,0.1332127053177444,0.16616700428780967,0.07364042735300899,0.0064229851836781204,0.0076696762714518925,0.023828421609029836,0.05485740526596769,0.03808945349499439
neuron_209_count,0.05056958178892029,0.6287038663361202,0.1114856832906704,0.11640192591734069,0.10224976053561466,0.0024989144845488764,0.008523473342929987,0.06004647729224569,0.059662701478009034,0.05322685645605661
neuron_210_count,0.04897752277022896,0.48129650970719384,0.13280794901089935,0.17850315018118965,0.10250515965200105,0.0015894764154211604,0.011594716896339181,0.02688065772631161,0.03253055453405476,0.06344392601485659
neuron_211_count,0.06873147171361585,0.6461133423312786,0.14147614112293977,0.16741384211514015,0.11410636692043394,0.0013303067897866665,0.003625734650627826,0.04566654831292763,0.044793994420110644,0.08265791646407694
neuron_212_count,0.047674774299841044,0.323284382298887,0.17350349504368623,0.16542024443722517,0.1323618985003687,0.005366124534490448,0.0016779568407500733,0.06323704897566301,0.042724522829657385,0.05207596038414773
neuron_213_count,0.03701563272329937,0.33944487319531796,0.12025493177000274,0.15711088608926663,0.0793134175420985,0.0031788197229096404,0.005569871955285549,0.05204638213356859,0.04463546478553225,0.04857456508341475
neuron_214_count,0.07311871929508995,0.46374206129364004,0.16675157741497654,0.19973272072069606,0.2085362719179217,0.010185697507928661,0.00047288593870080907,0.036965144465898714,0.07491301275552649,0.06361113345654969
neuron_215_count,0.10399918730676372,0.19388357498541778,0.15602170477858562,0.1774669692975262,0.2908538463110669,0.01766460251394473,0.00605405460725702,0.09177130338066247,0.07481198030453948,0.06940158401414823
neuron_216_count,0.051505123783906745,0.21827234944177765,0.12528938575327617,0.12368707452669678,0.125581174567053,0.008301349138283242,0.005201795693814591,0.04178930238581689,0.04270754935964894,0.05122030261824108
neuron_217_count,0.09684469789406758,0.15862558207388291,0.13864315940258579,0.19526461544158807,0.26729342184638816,0.014091661114659119,0.01084594613925878,0.07272552955683756,0.06320624393903146,0.03830550192527955
neuron_218_count,0.07105784283117222,0.27979810513963266,0.22610315177897777,0.3017981180687918,0.1874049399975503,0.010196323077535003,0.0024169094368408084,0.09654245415213225,0.046860013896783945,0.12613807168080002
neuron_219_count,0.06359671186085405,0.22251414977392275,0.14609742178372856,0.1543416090612469,0.18627695754363144,0.012660361121705193,0.0011747348636704513,0.055697373038697234,0.05009311277622483,0.07165313255303406
neuron_220_count,0.057451452860277086,0.2003310206024012,0.10014622130817555,0.11084059936578586,0.1749775494475103,0.011486168790319322,0.005585159566361526,0.029738894410732797,0.04403655537511581,0.03024608020366598
neuron_221_count,0.1354693033433697,0.15036670584255657,0.19603836018164597,0.23317342683789982,0.31479949948574953,0.02045180536434876,0.014957771873282934,0.038659549247582,0.07727702379233586,0.0693703178681648
neuron_222_count,0.09838954902035363,0.17060607059468108,0.15807351358534455,0.1393947240359836,0.27246348700505385,0.032928522423074015,0.00975676766562903,0.03523834432516362,0.05273168789694413,0.051313371972662475
neuron_223_count,0.1335592593778333,0.12168803831187497,0.0870857329691132,0.16816316603924497,0.2743066641087016,0.0071202257153057565,0.028912544780255192,0.019693312623446674,0.07734201345043965,0.003997055873252018
neuron_224_count,0.1115942140355663,0.07510042784447113,0.21131004334861864,0.16606897095561943,0.29073540780252877,0.034842102736311095,0.010073760156467743,0.1409901031470573,0.06839102227247715,0.06949518263133639
neuron_225_count,0.1468555361499497,0.09660821577548384,0.15799480227132773,0.16414205665483134,0.3194438905634479,0.017248848285069576,0.004605908699021027,0.13342707649593705,0.09842082795389814,0.04591448009864166
neuron_226_count,0.13848852834497893,0.04227173205505025,0.1496446212504767,0.17166346696597887,0.3617043743866565,0.02129075866491363,0.019770749331438825,0.15473871461292063,0.08275108792259825,0.08297680787321365
neuron_227_count,0.14905218541993098,0.023593920317381945,0.09970995675421418,0.15223933780608936,0.4078608058070091,0.018910985404201865,0.011788136428023135,0.08897402878938168,0.08738402706459725,0.04122960186963695
neuron_228_count,0.13794098103278082,0.05480919832099573,0.10466856511686323,0.12306784000939455,0.2531144615379163,0.010808189310538792,0.06608974721896363,0.10829060602593149,0.07441511813143539,0.054008332736167036
neuron_229_count,0.1297392961988128,0.04467652600331365,0.11681371005005187,0.12410590065184593,0.3033663232581002,0.007722557651386082,0.03808640071951963,0.10151234842626716,0.07167719998450162,0.044961908760158625
neuron_230_count,0.1300551353855497,0.023792551839788775,0.11369379050866318,0.16710842100179243,0.4375849713032925,0.0015724244215937107,0.03455129222904896,0.06487705220118994,0.09764193710721183,0.01762565915388013
neuron_231_count,0.15686015618997784,0.025057219097671182,0.16467178669827734,0.1393230240511874,0.3462174861965596,0.012628704836946369,0.02254301411364426,0.16407320405840756,0.09168060746947224,0.05578367332169232
neuron_232_count,0.1311513172824408,0.006331144919083487,0.08803005626535096,0.11312969867940217,0.387492046420004,0.0022434847930832835,0.02294245842150275,0.1253829124371588,0.06721147715202003,0.03243173728640944
neuron_233_count,0.19388134427457193,0.013598799842988826,0.15277806795236926,0.08438763859276197,0.24988851407084095,0.009055809209289091,0.04308185046695176,0.2372482654714616,0.07063907001755013,0.08458631878136719
neuron_234_count,0.11238149726915056,0.015000502020615494,0.09562536657170162,0.10315496145622371,0.29334948130401217,0.012159829371044359,0.034277941015978725,0.14510100680009932,0.052188003827836754,0.056641497600747506
neuron_235_count,0.11814092781363847,0.006774421253901465,0.02647765513862743,0.03392486278052449,0.19414264732326852,0.0001452478204890294,0.06061019086604019,0.10039007304226585,0.031187213157560303,0.035300565598901434
neuron_236_count,0.09862769772383947,0.004243926485589387,0.05536028942768695,0.043566313146783706,0.21565386919683224,0.0061707176433154765,0.025586438070000023,0.08996189018196349,0.025119733380847067,0.025218657030678687
neuron_237_count,0.09914406443884505,0.01604988904263137,0.0700424828478928,0.03712627462993326,0.17596332918688276,0.008008972342186789,0.008453108624852643,0.1847668178912594,0.02730520356596204,0.0547674337594595
neuron_238_count,0.20825904050914246,0.006930496748687523,0.1335061485221568,0.05442166978383289,0.27850824733821866,0.014882490382249603,0.011869391896577125,0.18620470146620818,0.03361838799995141,0.10339427934921097
neuron_239_count,0.11083694796708443,0.015396084083463123,0.03627159261727776,0.02759411537625732,0.20970358525127686,0.0012346869679635795,0.047926107167083926,0.1075012809487711,0.023515809860935738,0.026074388353273303
neuron_240_count,0.18936250125382845,0.0064555680964811304,0.05791529126692371,0.02459648423785056,0.1199169936105974,0.007337868582945592,0.06118566907867179,0.1875060610107864,0.05832326087493733,0.06778698212936535
neuron_241_count,0.10915808654367351,0.008055031186259463,0.0305776649299878,0.02650547185394267,0.13499807568403627,0.0029387845176379844,0.03905048584006908,0.12304042086290085,0.02107544102384025,0.029099457732880057
neuron_242_count,0.14965361021455192,0.007805669256925298,0.05018155437446664,0.025014391868479084,0.17785534706601172,0.005176038990958434,0.02201164319695159,0.18366253178859548,0.032249764517577106,0.04077070140624746
neuron_243_count,0.13594474948515206,0.020262362840986564,0.05897592381155456,0.023250371139539885,0.17068090338482172,0.008451325627495787,0.05010026135031674,0.19754908296358378,0.03720280186886951,0.06863764245586523
neuron_244_count,0.16536961300491385,0.010983397802181001,0.131354907980801,0.04358448619288606,0.22605494007594862,0.0009274375316399887,0.014076817455113605,0.25313041222587673,0.043233551416492155,0.07752729387355864
neuron_245_count,0.11525029737402354,0.003465192481796886,0.055783902055423856,0.013574935588348415,0.11426977185550358,0.0008632128005756946,0.01808007471790568,0.12426425960807513,0.02980018767104596,0.019141865302190475
neuron_246_count,0.2226001110698118,0.018041679587005005,0.10061355175731204,0.0053440672563244175,0.06907055941589305,0.02451497152232017,0.025927222395798033,0.19966321831573727,0.03956803282173499,0.11421086310803685
neuron_247_count,0.18691623372321733,0.006762367248262298,0.09631863558438208,0.020357400639995474,0.04502808647666812,0.02100813670440986,0.05805283295894479,0.24399425860283017,0.049540032691981414,0.1271749236399677
neuron_248_count,0.1343142010030071,0.0009450750855730175,0.04591507426112465,0.0017743875750250034,0.021693211510533203,0.001564986961870577,0.042984020988342586,0.08668674925107266,0.01616521939559839,0.028940281336407858
neuron_249_count,0.026456374578646233,0.0001031888084752847,0.0020590173722658776,0.005844505388770169,0.003194266289452477,0.006296574647130921,0.04360541341679162,0.021914220643009498,0.010377542651496345,0.0058611306014934896
neuron_250_count,0.10870744508411403,0.0035407369790121275,0.022762058846629823,0.00929512293848429,0.015343497274618097,0.013680044302325264,0.0676782731850416,0.06945200465857664,0.019256400186698892,0.03531860026548525
neuron_251_count,0.046860891666864746,0.0060249740121242484,0.003694871911179797,0.007086731479542415,0.00030849400098342805,0.02084356594716881,0.15277594571442848,0.057654097823793785,0.023953205113462023,0.016426193439740888
neuron_252_count,0.12303182862516979,0.00535968984963818,0.01128045775388229,0.008257309182897174,0.002250004338896123,0.09682238505249591,0.07161080623325623,0.1316353536666221,0.040494736005354526,0.07835098869361833
neuron_253_count,0.11915820887992348,0.021367723042581166,0.005817198264908327,0.005048950454619464,0.0027032367191176312,0.07609661361777653,0.14527671393180402,0.042580786566007264,0.03808298971624821,0.038056630034524405
neuron_254_count,0.11713480214583555,0.015709390820298354,0.01016059957708678,0.010600271065833222,0.004657826565390939,0.0628154079789002,0.01892120405318707,0.15990800928610788,0.019970107462797204,0.08394661490322117
neuron_255_count,0.14289711385655857,0.013946601863252452,0.016230070345048794,0.006738183560083932,0.0073215027493289744,0.04976468685516525,0.04195349565521189,0.11121165643216316,0.012317102173360427,0.05771577688499552
neuron_256_count,0.011136650674507302,0.454905037743568,0.032079955061464806,0.06936195324713391,0.0010775352817230105,0.003917027752837185,0.027373962959083592,0.10677152111212129,0.017992402386823085,0.038014735372343574
neuron_257_count,0.004864134593329048,0.4578634348014565,0.04542646160918473,0.17307595491644392,0.017189874921480885,0.011917843065283866,0.01898637206668266,0.12035472223909308,0.016063638519962523,0.04022218630936408
neuron_258_count,0.012426203350377418,0.43670396557911206,0.011444349923880645,0.06975734354870075,0.0031875396124487303,0.00844452368444075,0.03201345955017987,0.15468145846122738,0.012800901067584573,0.04081893005678956
neuron_259_count,0.03169588042544792,0.6763743038487448,0.03997399342664146,0.15077059241665466,0.00496286011443993,0.003868752488759959,0.04432566003946238,0.1640199277596096,0.02899784936311755,0.08259364736379066
neuron_260_count,0.03505800696169258,1.1123084058068826,0.03491758029949543,0.08883569233134926,0.0022071090565271515,0.0034627131793927178,0.014934407496866212,0.2437889873607385,0.013319640136370825,0.0218919140742715
neuron_261_count,0.02405325640498614,0.663889952424861,0.017058831791780936,0.07686532584599362,0.018315848266069454,0.008057591530529193,0.02176563902747053,0.14578251703326456,0.037234320333417434,0.05300840748277984
neuron_262_count,0.026726115815687443,0.599696291670935,0.049433053402414606,0.10737150689669234,0.003031293554015559,0.005376212677336602,0.02549218075980686,0.13851480965458904,0.02157086091999852,0.04513145371940476
neuron_263_count,0.03789513770770013,0.9999794646330509,0.041806505723360685,0.1056554659298985,0.00989390918518833,0.003768767307428004,0.0212845863552997,0.13428202133679157,0.05343524212153737,0.05688662052727544
neuron_264_count,0.017379598895957526,0.7971171600724563,0.054622942485982484,0.06380443461808966,0.003079566539777541,0.0006906071711382817,0.015145685652024295,0.07354706444949217,0.036545055053017236,0.041497129590365216
neuron_265_count,0.025004960361261735,0.828113530649602,0.053112227674550844,0.08980934982278235,0.015477429725105657,0.00012472000853561236,0.015784969058175016,0.11330644282354424,0.04253805953777686,0.04612495625190619
neuron_266_count,0.04291365487348102,0.8070512465048306,0.05650438022671303,0.1050359427023265,0.006908036233154477,0.0001832264314170389,0.0049964514411937125,0.08235703030443173,0.061639879596655706,0.05744132238370537
neuron_267_count,0.03397431615590955,0.7916441000997658,0.06572297121491608,0.10398041395143232,0.010235919887785605,0.0007091782658313599,0.009966611088835467,0.0742673848833283,0.03988469855950753,0.046672282945495684
neuron_268_count,0.019271871639766507,0.5908672041587159,0.11437384866206363,0.13105968660245398,0.02110558379185827,0.001057042302409567,0.012108044384174926,0.04789546592953449,0.03387494146775902,0.04124893160016544
neuron_269_count,0.015319135257616232,0.3140815787576263,0.13118384243367487,0.15163228008080154,0.04896247330663819,0.005155603879122301,0.007258270130184735,0.011276111479871703,0.030128135506415327,0.01700986560743019
neuron_270_count,0.014998013353709243,0.4812532390412748,0.06560708605578519,0.09147990508664147,0.009459885388119576,0.0026537955573463085,0.005883053874348038,0.03481298250941149,0.03950050267634579,0.019319770718149377
neuron_271_count,0.02627507076008491,0.4644236963136839,0.11509759635958128,0.10496396194244673,0.0350108562103769,0.004069383039554633,0.008344189314698144,0.02186941276923978,0.04371274599315744,0.03144471850679813
neuron_272_count,0.040866754312579606,0.7476258184134668,0.04320488788221201,0.0745176347812236,0.015674182358835567,0.0027495468124969537,0.013793123700334808,0.08572837886541776,0.05620117958977104,0.048008091232055475
neuron_273_count,0.05285280013756116,0.3958167557201032,0.17036839256711522,0.15450007230888713,0.10340601579053277,0.009750339331123209,0.00408083298023711,0.04970615932311473,0.04322211974236624,0.07293822984767545
neuron_274_count,0.08218299358946862,0.6443065297544035,0.15760534380959534,0.2437209744247135,0.11881261912070096,0.007372346177331172,0.006040038766321186,0.038905243426397874,0.03976505493233096,0.09959825376489723
neuron_275_count,0.09554921942875177,0.6703330060886571,0.12200053171948222,0.1808667143539,0.19081268780956961,0.005113334277195229,0.009042433011553604,0.03244381285486841,0.07097879289451509,0.04799910005290457
neuron_276_count,0.014262613426387905,0.3385162435120374,0.044376319044346746,0.054604717091048305,0.011716078513900816,0.002860445986622222,0.003040240274423338,0.024609343381392913,0.04142271061944332,0.0242501664079316
neuron_277_count,0.04309578125348301,0.37863734717032393,0.06491298331662113,0.13275142038998153,0.1204130685106243,0.001419896266587485,0.009755414252599945,0.04441268415376995,0.03737567924195735,0.0404834841183499
neuron_278_count,0.12669640331576384,0.5552692515455092,0.06947688419101344,0.1327985722330749,0.20185613791689447,0.010528790579420994,0.002551832451087494,0.031719288301772536,0.09481523036817621,0.04076031206294703
neuron_279_count,0.05452524438886633,0.3079790414784873,0.09989560652332705,0.14231298539555104,0.15723577704468525,0.007844476774048419,0.004406549640736959,0.03733789620987948,0.04778929797152037,0.04830889719319996
neuron_280_count,0.09226018225796587,0.31353589085819666,0.08999507019558978,0.15785273454924945,0.20684819794220208,0.010196518667685901,0.0007981446748821421,0.03963785624782451,0.0513853486070837,0.0529951879891942
neuron_281_count,0.09323774620486941,0.3322014888436211,0.09598126874985821,0.08401784000899219,0.1210655586424045,0.017648939188625402,0.004973967995846991,0.05058134991880146,0.0512886598191315,0.04472621122973226
neuron_282_count,0.09624889722324201,0.2744355826056378,0.12617728119011726,0.16527537510172965,0.23592945652387254,0.024056979974112762,0.012847629082373163,0.028620547143810196,0.051051437185110765,0.03178254211830797
neuron_283_count,0.09609931513820172,0.3441663134960125,0.05473744092178942,0.13179502269371918,0.22413384891038884,0.0046784174335177345,0.007688499476133273,0.011401109256085286,0.08197787239827964,0.009330309305246025
neuron_284_count,0.10558902848340418,0.26474913420957236,0.09193725158900021,0.12741747223666217,0.25724643560975335,0.012669333929824916,0.0056662534917737775,0.0379667939580977,0.06697735990550668,0.03404132861829093
neuron_285_count,0.05934438423521232,0.10773057315100812,0.08229698411108441,0.07178039171184906,0.1228555198974904,0.01574760668748718,0.006780725139679457,0.034403109091884,0.038735451563828155,0.02990195236038677
neuron_286_count,0.1594863531469793,0.11491984298742447,0.08478516078570117,0.15172894548406168,0.28685080113541356,0.00406462197548391,0.001037567789808614,0.036995733192677155,0.08953001660007814,0.006662229065421639
neuron_287_count,0.13997015362956228,0.05490777071177291,0.09992069930008177,0.15993049270731677,0.362234745203413,0.02100882637839999,0.01540972126642546,0.04399957319122075,0.0898096623807256,0.020822406187013254
neuron_288_count,0.12082738712440819,0.06834889831144553,0.20431949043535574,0.15388622205737024,0.357569882294846,0.03363280836468091,0.012575592719703883,0.1516507487462357,0.08069108682266887,0.07642335689665869
neuron_289_count,0.13420592551281374,0.0603139843706022,0.18533064190667894,0.1413627382553781,0.2885977392223342,0.02811717850407333,0.022532471434563786,0.10482309701724363,0.06742941949152159,0.046036471278740165
neuron_290_count,0.14537314788885844,0.025537645258327482,0.1556870830012486,0.21446762006357342,0.3874209335928404,0.013568970951053298,0.013513247730444128,0.13965216736730185,0.08185518244704743,0.08819722628146034
neuron_291_count,0.10020728711760468,0.04688490385577018,0.13119272482662292,0.13100311241047874,0.30121871792684707,0.020964293200167045,0.019878400136124255,0.07109135043070505,0.06679998672041454,0.06600647890180586
neuron_292_count,0.10147059077741788,0.07281262314556128,0.09632841942512699,0.08843170971014447,0.21698262498340273,0.032148367882825296,0.04388180703257466,0.06397181627401272,0.05736470166043581,0.03700541012895937
neuron_293_count,0.014920341939418734,0.003664042780742758,0.0012872637896073399,0.0010401956738942224,0.03739370097461759,0.0017443772079301922,0.023945650402776547,0.0019990741068247504,0.006812730237298005,0.013678912234537571
neuron_294_count,0.11395286805316984,0.020308729815031276,0.12972903090322085,0.11019938052527475,0.2867932897196466,0.0028927892190369515,0.03371441970730932,0.12109132730530356,0.08031695226955918,0.02899014029809739
neuron_295_count,0.13576439945441776,0.022476741269919318,0.09559122029533015,0.09732584909172926,0.36256226183637597,0.00867812546185557,0.037665587156827995,0.06976466034234202,0.0779906908677292,0.01896739980654026
neuron_296_count,0.13384122536538423,0.012046902603242926,0.11801440763193377,0.15558287516721658,0.29252274658315086,0.002038510147929294,0.08087919982996133,0.09904729430395509,0.07638457182309874,0.017170390108685013
neuron_297_count,0.16779484773935574,0.0223264632969484,0.08665718457315025,0.1484282055901758,0.379205477584746,0.005203740391067732,0.04501506001322364,0.07547814065391795,0.08045235579171711,0.004443406316755899
neuron_298_count,0.11965813318208507,0.008409248622019957,0.07591251563370702,0.03701302616144779,0.23542804794323094,0.012993000065567448,0.009553348256716686,0.13354647236537626,0.020763507582995923,0.03963617933034967
neuron_299_count,0.11668321604897311,0.00987839616136348,0.05852185189568926,0.04454995293088129,0.24260297317365162,0.000868207499944566,0.03300178888255313,0.08614681784602474,0.03364148937600457,0.03212434594957114
neuron_300_count,0.13148960079980626,0.01128421377525328,0.05185944693869192,0.050049542330901975,0.26423575392458815,0.007047709253139991,0.021509263775106528,0.07423603839532168,0.04060883468356964,0.022653798957963663
neuron_301_count,0.12278443432106825,0.004852868307969485,0.03924120260448878,0.03388657757240161,0.2771911956446416,0.0025415887786569592,0.0300983579169683,0.08382757591538825,0.027170059521659184,0.038716085573462795
neuron_302_count,0.09293970213083383,0.003650196188031012,0.023866076319903326,0.03293378672209167,0.1813546949331124,0.00017658128739834317,0.025795359602902163,0.0657013600175296,0.013691151509035895,0.036465979794169864
neuron_303_count,0.041724710917463825,0.013161424450171356,0.008184756172288657,0.005703119883205162,0.11488665239480994,0.0032613658964380995,0.0986392918776805,0.013622941875657525,0.01260491382459314,0.028611569337366242
neuron_304_count,0.12252018025610673,0.005250867535546865,0.04193629200141327,0.011249873948715267,0.09235375160636947,0.00018903101184770173,0.028158373496375608,0.13271141747414597,0.019546278148796156,0.01839241150239379
neuron_305_count,0.1638384300936324,0.007232621462417245,0.050384735872773284,0.02390246136771111,0.10609882108524542,0.00047120330052983356,0.08037186517662834,0.08925708883958663,0.02829228389187763,0.019866770576714127
neuron_306_count,0.15378866532483249,0.0029015173087988426,0.04008158481825036,0.02948819539577481,0.14626427251942736,0.0018323876712145505,0.020468618713503667,0.15373353831254524,0.027202268585327108,0.052738229086821936
neuron_307_count,0.07133464452267191,0.01138261493933894,0.01070086718641687,0.01392204607611552,0.10121900780623364,0.0063675675195509,0.07162178881071893,0.0537901780901195,0.008262028514885176,0.018809412070293817
neuron_308_count,0.00819738738515633,0.0662369115335031,0.006318531653427163,0.02730585461372647,0.10570574411251595,0.02544529345336228,0.014192366934207966,0.013316356173639597,0.004719670730311459,0.013421254642455367
neuron_309_count,0.12003989154478206,0.006525082294239804,0.0784644950626954,0.02360339832809963,0.15677938938135805,0.013358813039539258,0.0062406817229307375,0.1305370525901009,0.022116917282087117,0.0353257304077457
neuron_310_count,0.050819131204707046,0.006739812106487782,0.010392544063441582,0.013717052734212629,0.008301725747293778,0.0033442813882023567,0.14248015575706038,0.004113754819485907,0.003131664480217008,0.006557306648425756
neuron_311_count,0.17812528792468416,0.008069252042076376,0.04604799971561348,0.010933022164800035,0.03538120123138766,0.002607957771057573,0.02419274525267747,0.09352138705320832,0.02705406270765773,0.03629582417073101
neuron_312_count,0.004316344864019002,0.025164074290358246,0.008988059412856334,0.02769205130030756,0.10098145318530258,0.020458287929031288,0.0378108487199254,0.007758949019853537,0.005612723700515212,0.029198542093831215
neuron_313_count,0.004819123546986718,0.005440915185953028,0.0010636578365080685,0.020916982693619017,0.03456688315308121,0.030981479741895815,0.04913616081281737,0.01835410653345361,0.0015396970917535818,0.06510394292118782
neuron_314_count,0.12683070181082676,0.0018198531603093337,0.06567533392162361,0.014619979381892648,0.022793951845949317,0.013933346289276324,0.02456442770054615,0.17112057898630811,0.03751907793039462,0.08888630407056863
neuron_315_count,0.0024359855240166377,0.0008053306405298687,0.005037733344658891,0.019131454479619184,0.0025281361316345902,0.03500301302413144,0.10104152493711183,0.022809095346471048,0.005555269954715728,0.022201382086504753
neuron_316_count,0.09624016440913627,0.017945403743753682,0.0013962217121449606,0.014902808271286157,0.013761968870836652,0.04227450468604034,0.1647288625995263,0.03191875943516176,0.03176561138757185,0.03734800211895678
neuron_317_count,0.10113383166376755,0.016615181342866256,0.008019454199070533,0.004494032587782339,0.0030442650262075856,0.04912249826168605,0.1107665508986328,0.05864229920286214,0.027306340455483816,0.04078915807620487
neuron_318_count,0.1560691511646418,0.015265457423741802,0.013202400609402545,0.00695798073650359,6.738871559510903e-05,0.0591116426158706,0.0641378240909372,0.09958639936237688,0.026206394553920674,0.0554045082488432
neuron_319_count,0.1340422373929528,0.012018156747949094,0.030206139082427128,0.008489938151508655,0.0030545955972521993,0.05518813398480829,0.03981759931687163,0.13953003826628352,0.026713395671928215,0.06635337366696792
neuron_320_count,0.012047201994781348,0.44243454651096725,0.026916022947829965,0.09209304624809658,0.0019122552115415073,0.005841364674089449,0.02217946704553539,0.10133976146477966,0.02760638602505401,0.005931062965984293
neuron_321_count,0.01328560048523919,0.5190010566208446,0.052183945048181135,0.17231334447143232,0.018372448882157867,0.00388993182903841,0.03629397782467643,0.11529304586181044,0.032519701497704376,0.047188814675476906
neuron_322_count,0.014437193895273868,0.5217079197430531,0.027361938893333368,0.099667997978101,0.009246044228328365,0.00022723062855798531,0.02260762575257455,0.1195955465381763,0.029800127549637664,0.05153931394845783
neuron_323_count,0.02634647908435096,0.4782774222239734,0.018804328387644342,0.05800180733626592,0.015268547820323677,0.005749168938461205,0.00961642585393542,0.08326862306317329,0.02380753108593068,0.04188619822763551
neuron_324_count,0.022246897217099968,0.548407304968123,0.02315214972376972,0.08763033709866747,0.009357157400354501,0.0053667646370895924,0.028476686886541855,0.12178647305367879,0.017883673520948436,0.01847815796213588
neuron_325_count,0.00970408528110365,0.4557077490317614,0.02420170847573483,0.059950884361872264,0.0013604866317957452,0.00023103672376452618,0.010980315299170262,0.06769710264483708,0.013589274322061543,0.012766396181077493
neuron_326_count,0.017989926932098107,0.6733005214465863,0.01955842255554491,0.053023580321431604,0.007447922332516968,0.013091248256330559,0.009237474083555637,0.09620352545241817,0.019421657156322648,0.02768039062901643
neuron_327_count,0.033415919157928124,0.8568247892806036,0.022835784760136108,0.03339207251705253,0.018011496753881966,0.014880351545780844,0.015559958463460158,0.1363977733455844,0.033258306399840405,0.06056047429901961
neuron_328_count,0.035637919438923873,0.9192060606563595,0.012011634275127036,0.008647630034930662,0.01684055777398122,0.0029272981999990226,0.006064418226525585,0.07529943560767807,0.03754656513857764,0.08218797916609193
neuron_329_count,0.019822439933490296,0.6115342903712108,0.07038624466572743,0.11832339533240194,0.010312543171399423,0.004634975977099096,0.00934070760621681,0.06695365517314067,0.04658535856576991,0.03949127368006684
neuron_330_count,0.048566580509728174,0.9590641351748799,0.06570128668266223,0.1264854699484244,0.03179369011248746,0.003849804280669958,0.011329545505067012,0.08623065560185356,0.05656636539118198,0.08036357268084886
neuron_331_count,0.0381840178451006,0.7107025689985703,0.04373810714294041,0.06333140080238761,0.016953318786568455,0.0006540992581553565,0.012173831032696203,0.07183611018913905,0.050712326843060915,0.03855285705600734
neuron_332_count,0.02365110854158277,0.7088757727895938,0.031907101010411235,0.049957530261116184,0.015615865410029059,0.004170694197819743,0.019937702771820623,0.10360111459537463,0.03414563225009125,0.029353189890435304
neuron_333_count,0.03614356878925311,0.5891833607239519,0.1330994716666224,0.1602360967274148,0.08150631088390672,0.005411431775675317,0.011549037945850243,0.04120475908239857,0.055998806978240986,0.07904336581856766
neuron_334_count,0.017523570366826696,0.4865117859070594,0.035127863677700405,0.04863943798559578,0.00757730198207688,0.003547921148223082,0.010643207638427382,0.043045779396448686,0.039391411985423674,0.023313780232896174
neuron_335_count,0.01157410796311379,0.3498440235634202,0.031109785478373495,0.06055438614025409,0.006132561123248198,0.012797607364625062,0.00818751088041729,0.02595505791497611,0.03513762450888737,0.018920673527854745
neuron_336_count,0.02931113408758519,0.4180744586954375,0.15349065746251164,0.1682438667277113,0.08095766720091851,0.004491052348287868,0.01968206218782652,0.04128382755452045,0.03426700122104652,0.05078479414687517
neuron_337_count,0.07910198535638327,0.6442177761534287,0.08935141027298421,0.171718723780018,0.147837111686323,8.164779970522675e-05,0.02031889644462343,0.041689064908069465,0.05723633875290794,0.056263598287907834
neuron_338_count,0.06580978344299065,0.7206591772395227,0.07655198259296211,0.20101338410100908,0.14549963002974198,0.0013430794374684014,0.007895380420981257,0.08099169037194776,0.06442951596724769,0.03428942355422922
neuron_339_count,0.14121564696632793,0.5876895654418086,0.047854339238527444,0.12900552513508626,0.16768412785318498,0.00044301449404324234,0.008718372186211723,0.023258696628348015,0.06551636466564294,0.04007197193838648
neuron_340_count,0.07723370369676474,0.5759762912091825,0.07321942408946686,0.09336761997969997,0.07418863864823955,0.0017416857593995968,0.003640038292576347,0.05049282029715261,0.0592246988343548,0.046083311496389986
neuron_341_count,0.10968526131685102,0.7310276274857672,0.06296607556717188,0.17760053572098009,0.16805392993804852,0.0005711741625724631,0.01585932720738118,0.045207211814321385,0.061340948525986594,0.05048649713576285
neuron_342_count,0.08542448308776701,0.4240656138293163,0.046292778178293664,0.08215569240349,0.10983151113943784,0.0021642430901900322,0.014210807738828185,0.028033705746808725,0.05039879475885632,0.04260222281175435
neuron_343_count,0.052476644211435775,0.29468120024612676,0.11853595426484426,0.13241952944954416,0.13730375347601317,0.006811924661045542,0.0029223090381986228,0.025284071628979193,0.04407605314188927,0.03213487251943188
neuron_344_count,0.0983283380682427,0.5294569714947855,0.07306250553015506,0.1111150758548402,0.13861903283685714,0.0022864568180321065,0.0010353186234812873,0.028566666112453985,0.05847161060113078,0.035311217052775026
neuron_345_count,0.059311168513365375,0.127198911247707,0.07450220066435807,0.05775747166441823,0.11133243648855062,0.005983133946706284,0.011726518255150975,0.033327530735109724,0.03642736969231554,0.02259804886885057
neuron_346_count,0.12262632889386621,0.46989354051546145,0.10296747793001679,0.16329602814037014,0.22730030185158545,0.013023112725774538,0.028175486739271893,0.017325226175606764,0.08734559519302343,0.015321163180778724
neuron_347_count,0.1074112289616222,0.4570808862440979,0.0617711622187789,0.11228412717478731,0.2341791109574261,0.013723590182548782,0.018301941416365416,0.024030391022319658,0.08176353073118753,0.016143387699424958
neuron_348_count,0.12174867927025043,0.35728334395306555,0.08665203776531355,0.14899855798654468,0.22843680789562157,0.007707494240080763,0.0046814281623133724,0.023869480658527842,0.07367070065878725,0.02664294822056386
neuron_349_count,0.1123216620906945,0.23086933866794052,0.030448091050752996,0.1730203244022096,0.24872123676718555,0.009567417183471927,0.026795103073110685,0.01783618390453834,0.09873393323375745,0.0066031522416133
neuron_350_count,0.10569480426628824,0.2318725039199402,0.10997757412963655,0.17596394500503232,0.22117302445552697,0.008012225063440799,0.02992272205521282,0.011962849021197416,0.049541692957434186,0.020349608746526776
neuron_351_count,0.14386795634264107,0.1403820462989263,0.11499547212774111,0.14587836680142222,0.305911361055938,0.02929677999956114,0.009871607339451145,0.03359860257231759,0.07860586938573538,0.02465117619517751
neuron_352_count,0.16029247215988326,0.1185182088198645,0.06571950927030906,0.1286827326675967,0.28790301733388796,0.00716328611311387,0.019604978802758355,0.042423187430751935,0.08310387191315455,0.02798952268372061
neuron_353_count,0.14551452668793724,0.1006799691447956,0.08989217458548929,0.18283423963568918,0.36398108163395726,0.02197255685630054,0.028033311048735868,0.04588521233223092,0.09817693793252513,0.047187440770131775
neuron_354_count,0.10256378773330854,0.11633211982450165,0.07761113066753683,0.07509092471577333,0.19994902712418838,0.004909535923869878,0.019242300610167407,0.02466204041837973,0.0777202694687103,0.005533320407085124
neuron_355_count,0.12459942099904919,0.04359737435032168,0.054166694958777795,0.08361807296618928,0.2933203659281682,0.012173493664637186,0.02886181091558246,0.050485685792807156,0.07292439669672071,0.03778329078058258
neuron_356_count,0.15438021520060202,0.06970331033866434,0.10283465363153355,0.08406773285180444,0.27366044761269737,0.021761484786762576,0.026977487454884735,0.08486228410070405,0.05053147878215661,0.06073189322927383
neuron_357_count,0.14257050119116726,0.0778289819750384,0.13183769883823307,0.10852623291612146,0.2538413736026419,0.020600818555776258,0.033322986053180986,0.10111841520757173,0.06741622218486842,0.047053657332308346
neuron_358_count,0.13359671284484098,0.07686084983653416,0.12377726869587719,0.14482367882974792,0.3144993764345024,0.004835198479442382,0.022893732450038493,0.049173657947231025,0.08859445729309554,0.009517335346214038
neuron_359_count,0.13172442626841085,0.16531738873797433,0.10613325325134829,0.13172065930068336,0.2893262879110503,0.021813676096350584,0.02069484726748759,0.07437982756596137,0.08803650688872311,0.04009310129715253
neuron_360_count,0.12948532637007187,0.011209235305326304,0.10077616403612186,0.11658226829593923,0.31171770951341876,0.007386210271231576,0.04392691794244605,0.15385095288667386,0.08766964508349995,0.05595702128999555
neuron_361_count,0.1805619145933641,0.040001321352126404,0.14377310778706773,0.10587103173664544,0.30506613640064384,0.024448955410377317,0.04408993652057293,0.15164271164702556,0.05517258142046612,0.06724268608463982
neuron_362_count,0.09195792858585672,0.005526853775505283,0.09043669248022132,0.059522223748356556,0.23201774383120496,0.0025069639178388822,0.05815381421454688,0.1605382781705844,0.06616722391642266,0.039409430065734344
neuron_363_count,0.1507855425256517,0.012479475453617495,0.10954562547409252,0.09621809633162792,0.3382822205420012,0.007548066583243557,0.07235391439287092,0.1754842353427647,0.09515289048012146,0.03802495690694152
neuron_364_count,0.116827941790527,0.0030594348504348924,0.025364645435488622,0.019104906534977494,0.17374137337651951,0.0030628138574031356,0.04998834303402303,0.06846614534026732,0.028902748993440808,0.021399592864585787
neuron_365_count,0.11430526910888789,0.010760888221222129,0.07740767363091167,0.09297971609805464,0.25354615369801436,0.00045416060743404783,0.056141399571919284,0.1373210276269191,0.062073658419165054,0.0523705995247702
neuron_366_count,0.15367900313618021,0.0012805452959841184,0.09309439580334145,0.08860240339021958,0.30451366240560385,0.0005899182120875333,0.015581969026850745,0.2062422384127835,0.05422068705874841,0.06394387664648973
neuron_367_count,0.10142956886848906,0.0037332315503388475,0.04093138312813316,0.05172183615997057,0.21618568249456396,0.004508825597416277,0.07391428162353661,0.09347223657808787,0.05025962437062667,0.03243632523705982
neuron_368_count,0.1574782447015708,0.0395165188995376,0.02919092163705468,0.055471397887853935,0.16155924019535492,0.005412794973389444,0.1656122063776807,0.0382522652208499,0.06478775540941906,0.01808524473205133
neuron_369_count,0.14064349162762238,0.0021544362357406067,0.04222673918757386,0.025826235737726605,0.1596588907000232,0.004893033279593714,0.05501821219663561,0.13260806297860292,0.060632605373389575,0.049097931022029154
neuron_370_count,0.10948227546537648,0.0017970745978272591,0.056677633645413394,0.02424639616603559,0.12534724038286127,0.0016055229996455277,0.04937989551313189,0.12558870130446384,0.036126877108537986,0.037750433210581386
neuron_371_count,0.1435006602365934,0.011441572323559447,0.0169734236424066,0.021980332812715067,0.09308677625515058,0.008882080493880007,0.13344995266882526,0.14200598665109718,0.04927471680898446,0.04327989542208663
neuron_372_count,0.08311516279696426,0.015059971773981232,0.017575408254998724,0.035370747687920485,0.14319955580793708,0.002287560347386128,0.13075627921844885,0.054525734906140766,0.024769095531063507,0.010512322165529813
neuron_373_count,0.011074775978602165,0.05874815354677729,0.02290694964289106,0.01151999494285965,0.13410573630214964,0.014870001648078113,0.010972871435477205,0.041607213619720584,0.008110130029427821,0.015620258938552622
neuron_374_count,0.05580330381411447,0.01393238851802156,0.00751417781611366,0.022429292296893423,0.10707016739981329,0.012401838805600036,0.21724198203782177,0.02800489115868844,0.01001049573424739,0.04080352577092458
neuron_375_count,0.013334200778644556,0.024401985763997193,5.940225608228695e-05,0.026902411583254113,0.02680612736634832,0.02444151038903046,0.10173330052584247,0.020486568946182806,0.0034581459985728105,0.06616187841488788
neuron_376_count,0.0048059623553357335,0.020029709943908083,0.005139500951679171,0.013180761349814218,0.019340774324451866,0.011221494221368665,0.1193539482530502,0.011660308654062257,0.0015937147662819055,0.0239696896874822
neuron_377_count,0.08705277946527804,0.0007822973445160506,0.01558503702887893,0.012660929805541827,0.05752057732671097,0.0004350236210148694,0.19086081312379755,0.016050780642116555,0.008308592659332682,0.04602655979333811
neuron_378_count,0.0363047145075473,0.017514678061508263,0.006456869763611997,0.011259954130682037,0.003343853385885366,0.006557199535912543,0.14032815088725428,0.013305310541356858,0.0022581929160979466,0.02674546347871408
neuron_379_count,0.014650787611237896,0.006165328596254703,0.0026779948162960416,0.032410929983996695,0.06292607539113027,0.033315768857987156,0.06391594604712486,0.006122657871805881,0.0012348123557386625,0.08458214879678634
neuron_380_count,0.09060774499256247,0.01085842364555287,0.011111472944002412,0.009586154129755227,0.003289231970808786,0.002965282360134401,0.0921308368597417,0.02280820889431976,0.00863456146011997,0.005945854763132127
neuron_381_count,0.09569714194970244,0.011841351361128134,0.02674578512505764,0.0006062394426909756,0.002387908121662733,0.018583771550841968,0.11497185476049289,0.06822879623588664,0.047050208133649574,0.03462824177662084
neuron_382_count,0.1606938526958922,0.01478964279871782,0.02261023127662691,0.0008998071721379106,0.0006307998100815518,0.07068798149653488,0.059984581674363116,0.1275111728605465,0.03158036495692279,0.08840904617577314
neuron_383_count,0.10805966288601007,0.02237574028617431,0.01298738215319175,0.0035126409441205847,0.014006575253098605,0.024747866489674586,0.12556030435302779,0.056787431262680904,0.03939943403888467,0.04816227837356979
neuron_384_count,0.023878621285920644,0.48591496636053877,0.08261525477777457,0.2735888410610029,0.01101059115409151,0.009040095589885784,0.037888889547286655,0.10569005304798762,0.02155489609093004,0.10015335751640689
neuron_385_count,0.0055276095794855665,0.26364768183054954,0.015559878136656241,0.04930191630955155,0.007291626772946865,0.010070573317466362,0.00537467265855817,0.026252920742046534,0.01843071649671467,0.01096775604160296
neuron_386_count,0.010052451743349573,0.32270368610575395,0.043723927001005414,0.11360745393830948,0.00033461316681115006,0.009078874096556284,0.021975933095931724,0.09358125891850333,0.012490880416770137,0.04493072948194711
neuron_387_count,0.031463292842489776,0.7808402961268633,0.0189281402377278,0.08864756515882899,0.010175508727102572,0.004481845208975214,0.027107275103926506,0.14486851338434362,0.03706313743895265,0.03733929685706092
neuron_388_count,0.006894602918708095,0.5094782247375669,0.016267538076064417,0.07350892649480006,0.004824985205626353,0.009877146528207592,0.02576506922577658,0.17879680867389314,0.016310932429962996,0.015478402168065411
neuron_389_count,0.004023732806442248,0.49308855079238123,0.017527501462140792,0.061569786059349985,0.002829551204003508,0.0009636910076640634,0.022756787375938496,0.1002163918999184,0.009882474628493811,0.0033413468815390052
neuron_390_count,0.040520753972166174,1.0397895829780266,0.030891434356111153,0.0810583183755031,0.018375956914809498,0.003054478717551337,0.002543062448256344,0.11768093946825878,0.04903696998597552,0.04567780231846615
neuron_391_count,0.03773020082473926,1.1196057507416692,0.03312341435127002,0.06475646377228181,0.01269220842382647,0.0007895266191998021,0.009372954510690548,0.11269893873687205,0.038888532350266174,0.04498427896730274
neuron_392_count,0.03339641772034124,0.809514134969918,0.04570718558265386,0.08537650430006727,0.002471715679213657,0.0008339988103133172,0.0027593457165995816,0.06820251120966189,0.059367394733904996,0.051697655207869134
neuron_393_count,0.05658734718794198,1.092024514994166,0.02835083943451891,0.10066264074242665,0.01819731342612364,0.0063533000518614016,0.01873903435639776,0.12269007229024881,0.061426407441494704,0.08712868582305579
neuron_394_count,0.019947902587025772,0.573450840860604,0.050384346095765475,0.04828352140648133,0.011775088524640372,0.001016122199879229,0.0156692979173527,0.06274535362709183,0.03451597131983716,0.029766346405112325
neuron_395_count,0.05232337562562381,0.8356449700482246,0.017623398735616427,0.07524781174118376,0.03867364877858824,0.01573665393194151,0.030584386039247374,0.06891657070696015,0.049965445700392186,0.05371190538422647
neuron_396_count,0.03987456014657387,0.6502681915631482,0.04884596174111286,0.07677397259249331,0.029785586024985128,0.0012646033818082495,0.014015181360451559,0.053781989223956744,0.047660437522980936,0.028599266680193084
neuron_397_count,0.01709621919158685,0.43913974145086176,0.06129555264405845,0.10680911028346149,0.012648935694802105,0.000606058867421282,0.008155318747264363,0.026508781222582666,0.0435054569403894,0.021426994804956204
neuron_398_count,0.04984932177263579,0.7706206748956559,0.037502598203726034,0.05212160778591804,0.031958052909360615,7.226030679833868e-05,0.007946924106558012,0.055750219306977766,0.07814624584284705,0.027100181919761768
neuron_399_count,0.06094625362825537,0.5560305271648659,0.09146893321900879,0.12521579111313103,0.10503902477617827,0.0034671328484159186,0.015946926370438125,0.045790116086282584,0.05838334047304322,0.040947417277016174
neuron_400_count,0.064106262260617,0.5704299531386785,0.049335582811236706,0.08771715173356218,0.0707875125677788,0.0008956587319025842,0.012549659115546424,0.048958683242958545,0.05428724607144529,0.042944351804688724
neuron_401_count,0.06571254624564155,0.5369032979969157,0.1502175310624363,0.17539148639701982,0.16706242533586577,0.0010680319227912415,0.01219760790679715,0.035543503069222035,0.062456517440782455,0.10517195279980435
neuron_402_count,0.07102694754776262,0.6200624816926736,0.04405547531107637,0.0925776118083167,0.05772458722452539,0.005100049015739669,0.012783023652028977,0.05337680946610815,0.05185045194952387,0.044325223234137706
neuron_403_count,0.06628713777807038,0.3402373464687758,0.06013763701121652,0.13322476872733433,0.17646874270375076,0.004397540407156515,0.026187375128772408,0.02310305941725045,0.03869035502539886,0.03732184592994332
neuron_404_count,0.0670168587618602,0.41958439121646407,0.06186205979467013,0.1211028277202871,0.12236710057781572,0.00201707131663063,0.011349700179385493,0.02374011382847279,0.045201304756858796,0.02603612066279773
neuron_405_count,0.12460287492982577,0.4711624257574186,0.10822180443813503,0.2045632303135473,0.2643880013527522,0.005530951273346931,0.014193062823968795,0.017644375100706378,0.08635370449118487,0.04561290990528055
neuron_406_count,0.0822659795776681,0.26710274391247313,0.06194836272766435,0.09616317797907714,0.14534040814427432,0.007333281009868544,0.008766620493864147,0.024014565239583195,0.0505281662795643,0.032640163399782
neuron_407_count,0.10112814633915698,0.4096281664210001,0.06349198368989678,0.15113938201804816,0.17307048812394096,0.007677409989121066,0.0108117502223621,0.03226798998556783,0.07569474705777174,0.05140251926081041
neuron_408_count,0.05952368761841914,0.2010407787546329,0.07201105776261088,0.0917452016699167,0.1251770602959454,0.012722429257015822,0.015953481144207554,0.03248811530944223,0.057099143061972335,0.0380037373748367
neuron_409_count,0.1167951591094043,0.48009988793116165,0.11661821519979446,0.17027492513478093,0.23038550711727085,0.014745306888775078,0.009703805058668871,0.026087462984645933,0.07156618725464345,0.057042443296414
neuron_410_count,0.11900812134588759,0.5109582833703195,0.07890656996415502,0.14635110687606503,0.21623761940427771,0.004071848833966628,0.0137307911637072,0.015715863473370503,0.09062778525601839,0.02118219276723561
neuron_411_count,0.11604965206551193,0.3854851970273335,0.040691718407193475,0.13421414768006668,0.1826621676739972,0.016954218452684258,0.042546592052420715,0.0149066572276873,0.091748186892534,0.03789339824544527
neuron_412_count,0.10988198756520462,0.3669574456156898,0.11914231386064439,0.16347586127298747,0.24332950318245578,0.019007360181695094,0.007116967203191001,0.019933084264732365,0.07882598381559333,0.0464566341770999
neuron_413_count,0.15858772506140686,0.15708005657953777,0.06287781280628452,0.1624691778838446,0.35534885134410765,0.006034845357688348,0.014814384990322838,0.018884148132207693,0.10904321167525452,0.01756027365169397
neuron_414_count,0.14477871902207665,0.21558971134652435,0.05752329171262255,0.1002034982576322,0.22678540407124603,0.02945660141529416,0.05028311896685854,0.03010112089441766,0.05801058229050568,0.04388946860600555
neuron_415_count,0.13683648520886804,0.17684300068296846,0.0649040635020117,0.1271898877492005,0.2823305173827043,0.01369956616381239,0.03664933733445572,0.03447953746552304,0.07985649161225702,0.03006901253780092
neuron_416_count,0.15126478122951134,0.09501293630918606,0.07237020128672078,0.12048666054901064,0.324916830252631,0.006100356821697198,0.03679172558509733,0.02763143775061197,0.11344704927837423,0.009995804058654124
neuron_417_count,0.1045912945299575,0.045939364744767675,0.07642142117598175,0.13589112550848967,0.30878396311484435,0.0029473678647959287,0.03048399996059814,0.08733872845630733,0.07881357341993545,0.025566095934170724
neuron_418_count,0.1662233815009762,0.09169832427309182,0.09398631952882103,0.11604744248108617,0.29826831586990754,0.008930764176048177,0.03985066394600814,0.044105699928577935,0.10871009080175562,0.014554145502740076
neuron_419_count,0.09689475338889103,0.05757308390061816,0.07821318874119665,0.07921897333819566,0.2783695450164748,0.01568223365569938,0.012285472335044748,0.0746116749900502,0.053508213511408165,0.03854209510968795
neuron_420_count,0.11353658596456845,0.026123255322711952,0.036026122440368694,0.03237565587973784,0.1939039254419427,0.006568373461571464,0.04734363703043225,0.04963227313825633,0.030618422488140118,0.03565660224787906
neuron_421_count,0.12206488454729711,0.07302136293190192,0.12324476449761518,0.13058683153095238,0.3808491767880131,0.010752660512742596,0.02963730881764018,0.07862663743415527,0.09324417310117664,0.05269840596678883
neuron_422_count,0.14230540786434215,0.10138417424324322,0.06110637761033946,0.12037027388873736,0.3008555882298402,0.029134995385796766,0.07080072504268517,0.03415440721140672,0.0897804980874469,0.022521187764626062
neuron_423_count,0.17145135901804165,0.1402389329240773,0.10679818521490697,0.14432471673776617,0.3401551074343609,0.01027381421555533,0.038058810876041294,0.03342471242463563,0.0934704698609233,0.040189595272722464
neuron_424_count,0.12895668904671098,0.04951242623330687,0.10682070392536411,0.10935504345740357,0.30752374504004804,0.013761388597892638,0.043176394356034986,0.09624436366754335,0.07687371750287769,0.06854716899354002
neuron_425_count,0.0935538082951704,0.018239284847078832,0.06492720407054858,0.12365621391928827,0.34050281873659094,0.00794670549840508,0.06477107644261001,0.086118968737557,0.09607214243862894,0.029447012991016916
neuron_426_count,0.1397247140709328,0.017888832505177792,0.08299134691610952,0.029017070218990366,0.15755326275507633,0.011823956099363249,0.027118450766801666,0.127596899116672,0.026586873566644485,0.03534809933610928
neuron_427_count,0.15278907589975352,0.001344718937671758,0.07886000923722519,0.09812697914776183,0.3976151591695189,0.008884083185105016,0.02608484597618775,0.13055003672234372,0.07793675929837332,0.02873901490565304
neuron_428_count,0.09228921008995064,0.019380236318328144,0.0294073501579145,0.020140267683462304,0.08573348468753149,0.0012332033883078915,0.09209077855041772,0.03326680544368295,0.03276400315228968,0.0161444105797766
neuron_429_count,0.17983467080430499,0.008653024221929838,0.05192347544359266,0.02525937016878417,0.1790623016390664,0.006353640005788367,0.040950511499084144,0.09343196668640767,0.023135194771737713,0.02964167119645314
neuron_430_count,0.16158124451214612,0.0026467570029443527,0.057345786126428544,0.06282109814521297,0.23354536967123213,0.0069823607823651795,0.0975416990777333,0.10424349551326872,0.05162264838485292,0.03868126682231089
neuron_431_count,0.037693500055809695,0.006047002401908132,0.022671301264624993,0.006805435943295239,0.09113491666924589,0.008822884834188263,0.02414008336173115,0.014878472619413899,0.00691137379295035,0.008278697439013605
neuron_432_count,0.06445414559473703,0.0062512058666471994,0.02868971204294536,0.030726918277855425,0.1639762462843911,0.002116149165523447,0.040404347350457614,0.05803987685485498,0.01577972446849908,0.016446565798894076
neuron_433_count,0.13019190687110335,0.0026203748298913934,0.03435712203491614,0.05230058122516565,0.12463049174331517,0.0014531534230869357,0.12045239166718565,0.09627893909348487,0.01984689971438354,0.025912520616500317
neuron_434_count,0.21795575910715964,0.05174371620514673,0.040017803564282334,0.007106801882877205,0.03715059472274379,0.01978393873754042,0.1493169646447413,0.07714682591016372,0.10662573563735087,0.029269325233539464
neuron_435_count,0.03470037672841008,0.006942322763942341,0.0033637970261145168,0.023280703687136473,0.08468220716889709,0.005113250244345724,0.1282444546455313,0.016925141679080984,0.017351309127307642,0.028044028025454668
neuron_436_count,0.030136374805951147,0.01854380144309679,0.00033862570518095275,0.00789991416386001,0.005469777802004354,0.015381875673896667,0.03937872029477358,0.02635317768734967,0.011943958263179816,0.06437018322244957
neuron_437_count,0.008479779639079903,0.03296144805551827,0.012818111356802529,0.02829878501368667,0.1240102529342614,0.02276936600350085,0.04426517935305116,0.008950434420213295,0.0031288150150193695,0.013880137000595955
neuron_438_count,0.026935980707108842,0.019712020066659605,0.011557018157458104,0.028928652855676106,0.11728961599455331,0.009327006947745749,0.11898227049553335,0.019976868867455838,0.004375175602728492,0.025217217041272763
neuron_439_count,0.051125785790901754,0.022404494739710318,0.0009727325361171459,0.013137527990871124,0.008803088968599378,0.020376017928943016,0.05145881536194679,0.04666761488915225,0.016646008452095927,0.0629260398392235
neuron_440_count,0.007876348228174165,0.018778982595319054,0.00044388520174288605,0.015707078869783613,0.04357683345031372,0.022836377167981772,0.06915113599897249,0.034613603030862354,0.01534281877780723,0.09669203627682431
neuron_441_count,0.03204270496715599,0.03809599440872356,0.000744987517031755,0.03945564710385194,0.05434120438613707,0.039337759342304345,0.01871657894921446,0.012436719971472035,0.013206822065723416,0.07002037175631376
neuron_442_count,0.056453377987563225,0.03170915925432162,0.018026972260773808,0.0019116140960514696,0.0027250170524153045,0.0023053325238703397,0.20511172056411028,0.022473001934660446,0.0013667666949099613,0.004751019428090241
neuron_443_count,0.10051759362973428,0.009058683584264544,0.01799125306014944,0.006101295036379462,0.0024479748457188304,0.013091346389774827,0.1593345818251078,0.03188246714043955,0.009799472566736918,0.02175258365498657
neuron_444_count,0.11119661178151855,0.049025899831565925,0.02101429268780075,0.0023761235425568197,0.003424828795160255,0.0068554357917483405,0.21253889957888425,0.007473844264714365,0.037485598547568694,0.009813680519591972
neuron_445_count,0.10015752309354217,0.0035616924782378434,0.030300365655756348,0.004718673016318519,0.00308362077520943,0.00953088316127039,0.12762736655918228,0.04288993226286003,0.008009002655158637,0.017737181509474162
neuron_446_count,0.08374185683913471,0.006052722678183475,0.010362293355657609,0.0033370957405742703,2.3576985070194014e-05,0.01776326992129225,0.11102783202680275,0.038384015880120366,0.019012618920744323,0.016459581056025088
neuron_447_count,0.012693905513958811,0.0010465366625838739,0.01114956151799748,0.007967444413770897,0.0028132957221196223,0.02959297196000904,0.025963400796698025,0.0004483711645483111,0.009085445844091163,0.0026968635409924113
neuron_448_count,0.013477104635217604,0.3905682439451731,0.018433900301303388,0.05818050476910468,0.006341564107061694,0.020894489214326503,0.01974167189137059,0.12362897575771953,0.01900370751393428,0.024428630272479997
neuron_449_count,0.016669448486414017,0.4257254708360405,0.08688255720148333,0.22048661867441238,0.007180670344622227,0.01080106221860927,0.02316637320996072,0.03302063943883757,0.014264154855642837,0.07911237865283374
neuron_450_count,0.02653514889443504,0.6530244493940487,0.057313769588981156,0.15891503954157224,0.00255492838792122,0.007847459983681193,0.04736481939860569,0.17755047551483288,0.03449553844282367,0.06484449941592145
neuron_451_count,0.02727129402628286,1.0107045397719776,0.040380308183798744,0.05039316623704295,0.007358737692326216,0.0019196151282452234,0.01072663333873796,0.09345838628805143,0.030479845197252563,0.032414814201584555
neuron_452_count,0.05552959948855971,1.2438764093608061,0.0436047353214348,0.1060835159332921,0.011154199530709966,0.0006722036068302183,0.015335075374275683,0.16985164713281725,0.04603135499845317,0.054759904228325676
neuron_453_count,0.06173720122985097,1.2789702823609808,0.03714487003983622,0.10228773131985266,0.018381821345205454,0.0007083604706335685,0.013985238155707888,0.1431947195941452,0.06657591754927086,0.07149771478892547
neuron_454_count,0.02333585019514927,0.6132063784053671,0.027523917444668172,0.06919639335950457,0.01660398831323169,0.01205610383171983,0.013221800016635532,0.08846875875037633,0.023921932962962515,0.014163492878117264
neuron_455_count,0.029175305526272406,0.7716433307458248,0.010343768291013807,0.03612859393228331,0.03138821937189194,0.025677633268347856,0.011948910637981439,0.07358596489871164,0.03309306422009488,0.05643701957832616
neuron_456_count,0.03204563351985927,0.9825701335543433,0.035800058220894486,0.08948891040079224,0.021800336388484894,0.006521537483817473,0.022875408948498294,0.12034274723018526,0.04248817814602222,0.06467274370306111
neuron_457_count,0.0310613953939469,0.8853022801397794,0.01603930036889953,0.06180453929663156,0.03215148570711634,0.012244703253412812,0.020397450651695265,0.09801344748511034,0.040635942449667596,0.061856045035142575
neuron_458_count,0.019667326991578464,0.6517632759832089,0.059951163728488716,0.07087681154314865,0.005040616866935941,0.00021367480018666092,0.006259659040017025,0.05451533618284523,0.06248137078901382,0.04587637675857
neuron_459_count,0.05661366206782212,0.7335095147260262,0.022426720705421427,0.04291196458299547,0.02274843675109274,0.004208749981757116,0.008174591981723413,0.06820994308928652,0.042118167989144084,0.026823511145493042
neuron_460_count,0.03943439938356699,0.6073493668050394,0.026896707700833217,0.047503546250525996,0.026378430559987093,0.0026659568910848037,0.009119605209030698,0.04163675916871837,0.045485571645777545,0.02563917904878207
neuron_461_count,0.058209017900710286,0.6946082561492213,0.09530777298306581,0.10494128819321541,0.06607517833260393,0.000424280764157574,0.00792603258625942,0.03564393880486746,0.05276522662124078,0.04316557887701199
neuron_462_count,0.05319865569593549,0.5730545804461795,0.0906518074062363,0.1044014016007847,0.0726308776279917,0.004610796967993314,0.009995363716820756,0.03967914192671522,0.05481891729190261,0.03231383287177389
neuron_463_count,0.07604467489185512,0.7221213372121646,0.02205201167005051,0.051297670243322685,0.029897452778788206,0.0033130881176921187,0.00475156012296962,0.05746910032942801,0.04885765759673888,0.019478942862487365
neuron_464_count,0.07761069807710833,0.4718735296798252,0.028808587482178682,0.07307884435919165,0.08534044110164576,0.002671359101307197,0.010888465587046849,0.03326689841060054,0.047038506921086215,0.026084135119494256
neuron_465_count,0.06543373631898702,0.48677867878862147,0.051928418023293677,0.06061496568739025,0.08039061247583018,0.002573046037557855,0.007760569489245549,0.025787886861096426,0.050113132233747026,0.04366474830318491
neuron_466_count,0.08589123233606386,0.6476134664247506,0.012788683166518565,0.02140960504143607,0.025360274252903752,0.0026445468162840796,0.012105677823210096,0.0872079095244433,0.03639561594620197,0.030231318253736896
neuron_467_count,0.11552237293136097,0.6032179311762684,0.04600934161842499,0.13015496008829494,0.1645364970044784,0.0007594385501193401,0.009791361931907567,0.0416809091103552,0.06986444877568124,0.03039148834291499
neuron_468_count,0.05344615830417643,0.6125583249766359,0.043275546412604476,0.09926623490467157,0.04585361721140645,0.0011385811974401784,0.003596240136890975,0.058320167089543025,0.04937111936001794,0.06012015795662598
neuron_469_count,0.12040052261785386,0.40177346541539866,0.06066117714141367,0.16357146881232923,0.26579694286547567,0.010946202921658363,0.00837071489859426,0.011897604814026897,0.08045319382560276,0.02537331053618684
neuron_470_count,0.07875448857416495,0.4671775850209,0.06250054770092123,0.15766610590876745,0.15070485383667473,0.0010675044315099028,0.002270118288594778,0.0345549886103155,0.04315805311005891,0.06900953738880305
neuron_471_count,0.09578598486937684,0.13345903225764105,0.08734797609048447,0.15671245547115648,0.27072233147562064,0.022952026177672967,0.009664116940735004,0.03706392173576173,0.051604474668622946,0.021895175271231748
neuron_472_count,0.09862645646111773,0.4140235800181907,0.11149727285612696,0.20843036002320753,0.20411698648813192,0.011904465024064892,0.010283817790151431,0.024840119172731115,0.06606672058477031,0.03964855888917593
neuron_473_count,0.11413270631647882,0.39147377169944153,0.10355959806232107,0.17206160000086088,0.2194560221730053,0.011665462944850595,0.008819067445284295,0.028177696839033872,0.057582221796814215,0.03516049107379095
neuron_474_count,0.13679455956893447,0.3027495720470498,0.06300124684889188,0.179151345957299,0.29499750135451197,0.017601736176000818,0.013346652706330009,0.024927606612850692,0.10084283206267755,0.04044177164490355
neuron_475_count,0.15319885734084468,0.3832631276833094,0.07979404832425224,0.14344575992792816,0.27168803680671566,0.008293904972054386,0.007937703047535227,0.01270960217898686,0.09894144300979263,0.022460138550799508
neuron_476_count,0.1290297069708888,0.4203835079071702,0.05821855653210739,0.1676251127645891,0.23780057313080533,0.008679751785990987,0.00583160999398874,0.01567744446163092,0.09766557985437252,0.02992255779528226
neuron_477_count,0.15136186147752553,0.18075451788627922,0.08055834663060793,0.14060350441947084,0.31433699507385343,0.014047228899442307,0.04134195353762332,0.0035153047512943222,0.08083920655588128,0.011236423744735533
neuron_478_count,0.15552002438576812,0.266705597411388,0.08760614081900317,0.1494457097121384,0.20000930096896105,0.033591968501967266,0.03964710334339547,0.022205370338858943,0.062423091343140724,0.049032587739795186
neuron_479_count,0.13393003473798407,0.24796038122668418,0.03951448647298515,0.15323485673258208,0.33385145126254756,0.009953492910763986,0.029199691376425405,0.005145657765740719,0.1219296501139043,0.010514654894295435
neuron_480_count,0.16050282185697917,0.10893526698464961,0.09172640385700409,0.14379584252614447,0.3069846796536998,0.021107078058538842,0.039433481899651956,0.04422159060045555,0.0771383471794389,0.040668659885019
neuron_481_count,0.11877582503297812,0.16357266519510655,0.08512605943692284,0.19389634995635385,0.2779806657879067,0.009305576273123117,0.05611892166664298,0.007242590707447587,0.08756295273534698,0.015293220162031121
neuron_482_count,0.16763941320249287,0.17301112220183432,0.08780021974676569,0.17008135194640026,0.34658979213735597,0.02105968387739885,0.03941161393223576,0.047776832950520404,0.08058997708267782,0.06065632168585827
neuron_483_count,0.134133925040294,0.10397830889845819,0.10403694227263394,0.13621120826751748,0.29393650298333335,0.0372257396934097,0.039868895936448184,0.05338288268842739,0.06496954006698213,0.06463624194800685
neuron_484_count,0.1318650949058009,0.06073537238088525,0.07213234853605463,0.12012983442949582,0.3506856632673896,0.011030152631543319,0.04026002074033383,0.05388706799982587,0.08036829263240111,0.057366316841149165
neuron_485_count,0.12156500687444852,0.013205536031484527,0.09035975628537382,0.15244012228863707,0.463074797615701,0.006426990474135315,0.0215709477553037,0.09856512263625006,0.10652974193356377,0.05294126184208664
neuron_486_count,0.13615115092688526,0.11424915683434494,0.08036514553489746,0.11575350353974087,0.3431109278880868,0.014648784780341276,0.020261685651397382,0.05881040091895842,0.09239360591012757,0.05035839378490878
neuron_487_count,0.1246107994677007,0.03809871603037297,0.12719885019169686,0.0765177776694207,0.2968313820786002,0.01632673539409482,0.02619937437002852,0.08682359198712647,0.05189740539560664,0.05758379678257658
neuron_488_count,0.08804731425296583,0.018823278972418214,0.03995186450189797,0.09755678939870474,0.2529870352412891,0.004094284243007708,0.08017297299558088,0.030405859085549464,0.07332452965376807,0.00996436089652197
neuron_489_count,0.08844835868634787,0.010349508147174447,0.052712659914881194,0.10006104222116388,0.2822596261667269,0.0006264910586012765,0.08702709906794673,0.04937829638654359,0.08725634366720506,0.01607743999862859
neuron_490_count,0.1346893784067518,0.014272055827210944,0.08158054950950946,0.05574179112662361,0.23018118856473677,0.009138610975309602,0.04739327463648475,0.08249174949003615,0.0626519057963805,0.05095031853026839
neuron_491_count,0.07398238951013486,0.0036678718144156925,0.04316102133709396,0.1038405984733543,0.38554905493893005,0.004449951123888796,0.0664733784101813,0.049971161768217726,0.09222440422013836,0.016837730066098153
neuron_492_count,0.13837936447610186,0.003716176895472878,0.04718200358892327,0.03463671789109364,0.19472651394866708,0.006411721778712291,0.05874324926889832,0.08345010157080876,0.04127088901455157,0.02856798815504312
neuron_493_count,0.10444372486087708,0.0008979372514256248,0.06715246421490673,0.0505887380781746,0.15198520667085644,0.002286774711844901,0.06021887370638815,0.11240065512543482,0.04088594570103904,0.036504524941070385
neuron_494_count,0.14849213973141417,0.0037364820573552796,0.10133641219093426,0.04949175531682412,0.2500887778573512,0.005175016740661162,0.04158713362801286,0.1262007703086994,0.04869790481682154,0.06599041568356057
neuron_495_count,0.14363180863786693,0.0028944948601821487,0.030913142707612584,0.022118470813349937,0.14406922875045405,0.002562077791539972,0.04542405290600793,0.11076290561412022,0.03251651526683613,0.04649636244654086
neuron_496_count,0.0979011092334734,0.0041353700751434325,0.009058730099448978,0.028239933740604156,0.09468216378492594,0.003088844900131213,0.12454771960225178,0.03706611074273526,0.031727299081798235,0.01512925762611536
neuron_497_count,0.11816516442777286,0.008818110195718497,0.018175409839322115,0.022534379009654784,0.1770659077149994,0.005919557507965481,0.07037395429743193,0.055580828255904935,0.028976211581061312,0.019571448264774145
neuron_498_count,0.1399414758945307,0.0011608263476730885,0.014259142848312326,0.017080236474308237,0.09835528996131696,0.023675656218045127,0.09425197770776353,0.09299866917510277,0.04684642805184769,0.03657325143360467
neuron_499_count,0.1509041806944973,0.006645371947687124,0.03788845142779687,0.045763432746547775,0.21466749070044372,0.0025734738849719913,0.07784208937022688,0.12631050340273856,0.05594248788944936,0.02007702706724164
neuron_500_count,0.02882954201023151,0.011765372512792902,0.007138271951168229,0.028646609437118248,0.07692677037729172,0.009416507391199376,0.06436522422782687,0.01640617932066779,0.0036276445085276334,0.012300574875478767
neuron_501_count,0.07063083605685569,0.01875430362288185,0.045506023103395396,0.024793436326645102,0.176419506950048,0.0007873404989945394,0.020169791514638345,0.07526702339353547,0.02238359218763372,0.01604069517858568
neuron_502_count,0.01957875875064448,0.027887167637235935,0.018559769443628152,0.03880466734390521,0.17312936309467597,0.018155080758697498,0.11392732092902631,0.010105724181024081,0.00790237180171962,0.029142301149806128
neuron_503_count,0.0023785856844204707,0.05807934267564929,0.0023174050166604454,0.015615236054867698,0.09288072751956193,0.025954482739338168,0.09817010384592051,0.01043708093413097,0.010015547302936995,0.041825852814613707
neuron_504_count,0.08645552591013003,0.013215439799051681,0.020852608894182556,0.030480331433512323,0.049072199442016864,0.012297830999425635,0.3035289246881775,0.018597627315121285,0.008931663760210158,0.03008647272752282
neuron_505_count,0.0235066156640599,0.0021091582108038673,0.00310745660840964,0.013099699049376343,0.0013759409628245154,0.0034773396449445694,0.14582065422748255,0.01812940353695753,0.0013302532600795395,0.016069524577441985
neuron_506_count,0.006324727965719951,0.03256540157743279,0.0017881786809361925,0.01750745252137452,0.03125828261007041,0.02375346579831228,0.08927914167961687,0.00982040853806548,0.010975197548174595,0.06481008478367178
neuron_507_count,0.08244746167235441,0.04147028674372847,0.02463961474759549,0.0019061139881466418,0.008791179440205188,0.010304841882710195,0.1816343691589017,0.00909250885137516,0.03150262056205699,0.006023694250747787
neuron_508_count,0.018749833118215223,0.008332892566153945,0.004093307629388421,0.02097920996668748,0.032132505771941114,0.003647831439953543,0.07458396914742049,0.00765805029201156,0.008114847433190499,0.012170581719208685
neuron_509_count,0.08871921825905382,0.0076026846187037915,0.009757623425160837,0.0159255230472116,0.001088208841275893,0.028911533612060725,0.12030103400551413,0.05105280208981762,0.01874050121502424,0.02534416614797068
neuron_510_count,0.12372449809925828,0.024283338949306538,0.01898065079211257,0.0017530649690302598,0.00035324346927056126,0.05399098585583484,0.14030560991415877,0.04726561638018709,0.018183851558977268,0.032422576340312106
neuron_511_count,0.048037526874341124,0.058597558300763894,0.0031485832090891366,0.0005635469586142312,0.0009882175110358937,0.0038977164008485096,0.1174778402768537,0.01804088802976847,0.0018889500151026348,0.007985260113144578
neuron_512_count,0.012461286167057183,0.4082157372969945,0.021819003766201606,0.0460175645322715,0.014728672079606046,0.0024809354909958534,0.03533229052359178,0.106429769283933,0.015917433348152633,0.032207712361716906
neuron_513_count,0.01819207061136776,0.4816771857612934,0.01678595634443427,0.04372897465002904,0.017945232572971728,0.009627472946626497,0.02968585561586668,0.09918162481816067,0.02883305959221914,0.05653400321100292
neuron_514_count,0.02192896816008076,0.6045242844872101,0.0218706771170412,0.0690755096480605,0.01600528740979975,0.007990149155596704,0.01746617977527494,0.1125900348670367,0.028801620683913787,0.030380800609877454
neuron_515_count,0.05881240704228032,0.6992635608304174,0.02258893193325684,0.0858375863350328,0.02518147776546986,0.0063126038079515286,0.033853993132594046,0.12872401180995627,0.04015716368117063,0.08719180828324465
neuron_516_count,0.03777215019465063,0.6486864509282414,0.016383975807376376,0.07693857042340918,0.0023531476450232135,0.003200260512755352,0.015754268829910024,0.13361154599497127,0.03796813191332193,0.04001594406219979
neuron_517_count,0.05465120015651446,1.1842710937005634,0.04721235954101405,0.09280758374695383,0.008878070223782744,0.002827920763359394,0.009051438776468516,0.11697640669202587,0.05636811833780374,0.05442993504122327
neuron_518_count,0.045731045870572085,0.8999464719169041,0.03344711308309511,0.061199649614492785,0.005873238596463589,0.0018040159577135846,0.0062320282051375395,0.08341457361359927,0.0689953675882212,0.04516996694364751
neuron_519_count,0.03836409857766902,0.899187295515373,0.026797991193085673,0.06353375142403939,0.01605871181571462,0.0045203957845170485,0.013188395237715013,0.07897983469900288,0.051908496842727095,0.061242903846311224
neuron_520_count,0.004865661204267322,0.6091967075830012,0.05747742400243573,0.07357807097250944,0.00246989973171682,8.901496305787336e-06,0.012612668115130319,0.06429537541333016,0.0302344843506753,0.013245511134901702
neuron_521_count,0.0419796711951809,1.0020537283728017,0.031182114791065446,0.09487532334774892,0.028454374773044324,0.01807813413087474,0.03172878992686942,0.1278758834500406,0.055541061329151584,0.05050961115712753
neuron_522_count,0.026648859111355026,0.6709491182262698,0.04550528493154482,0.11284151581427895,0.012144448932193803,0.0005685816719652945,0.022711893106998116,0.06365137978900405,0.039699134178233175,0.03062033092932756
neuron_523_count,0.04822286487266936,0.8561598006462727,0.016765751057640152,0.0699913350667401,0.023305833357990982,0.01193481350158693,0.019284010681943436,0.1134531074140446,0.04889124564288681,0.03034823745812593
neuron_524_count,0.04861528981050775,0.8183168574179103,0.028725791862832376,0.051153206053821815,0.02663391603531453,0.005579134000060361,0.009524420074854024,0.07694938160221132,0.05718382590462766,0.04175782490402295
neuron_525_count,0.04711117658816477,0.6839912701389269,0.07203024106437772,0.06705969277888471,0.022509547061183854,0.001273157633775647,0.012176732417895964,0.03416906282431499,0.05424123568675818,0.028329225583629117
neuron_526_count,0.04363221334551576,0.7678816578184674,0.09207838031453344,0.11543892510993928,0.04316952563354637,0.00047534189786650055,0.01766133342227026,0.07508983435861472,0.06311807426418829,0.035202657136143074
neuron_527_count,0.12237097960503202,0.7305477784282577,0.014750552848958223,0.06637384368541414,0.06627369695974596,0.003998330088474413,0.018764722983905524,0.06871128071846419,0.05009509510986178,0.05159373107949596
neuron_528_count,0.06294044599957083,0.5546280796514611,0.034882681604502114,0.11565435854247938,0.07106586234569551,2.655616140115856e-05,0.011271337745741017,0.04522486900905526,0.0547413284891025,0.035399268444051626
neuron_529_count,0.12510091300613,0.8893390690613987,0.013600333077994613,0.05590853546264367,0.05262370007512912,0.002509020583172379,0.006435696611084524,0.12942468472144858,0.050632291560699386,0.06894796590823492
neuron_530_count,0.1279215580892323,0.6739245957718172,0.0026032010693441236,0.041089164378051546,0.06743396208967396,0.011095001529940501,0.016489288904394453,0.07876615765181,0.049316977085314476,0.042069986562397396
neuron_531_count,0.056108565672909505,0.41375334910593514,0.00397832053250937,0.013618317400408364,0.02985443414646137,0.0065068689294775495,0.006361849349406187,0.050613569037302186,0.0357645223233924,0.008273901737685035
neuron_532_count,0.10580143632695316,0.47910260999704823,0.019514117748396217,0.07594101195469741,0.07940931009774874,0.0034275907135228358,0.006156145186972599,0.034011583621515275,0.04248456349371574,0.041195558426987106
neuron_533_count,0.1477054357036001,0.7719368726889257,0.051828692614920346,0.15475748159754982,0.17750522969778232,0.00664162290949849,0.013389703145313781,0.03765130817627276,0.08667205853505358,0.04149944679600354
neuron_534_count,0.0960860486866269,0.4699137652395624,0.051333387070401804,0.17366992872095696,0.15940902242533786,0.0035775551771733763,0.008599243246901596,0.02862482441127643,0.05280811990866684,0.03972042888250059
neuron_535_count,0.06858584437487278,0.34509884726771717,0.025625670982238363,0.06131176303167554,0.0897415540262447,0.0034214745429631682,0.004508704538473646,0.026042442060991385,0.05367497061216421,0.016041861023587137
neuron_536_count,0.14710275614633325,0.7111715720544182,0.025435160147943586,0.12308947152691266,0.19347741434793725,0.0076170346422596985,0.005722437667802786,0.0418705887398563,0.09847256009870015,0.032255856242366834
neuron_537_count,0.11418252137901619,0.31300490186168506,0.09683322509531067,0.1544587597297172,0.1946863577030615,0.022519596265286494,0.0067007925246481,0.044283540094790894,0.06589127839905845,0.036214198677231246
neuron_538_count,0.0998262594803882,0.20748975128915298,0.018002598690360222,0.13367176565496816,0.2536492223251237,0.007753613735229814,0.012448686981864271,0.0012968713143690393,0.06922729921225024,0.007151958243283525
neuron_539_count,0.10531224915710108,0.335623313856871,0.02090945475270513,0.11789550137123411,0.24037048652920906,0.011782804369489017,0.022844855857265534,0.016119712406597528,0.08875887456550688,0.021052372909850296
neuron_540_count,0.1576910981192473,0.29023621524808074,0.05865682117601889,0.17020593906139383,0.2830539807029315,0.010501765302580741,0.030348683538215723,0.010152063935584169,0.11084173316357163,0.02253717417833103
neuron_541_count,0.1329492419714015,0.3421155956838707,0.034236725497231224,0.14949158080030858,0.2198492095321165,0.012720602996172253,0.04870891082469375,0.004254644862834757,0.09343913811810126,0.013733236226533264
neuron_542_count,0.14063360848894066,0.22274753654668863,0.05150191266589413,0.10219177952678785,0.23356570235595106,0.027066380154081054,0.032200444871769,0.011082653582330772,0.07605567314263101,0.03977131717856297
neuron_543_count,0.09637655714778837,0.2412890066279696,0.04546473376188842,0.1612637479727237,0.31455720934176873,0.007939712740191736,0.039580988764949254,0.021498863191597134,0.08671355829907659,0.006671755992394706
neuron_544_count,0.1602144814465902,0.151518668507089,0.08785888173690254,0.1358860538792532,0.32627233585202803,0.025899294539536835,0.02533414409203351,0.014214869031560412,0.10283031811034013,0.027013273885811123
neuron_545_count,0.11046975101568407,0.16157667836353218,0.026385570631200117,0.11623840936925903,0.23107585967908517,0.01707173088869135,0.058542587581070976,0.005962726991232377,0.08224557476043623,0.01848920866458012
neuron_546_count,0.09234361856402329,0.05425205930466992,0.028160370854105735,0.15267461742642807,0.30962433697907543,0.014180110584194577,0.07617949808303356,0.01816228454649535,0.088259911529035,0.009898639089313242
neuron_547_count,0.1137122367277606,0.11125241207806302,0.03300203116762211,0.10897087866942479,0.3164085521130029,0.006251274648900858,0.030142916559977667,0.002512498435920563,0.08319597666976813,0.0068957208106851485
neuron_548_count,0.13424802023101018,0.10221128986515068,0.09075526016520646,0.1621515380065042,0.2918824289631185,0.013800522677379329,0.05858931466259079,0.03116169200838184,0.09542711873622339,0.016773429454377112
neuron_549_count,0.09664523923431692,0.05942603689516879,0.060868341912381885,0.09753200213749874,0.27966421290712673,0.01800158740206153,0.03666755740039429,0.036579696003763415,0.05716137700170981,0.03598448251423647
neuron_550_count,0.1497100794395805,0.04897349491005301,0.11127579556985778,0.08238734038138212,0.3173982643434965,0.017785315284466217,0.03480228092312129,0.08742852881139118,0.05991738453285536,0.05965923951516276
neuron_551_count,0.14393537075893387,0.05069190802210982,0.03721313020641673,0.1046727572339809,0.28372192217592945,0.005672267832997874,0.07895478882657048,0.049087863314357744,0.10162705081917903,0.02448712665286131
neuron_552_count,0.11423526655469182,0.0395209138375989,0.13501384952556977,0.10803943602690882,0.3361889242532834,0.022379187135342815,0.04393628234270214,0.08525893627056372,0.07488671690360943,0.07793663185290509
neuron_553_count,0.1493537542891311,0.03201379744574197,0.10356986363072315,0.07550171393523339,0.3271775908301676,0.019694749440498496,0.02431667679807041,0.09886183634297493,0.06543844658038492,0.060756906659753016
neuron_554_count,0.06515336721013465,0.0031964221713732324,0.030613902238359983,0.10585466395015777,0.2842669767380592,0.0027356935958900257,0.0943808439817562,0.04428305095881066,0.09952036104560438,0.018293967766274597
neuron_555_count,0.11986226368856637,0.01831888302731438,0.08256717063382304,0.056849074449597,0.1319775427451406,0.0037242011839829017,0.12374476668752443,0.1296785801954341,0.06878582400028616,0.04240041277762727
neuron_556_count,0.10063093965688033,0.01702769853067617,0.026196731841168205,0.029741031706298285,0.1781665085192665,0.004439395296166118,0.10695600707886115,0.02903179362526706,0.046287400102983454,0.02064522963550028
neuron_557_count,0.11940473545644117,0.008766172831450172,0.037183693014436345,0.042778271766051236,0.18796563036156244,0.0006409200867981465,0.0723590686732675,0.06471508313771927,0.029088020455270175,0.016528849759267966
neuron_558_count,0.12740479734538185,0.0016713072727059016,0.05320354432124563,0.05479721879241212,0.2004272523971376,0.0021809604393770027,0.07941174869698597,0.07426664845898184,0.03061466488528533,0.031498807900764605
neuron_559_count,0.15916193408339277,0.013644585619341301,0.05815302580870188,0.03284601617163535,0.17291303706733716,0.003062244133509466,0.07742152151660348,0.06685458958615922,0.03336965775620866,0.024682934677273116
neuron_560_count,0.16512343241829505,0.004824901639385055,0.04208763886480228,0.033143663430890855,0.2090623544147703,0.005124098032714686,0.07358153622094618,0.09961177993891929,0.04014332820468644,0.0493733704045386
neuron_561_count,0.1530481137735299,0.005290332542563364,0.04660556891071421,0.03556204527733782,0.22055491296661633,0.0017755920386401981,0.05369234634137371,0.07229710793374006,0.023293272442043864,0.025762524206764698
neuron_562_count,0.12769764706786887,0.018748484433682183,0.024455578772089273,0.011534635776677717,0.09425879381262155,0.00040253244987670635,0.10404841559987546,0.02481493139733651,0.020979340404007618,0.010291353673242045
neuron_563_count,0.1636242427286712,0.022344281638667723,0.022751812129732596,0.027360988474500095,0.08101541533319274,0.0010003737047989472,0.12157145676250357,0.04366489990027428,0.040370317097030387,0.012564322592422274
neuron_564_count,0.1157047184859436,0.008640868380183242,0.020143945840381344,0.02239352713786026,0.08699004204637718,0.0030542868093652448,0.17111704189401641,0.02571604959539718,0.0156424022176678,0.018316602929467796
neuron_565_count,0.1217948616944384,0.010967096102772203,0.033963060483862995,0.04484212207902891,0.17106931052467267,0.002456785524243719,0.15795816301516438,0.032831864684270545,0.02295477135380515,0.016198765424491054
neuron_566_count,0.006351845274950113,0.062318775560677137,0.012539337117204268,0.04540594711621972,0.18883760388880638,0.008811249402955183,0.036024270419714496,0.038265463183933354,0.004588673595762789,0.016070234998311714
neuron_567_count,0.06702327112925555,0.011342469747946499,0.010036428496641589,0.025475044727804028,0.112717703310165,0.006850397516648652,0.2289389396563003,0.01796873333563684,0.008263114685133507,0.0468193040104913
neuron_568_count,0.050819499678884286,0.00836897917095111,0.020221162995544634,0.027955447228086246,0.12660451746911694,0.0031647704213622306,0.16984137642549124,0.017425147738246535,0.007209684409134347,0.030135700171228286
neuron_569_count,0.004214839959366618,0.0013849410661870946,0.004966812147253613,0.016205539401729252,0.005654047928856936,0.03960668794977122,0.0677725375419066,0.02152270948366367,0.01530941706343341,0.03258726117996914
neuron_570_count,0.07189565544796234,0.00239806577976873,0.027021257318527586,0.029010565575225356,0.06074147793564065,0.0058719919379675925,0.09712795531038575,0.01973248160535116,0.005000772247552429,0.013320179915161316
neuron_571_count,0.015934842931723037,0.0015961928770324395,0.008571106051131549,0.004512897902779665,0.00137629162866735,0.008154171427654608,0.15121703637732503,0.00993874312466562,0.0035501522132246315,0.021727347562670016
neuron_572_count,0.2070802574664647,0.02236930443084563,0.042890913119164153,0.006218838356337686,0.014153157893255303,0.01966909362323617,0.05739460957477442,0.11282887476918915,0.04783731530835364,0.059437462178198675
neuron_573_count,0.12393406331011175,0.0020276510576502614,0.01866718033825923,0.014576240814727531,0.00575084599540468,0.017094266768886646,0.08641215130454398,0.07638111355204977,0.013772140223359028,0.03048382454114798
neuron_574_count,0.132846711940764,0.01210191232440485,0.012329968770109528,0.005394998732723116,0.0034582508764145464,0.03356667627249289,0.11742626630785107,0.04869262191571622,0.01809989461539742,0.037675872298572416
neuron_575_count,0.0798862341601976,0.030876149452818538,0.024632716227974347,0.004459201168798298,0.0020953593839148806,0.017855373113603544,0.12471364735740645,0.02656450388787409,0.03318179266543231,0.024249038287669368
neuron_576_count,0.0005750777686103249,0.3030336106141501,0.01687603768968436,0.023919460171166092,0.00044147524199433796,0.0023275819456017796,0.033828561058760004,0.08383074094062351,0.030162422151298898,0.01120031024620484
neuron_577_count,0.022192798224523906,0.6079867018417568,0.003314812488178196,0.013319719101457447,0.008853858770131146,0.002765050490389675,0.02543543755456884,0.08457776315798117,0.03191220006588136,0.03927024964088628
neuron_578_count,0.02765144080688886,0.8652989132431697,0.030372745940872678,0.0882103786111238,0.005441189476952829,0.008525839151955915,0.02580162002552415,0.15065396205336015,0.046694553004029124,0.04055960259546383
neuron_579_count,0.02292619264581179,0.752089198876856,0.0071996249681514045,0.036561968542229636,0.03118559468682998,0.009800510649039692,0.021143913156253913,0.16297093443385158,0.0357174761400335,0.035294013101188196
neuron_580_count,0.04619956869830129,1.1513949263742649,0.012169587652778549,0.04162368479238017,0.012753880511707113,0.0014654627311214662,0.0075383605650621854,0.1283035325952187,0.054108622870187625,0.0679315615463299
neuron_581_count,0.02003428757732881,0.6097226433430628,0.017178078358706002,0.04403657677747718,0.006859364531312608,0.002712461583708282,0.009588915741986177,0.07606853725803313,0.027666241517926984,0.020761536321661344
neuron_582_count,0.03118707458349694,0.9599944529756526,0.02875281428920628,0.06377477097895806,0.013947916627008086,0.007157840185259619,0.008602666423842283,0.09948665028982706,0.05612966869836033,0.04460023843922195
neuron_583_count,0.048448543820385305,1.1012337360601179,0.02601919471838589,0.06925463955180354,0.028508347813391295,0.0072282424706041695,0.009369731088822851,0.13086264229676545,0.05748438581032402,0.07387943225066755
neuron_584_count,0.03410427515545417,0.8341888368184052,0.03563774545444537,0.07224821432215722,0.006286386828984328,0.0035429741880116123,0.015315117751320786,0.12181922151469748,0.056999272814404575,0.040756186134647654
neuron_585_count,0.03736405344267911,0.8197859775460576,0.03364481701116627,0.07630050686134393,0.027155041860465783,0.014771012488244764,0.02279374102463788,0.07748812127019955,0.06441136492429352,0.060977300876138237
neuron_586_count,0.02484344227436846,0.6894059263390553,0.03336087631189345,0.06622604208685855,0.012285050787816143,0.0006693262012279731,0.015708710738734442,0.07946463012400656,0.03867852937196979,0.03739772621788495
neuron_587_count,0.04640519664924203,0.7725855016506498,0.025111066624198444,0.04756375850075511,0.027734253910996758,0.0022959466529833025,0.005550577725653386,0.07389074337190811,0.0712398589044638,0.04832945112911507
neuron_588_count,0.16558484546855032,0.9757004375905928,0.020148386529334636,0.07064728173698331,0.06568563207307121,0.008840071386160327,0.022529008705851943,0.0687071526247336,0.05481398750363847,0.06337981995459581
neuron_589_count,0.07476480199858251,0.8602436864473433,0.010077985093110656,0.05960556088725209,0.03615141822311366,0.015723800090866477,0.019888952777037238,0.06984371658400443,0.047862436297511815,0.04208596910834673
neuron_590_count,0.07921018623902773,0.7351317701030798,0.023743399181230182,0.07655164975617407,0.05918162355686113,0.008012806060481957,0.01318641526792002,0.07148141302301012,0.042623322588540874,0.03724989660470466
neuron_591_count,0.12758645748199535,0.9577915286252265,0.01876333153154368,0.06463295936998517,0.04847820027677849,0.011973794777689655,0.02204276583322514,0.0942793839012667,0.05167591346164006,0.056845439608391286
neuron_592_count,0.1067944088219793,0.7193856521825895,0.023205754823890687,0.06826918485830415,0.07917235982222195,0.002019533164725397,0.010732630101318481,0.061505361620961055,0.068498409856816,0.05763665130379203
neuron_593_count,0.09617789622552259,0.6763002821515294,0.022450743719692315,0.061726935317222925,0.08494408564157716,0.0001836082091062883,0.010020391446396937,0.06985823920976572,0.06324975293409704,0.03254010137211694
neuron_594_count,0.100340460404991,0.7574992275437832,0.024242533161046256,0.0927965267887761,0.07296932702674483,0.0006744965713817511,0.005298773314310893,0.09779571190198628,0.055927955432461124,0.06380076170617716
neuron_595_count,0.1198465543402179,0.5257331320530504,0.048536554377559465,0.12230527078317566,0.14610796056220116,0.0005891338431430141,0.006649771488234599,0.026419858907186497,0.0538822651277962,0.05155662749682484
neuron_596_count,0.1528591641741398,0.9456259098820803,0.016931719875358145,0.08589654577134705,0.0708272792675536,0.014699570261926954,0.010869678472869057,0.09231131629391437,0.04976164911707173,0.047825055228074745
neuron_597_count,0.11645696023425675,0.7284133402008505,0.021919638758866475,0.10593375088211324,0.11635899846830913,0.005815855752668707,0.008016660286143958,0.05265996930786564,0.06820947718313503,0.03615779594783751
neuron_598_count,0.1436584777012311,0.8956041633800345,0.01722849388923353,0.07349607387688568,0.11154368286175326,0.038498301735727186,0.033232053655932695,0.10819826942594002,0.06259957472166053,0.05316017539227483
neuron_599_count,0.11403037051478357,0.7731508036330519,0.028355324715340524,0.17240833449741302,0.16479611448431403,0.012464632800019637,0.02476560513454004,0.04685328289214502,0.07761414798233374,0.03362055860975802
neuron_600_count,0.15429124999677896,0.3630870751500508,0.046728919975133815,0.1432245265317072,0.1979580998282303,0.02183264726783242,0.033136654053027015,0.02566531417800373,0.08969098539259338,0.0248902533548052
neuron_601_count,0.1384818655002042,0.5239229884492599,0.03899541649240887,0.1454446235824153,0.2072827825989973,0.011706505411956593,0.011581809637817526,0.024600928962434723,0.0885371761846813,0.02603827075899398
neuron_602_count,0.16581583344015344,0.4044499079474806,0.036598588846305846,0.167448309855573,0.2546015319623653,0.012781996879984867,0.023403355329518802,0.010435743811429591,0.10301551621862806,0.019053145438338585
neuron_603_count,0.1423062210862955,0.5484397791395472,0.028657020969372046,0.1659323561006835,0.20560969614821212,0.012497199706510309,0.018232471582113788,0.02571225118985697,0.10052477313234612,0.02628157939837455
neuron_604_count,0.11593546572932267,0.4867900992385288,0.019672231475461835,0.1385693484991833,0.20010872972035956,0.022281602677028556,0.01628473432644381,0.0377443086426091,0.08294135911741657,0.03479073399120049
neuron_605_count,0.13453020147036107,0.3210773884360233,0.01603772018967896,0.12429098850958425,0.21189133442120625,0.01958069896903497,0.019652171345070094,0.025449756335294373,0.09551692898365272,0.02947618096680199
neuron_606_count,0.13778597066267712,0.38393830415082814,0.055490605518280986,0.13674860201392464,0.2269080460714503,0.019742904363815122,0.02190573830640112,0.02229829221978584,0.09455730325662862,0.053644948146763766
neuron_607_count,0.14923750972707117,0.38275344615588824,0.05125296766701845,0.11672890403475578,0.227292768200143,0.017937113337827874,0.0272266204255312,0.00978767117664494,0.0952741538671596,0.015420678436388079
neuron_608_count,0.13758925473656183,0.3302780792901252,0.03752845479205584,0.15602248461523646,0.2830342033919311,0.020688571085515875,0.022836066127600585,0.019814773050809028,0.10869693133951061,0.04438488126034652
neuron_609_count,0.1599285035889575,0.24786965092809987,0.077137198692251,0.17042881537962823,0.2754754973282081,0.012152021327684476,0.05363441404708885,0.005263127381485773,0.08994772824776837,0.013730871765242646
neuron_610_count,0.1333655106652691,0.19358392803577018,0.030427163558558873,0.16660730324991035,0.2938417140608151,0.005299633033382017,0.020382324271910113,0.013211047019980132,0.10509424385628494,0.020135786433745112
neuron_611_count,0.11450930355812824,0.16292703721289598,0.015181684246609942,0.1325520724164287,0.21079381435896216,0.008741884200720543,0.06624391256144724,0.005009976298340647,0.07721321980073725,0.011634756952933992
neuron_612_count,0.13149856429780352,0.02815076679142814,0.06779673391078048,0.07179969570803899,0.2868886463649286,0.026161104023526532,0.023614935727485464,0.09275534098884369,0.06958120385308542,0.06213910951931817
neuron_613_count,0.11603132681207287,0.10041821382581775,0.03789236348692565,0.15753271081639836,0.28526058446145547,0.011926155014234677,0.05071759435069256,0.01311859583951415,0.0742684129853741,0.011834436240349695
neuron_614_count,0.07254172841596851,0.06582199181743217,0.04401308889562333,0.12629412778209215,0.31075204950757634,0.009674866444151303,0.06173972255732643,0.027168529033999994,0.09569270062087315,0.017831369673630172
neuron_615_count,0.09441867484389826,0.016914939954710037,0.04422827340833711,0.044677226941228956,0.19971621013845992,0.006134811490177611,0.0612161834044259,0.06018926011589336,0.041853041131078544,0.0395990398773986
neuron_616_count,0.07120324346026077,0.07823587186834602,0.0081712120582925,0.11763755405327458,0.2961868801315025,0.008000396495312867,0.07607588311691021,0.0176642546137588,0.107240137400365,0.028086583720583078
neuron_617_count,0.11907360519194923,0.01049680453680557,0.03542634304678788,0.10176510382425544,0.2385298988750228,0.0049343890040689994,0.1119727905514517,0.08577226057370488,0.08537062637948917,0.03321002995325846
neuron_618_count,0.13413718578744258,0.02253609791225744,0.07244427097564993,0.06767226385599867,0.22252216893755705,0.012315503903480185,0.06856574001978627,0.08526729952606929,0.0675717949984638,0.04236819563099563
neuron_619_count,0.11470971398495386,0.009238660887030563,0.05045040450034197,0.08059500136455922,0.2654589628718561,0.006347357518314965,0.10121124402682355,0.07151082452617719,0.08873181173180422,0.03371308912627061
neuron_620_count,0.086587997318117,0.021622365302740074,0.048908067016037116,0.096547099491925,0.19019583643994387,0.011555891378494554,0.12124071618061524,0.057978741686968566,0.08739849420533155,0.02892744456951972
neuron_621_count,0.12571796122815065,0.003524092767328904,0.04674587592370877,0.022135725591145447,0.08541208354965277,0.0033287117376642403,0.14029655751480521,0.06761971251585852,0.03341084141205594,0.02055298003100628
neuron_622_count,0.11366944552212102,0.0013534068376126664,0.06617718892902222,0.03872015188856154,0.16289314054277587,0.004881177106288846,0.07806185237083446,0.05757663085708667,0.040531117696963256,0.045088709470573585
neuron_623_count,0.11789294289693555,0.006928521908616762,0.03948826818332886,0.042910767661290414,0.17162270040271219,0.0010696360039077792,0.10205538921470522,0.04465905630469101,0.048907381375241074,0.038459260319477814
neuron_624_count,0.12388506626673895,0.00398040045386352,0.0572460310356131,0.03563547663266077,0.18029112538177658,0.011167152911956052,0.08769229835104955,0.11077102293748264,0.04145603937643924,0.04690770041382962
neuron_625_count,0.12395705282449168,0.0028278727321918162,0.04301021785211642,0.018923723650207308,0.08928707043206977,0.0003420200698882655,0.15531134007354644,0.040506443845067214,0.030493611602865456,0.019640313092348795
neuron_626_count,0.09115822656887057,0.007951646497539813,0.021408778198526088,0.02572505026355755,0.09182258399843077,0.005155349285125569,0.1102607079747973,0.06716600191805455,0.021859393950852554,0.009474659586359836
neuron_627_count,0.1347480485073624,0.010599449981732649,0.019875242142229285,0.024914307567618074,0.12830389474975765,0.004654612713055929,0.15309372614683314,0.036230387759684096,0.03800446738680062,0.019121410201092384
neuron_628_count,0.11941119401104977,0.006065302209494692,0.05030388913364342,0.0316048516077367,0.1784144448233824,0.003763322452234784,0.05457208335688518,0.11097177060471533,0.03561483195947185,0.029492812983292385
neuron_629_count,0.11907339906271958,0.005337327870245313,0.012820119443020764,0.03127703327611199,0.09479558197721094,0.01371057598000508,0.2456520382842865,0.01368270467367464,0.022063858451746687,0.014937194466198782
neuron_630_count,0.04266803834608088,0.016924637553432063,0.009526954897520014,0.021738749280602987,0.14599500877221658,0.015575275056162935,0.15649227562996795,0.023315170455940545,0.006392256152513438,0.045998128390031826
neuron_631_count,0.07852374069924176,0.008432434707017045,0.018028790892085533,0.01815764788430837,0.05814111307331295,0.004917847290213519,0.1818776688069837,0.025321944528140336,0.007132683649660274,0.026341063247577564
neuron_632_count,0.0651521407720515,0.007333507325076313,0.006182140862142301,0.017478280870255908,0.045283098829097784,0.004497733915502167,0.14245827669000405,0.021999701833204356,0.0015973249524011066,0.02946069499470512
neuron_633_count,0.006013870981589776,0.03546273559119925,0.021232738420341568,0.029151980042363773,0.10734878763214489,0.011672370108183241,0.11454262661994616,0.027768189374986277,0.0055301471518089465,0.022813031019859462
neuron_634_count,0.004448881450454406,0.021015343534145886,0.0025205966886858314,0.012509337233546906,0.05117419489307599,0.01866289515441743,0.11027925731768584,0.008263567583761119,0.004235037171736018,0.04659717327532628
neuron_635_count,0.0994013420414177,0.0018528721888352116,0.02417200857792874,0.014322942476421258,0.016253646554776464,0.0007862930990265645,0.12475800700567405,0.02300203050991082,0.005866351330296317,0.005273191544201233
neuron_636_count,0.12316444055026471,0.014018651275742852,0.01549483910556447,0.006783596523992772,0.002106344602041843,0.010922808925862934,0.09577343040918934,0.04737436643052474,0.020025537704902313,0.028210651505468767
neuron_637_count,0.009253370838509384,0.00023931891311820396,0.00494745952010079,0.011695129791409277,0.0026276552453021133,0.012185135711705139,0.10855714568253969,0.017195662433276547,0.01725528394890853,0.020040006087682062
neuron_638_count,0.1500746468380627,0.03218583650974555,0.020073583963454128,0.007500929047500875,0.0007196642766173367,0.02830097569223916,0.16368844213364114,0.04603272547382904,0.03359012491914189,0.0335205083742629
neuron_639_count,0.1794768394354364,0.10013287505356601,0.011643172993493024,0.0120523307044135,0.009288223415252504,0.033242939811062105,0.2835058513355828,0.011440818540079714,0.0451312774393918,0.016101914725579244
neuron_640_count,0.019811548247028583,0.5815494774889276,0.028479852722608653,0.08733282294451516,0.0016279101077783268,0.00017234274718630482,0.04340510658884204,0.16923669497483992,0.042192317450562955,0.030395529723626843
neuron_641_count,0.03894618363999792,0.8020680280666415,0.014824812764930459,0.058455206101093726,0.02104369087743396,0.002046605881192272,0.016999052687099586,0.11968588467140051,0.05418332116833316,0.04829736244092261
neuron_642_count,0.03607075409709107,0.8782837616287061,0.018785375971567903,0.06049637112955883,0.023197209388158585,0.006120580597877911,0.026346441745307578,0.16986661716394788,0.05065500955811751,0.059848125459584456
neuron_643_count,0.035827893474500154,0.8383972301583956,0.018485657673135293,0.05317121828623461,0.02326022904089564,0.006240420776939851,0.020503461988861063,0.14990894129777424,0.03559935113977925,0.04581260753151518
neuron_644_count,0.047517160874471435,1.2226002618483136,0.020938419363211815,0.08118563231173516,0.00859933251677384,0.0018897036506622614,0.007996447269522894,0.1613878488710492,0.03770005078069489,0.04718318045828285
neuron_645_count,0.048126014484335504,1.084009775050835,0.025960907229104095,0.08174366129083509,0.028542931780192845,0.0027924226034291982,0.02190472175211071,0.1724083871687231,0.05400868910571148,0.07263134228479946
neuron_646_count,0.0653728118355848,1.2575421544492147,0.028097876122016075,0.07638158433027062,0.03672737023047935,0.01320194180954688,0.019557248807837997,0.1493951974431192,0.07018692175185835,0.0870720000986639
neuron_647_count,0.02558910292121111,0.5794566759965275,0.03311370035304513,0.0927365348561077,0.0011250557060233975,0.0034453013918761335,0.011159217330991442,0.04829833587703356,0.053326601665738965,0.022637129676056612
neuron_648_count,0.060841511469616825,1.1516510194409029,0.021260960186113093,0.08679138807215768,0.04648286490629337,0.012685499142711347,0.01769977377156283,0.1635728917392099,0.052121027175388746,0.07146119395928083
neuron_649_count,0.043451781055945604,0.8277227201829648,0.012524513493386295,0.08594370680558272,0.028129779538704193,0.010621409103366605,0.020540206104461528,0.08557826607284909,0.04732207272040312,0.06289355824280775
neuron_650_count,0.066009393418854,1.1220050971425761,0.02597027481076647,0.08706850006243014,0.052268275604623465,0.024963895127632096,0.03691100250615527,0.18249541818363754,0.0652862065891148,0.07982138242157102
neuron_651_count,0.04345513976001632,0.5897524454403091,0.044942832023219206,0.07775794584572478,0.05788406263052906,4.3584967212338156e-05,0.005475796498324834,0.058946332395590474,0.06024724018382467,0.06419634061747849
neuron_652_count,0.07821132198998505,0.8862067978315038,0.013293640728642801,0.0653715778571449,0.03073885038256389,0.009583263947960219,0.014652359344079713,0.11484075741176801,0.06237112526093309,0.0757643751604426
neuron_653_count,0.05044559334892583,0.7255586028429957,0.04119673072053742,0.07947725330754643,0.01863599129651465,0.0005457537566409859,0.0069416571838380806,0.05565814227528065,0.043169985021640864,0.05873449092585255
neuron_654_count,0.1110741096189671,0.8525122764163504,0.010965102209797406,0.06903874313196415,0.0615056089413335,0.010308129134876493,0.01530225252660964,0.10236690763038256,0.0434007112339673,0.0678253750833627
neuron_655_count,0.07833425589901163,0.5142663220594658,0.015165025368741189,0.06783289368486503,0.11585929872421369,0.002576761518251959,0.013287394761014593,0.05893450727301433,0.056374337941061475,0.025348092762410596
neuron_656_count,0.13515306185216802,1.0264005578229458,0.016263911252074166,0.06546523115551892,0.059081346384392636,0.017582386980952755,0.025031030821608572,0.14969157617508336,0.053754072509838796,0.05091431800232869
neuron_657_count,0.15004390821784078,0.7805279759233473,0.011009577827293511,0.07420201738088542,0.11107488383903033,0.0006631284680412158,0.010240665455402996,0.09523666948453077,0.06952368689723915,0.03905242578771713
neuron_658_count,0.0894889009733153,0.7395290381001104,0.012535440006566305,0.089437209593806,0.08494941908691883,0.0012916068710443693,0.00881988231871247,0.09052103827209207,0.05097437893436367,0.02596133807810077
neuron_659_count,0.09357429760587654,0.42911411770741503,0.013288119163184259,0.0693653849904062,0.0880457415226728,0.0012908696067072678,0.0035322127457139453,0.03073307667212393,0.04853424158624342,0.020254843710456563
neuron_660_count,0.09400096439853328,0.6712665673553221,0.04380878153959247,0.13325193719881037,0.15453658912149132,0.0005281077163681556,0.006798282305681403,0.04794651399006078,0.057374322082166376,0.042006196882089036
neuron_661_count,0.12439240583389799,0.7712187492951716,0.006548578493876581,0.09826192763142166,0.10443405731534244,0.011101229285701272,0.009116114426493155,0.07085168740030473,0.06674802564768308,0.03903205316169405
neuron_662_count,0.13297221991734992,0.4917968071820673,0.03680689626026487,0.14618421432398251,0.15935397208137356,0.008368196305853857,0.018761052783697885,0.02588821924941484,0.06444486162209684,0.03845061883456109
neuron_663_count,0.13568439033251734,0.5198886875204782,0.06698697051516922,0.1430233027732618,0.21079642170391397,0.026484764333437577,0.030444596190489073,0.02296551932462973,0.10379006423192383,0.0407846153116973
neuron_664_count,0.15199790259201815,0.5285920062137914,0.055220137941502156,0.12798644502911105,0.17628589872230555,0.004127826021640579,0.01547762400493144,0.01997699517746733,0.0823761333568079,0.03266294845165692
neuron_665_count,0.14745924791830975,0.635053497045677,0.016474105035175227,0.12086650128404047,0.20243625200989396,0.018700978059127654,0.025238498808546735,0.043725990849728,0.09042211736070369,0.019595631573260587
neuron_666_count,0.13880198665160287,0.5775934431268475,0.04399389795650735,0.12111630452957614,0.14750269026879734,0.012169441923987515,0.007270645175819393,0.02752387269052335,0.09154670907892393,0.03851360562478119
neuron_667_count,0.16341642046833876,0.32010255570358603,0.07349137094277067,0.22625509546611422,0.32028866186699717,0.013261520091890598,0.02825076282424875,0.012396673115446268,0.10821369750132281,0.019510267803098016
neuron_668_count,0.12124324954328525,0.431064068237342,0.005979899057462934,0.11020953392036609,0.16925335238174607,0.024819445364680462,0.028515476794711517,0.020259540939542617,0.09707972348453131,0.03990445936294136
neuron_669_count,0.1392829033897694,0.3123392004350285,0.038149490248289855,0.1292704852612621,0.22149656568132028,0.03118689921175294,0.03231175948702371,0.025472145108999387,0.10886120141023961,0.03589130077706601
neuron_670_count,0.12871471128523373,0.4927141742337044,0.004517929766992421,0.08328628057321752,0.12460764619600698,0.02160832936511703,0.07505222858303595,0.021539922940889286,0.0980403965756822,0.025987981097968654
neuron_671_count,0.12752616324973276,0.2159107073150692,0.03053660146616953,0.11934815101093477,0.22311950073289322,0.02965225640785217,0.02094149059615219,0.013024263646029766,0.07377205077047821,0.035981608708518464
neuron_672_count,0.14891291860112563,0.22973990059001959,0.07333411316275565,0.16921607929490012,0.27046613220565335,0.0133117954718808,0.022782554792794854,0.010323211251148379,0.09738035549198298,0.014283620717342078
neuron_673_count,0.13898853594447103,0.4552274343236471,0.01085613438675695,0.11146557374914773,0.15025905579027504,0.016995312023597303,0.057850079244861324,0.00919251769113022,0.1053528425894657,0.02436009703033712
neuron_674_count,0.1229454037624671,0.1274444933854529,0.01625407409477682,0.12898696842028373,0.24219530183470522,0.008006253004444616,0.0847574910579599,0.0040314107000499096,0.0912354502471322,0.0072610399039839645
neuron_675_count,0.09922961966718197,0.15509381595367608,0.046956074339656845,0.1421113996943735,0.26946091009216483,0.015760826115940943,0.08992716022664901,0.016112290184240957,0.12975485925858074,0.016979057253212852
neuron_676_count,0.10505015067726034,0.09734402371021716,0.08071912054886268,0.18713351850678317,0.2869483080489543,0.009858796988198679,0.06413332159156268,0.03780745616324599,0.10816746660174417,0.0033388789320464157
neuron_677_count,0.07984204991162344,0.18975959181496804,0.01673994316999236,0.1575277157327268,0.2111009394922116,0.02114973903002612,0.07232811265758265,0.004521177994491067,0.10389126326781406,0.011109554603192677
neuron_678_count,0.14520883489727637,0.02175956713753334,0.10583832802313217,0.14010093443153948,0.36679253950487267,0.005918956155980475,0.058675054758670964,0.0858208164628319,0.0787664112427979,0.058581907208374945
neuron_679_count,0.08092114655380858,0.054362581958159295,0.034985894313440916,0.14547319232898892,0.3344824485146449,0.004483785912467078,0.09743997104465102,0.012419777956826403,0.09477238596444834,0.010535842315114372
neuron_680_count,0.0861077731459503,0.005918641691398177,0.03419888664835331,0.11909649113620538,0.3127247340603089,0.004561866827180558,0.06628350101107378,0.06489432848525703,0.07487761700893758,0.01922653103189567
neuron_681_count,0.1344689204055646,0.036921025794030615,0.06336923450558979,0.11277554518576588,0.2922275574746867,0.005353104396401534,0.10486149857626159,0.0399387975203033,0.11737722352688804,0.017287961185538457
neuron_682_count,0.10953231865638441,0.021603495752593252,0.022359437249112282,0.1139843964690139,0.34644831041370805,0.006795309286634937,0.08249934381671623,0.02666525596176421,0.07460133667925278,0.03377580235118269
neuron_683_count,0.13500184108895408,0.009796020840932992,0.03761868917538358,0.11084844620284831,0.3429916256610467,0.003009405425882933,0.07466084425664055,0.05239463387057097,0.10789673833320693,0.03845342129363903
neuron_684_count,0.08538367965350016,0.015256997443054837,0.1132091983493759,0.08111354240418392,0.22837455209270063,0.004011130555419434,0.03882466755946029,0.11372193683550702,0.0748751461265948,0.05577058353331116
neuron_685_count,0.11188902277672066,0.01608665098031395,0.034331460601763245,0.09975206529835337,0.293340977238121,0.007558829375953424,0.14030349622714935,0.06243508345560583,0.07381217559007813,0.042028298567425015
neuron_686_count,0.10053382845329423,0.007915953540892529,0.027972958750668117,0.08451654816551013,0.14992976719985396,0.006329178046716025,0.21098864681800134,0.03127279172277819,0.06385588105246273,0.03292313579194239
neuron_687_count,0.064404174731413,0.01779489494535831,0.02536632557587981,0.09788703023766751,0.17665490450274973,0.009626869359851756,0.22706262500972538,0.03701452838723694,0.07612383556405583,0.045780788963679396
neuron_688_count,0.08371418792636537,0.0011588925182468325,0.025042487825076523,0.040994454130549474,0.04064010691964266,0.001953405324369127,0.23358564609442495,0.04100905316158371,0.03980430210821785,0.012452973826074756
neuron_689_count,0.06618372489069227,0.006319960679996064,0.028965920520418048,0.052830884872854214,0.09740649868146048,0.007019425592333352,0.16595590155374765,0.07385389581266025,0.056713433155994974,0.01886210678042105
neuron_690_count,0.10498291647378735,0.01347344601469478,0.024126516841301127,0.018022350072590163,0.06847876989098597,0.0020049033320870754,0.13572942943116087,0.012329858556534581,0.023104703635325102,0.003201365439663099
neuron_691_count,0.10920292181069624,0.006096693403203679,0.013683952064247093,0.03211147819789949,0.08752017925369987,0.0023225658855784564,0.20497899435630568,0.011164386153467896,0.024298134555781115,0.017261726422012583
neuron_692_count,0.09258707023386824,0.015739401009170484,0.02110915245248836,0.014515419979123652,0.11155349963279321,0.005806055118160201,0.08598844381267287,0.03816970893625993,0.00842962899023762,0.0077487157831018505
neuron_693_count,0.06551263651756142,0.0031903318376003613,0.005292747343550022,0.017137747726173498,0.06718929734778864,0.006186626612046116,0.16090821845669734,0.01444398340209739,0.010695741405161864,0.032651829111706915
neuron_694_count,0.16085110710217,0.01216363110081195,0.030731372369536908,0.044499558239615516,0.12839205528594239,0.00512481853194971,0.10030029245501498,0.04280500364000385,0.009663984171873079,0.014560020175634611
neuron_695_count,0.03393033911468625,0.023233844444388512,0.002264631819866327,0.008166436503087123,0.017965742370964086,0.02002427472926673,0.012501011068969777,0.02692132691413959,0.0173268837711349,0.05250054804250763
neuron_696_count,0.04464893054520954,0.01730701624010672,0.004918802959282712,0.014347935553322332,0.011882027317587765,0.03328502695307148,0.010089591101749002,0.03567310307046952,0.029884509324106676,0.09343854886463393
neuron_697_count,0.049776196954698496,0.017967011316987865,0.012254446396593961,0.00833088428569468,0.0006484576782386743,0.007976384794621927,0.13351425694590435,0.012296631456536537,0.005667927219367187,0.0016712700475274497
neuron_698_count,0.007682155398589543,0.027560031368853155,0.0037964791102389067,0.01837001509212055,0.009587050280102743,0.02304984037449874,0.06305594442714947,0.0010363549764088233,0.01680558431186529,0.028357718751664124
neuron_699_count,0.033541255041231025,0.00012870676003215323,0.01491642860106513,0.0190532320336151,0.005774507899793599,0.00807899116743644,0.1677003182151071,0.014786878036325633,0.007488996452537346,0.010990225719132211
neuron_700_count,0.17554749063312483,0.027312679662500672,0.04910480330669298,0.007680419840098374,0.004988472043867938,0.022366873981938942,0.11061726472450445,0.06476071784302023,0.04392348366499625,0.050555215309328466
neuron_701_count,0.15226989668808455,0.034582520781075765,0.028506742334123966,0.009625260084393086,0.004283693730864211,0.01333236061390071,0.08410828632369273,0.02625257511975858,0.023955482321375163,0.02869272193747731
neuron_702_count,0.1916979379167689,0.01681053758208015,0.019661616519490152,0.006492591127903347,0.001984824527251256,0.004767891846519563,0.21493829384600122,0.017808206742814026,0.01577121604974971,0.01428748600693177
neuron_703_count,0.17753100213609005,0.09253752106503296,0.01793023660186628,0.003100744803438516,0.00016185737375385778,0.022439521568862683,0.28495241653241143,0.005619220636911358,0.04487091208735752,0.020483785505075257
neuron_704_count,0.01488524517410508,0.5931885836466565,0.01737992400673527,0.05919646528329961,0.0054389020251295085,0.001831171688742271,0.03380218411467349,0.16453149072726703,0.036812106198300616,0.031653808391080375
neuron_705_count,0.028436046093383058,0.567266731978614,0.009488822395527327,0.035074497840545685,0.017146530960814088,0.001451820346534424,0.029647245865760855,0.15536500587719562,0.03509789511302372,0.04130289378706907
neuron_706_count,0.07263660031290375,1.2700756612683106,0.009714597342168507,0.02835203309154142,0.03798716943285267,0.017968286896944463,0.024448034525244605,0.23969133973275436,0.04987999836168716,0.08962785988609723
neuron_707_count,0.06657864716824666,1.1350415511542173,0.012850837853497641,0.06493209424459274,0.042716354301849654,0.017709123594222526,0.025177858381708343,0.26561284580838784,0.05282858991394716,0.06490118346540924
neuron_708_count,0.08199691206292145,1.1525897224985187,0.007905680923357226,0.014626036406001568,0.026071059116410923,0.0052763948174509995,0.005151088444474192,0.13140387449601784,0.06069948988280405,0.09377140828059372
neuron_709_count,0.04872178997342867,1.0419714926225463,0.07143467747352321,0.18303932755416025,0.004650211918035254,0.00910419184256675,0.01473829936967469,0.11044947196176946,0.051939272339555094,0.05940291677615251
neuron_710_count,0.06299785605956681,1.1052445619024898,0.02487596473078092,0.06425471899243311,0.031083038131578603,0.009338171007173025,0.007008734558528545,0.14667117264440616,0.06373714321277113,0.06654826709223208
neuron_711_count,0.07566510176820139,1.2060766859819814,0.02556925473977222,0.08448110331297908,0.042344234434953165,0.017834117876308862,0.02224198088216943,0.16815171114748484,0.06024784832873248,0.07934905338781517
neuron_712_count,0.057916260695153245,1.0382403748316198,0.023050085366677207,0.06420126890268114,0.03777100238560752,0.013920057648091677,0.009934115226129553,0.14525225103501785,0.052473092117161294,0.07635137375107492
neuron_713_count,0.05536539968124657,1.092036541280519,0.017731305341549757,0.09457483009063425,0.04161250706161024,0.00903516550590388,0.020149154440722225,0.11135399605715596,0.06522372919346886,0.0833858854615067
neuron_714_count,0.056750502602043645,0.9672979378439777,0.017247566527958953,0.05991587094115618,0.03628388280551844,0.012514534099500261,0.018589112116700564,0.12385407368794568,0.05366228804746671,0.06360942156150115
neuron_715_count,0.05366785024778667,0.9892597104903146,0.01923136667604878,0.05738438541327444,0.029035677621298373,0.007151420566645944,0.018180158020958057,0.12953265802342884,0.04305282572473307,0.06856931232934833
neuron_716_count,0.06459276889363372,0.9561889225386635,0.013202689300002755,0.06628389307205153,0.02671435070173163,0.0052068611384623485,0.014032633422855496,0.14312428738554744,0.0569716478047797,0.0748049464677398
neuron_717_count,0.128521982740828,0.9086583257916004,0.016199062122986902,0.06727669758128789,0.048635691849095,0.006365608481340868,0.012574081999788322,0.10862539704807991,0.06403321481673635,0.06745985957001908
neuron_718_count,0.10818105709611858,0.934778743656792,0.008261723171067199,0.0424884116660338,0.04737632986918129,0.00909347502533389,0.014660287104242525,0.14350779584248086,0.057923384450203785,0.06412122673203342
neuron_719_count,0.17523733963763768,0.8801178828262011,0.01895104646695496,0.053973023809952836,0.04250000232136633,0.01897110502096809,0.007797747091675456,0.1069125481934281,0.044695404215444316,0.04126603920359465
neuron_720_count,0.05908981121189996,0.6942296042327335,0.010426101819099295,0.05851819429676116,0.020628594431773353,0.0015542818119615442,0.012049602630023123,0.06767972352720214,0.05721186645862164,0.048690265401705894
neuron_721_count,0.10295901793130532,0.7329640676627868,0.0031133656187318313,0.04704275216122602,0.04427308405030991,0.012183579173466533,0.003608368330509596,0.07767586842489817,0.05337491837091894,0.03765492658085399
neuron_722_count,0.10274032845959022,0.798869796714367,0.011030297674608724,0.0708279733771586,0.12134454927169111,0.002857640236130188,0.006627096284530211,0.12211281020128523,0.06788570336564047,0.03830055543364214
neuron_723_count,0.11753479406562914,0.6780163785266623,0.015742929463289708,0.0925002962360002,0.10842228566413456,0.0038265180179207006,0.0065321545285275465,0.05891512670389576,0.05457780194539623,0.0357419461574518
neuron_724_count,0.11377508935715572,0.9130904632895815,0.0025246896506906577,0.10819153437564571,0.11485740202746117,0.023776857479961028,0.021923390798241536,0.08507454640253798,0.06464065735620234,0.04000846207098244
neuron_725_count,0.12942393052329476,0.7712057348061259,0.00881186955730392,0.08941847935766031,0.13027824648913822,0.006761392445263262,0.022394253391539942,0.09316400587927601,0.07641607436435299,0.03532262641463557
neuron_726_count,0.18279050093303523,0.838188213610334,0.013975401146444934,0.1340654805828003,0.10510997039580053,0.012100961433251914,0.013729300114542632,0.04715398285430328,0.0685572764837482,0.054270581717157436
neuron_727_count,0.11043086168099764,0.6018729677909928,0.0031718909708545514,0.10793367349768351,0.09128990704755077,0.010049974093901626,0.007832322482098978,0.04411390351324451,0.062183748720286564,0.029343049095220633
neuron_728_count,0.1475201978493118,0.636640049545225,0.02761233233469687,0.12906580657435426,0.19530400127602573,0.020166938633587983,0.02541593126096403,0.03598014766209886,0.08042077552987223,0.03464030784616552
neuron_729_count,0.13306611498953347,0.4724855004420736,0.03339020168453467,0.16346812512295658,0.2071045112705403,0.026750778175892928,0.03763636532966237,0.01963944292864074,0.10889337295945226,0.01949195918184346
neuron_730_count,0.14860040959851556,0.28522944503532494,0.017536897653423394,0.16113450054530054,0.23317235407158732,0.015396393154132368,0.01438263781800464,0.013041528728949286,0.1094520563690421,0.012960208055150154
neuron_731_count,0.12720076075764045,0.40627365235340307,0.01813106234184747,0.1638816083178778,0.2278737360282318,0.031003507820406298,0.02678346083413144,0.0335175239083276,0.10602904569631705,0.023958898212156986
neuron_732_count,0.1566732670172916,0.2963363230132836,0.027504710451397435,0.11772572758027233,0.21447094875026843,0.02041539872695812,0.04862219401951032,0.010929092813139134,0.09950763132357054,0.0270497852182654
neuron_733_count,0.19230093701514683,0.5447117787518047,0.027025566336175706,0.14706095072129272,0.19569723997836122,0.020538792585793067,0.025884745187979064,0.031945474810783234,0.12348186297488292,0.03504630586845543
neuron_734_count,0.1286074490274367,0.32549692647651907,0.01077895817356922,0.09347720658162059,0.184337890902636,0.02170915533904702,0.03248762200037032,0.022532225449522394,0.08324965596200493,0.029086268935159573
neuron_735_count,0.12429998829174563,0.3512899798888265,0.027322775677731864,0.13482296664103965,0.18095570390261206,0.016911319189010968,0.04425643217485237,0.008261714671563286,0.08787683167714361,0.025408072756479407
neuron_736_count,0.14218712696573715,0.35434787467493467,0.020163387643033076,0.13175014333338014,0.21267639362299828,0.015268782634012983,0.033016462292156254,0.019000081351559128,0.09059157983878197,0.013897918814716482
neuron_737_count,0.11468705981200886,0.25085988863649117,0.032552511647121876,0.14353754744520406,0.23856227928951823,0.009806455827610888,0.049967702617828264,0.0073875012451657535,0.11554262234046242,0.007085670270400548
neuron_738_count,0.09480624394989726,0.26429792728593493,0.011007922559446201,0.1250247947906825,0.23566135583934367,0.01876048850456756,0.055573572197034016,0.008083528965084404,0.08416039517198387,0.01494911790327156
neuron_739_count,0.12242939888321364,0.12688773378277246,0.049568739723831245,0.13014268528644987,0.29034241163672236,0.012809690735452184,0.0572623237773654,0.02484473506064054,0.09189414753074299,0.023190878587898874
neuron_740_count,0.08534377229607767,0.06839071063139954,0.047613232242272874,0.1585958996621675,0.31614854450245916,0.007274139491568972,0.029881875263599242,0.015710513972546955,0.0861820499419245,0.005492904043962316
neuron_741_count,0.09021869800569612,0.142557576925289,0.018478758803958883,0.1478450765927103,0.2118072712011673,0.02195629114964967,0.07364295828019338,0.016444822923753433,0.09961300675690038,0.012180564205621837
neuron_742_count,0.05229336422595893,0.16809738174551936,0.0028244846961858958,0.12463223083874128,0.1886314027460958,0.010924095140420198,0.0778153771773703,0.0032463786908209537,0.10268803923744266,0.01997420964599972
neuron_743_count,0.07582783730660014,0.08651883818102596,0.00986752145138732,0.11603174962981147,0.21442617586009652,0.012650898542306457,0.07589596063560505,0.01963655762473468,0.09606777288557267,0.007932529056023417
neuron_744_count,0.11551454823969143,0.04577865517724802,0.05247544643012972,0.15337109283379283,0.32505307526824273,0.007823357069811854,0.1210624100827574,0.024017374361471916,0.08033248671732998,0.01445802516221386
neuron_745_count,0.11977251736847896,0.03367602601355159,0.037822852269652735,0.09313055112555474,0.2563138558190363,0.008571938975675722,0.07088326731507136,0.04586091463580749,0.064986626452117,0.028738532951419732
neuron_746_count,0.14441381723368146,0.023390335986553185,0.02990973453800176,0.1122564455144702,0.27461180677808367,0.008764494965608396,0.09355377612675012,0.04917963657850488,0.06913471201715224,0.034279656023585056
neuron_747_count,0.13843503742028396,0.010380855682038156,0.0739188278253475,0.08144633773993001,0.27565424158514423,0.009759582292079946,0.08770427744597609,0.10645522929727241,0.08635334001896805,0.04452041096498138
neuron_748_count,0.12245680031219189,0.00943485026639912,0.061345661944425284,0.09069088818648705,0.27473705451113156,0.006482237139095785,0.1170659500091896,0.0767547694553253,0.08666845779922133,0.025320636032465864
neuron_749_count,0.09125691971230213,0.004036128557211886,0.057587123688950415,0.11228038646809252,0.26529706601624187,0.0011450760270837537,0.1443568816393077,0.07664410741821534,0.10751359122915122,0.015608578815023186
neuron_750_count,0.0652500027652694,0.018597152226474532,0.046094169312886,0.09762113728142746,0.22676066883889406,0.0016642647286847223,0.11096841727000581,0.09466122317908936,0.07174353253751567,0.04719031207734292
neuron_751_count,0.10206216216570768,0.00906826426451901,0.037657318975388016,0.03659902402647941,0.20064954664453494,0.006325150612991388,0.05894350120433002,0.04398488940204631,0.02672692191750216,0.030170252643503453
neuron_752_count,0.14281463134103256,0.05104714539507765,0.05838710516217746,0.06700372227451315,0.09877029001901713,0.004403839833805257,0.29327518362644145,0.039169309507397526,0.13741057356380082,0.03243404081547256
neuron_753_count,0.12407658489947038,0.0005950469957665162,0.04130977944466571,0.04072643460731057,0.06782280320676999,0.0004392365878942168,0.1774593507297458,0.053915364880194966,0.0576230663798752,0.021840140459110494
neuron_754_count,0.11369641976768852,0.003375124148383892,0.01633975351719613,0.017446557331321666,0.033262156752591455,0.0023157124165524737,0.17443034995668372,0.04763090397297308,0.01341953223239957,0.012432485821447986
neuron_755_count,0.09691808851565162,0.005761121730695503,0.022342300221454156,0.014631946530657344,0.10785231660485348,0.0018624331414616897,0.09523497748049775,0.041417684057011,0.015892021751630736,0.013497829703192132
neuron_756_count,0.1232922254785431,0.0016444053292022018,0.02624169121032288,0.005005184412059535,0.03614344849911623,0.0005490749626405559,0.14606555169030522,0.029136621730099357,0.03338424785394736,0.007999187632390423
neuron_757_count,0.09205146487076174,0.008135334969240182,0.014663686283842375,0.027977017706659814,0.09199296125748721,0.0038840252555899617,0.13410085851374717,0.05645526295808863,0.023593534207625277,0.014313606803776878
neuron_758_count,0.11213570670135195,0.007922456235672934,0.039744737079612374,0.011539028679095481,0.00915304998292767,0.00501652428726089,0.17336116900196213,0.029834367343322857,0.015446499377293227,0.007111034891127799
neuron_759_count,0.07919535431113936,0.003789621867687762,0.019600914873028924,0.03068467474934572,0.07507562277619818,0.005615543232865446,0.17812017000805971,0.039790630589053674,0.02283636297411995,0.013683139608662992
neuron_760_count,0.013303612613595046,0.08607205564143322,7.527692580160052e-05,0.008529371799911336,0.06327829268836724,0.039253982364141946,0.014196122675255766,0.002022275106654937,0.013893146413272512,0.035891372735993056
neuron_761_count,0.13457088731845457,0.003022462783029041,0.07803425676353978,0.009449648103846561,0.021176971756471055,0.00963692864270084,0.11627373924259637,0.12678611526947225,0.04732529665289828,0.058004065249845416
neuron_762_count,0.17768102946661732,0.060839668821171644,0.02622282016676991,0.0054871796019815965,0.003097819054119686,0.06086000688420845,0.2474710458747692,0.042447707379413724,0.08809260923732615,0.04328217231618056
neuron_763_count,0.13406997027848677,0.025808894364954094,0.039451313009814,0.0005812423588719886,0.01139629524492819,0.009488111239576151,0.18577551297443748,0.04049880731252099,0.06779920854144031,0.012914548392479526
neuron_764_count,0.051888267990214815,0.0008532246905894967,0.02286063416770727,0.011197003342370199,0.005157459424199595,0.006045305591931796,0.07804689433451154,0.008297426388935797,0.0029208654232112698,0.002951697853346383
neuron_765_count,0.22170833675869345,0.04737065095555336,0.021175966401601458,0.011225829353510651,0.0011795920741311736,0.028721358011996267,0.25586485025948746,0.02627342055837599,0.04914032250591324,0.01213606503372635
neuron_766_count,0.14116337232051318,0.03359889883051935,0.008757549698521466,0.007631875457835495,0.0016283087224518468,0.015440529504183502,0.1820077818138569,0.01902073177152446,0.03550375041077642,0.014715860354392922
neuron_767_count,0.013479375778239336,0.01999386006857584,0.0032327512378456345,0.004144552705495255,0.004875700970069653,0.018544901670646777,0.06163460221130092,0.010357398094802864,0.0036947897497105545,0.002381196536634947
neuron_768_count,0.022249003172139716,0.48959349746621866,0.02020419481271417,0.08905459866533334,0.011610494373187027,0.004144366420246438,0.025274892711384084,0.09195974128516624,0.029550074494445085,0.06769045756568336
neuron_769_count,0.05302162536455598,1.0477791262823533,0.019762736855332082,0.05445733330536581,0.02380609359987902,0.010501227723136329,0.03993859338950169,0.18405801906812164,0.07030354352467469,0.06559198707727411
neuron_770_count,0.06457924004764548,1.3379801589807059,0.002579154839836964,0.02277894178712706,0.023303138016660972,0.00561972646869865,0.01010613047699084,0.18117400678369272,0.04793795023709778,0.08813679464751559
neuron_771_count,0.04064749232166454,0.8580936262762724,0.016409672108658763,0.07591364403165127,0.01621387042059568,0.002638379590335884,0.021434828689011767,0.15273018771422756,0.04727808039752279,0.04478275358525502
neuron_772_count,0.06826937427805732,1.2970769429662132,0.030610598949056392,0.09722654188929321,0.026022893375523798,0.008117850877300948,0.018271933227632306,0.1947005900139824,0.07477687259869271,0.08521271125810506
neuron_773_count,0.04751207602931777,1.0522365861280383,0.025582056953921208,0.05057494119569525,0.009308597083439361,0.005903764435832397,0.0046499385000688676,0.09144257526145574,0.06869736770675966,0.05573172034085069
neuron_774_count,0.09836581760485202,1.1642612496276885,0.02128950453705309,0.07105999457327603,0.05754762494711862,0.02776218862755585,0.03119201448958018,0.16222820703870477,0.05320328587110558,0.08086558104317679
neuron_775_count,0.0937757253819671,1.183247727905821,0.016470620699247703,0.08000352032910048,0.04691477248771627,0.010849438248288858,0.02906145239380066,0.18310529250839655,0.06461989694694756,0.07693304799520552
neuron_776_count,0.09871587658671077,1.0640516937830782,0.019617800090219434,0.07306654007906357,0.05266603655943802,0.02362966257746702,0.027590222290622475,0.15392398847285843,0.04306580820186726,0.08571715674977623
neuron_777_count,0.07716815763301244,1.1867500170961403,0.01542205398652748,0.07660810565030121,0.03484537995007149,0.016331490613893235,0.02665281492524703,0.18705862411624585,0.05181628483657674,0.09735677825401345
neuron_778_count,0.10539903075987204,1.131838525645105,0.02394690341932014,0.04057295830717089,0.07320838344597795,0.027579289464742945,0.02630453685313284,0.13942017183972563,0.04980324541769756,0.09609480080698618
neuron_779_count,0.10987903310202582,0.9372291706505265,0.014588229384096776,0.06998355355444322,0.034731778258862436,0.00573167904692912,0.012298666953621307,0.11230875555243103,0.05216657008010214,0.05311689369332566
neuron_780_count,0.01040610314210963,0.4326914108600197,0.005858559887617118,0.03767321723875386,0.003337562787446062,0.0007354182393265792,0.01097842592169146,0.06493816837778046,0.027730754542030056,0.027266989198268664
neuron_781_count,0.08814630087498135,0.9600970530512313,0.016920275672814716,0.06827029444787261,0.025946221735421576,0.0033846320925317204,0.009482259305020592,0.10511881734626458,0.06335793904370651,0.07004816887078033
neuron_782_count,0.12949712235329514,1.0633750504681172,0.01472408233677834,0.06088430615972578,0.04311845736962053,0.015711201458444797,0.017096326665676655,0.14760557497716464,0.04994080172194636,0.05857384325452166
neuron_783_count,0.1246508164810449,0.9558004256397322,0.009982781995363336,0.06746602102440383,0.06514154242444369,0.016919645662092073,0.015199418207931976,0.1408556642266135,0.05202141828202425,0.07242550435647416
neuron_784_count,0.11348965996082991,0.7280564468892539,0.007456076823165403,0.06599874837087857,0.06680946509825374,0.005900996104508345,0.004825286301129023,0.09718101980098126,0.05043913988639731,0.044432351653436224
neuron_785_count,0.10165154421945277,0.6812757426879092,0.004702805577833424,0.0638976880980277,0.08218153064542999,0.00917442636328434,0.003927256693145819,0.08206122910263747,0.049050148155718065,0.03748401345861191
neuron_786_count,0.14050262813629416,0.7264777010483354,0.006310032106323027,0.10509163043019562,0.1401373258024887,0.010183593308304456,0.00916705189291845,0.0746796543697747,0.07486712719642508,0.03522962596901037
neuron_787_count,0.11175110562912677,0.7731636473331195,0.002877141084917531,0.07569739824539301,0.13747328056586489,0.017843776190181904,0.028619101864423582,0.10609059463250325,0.07409562776891307,0.052231327354625184
neuron_788_count,0.11785943310301364,0.6966957376823079,0.00688476359359845,0.09098232358907576,0.14147600415551279,0.014760235742531422,0.015899540237269007,0.06791013769654614,0.07805271333292046,0.03346002841945521
neuron_789_count,0.1313055305633525,0.6150815491902597,0.012787672828401968,0.11079365650289813,0.11629313402751726,0.029781092180441504,0.018421723797258385,0.04790549508158385,0.07814946086838301,0.04252392311577889
neuron_790_count,0.15346615515054543,0.6813678009057862,0.029824577861523233,0.12987864626918455,0.1902125454022225,0.006230501629906245,0.007476991458750512,0.043900805296443496,0.09742790696885087,0.03601704844969578
neuron_791_count,0.14777501632174045,0.7226677130993141,0.006275274114218793,0.126687814527919,0.142724646353148,0.01801412304655002,0.01542085140339234,0.038896503043392275,0.07857465134912403,0.028819868781210324
neuron_792_count,0.1331320155295007,0.6364532950594884,0.01443930801970662,0.08136368111407374,0.12154702810692358,0.03773498529352429,0.04223863239836528,0.024030724479045577,0.09273681449746346,0.02123116988884617
neuron_793_count,0.09926819437935502,0.4666897006897727,0.0069220468952461145,0.13857972438938868,0.19089661081504639,0.018995173960543538,0.013314243329977896,0.020299493190583738,0.09610954143837844,0.01682391633827956
neuron_794_count,0.15138858010453954,0.6097243529738636,0.017179684794217262,0.17557197197492688,0.20549982742140432,0.021272763279465742,0.017886159443884886,0.01908483202360965,0.10931506348846368,0.02015908146719699
neuron_795_count,0.07858646497312782,0.2924342343301932,0.004469287160606558,0.11194984287045262,0.19958916396663567,0.025052060844858087,0.026297558249225278,0.021467410990137922,0.09263350476546714,0.015374404884567386
neuron_796_count,0.10733313521421342,0.24205338498579515,0.013293000245940441,0.1178461479078069,0.19630136527561717,0.029738781531449154,0.029440541230679934,0.02942751931466854,0.13166279826788646,0.01701381377499717
neuron_797_count,0.13146381738166368,0.4450623152445179,0.015048275513449283,0.13296623632270518,0.23145485713057584,0.01573201811732995,0.021879181553008456,0.016213954774485215,0.09394860871350053,0.025537387961113746
neuron_798_count,0.0866544611942596,0.30379988805099145,0.013368660188404609,0.134298750256315,0.13495088153080798,0.0326629208544664,0.0738118160074307,0.03239207716951339,0.0751424745101287,0.021240201238629162
neuron_799_count,0.0823742980113886,0.34226336764552,0.0012746017991508863,0.14031259793058076,0.17501423501451824,0.015215317316796262,0.015626820136517824,0.010552549320875163,0.10601701743745925,0.028026753445348163
neuron_800_count,0.06783853007943699,0.13700433787338132,0.007012672906518665,0.09015892715617843,0.17195510076816672,0.023105086640686306,0.04388650936991606,0.0032283674156498698,0.05807228196084982,0.01804051585297895
neuron_801_count,0.08565184128162301,0.17680517048638705,0.020494658767402904,0.11412930843200145,0.23950652407486417,0.021457966803116957,0.039366625523521714,0.007265074554463333,0.11038856171076328,0.00812151134042989
neuron_802_count,0.1099102688020803,0.23360535592192644,0.00854515724795394,0.12245371943731323,0.23051065795477826,0.01584076306283147,0.04651327036290731,0.009635650147967603,0.10575307160906344,0.01461813975985296
neuron_803_count,0.09248960941506826,0.11008953719318712,0.022916616939880813,0.1302758419305966,0.24473377906486637,0.021932792200264214,0.06900570187581706,0.0077892582817824935,0.07450846967975075,0.016525751822225283
neuron_804_count,0.08848990936276324,0.11067338121510104,0.03496179273555999,0.16322095620033408,0.23484479770235606,0.009645530325074828,0.0738290802027434,0.008981616122238925,0.07393421617112017,0.007630706894308992
neuron_805_count,0.07637166624671737,0.04729145978787003,0.02152941400838887,0.1488957954571882,0.29895822121647103,0.011895435345263189,0.08097678343816364,0.015104113233885816,0.10845718457085823,0.01162133202789244
neuron_806_count,0.1098199004022864,0.1694195066335466,0.03883693203418395,0.14532503693786222,0.3100989850801747,0.01417587273354902,0.03524592286153752,0.012686661673744548,0.11009226103092759,0.008388613567673266
neuron_807_count,0.0716079105114455,0.10379825085032651,0.014938115854286158,0.1397210365216302,0.27321184337366716,0.01589049870206083,0.09460126205002875,0.005178463733062241,0.07913781546926052,0.012530083478524134
neuron_808_count,0.06294440827883854,0.06436380958388271,0.004933395802076093,0.11298760540459854,0.28446882754874936,0.007640441002449247,0.08243260957797244,0.004075026955588406,0.09399742508703884,0.018251795515295682
neuron_809_count,0.12276667325152732,0.030442546592149483,0.021227205885836695,0.11771802456581323,0.2862078699885918,0.0076751201868524715,0.06909668524603979,0.046156231992223656,0.09540902854953592,0.01835459516886817
neuron_810_count,0.09578996877056331,0.03515243171928456,0.015562484880672287,0.1270299742066332,0.2919364352166894,0.008320030741443801,0.07808415019320611,0.02701307207339962,0.07357161315040722,0.018290980202708064
neuron_811_count,0.0997428161226794,0.03977966302925168,0.017809622941818926,0.11343243590995017,0.25359290827843906,0.006383475356786503,0.10872697285595423,0.033510302544258574,0.11159722513173287,0.024323015214046353
neuron_812_count,0.14612305888537291,0.0388087072869855,0.03575644568334224,0.08877681881434513,0.238390835608003,0.019107843843030478,0.1058777286216222,0.056661438571567246,0.07306558777465039,0.029196013332565787
neuron_813_count,0.12208824863025333,0.03765884812739076,0.02636283189268214,0.08618193548816011,0.15179620215368494,0.010344104041747529,0.12655659027258503,0.03423201848337247,0.06834961561303335,0.03251194418485143
neuron_814_count,0.06918796360322617,0.015588226758051098,0.042524563582080746,0.0851884221843082,0.2427247429990209,0.0022190357264373697,0.08202641836221772,0.07995442450495246,0.04943768044958918,0.04117654134499954
neuron_815_count,0.07610122968886326,0.008692564062782723,0.027781323876668568,0.06868314484910676,0.22903469345512245,0.02037886133301467,0.10754846759340245,0.059356238917563336,0.07873998226719783,0.0312460888781851
neuron_816_count,0.09499527381286765,0.003828912478883062,0.03294046038364801,0.0766935589229249,0.14577035909373615,0.010134292674798486,0.19012353194440415,0.048192251274837866,0.06862875519683567,0.03102738226911468
neuron_817_count,0.11510370979268877,0.017344887590923563,0.01469368817606305,0.039698612054814536,0.15274307074155258,0.0023314497963711333,0.1756178431808379,0.049790226174443675,0.028219269583912077,0.03708230452900142
neuron_818_count,0.09023114546454412,0.006473262349443504,0.01997467972985424,0.036790868071651404,0.10401460292862688,1.5920019998457964e-05,0.14161342455241693,0.028802098508280277,0.009213145924726121,0.012564081642753997
neuron_819_count,0.149299629208388,0.006186060730520378,0.01632225411022565,0.018137892313929593,0.1155633752558239,0.001782776365619427,0.13113706548539183,0.02760058991693619,0.012757406753895015,0.01806307983629038
neuron_820_count,0.10763878260233334,0.0009732128163132125,0.03278760657033847,0.04883482003444736,0.10653708274289406,0.0005525960981581494,0.165865756960983,0.051864331256874466,0.02928760306625043,0.022350805692614432
neuron_821_count,0.12629521425601706,0.013919943334175316,0.008750740180557371,0.020885275064060207,0.15671808733359383,0.001367142501833874,0.07642502948766804,0.031226384400552747,0.006490768868979499,0.022771380941491785
neuron_822_count,0.07264017761343655,0.007133033037822981,0.016051476563169353,0.007831366350186934,0.028479870827351296,0.004816641008253596,0.08911470639509514,0.0133815630033352,0.001835352171877377,0.0014909083986729063
neuron_823_count,0.13308406025195713,0.016670763199265012,0.02542382452089008,0.018134274349425994,0.030837199253366226,0.0030299155476932018,0.13172033127993976,0.014785350062269248,0.0049562310972792525,0.007096446283737345
neuron_824_count,0.10980614005512354,0.017278124244323928,0.021505907324492313,0.025763807694006338,0.00574666381675136,0.0025976347844193786,0.3265713053754637,0.022851875877871415,0.012211072762205566,0.014028341761458424
neuron_825_count,0.15704389958266515,0.0989310755948013,0.02417195229486868,0.0021949092143833393,0.010312959137227011,0.010650121926933875,0.3993573589846859,0.005543404902111963,0.06967502845927664,0.006162853442563499
neuron_826_count,0.1631757439681886,0.06773621398664464,0.040620530087408596,0.004195547087467298,0.005214000607150562,0.015977682052331077,0.22651532955953355,0.04064907814838528,0.09201139770048863,0.025803317049895205
neuron_827_count,0.1947644470724288,0.0794197369784495,0.03349360524941525,0.0017541443238845728,0.0018874564963876246,0.018994062977642258,0.31464925176724684,0.011377056046330006,0.08082480426000571,0.022767188949907008
neuron_828_count,0.22669449729729715,0.07563108174136521,0.0239538708528155,0.002502226828436923,0.0012065627393654833,0.017495294514637452,0.22155209758103922,0.017852633970030937,0.06084932005872179,0.023363742774987095
neuron_829_count,0.17797175050539465,0.04809008976108718,0.013663417304359354,0.0017412457873179424,0.009556576927959685,0.03476164049921247,0.27738025332435967,0.025574022867282428,0.07415912333246508,0.023378975295477306
neuron_830_count,0.14262447352904306,0.04699266315893133,0.010360580515719447,0.005585806685901508,0.005052875191009283,0.012112875625145274,0.2743906915603199,0.007711142922795629,0.05294006084481019,0.013938407443306988
neuron_831_count,0.19155833830700464,0.10803658720027795,0.010816974204123447,0.006757054122568738,0.004576574555019773,0.03488951575401081,0.2975601742865236,0.0036226203556862582,0.0896746772839328,0.018693281165978237
neuron_832_count,0.04016873100393688,0.6102514473553362,0.004347770829311799,0.030386150653488653,0.01881038628619608,0.004559046172943296,0.0428165118160688,0.20577321326509967,0.0151547735198762,0.020804671842904313
neuron_833_count,0.02577355491021629,0.5232943351341731,0.01813435764562378,0.06729517901285506,0.015193746106099592,0.0045516074867501775,0.04801588815624415,0.17407514763893356,0.017037514455827706,0.06258467700157101
neuron_834_count,0.06995494373794348,1.4085276561993019,0.005666487793750209,0.041395183137087746,0.022585514364776908,0.008486993502558063,0.011712489248168902,0.17571584747406988,0.0783258283428217,0.0873447484355026
neuron_835_count,0.03326266042557957,0.7696350922324062,0.010813611789553805,0.046207676681679424,0.021166480652986697,0.004687460203619065,0.015636484488760108,0.15176989468716567,0.03127566072425895,0.04178494784589555
neuron_836_count,0.06781490635519724,1.27966127420049,0.019078466654716564,0.08835884448762105,0.04418768078751925,0.022383149680771243,0.031639899980659955,0.2280018050638375,0.06027850538902211,0.07815284280785806
neuron_837_count,0.12121660929617989,1.3200155890861491,0.019594207188972534,0.0524383199853613,0.07351935914293706,0.042231206520860404,0.030981510397838946,0.16499269413146786,0.06009732904176301,0.07268621522997856
neuron_838_count,0.09154240385285849,1.2472847974695136,0.025427330243586267,0.08110197119107268,0.06694248027456517,0.03218652247666777,0.03100360138346092,0.1882114998257908,0.05707651158987871,0.09517286817788867
neuron_839_count,0.12794962656844722,1.199297929469462,0.02871245348255306,0.0692636406363234,0.05064682084042237,0.033186683627152325,0.030117246151944835,0.12446724342960411,0.06719950987292016,0.07569701606071141
neuron_840_count,0.06903618774565873,1.018122300351463,0.01548033873148428,0.07528347499008108,0.041758772807636596,0.017037490068072442,0.021050041069174956,0.11963721075813322,0.0542471535590882,0.08209075077057326
neuron_841_count,0.12530652910445889,1.2155232434415568,0.025893613885772174,0.08002292728330994,0.06369580346840581,0.025949012224397477,0.033713446887277836,0.2068037445331879,0.06791685128574021,0.07868340278767891
neuron_842_count,0.09199146029758618,0.7863430920781058,0.00535508204719529,0.06772716506964555,0.03175154209430958,0.005538524294625449,0.018628638786223208,0.08077878478268394,0.04762253351548891,0.05745226990450536
neuron_843_count,0.15891701199800856,1.0486321422799016,0.03453607506744781,0.05628326654621357,0.04850775305059777,0.04229492514596937,0.04223063923422428,0.15732551969046926,0.047316611023519216,0.05601373735224366
neuron_844_count,0.1365301342186152,0.933636161123265,0.021849852731476424,0.04717391319722508,0.041776221432480845,0.023119049291462235,0.04035897546103501,0.11733525792348592,0.056474990493268123,0.06040404210095595
neuron_845_count,0.1379309888633219,1.0787177481813157,0.015461361891504252,0.07316026183364407,0.05607984397278857,0.022050267850620687,0.022138742349295283,0.1687444771938091,0.058966539825181595,0.07561573711322231
neuron_846_count,0.1477448681775103,0.7720853065433106,0.001700930678840122,0.04542196442246734,0.08726052101397186,0.006756874624763331,0.01401724838948596,0.11615790617379862,0.0531438374887509,0.06197281775355782
neuron_847_count,0.13641469376260879,0.7390810928550158,0.0034099157297889544,0.07990680568956371,0.0798756325157772,0.005374275263937786,0.015436811181573699,0.09660026752437187,0.04000482430004783,0.022543142630417515
neuron_848_count,0.13361789906498084,0.8064559608681163,0.009165535451909415,0.060644307891122684,0.05780995498594567,0.019311993615754225,0.015174540544379196,0.10166416156061028,0.04764570995233315,0.04702685573862366
neuron_849_count,0.11332173237051191,0.8674605163697688,0.0130779279652673,0.1460148151384378,0.09913168070442613,0.004199946509061789,0.003989468833365265,0.08519061498090341,0.07630912278111149,0.05266122093289221
neuron_850_count,0.1348022185046952,0.8061021494450651,0.029890527066174247,0.12758744376046507,0.16987351956807217,0.004766290302589127,0.004008402453139939,0.06806517252177675,0.05736480147449126,0.042611123941334705
neuron_851_count,0.12643100731651208,0.8784389129778419,0.00878693295718164,0.10503396693572639,0.09450446562324688,0.011747346706631703,0.007003943191786505,0.0876548202836879,0.06674234606644311,0.04548158927262347
neuron_852_count,0.12391395735517952,0.5681314632276143,0.0032518531833322165,0.09254433543364488,0.14863674698731472,0.016039680587511776,0.011266237049153815,0.030935858529974963,0.07338712953998996,0.01243578341570362
neuron_853_count,0.14917495424411845,0.9098504906882575,0.035003533465233355,0.09721735512413693,0.04051373070474962,0.029628874091829044,0.01482349268340926,0.050942009772875205,0.06008546593535377,0.05366776717254457
neuron_854_count,0.18777244181600947,0.7724563566265872,0.03057849351690052,0.1088004682692911,0.15895747209521977,0.012354757401623631,0.00882976286699376,0.050832815366128214,0.07017461595258803,0.04612511681519686
neuron_855_count,0.12974896715045536,0.6419307147084049,0.00756057622454509,0.11078112491674638,0.1144003491936097,0.025179231842965208,0.011712677215447942,0.04640798909576936,0.06526458607272723,0.03888069159746507
neuron_856_count,0.10303921578497155,0.6925734484688175,0.0031202721212308,0.08428890811957146,0.12548978276094902,0.01324703209134298,0.01177153425719115,0.07031070631442304,0.07428627956030551,0.021637932778633018
neuron_857_count,0.14617849424697965,0.8235254656894357,0.00636847603575505,0.09628896834692138,0.08258990512486891,0.01743311017850921,0.01648610004204677,0.04020875935806342,0.08038306831065312,0.03784707798262353
neuron_858_count,0.09913019527480318,0.5687224498354814,0.008284263033764894,0.1009470216453548,0.08097032888152084,0.03623618163655001,0.031890665514118205,0.02205965324672395,0.07430623567591868,0.026494474902806403
neuron_859_count,0.11988815160483277,0.5102199316476156,0.005530119086557336,0.1336649271303212,0.146861281997724,0.0229366029686342,0.055259747926131475,0.021690868982602158,0.12862516681000705,0.029197778271420574
neuron_860_count,0.1368825667370627,0.4155397624823435,0.008825773749661245,0.09468667361449867,0.10934198307230511,0.049101507324105564,0.0319368848659958,0.034332065522908725,0.09848186601807823,0.03372048719210487
neuron_861_count,0.11262002620555414,0.39588925178763656,0.0054805868969953,0.11598662971516172,0.14151273773935785,0.036037807020111084,0.06264567458821502,0.013069088450693494,0.1024640554425183,0.0264869296540879
neuron_862_count,0.08001023469006682,0.36577884242244313,0.01213635135566185,0.17227269291105335,0.2054964868058759,0.020456949062026233,0.04756896164361776,0.0070152465243049494,0.13527843122293973,0.015275797399984137
neuron_863_count,0.0992313183141165,0.379678025868871,0.018209341700595946,0.08639771343817157,0.10869203168713693,0.05505416118980297,0.04074993357671339,0.019432557208489645,0.08971006813824742,0.03456393481579355
neuron_864_count,0.095576772091442,0.29383424162571803,0.004199211285197957,0.12335257071017264,0.1526047220068504,0.019132980867364646,0.05945667447538941,0.01869580845310892,0.08430616050292997,0.003560490168835316
neuron_865_count,0.11070589326062583,0.2936575773421943,0.01347679425249082,0.16335932888657412,0.2087991446330329,0.013738854408008969,0.06445915860434939,0.003001519911393252,0.13673697368211277,0.01666198365731822
neuron_866_count,0.0767149336668066,0.17735432269719376,0.00198478906998574,0.107219015895611,0.17175910641453074,0.020900614616643387,0.04124829113841261,0.002616299466698247,0.08780644646768573,0.009451545249742909
neuron_867_count,0.07975767713158677,0.14036843361636717,0.006396878556355283,0.1276736750877237,0.20073292093386785,0.01925462774427139,0.055901901651864844,0.002973232327503801,0.08095847253174915,0.008559764500155958
neuron_868_count,0.052539549788930245,0.32622519797513555,0.0014066957930484354,0.13743369908689135,0.1897906355285222,0.024366079720930287,0.035977484787826114,0.00570546592117111,0.11342545228958745,0.021344346407987907
neuron_869_count,0.11305882812663887,0.13450445992179316,0.0347334171319533,0.16251510255342355,0.2525509646986341,0.0055763645218376776,0.07197181188049254,0.032084102802626094,0.11468923061115624,0.009430490629704781
neuron_870_count,0.09560259258038317,0.150888386337164,0.017465305352143246,0.13343882021658227,0.2304885472396812,0.012222694897206565,0.06784060405129161,0.006992279297736416,0.10774438155307267,0.008370683111592468
neuron_871_count,0.08057358899044659,0.11084247966455843,0.0036176231380385115,0.11341148681338278,0.24221060543134265,0.017340660099496738,0.05037079877881437,0.018219775475552563,0.12181720859210676,0.0064652147332498605
neuron_872_count,0.05066493928373855,0.053261961310478334,0.008902733902206243,0.103851201310942,0.1753218764056522,0.013270418395066257,0.12429034022804428,0.00663584575090536,0.0812212210889584,0.006579239422051512
neuron_873_count,0.06424600107847545,0.027331009461988076,0.01951613958512015,0.12316493435916509,0.3127573056123378,0.007991363067633386,0.0721390975220956,0.021579099762486773,0.08471587815702203,0.008979174552276712
neuron_874_count,0.08521067366145349,0.07156994159877964,0.02279041076765609,0.126247883396449,0.34104411483434965,0.01995759116336837,0.050122542768468864,0.052874236911741035,0.09804750723466144,0.01597179750719406
neuron_875_count,0.10132676218796491,0.03553990547666,0.05088234363339486,0.1034512165646683,0.2726362803292914,0.011710938871963422,0.08394679522036658,0.0286403817228343,0.08872066016619168,0.020529499247012556
neuron_876_count,0.03913233585221451,0.01204301778735184,0.005089911012444388,0.07729008821153951,0.2133191180866983,0.006263085461606303,0.1270933330346903,0.011201631120595752,0.1137901664143271,0.013921630709193132
neuron_877_count,0.10651655741486671,0.004752703064034025,0.023408028966921138,0.07493729693199824,0.13662603232604098,0.005989109912429402,0.15822700186998592,0.04265725480351337,0.06401538013135336,0.020668300220831076
neuron_878_count,0.0890888032492736,0.01777330382571707,0.018443811685991088,0.10791672480151204,0.22932256074210564,0.008915402615994036,0.1537292841603204,0.017336192051241192,0.08265196748860892,0.018450653083039913
neuron_879_count,0.07356159475490143,0.005963723624036361,0.03079298782603429,0.09349330515767715,0.1898310208732379,0.009694217212932385,0.15056227266253297,0.05711260811897387,0.11500950250453335,0.011359382833304357
neuron_880_count,0.04295509157069806,0.01750447847500132,0.04593775730037278,0.12771790783731107,0.2521620106109399,0.0075731435377868195,0.11848725967927125,0.03394735640050321,0.09199731106304618,0.019496681395105325
neuron_881_count,0.06608997347832941,0.010722689953489104,0.014237164544054742,0.03413200296840822,0.10721869006027415,0.0006932422521492058,0.13196814650093489,0.03440910484195634,0.03522689058462275,0.010230004972371101
neuron_882_count,0.13331665288930794,0.028667695453517855,0.031244145399138903,0.06790073061044737,0.24372253737743302,0.003064203233851974,0.08013068714567399,0.12816758003031017,0.03430759082432394,0.06523678670633942
neuron_883_count,0.09556469167163134,0.010979082003124915,0.011742764973142285,0.014751862503963223,0.07853756422386535,0.0010848464218502659,0.14181454804558014,0.023013206536126346,0.006813342698135837,0.013622175354540456
neuron_884_count,0.07701170776744364,0.0028381890927608074,0.024927549105312335,0.033241797415599614,0.12815250962825592,0.0030920276349640265,0.19315197077590274,0.06614805338234067,0.07565799120680353,0.022473543973153702
neuron_885_count,0.08932063815035993,0.0010111816583921237,0.015593147870264272,0.009682621779021829,0.0474926598266482,0.0035320568358995115,0.1335322111640111,0.019217824049099816,0.0028353601305986034,0.009723502587758658
neuron_886_count,0.08080441606411506,0.005470144814195513,0.012607356260506436,0.013967178158770147,0.02966033297627768,0.005471473257105862,0.1710965530920978,0.01675364757432144,0.004757544650594178,0.012171583463419802
neuron_887_count,0.10099256942810664,0.010148536261841576,0.009940546166851881,0.019479012653929782,0.02475935151698231,0.005121125969885777,0.24143825301060035,0.025922327119395606,0.01577883876581339,0.01017354413063138
neuron_888_count,0.045416429059550345,0.029303562394592225,0.03913124062623918,0.02320141988660225,0.009463095384215817,0.006922306435610747,0.35496813611317635,0.017284613797553167,0.14392305395455923,0.018946181231823636
neuron_889_count,0.17021250341226457,0.08339002336393736,0.044082072548785683,0.003230618789623038,0.012545125967574122,0.01536129364673614,0.3561527059224427,0.014525075705471777,0.07191118316513115,0.011099987399558371
neuron_890_count,0.17288039789856546,0.08215732160336664,0.03466370035923036,0.0001634603995431267,0.004893386567583863,0.033998616252009534,0.2956705673834034,0.012044120783732445,0.08533622013219513,0.014453085246034725
neuron_891_count,0.1573085157714371,0.06402345767661982,0.049956941217809914,0.002634817638638629,0.004017360495884841,0.019237460405162665,0.2998310282150737,0.02077500520669262,0.07210989522252631,0.018930597594784743
neuron_892_count,0.15643839776111051,0.12654936570078207,0.018449449219447203,0.003896315015725113,0.006055345240572121,0.013236419674295116,0.17116390786320423,0.005491667193162429,0.0840938193465918,0.010300700874005753
neuron_893_count,0.23119078099315576,0.11727577372047435,0.023050120967689394,0.0021709216961396183,0.005300555968830516,0.019589401766165297,0.3097746011370204,0.007595576043119195,0.09208758729159572,0.011217145515226457
neuron_894_count,0.1377173048501514,0.11529789823551655,0.013615850944517623,1.6091860940000476e-05,0.009687454962204974,0.015013444737708485,0.2737213029343417,0.021448834419176874,0.049346176115790376,0.01650963951948904
neuron_895_count,0.06781147556343678,0.004434748450580398,0.015640568953556096,0.004914703595894089,0.01633728119566861,0.004422467911319547,0.08631110389445991,0.025585834985265274,0.0013762727894941415,0.005581575625061223
neuron_896_count,0.045928067179203766,0.7133539892562808,0.009791305899376997,0.029233695784401152,0.04066557511811404,0.006293428196117455,0.041980166891836077,0.269418982842285,0.03000066091750875,0.033488177384070894
neuron_897_count,0.034363891812092935,0.7016841707025456,0.00628300161118963,0.015840694353649428,0.03138542561451713,0.006141686144487327,0.018195851802132373,0.18314704928564746,0.034872793663469875,0.03985304493967006
neuron_898_count,0.07000533641107178,0.7182192594076349,0.01812414864063721,0.03293472179487119,0.052287894119143696,0.0190577287912651,0.03971119350794575,0.191176479098377,0.033955102135692625,0.047682091543763024
neuron_899_count,0.08279630029399057,1.223116809234471,0.016725626409394935,0.05349502765406161,0.07144331795365111,0.023303527669983597,0.01918281292115854,0.20429331474943996,0.06457909398924933,0.09284786781104125
neuron_900_count,0.06740944206164126,1.2060014983207157,0.014937501236978033,0.06311424900915329,0.04460507559099286,0.03601746680553912,0.02834151717871316,0.16406271058602662,0.06188319984918559,0.08799285660100575
neuron_901_count,0.11921921836046845,1.260162899814473,0.04076729882452469,0.07013680824781873,0.06311908269186096,0.055743982926633295,0.05369218520034713,0.21113633283733252,0.06139885796577434,0.07997181562492464
neuron_902_count,0.0991894552208015,1.0449558883420533,0.033806799057239365,0.07343412177053017,0.05504074618213884,0.026209008740483365,0.027200848860311794,0.11623453312879682,0.04869428984380441,0.06410006114494039
neuron_903_count,0.05070884827010441,0.8236552626420771,0.007903524304366373,0.06162093352795915,0.021200763607540578,0.00582259158227048,0.019324863641906387,0.15878875094854528,0.04794559100412133,0.04905412975548767
neuron_904_count,0.08806467754245034,0.9988940989923584,0.015625213317753222,0.07426766005634144,0.045382741414029655,0.015246165619399843,0.018062389306122265,0.18354231264954063,0.048205492290694554,0.08653798199706272
neuron_905_count,0.09017824093993088,0.9579418689768734,0.013928550157983735,0.07403312931360671,0.02936617700912949,0.0070552009045133845,0.02384053307468237,0.13717173022699145,0.06742052217993105,0.07159553862326203
neuron_906_count,0.07964747991606227,1.1885384731326831,0.014036958509994292,0.06961988303579002,0.05123467617783291,0.02783119969222512,0.028495143657606296,0.1897758424955288,0.053788825583657426,0.09854530961297273
neuron_907_count,0.11534180616903375,1.0542045690289457,0.008482943559275197,0.07925259035621394,0.0430506754852192,0.0227430238199905,0.027382938154070627,0.14988169436770737,0.045247857723743526,0.05999620572640908
neuron_908_count,0.15400164487543475,0.9473496626774248,0.009969128600685946,0.03928381017638413,0.03490482945205891,0.029177617767083792,0.02727566513537213,0.10033181120739218,0.04995541768969079,0.06334924394551703
neuron_909_count,0.11702458594794413,0.9827290876375337,0.012090575307122133,0.05849849329851907,0.036313890690014776,0.022167805602180773,0.01957667836643878,0.12591488971819947,0.05793794273009497,0.08380500172494403
neuron_910_count,0.14098718548374134,1.0930990316447389,0.04811728956203096,0.05204631964917798,0.04139026980446138,0.02854663316956392,0.02044902629469594,0.17116127438115272,0.0407963465855576,0.06068687326835821
neuron_911_count,0.13389596611746973,0.6700673318858639,0.00867640265698677,0.05154142884614843,0.04425691102563836,0.014432658485655336,0.014500401230185525,0.0669383997770386,0.04179222807531194,0.023817681082374767
neuron_912_count,0.10329946264431991,0.8812686484473355,0.014844870304186783,0.07358770695540537,0.036848834700022426,0.007006053552816402,0.00680364536424882,0.08800882380465569,0.05556226428783176,0.03677639069253097
neuron_913_count,0.11263425879481051,0.7975657713459507,0.0035856593169722936,0.12796899464054812,0.10591418737343411,0.008070262400255504,0.015489817795008114,0.07440334662310213,0.05506454387972637,0.019120582204934705
neuron_914_count,0.12450075932771376,0.9223951413703003,0.03655476279492384,0.05564356020042138,0.04388192126756496,0.030525530287576166,0.00819048048670995,0.0889510676375902,0.0585664756197295,0.05037558832797069
neuron_915_count,0.15745228469748163,0.626086935180691,0.015127126991491838,0.07399089751177276,0.10603084810674143,0.0451628403332629,0.014424844470085782,0.03591964762652762,0.06110234287085231,0.02111217578758881
neuron_916_count,0.140849658517826,1.026708628431923,0.007321743520179846,0.08559269732464506,0.0616555981591235,0.010218455040979374,0.02362916039009262,0.10907863289337066,0.06405418192052861,0.04732857826074095
neuron_917_count,0.1917354943538349,1.0015353372112565,0.02493652992502432,0.07867163731986129,0.06310396831691192,0.0303505091852852,0.02090963733364632,0.06313293728132194,0.05995701438670775,0.06900289559047817
neuron_918_count,0.20025097924165874,0.8011919437467104,0.030406963697355113,0.07117941579274592,0.07683763636616908,0.026546081051092546,0.022458235828258066,0.028902435976015994,0.06930920866116377,0.046693208555120304
neuron_919_count,0.15666345833402184,0.8511386375963242,0.015456670162794475,0.10998269657455154,0.11295916198574688,0.019664233376752327,0.033882707105890475,0.041453923584025124,0.07921102448526682,0.027614320457989283
neuron_920_count,0.15828166743347039,0.6245975546503655,0.0129567473304463,0.11577460631763636,0.11707626679642075,0.03903171675202832,0.042779243900241126,0.03495160912639515,0.09434657612421468,0.037512808837377516
neuron_921_count,0.12156663725134978,0.5980045724530375,0.005991380284221408,0.08282487083295725,0.11190109899977926,0.030473392734707144,0.023388653075328475,0.03151362686659856,0.08355486741778403,0.0278846137625783
neuron_922_count,0.12875905944095237,0.6066424540842785,0.01071562542609972,0.13208249831607,0.13651935393278353,0.0225887630186183,0.04496173055036494,0.024840630230617992,0.11699989751927228,0.02785605209839627
neuron_923_count,0.1388205529761112,0.6494913499616142,0.020607643631156594,0.11955402306132068,0.11934260148750031,0.020647940141334836,0.02313452311262129,0.016128689427332716,0.10278518425446315,0.016015316854088406
neuron_924_count,0.11565202506885114,0.46312381718900303,0.01671820783260644,0.13119042001754463,0.18345795458362454,0.029127926800959644,0.03762364658695136,0.015024121748498653,0.12031490398849129,0.014291373538842377
neuron_925_count,0.13252324569538393,0.4532179322825445,0.009260619909875811,0.09277081628224967,0.14447758153333176,0.03258534476294929,0.04621409228787077,0.031826243766513884,0.11193599569836121,0.019273730056461078
neuron_926_count,0.10447155801412145,0.388067871622613,0.009654467662640161,0.12567475911642398,0.13148800191352755,0.043079799166707705,0.05125805915254644,0.014302941245511583,0.11779131591716283,0.013351711753795167
neuron_927_count,0.12937105718894196,0.4741396582929669,0.012353688176908968,0.1471860650067443,0.12034494871707649,0.03420003121908688,0.05538922964821505,0.012046768660358788,0.11038752183700407,0.026768830838981336
neuron_928_count,0.15956733734895387,0.32014366662441773,0.015164181076276248,0.16869627347999275,0.2099579819614505,0.020380183578969174,0.06475501526363897,0.007391733868146601,0.14554666835985142,0.006188941400287876
neuron_929_count,0.1158072170212647,0.40806803666404196,0.0141276914086913,0.17692459157197993,0.18397396009047723,0.018324374022521364,0.032836137437249835,0.018192533812012496,0.09183908439829769,0.00739981210903538
neuron_930_count,0.10311332307974322,0.22820043940523227,0.00900380050634824,0.16056113613547449,0.21878755113560694,0.017487167268800508,0.07323230801979058,0.012199053037129315,0.14122259060763726,0.012803803789014578
neuron_931_count,0.04256947140698156,0.18955983819880612,0.0010708718741298494,0.13020076124544047,0.15424120921643358,0.01604864718616439,0.030219396715999686,0.012143614493052908,0.07626687907545449,0.01734424259331882
neuron_932_count,0.054249184543308376,0.12857200449913897,0.018136749709174727,0.16745754405960545,0.23758749776874027,0.007384999116263231,0.05388580883119359,0.006612044677602083,0.1192687611807226,0.0037752806707609943
neuron_933_count,0.07618129885534569,0.05666260170478965,0.009046814428538344,0.13500929026426536,0.23333554501203263,0.014175184166841479,0.0842701623539451,0.03402068048592927,0.11117653001602987,0.012738664932650773
neuron_934_count,0.061955862219376684,0.13039214252883996,0.007113962886253766,0.12368580635459497,0.1631394403674022,0.009954822897468088,0.09743084768508603,0.010576452849696414,0.07985371487728052,0.00919537102317769
neuron_935_count,0.052863810288999974,0.06526050872651853,0.009618790438618071,0.09592971449322701,0.18966180845978076,0.0157711195308418,0.0633431012438784,0.01686652023543246,0.08434391169628416,0.015397277991216488
neuron_936_count,0.10347736318423634,0.060351420503272524,0.022508782943971947,0.0939146327026201,0.20681029930961353,0.010717721757634552,0.11001361555400962,0.008073577415064218,0.06506011261576045,0.012964075019272443
neuron_937_count,0.10964942486572654,0.14241843067984142,0.01979962581354129,0.1340923865798238,0.29871283768193674,0.014500966386415917,0.06839014982017916,0.0055748921428035655,0.11290247608511894,0.011928871535559056
neuron_938_count,0.07347200002715185,0.01844258398161755,0.016964065871095668,0.10430880413512805,0.2531273263485337,0.005301170043990298,0.12421596266975438,0.02345217321950832,0.09066554805908356,0.008442222822616405
neuron_939_count,0.07571535987174269,0.022920346290091334,0.01334739824609131,0.12034175301461353,0.27986055906631674,0.013211609287816353,0.07625885172836222,0.023240512017793466,0.07155472204723173,0.027867470904188812
neuron_940_count,0.04526687527277612,0.01196855713205315,0.006567556936129738,0.10039709606785155,0.09736627297469694,0.022195981761326283,0.2540814419792071,0.020677120499181592,0.08690264467955494,0.011738884460760761
neuron_941_count,0.05626220757232367,0.011151421940459635,0.0109730958162432,0.07522967857584217,0.10674712986756224,0.009658059062437184,0.21589804457698583,0.009531007340416571,0.0696453616999202,0.01589849385562627
neuron_942_count,0.10406495976279428,0.02867016101009047,0.0354208860298692,0.073179320660064,0.07804904091806972,0.00696256143223449,0.2226725012168917,0.03114647782988139,0.0769741166560951,0.01229030320485238
neuron_943_count,0.10926450143528593,0.00565678937914792,0.03527116288539925,0.06679172672957215,0.14029177393577133,0.004907905061527773,0.20585930769438915,0.0443808110372112,0.06105294405999731,0.021052138184732463
neuron_944_count,0.0893729007433964,0.006019840357788643,0.037616874678634976,0.07962140418015139,0.17271540651483747,0.008582539217367235,0.1919753790806451,0.06354566224664518,0.07541180894219804,0.031221237588226036
neuron_945_count,0.06536024726155656,0.020719345922492305,0.022049425071941894,0.05843695149014927,0.13933777826598565,0.0037579514358418234,0.116541743581762,0.05428983327051218,0.04942605230276703,0.0384302265243001
neuron_946_count,0.05145304384323929,0.017139030078707526,0.045431445707241946,0.09141219900740202,0.22571310569430483,0.002747095939884394,0.11113550213319934,0.0781084801511982,0.08148605575214854,0.033854278373524255
neuron_947_count,0.13326249307558466,0.002874493876234308,0.010132618489460048,0.042391615524179305,0.11128860216357245,0.0021850135898199355,0.14500081565673995,0.018406305137370037,0.017968796903625302,0.021147872406908262
neuron_948_count,0.06201767290922858,0.0011836808664872946,0.017150274689235953,0.0526572992075065,0.050867482493054644,0.006165405338225995,0.24206545159322918,0.02990933760758628,0.05693234989379181,0.016151530956605077
neuron_949_count,0.10305902581043708,0.014871373889663166,0.008336808521999438,0.038286690560490444,0.128942457099246,0.004785121817310396,0.15896477477518173,0.029346551896273373,0.007134914114754767,0.012966481135200394
neuron_950_count,0.0840055655495423,0.0007211644409043615,0.010872286953834409,0.015631409109306625,0.016779963066109543,0.007028356554141999,0.2827512730449124,0.03256186079094575,0.03264777139153739,0.01159389317323193
neuron_951_count,0.12908430872924023,0.022210814318750813,0.014511849451557347,0.010366772062862607,0.007224583989063456,0.001789714257600234,0.17355778639898947,0.008812938635132002,0.0033258582690297595,0.003849533700601539
neuron_952_count,0.07588164034528308,0.007859952087228932,0.016546434800860925,0.013261105395022881,0.07029918384461765,0.0031909542691372188,0.11463909373697002,0.010039621863318242,0.00357361184239105,0.006448740886430051
neuron_953_count,0.1236142976340586,0.015249193793998028,0.025607121703042024,0.003010324822280995,0.0006653830299932057,0.016086967982537233,0.30307576773579825,0.04101564142188009,0.037129067003691396,0.01846184466113228
neuron_954_count,0.1974563429760825,0.053153396911990974,0.029045818218484787,0.01230331406030051,0.0022535517288615366,0.010563030283022048,0.27032512978722933,0.036967539131707985,0.06908289937958761,0.030175904355898744
neuron_955_count,0.12333082363966147,0.050149558537008115,0.019786025677107272,0.010307885781070399,0.006918265193965023,0.004237934995845412,0.327864604561855,0.02380192624760378,0.014889298163018476,0.015292397631573612
neuron_956_count,0.13085012720221403,0.04285666463423954,0.035280427982493034,0.001291863080869038,0.010145860197167936,0.008168709620469644,0.33476491827527477,0.019378164634707998,0.05117007612382571,0.008887730183579518
neuron_957_count,0.14605403419006624,0.03569100906385636,0.009969646435961647,0.0017474184035255226,0.005612307532056257,0.018114396790895687,0.23818510936552933,0.02197403785307077,0.043311215141331016,0.02474735084858104
neuron_958_count,0.18209995111519084,0.07139490881878839,0.014215599255040151,0.0020822120635982724,0.005817875127050983,0.012699479317228177,0.2772757525976121,0.010422209472816052,0.05360230343564018,0.010214638645575654
neuron_959_count,0.09510776279692754,0.0396469830644611,0.009711514030049509,0.0021572960081911417,0.008994971937741153,0.057945565643270774,0.2898072848567192,0.02164823224801822,0.10731497078918656,0.017476072016398184
neuron_960_count,0.061269890938164456,1.0863410661116921,0.008472694625509319,0.057997654875145105,0.03137347499332491,0.002525176906193265,0.025301200228020876,0.1941581104553084,0.044493509148010986,0.07030559299158695
neuron_961_count,0.04625018077365634,0.8039871100568573,0.00497985264139411,0.04575026975454994,0.035870835581049955,0.016038015297673396,0.021711768308587814,0.17273374166691796,0.0415554665503037,0.05612534440910215
neuron_962_count,0.07970444949262573,0.8116473420061888,0.01788248461256084,0.04030877668435674,0.06428607216674886,0.020181501789825668,0.02801808578236241,0.1535357547410214,0.03587799371085401,0.061801928956672164
neuron_963_count,0.05143149992225596,0.764431513234496,0.00715926666194136,0.02917754325379216,0.03975184096492042,0.010828742979694016,0.03696168926398814,0.18228597754908332,0.027957439666156436,0.02932209781025907
neuron_964_count,0.09122792941515737,1.4764290860988298,0.03231047526034074,0.1014596531488091,0.041143362052045794,0.010535243376862773,0.02253718849639931,0.25189687933209703,0.07192479001088944,0.08880955388829376
neuron_965_count,0.07442902222201983,1.2103789640803106,0.02594456813665625,0.07633485059566306,0.0394089075467488,0.020320423626007188,0.03258918924451547,0.16141176555865885,0.0632534093514105,0.08400821248170542
neuron_966_count,0.12487978302978857,1.2341696587586881,0.03834234329718482,0.06720709679533096,0.08845408876586056,0.06437580457311007,0.05656335862024526,0.15777148620848316,0.061211981919626735,0.08678553217626883
neuron_967_count,0.04355506423952275,0.9029461913749793,0.01770414427363111,0.0739906439267776,0.023508628840175166,0.012990461245573473,0.026466825617490065,0.1270847326048374,0.05459915762681749,0.05996815499324136
neuron_968_count,0.08540973179394334,1.0870915956562996,0.015355387836658697,0.050393065560455266,0.048618908160214365,0.011467858220111813,0.02055910446340979,0.16047965679697074,0.059301901298895406,0.08855824128759641
neuron_969_count,0.053187611172967296,1.0220487789096668,0.018755910020416523,0.05538460832842547,0.04279352239346958,0.009747710939202937,0.019073797595397263,0.14385477307337297,0.044912632465862606,0.0878857197028552
neuron_970_count,0.1771090039009045,1.5050389722171307,0.06475582162551947,0.08450433111947595,0.05157982753458509,0.0435675343992379,0.028462368218304668,0.2289158437769836,0.07369247141388577,0.10958876695445086
neuron_971_count,0.12836747661997636,0.9013451703379367,0.010888159586876861,0.06561436469563346,0.03951457106048,0.025489187429479022,0.028638419560583897,0.10289831948556066,0.06369994266401924,0.06597320554300232
neuron_972_count,0.13885464339852335,1.0925573950850567,0.012812161292755704,0.039570313971817206,0.042737918491648215,0.029394546702856676,0.026546654490834026,0.13788823381994714,0.06110103565354671,0.09244701821487906
neuron_973_count,0.11702908832599795,0.5882430265444638,0.002858507606791883,0.06468762345032279,0.06750758659514361,0.0062978471632417765,0.01830060377129626,0.052262968794106274,0.039306367390115116,0.03527129837351938
neuron_974_count,0.11366966069249348,0.7626186541888503,0.007374018360872938,0.028347580688894498,0.04702938672476184,0.007663000348632418,0.011459683382332716,0.07906249631601027,0.05450416562114249,0.062005352891790336
neuron_975_count,0.09953497425191224,0.7016460388205716,0.0011658134218129265,0.07786741255425067,0.03946738981376707,0.009458798923454137,0.01889077485044728,0.06575205108276569,0.0393395936791858,0.027700488985113472
neuron_976_count,0.11915531243735264,0.9701966755945342,0.01125000849109753,0.07050228745910417,0.06022954387889683,0.017973384868288797,0.02128755138180153,0.15389151194138712,0.05295251474282599,0.05486894413520974
neuron_977_count,0.13483829287306706,0.8174736754617348,0.029047023857888377,0.054561571542555504,0.04511877698946644,0.037779341831857355,0.010378101923711183,0.06384178654639244,0.05069319570125959,0.02732367610161262
neuron_978_count,0.13000981628574243,0.9594910722899326,0.01162869280935233,0.10683526135432878,0.06730263262756786,0.005647360365103764,0.011117228288565588,0.09021010942064905,0.06317054286362497,0.039640433898017455
neuron_979_count,0.11874332111574845,0.8909147895793385,0.04520369289867801,0.08854564292277636,0.06535378245252793,0.04236841218295509,0.03062335713756073,0.08749659418524544,0.051759620569348755,0.06905423346264586
neuron_980_count,0.17511323539498463,0.6978961162460524,0.01941128348163816,0.07141437382744557,0.08755155432006484,0.03080846702382259,0.019850435643108684,0.027481642557292827,0.06500814495864507,0.04129965163545406
neuron_981_count,0.19123250817584372,1.0138425312734545,0.06900517264132969,0.06929454146676611,0.03103350937072734,0.0486049935276025,0.02584607118247201,0.03455797778402206,0.05701742089234976,0.0914283749204231
neuron_982_count,0.12591641499474898,0.7853593222705624,0.02424417394152091,0.06918034127748449,0.04439276453975122,0.023417596960795345,0.019082642425673722,0.0349485032379374,0.08501260116239515,0.05222782685088126
neuron_983_count,0.14449981653915997,0.7595239152694364,0.008095465939208,0.09820857633323693,0.10060017460417897,0.025763432178684778,0.010515148143018627,0.04311441617304182,0.07025969923628689,0.03765868809620422
neuron_984_count,0.13187404686583837,0.6608101162416237,0.011885753603642382,0.08684714197147148,0.13089854943267737,0.034056937723212666,0.026489739873175808,0.03410912298195057,0.09701462265854277,0.03328477024463463
neuron_985_count,0.14029836870825127,0.8316830762266854,0.04017814678654996,0.09799380375625627,0.07393401741252831,0.03857829769498772,0.041380468422520286,0.045956574586332385,0.07049129091249184,0.0744908918767348
neuron_986_count,0.1188728495614356,0.6129090080708854,0.013023218516404006,0.07886372567666552,0.0793882991001792,0.034284164846978604,0.036043972584805406,0.03426388913470227,0.0819260120355017,0.031092077051590963
neuron_987_count,0.11579890668289544,0.5039899338447376,0.0053891432669046745,0.17867097012653263,0.16767989152687263,0.027782625711340048,0.05169020032309227,0.017240232281560616,0.10791273777076033,0.019017924436218386
neuron_988_count,0.0955140986828576,0.4227781934966307,0.023562827064110586,0.10352410525945135,0.09760496944160743,0.05066511181682967,0.01577142396263026,0.02799460932689045,0.11987696073057977,0.04509670963168108
neuron_989_count,0.09472053685273957,0.4717061687415522,0.013939230149634482,0.09674167987719723,0.09119309804026765,0.039190768115484165,0.029654365040771624,0.01751399827021958,0.10602314379621183,0.03187404106168347
neuron_990_count,0.10603221846387412,0.5513943376411186,0.021299309738409947,0.09629876966130635,0.07207419884494021,0.049923333057682595,0.036667953632306,0.03553091405875519,0.10841726087649539,0.03796746811374642
neuron_991_count,0.11628360910032504,0.4033492853725127,0.009186132654492488,0.11929843556821768,0.11354841646002167,0.019284935872439485,0.08187027817679271,0.008661192164432861,0.09930688326239431,0.0052139484094345795
neuron_992_count,0.017148972930164236,0.16232453660635476,0.017702949110541995,0.17053985168315788,0.14148149022857476,0.033676145831921966,0.022734243615069955,0.03506685542448047,0.11853677761006348,0.014764007353448742
neuron_993_count,0.07581397962587619,0.15512050879811906,0.009036391497539986,0.15945136597603773,0.22391606398703678,0.014278181562323355,0.08013046246343633,0.0016432737532500203,0.12360882137384158,0.011826800776919826
neuron_994_count,0.05613042591169401,0.1847953516743577,0.005325367428434539,0.11726126086878477,0.15781605502497353,0.015575235123466771,0.07395934241529523,0.00712093903477324,0.1131467646143447,0.014480695903394111
neuron_995_count,0.05666992143348798,0.2062495841571668,0.009900075110699489,0.12829846642882978,0.1582822620446402,0.01697356589723413,0.07206710613079795,0.00938217421066001,0.10479831036538059,0.017596846312044764
neuron_996_count,0.07453064075189755,0.16659273305054345,0.004098388510675399,0.13394336659192485,0.20721729738162242,0.01784779766705394,0.061121457811413926,0.006240515712223103,0.11084282519598002,0.014351939068998829
neuron_997_count,0.06815114532206668,0.10880168406527016,0.010868237240806378,0.10979709311284036,0.24334190117307608,0.002299112212983942,0.07083727991822564,0.008192027752565202,0.09803556002752103,0.016246280084251996
neuron_998_count,0.0281831963768681,0.170144336055279,0.010481359395138166,0.1396035799577962,0.15578720063184218,0.012384469728372843,0.05786570600199843,0.014581551068511982,0.10144339199279875,0.020312638655239308
neuron_999_count,0.09381924262620081,0.05595970395662095,0.0042893284044407745,0.09999681171528935,0.20838010341279584,0.022527435063362314,0.056190472542256675,0.005538444358140833,0.05519766072255938,0.016216852674814812
neuron_1000_count,0.04132295674295931,0.06321244392514344,0.014004061872223772,0.11142215534003538,0.18900485790006677,0.00985437640635728,0.07369801311018917,0.010651668967859303,0.08911799967550701,0.012296609572187917
neuron_1001_count,0.026782337223093478,0.028933820298934557,0.005973508387960272,0.1286150537128736,0.20156055153284289,0.01872876636160431,0.11784091249920584,0.016607745991438244,0.0817863897750657,0.01044724165543678
neuron_1002_count,0.05661787330229995,0.044358844197457475,0.028518597150218247,0.10878404643110229,0.26152162775011906,0.009417777773832056,0.08494574588008211,0.00879384177242902,0.06582108334055334,0.017903034978742294
neuron_1003_count,0.021902890422303894,0.0639721797297021,0.007164040993099464,0.102771548955509,0.1401355546333114,0.005268025795750815,0.10073392759673641,0.0023115719919540386,0.11066501291852154,0.012739494234600017
neuron_1004_count,0.08622253803384639,0.042201839558856355,0.03762570645450265,0.0991409342773634,0.24153222548111092,0.005466850858643069,0.08130284687295039,0.016871532552780316,0.05935104547183759,0.02711535826311952
neuron_1005_count,0.0968887746658807,0.009837056649920892,0.026258970661787187,0.06432509582387982,0.12542847602132284,0.006851544770883074,0.15434036277697716,0.013132372307719395,0.06787809816514817,0.019798782104238355
neuron_1006_count,0.06756699838808405,0.03598610599734195,0.01095797620754983,0.10108348505051853,0.16188743863381405,0.012915956404941836,0.13402989360666076,0.03102109440221,0.09204396752987976,0.022202335476272192
neuron_1007_count,0.07041069428280158,0.010016655231096974,0.043980293397431786,0.09356043528903699,0.09389364768848038,0.004350835146336503,0.2467302539107447,0.017107899098604565,0.07270715384452978,0.02837434937891785
neuron_1008_count,0.02765351790971919,0.00635141307238447,0.028120141118264247,0.08101659152861854,0.13019920281081737,0.0029470775877151814,0.22580866894505433,0.022386912436906797,0.06280892667153576,0.009573061311345912
neuron_1009_count,0.038003591674824116,0.0006083951779620039,0.011216330816352468,0.06710560116090772,0.08009232223037707,0.005962005233658661,0.2547017929958437,0.028890682406153334,0.09487173471377075,0.019983277445843668
neuron_1010_count,0.020422522407144955,0.0047667073895325445,0.02676185438818543,0.11179114213420982,0.13680150022895515,0.004226609190591202,0.20138943926681452,0.03970021689433756,0.08744877238593671,0.009961288604000241
neuron_1011_count,0.027978162032474163,0.015325027961063262,0.013555346779695353,0.07756466037974885,0.10058983902824477,0.004682795205462438,0.2144872305811178,0.019630867690454912,0.040370878569944785,0.015523993046759138
neuron_1012_count,0.03906738136600561,0.025327039673272128,0.051863172970107535,0.0582155843747047,0.03659339736216527,0.00646271614995584,0.24931772033393196,0.012073376168220844,0.10702656033164601,0.012505789310802734
neuron_1013_count,0.09599575254074108,0.006381640055252498,0.010253814864227273,0.016737240372486015,0.01291332437034444,0.0023693070960262366,0.26533282163316607,0.04077050107360995,0.03570990744349117,0.01800458879423039
neuron_1014_count,0.10109270017731811,0.010282861465346713,0.006121714795575106,0.014958666015932168,0.06180604929710882,0.004118848717747416,0.13906920346391052,0.012764614945852674,0.0012178504027431552,0.00782339657052074
neuron_1015_count,0.1270040621383027,0.016203561654314788,0.016731326088205448,0.01283178681865399,0.0051299967301423645,0.0007042630631009829,0.2378415533856932,0.027780939675783003,0.013149937815443734,0.007885306927614112
neuron_1016_count,0.04912130282264454,0.09379668581877579,0.03674109571646561,0.017033461521617124,0.00913322812471541,0.009563046255947463,0.4142412630898086,0.020028133090086005,0.09975364368336029,0.014661495077453145
neuron_1017_count,0.004966123648156545,0.011672954813605661,0.006205111493395088,0.0075485365541027236,0.00027404345680718395,0.033473418838298276,0.014958713387726717,0.0007694693709672231,0.015642697484993105,0.0069322448870415415
neuron_1018_count,0.07616316603961337,0.026586261265925087,0.02161439040669237,0.012662602889639177,0.0020142045537429043,0.00618005778065437,0.3045279365993834,0.0176993466511966,0.059022384677633544,0.012959727537843376
neuron_1019_count,0.19694892359436572,0.12992113940721361,0.019348481675388773,0.001188982884161225,0.009976691398170121,0.017756623689313935,0.37412740035349046,0.005706986995702516,0.07055583716221386,0.008602753536032147
neuron_1020_count,0.09109729692853341,0.05669787195782655,0.011636158630773455,0.007739658933238164,0.008273256271193435,0.0020597236739185003,0.3396079358748347,0.026079135897534383,0.025935086214483163,0.007653437580978434
neuron_1021_count,0.04747908978273817,0.010044501361662066,0.005858032979494519,0.0008039570272748049,0.0030382732697885086,0.011553980021624242,0.14012853328758462,0.011956150617921935,0.0013148506227329774,0.003655091630106244
neuron_1022_count,0.1568003252051049,0.194502107400182,0.009220689291604661,0.0029263919782720332,0.016092921359379675,0.028956227525299555,0.2616136159541648,0.01692046678881528,0.07230935709916633,0.009769593034090949
neuron_1023_count,0.21628260971624885,0.11385033100546207,0.009556333614444468,0.001572500676959309,0.005175425663800135,0.029585786990715207,0.19380008956960793,0.02158715998193031,0.06985544078263231,0.020500234014414767
neuron_1024_count,0.05318126828683068,1.0022354662409636,0.0006990151048475619,0.02088705118545222,0.040028998889173335,0.014183330011477282,0.023082096762561788,0.21470183177851987,0.0401177159749889,0.0940423153599844
neuron_1025_count,0.09244548405885335,1.4424671620290492,0.003231803901658354,0.00911102855311944,0.0503038135124586,0.027902143824648354,0.036821940492377934,0.18137795848956054,0.04012024549858465,0.09692262353267783
neuron_1026_count,0.04642019862497318,0.8308859917146885,0.011388205798663866,0.03235069456637417,0.0483808512909481,0.015324997589771627,0.0311119987489462,0.1915058997179453,0.04057617147866893,0.03403216883198082
neuron_1027_count,0.06794121616203802,1.3143812505621408,0.01283734932701272,0.0570363510807021,0.04907071826512347,0.018198907532210595,0.02671828205634119,0.19706513200893205,0.049541877767474,0.10042365530081768
neuron_1028_count,0.06664458210770098,1.3529229252313506,0.022939450262730744,0.0834602897766798,0.052506485109814365,0.023349723018749803,0.026205334232072303,0.1481812874804484,0.05202560484218346,0.08538038366034584
neuron_1029_count,0.11276372155825604,1.2566586828948014,0.038748292135638004,0.05936829598799822,0.060968281664434326,0.05153711012224037,0.04602834773607806,0.18289252564977906,0.05073707520966091,0.09177744338986446
neuron_1030_count,0.08953576929245384,1.2251151192495409,0.019212529087608753,0.08045487224342554,0.04635606178138211,0.020729919654724933,0.03827627776295038,0.19059959542015995,0.059322517887505845,0.08158118956838942
neuron_1031_count,0.08248838798741082,0.9609730831029274,0.01768340359390573,0.05245033694670023,0.034574361626840175,0.010594939140280448,0.020857478419242972,0.15594782709065638,0.05718427415122833,0.07019017072214598
neuron_1032_count,0.06528526396771611,0.7373567899170049,0.023037904587235827,0.06142254233027829,0.03024350242152747,0.0006762699783619975,0.007795296965556069,0.10035099608792585,0.05993420657495489,0.07407041056998093
neuron_1033_count,0.06911190303798989,1.1304843656027792,0.010317654712858334,0.07056763284039652,0.04596767282385727,0.015358355374855503,0.010023514040414207,0.11648083148826183,0.06718906882759541,0.08922655228344781
neuron_1034_count,0.08361685452733339,1.2789070476682778,0.018884428191106743,0.07455497643586625,0.05462994000411622,0.01258449539119437,0.037359583808897937,0.1745901970247632,0.06420762262112546,0.08884889287726694
neuron_1035_count,0.16161707699435454,0.991989864326065,0.07794387151552076,0.04227090570294989,0.03797082519903506,0.048993084876069584,0.024679755790718898,0.10410933460695296,0.04241531822778785,0.05601846563001014
neuron_1036_count,0.19525796930022407,1.059092694587578,0.03456455920457624,0.05875645359511578,0.04616948994771502,0.02336520565257935,0.02515725919331785,0.13608982487052118,0.05321052661585021,0.07062917207163816
neuron_1037_count,0.15249608162383674,0.9296057085910214,0.026707198899975013,0.05219294161863486,0.023654358143865347,0.023805862849142226,0.016767055031989397,0.07901139458936948,0.03778332325350767,0.03557649797014472
neuron_1038_count,0.1171924486073711,0.8382366413560619,0.006324729383727398,0.03444085319356685,0.03351155202845699,0.013617623746987096,0.022188088558625425,0.09374848399412611,0.06660745243270574,0.03926005486771898
neuron_1039_count,0.15887795286816095,0.7462337714472823,0.03151696120649937,0.03364881916570661,0.03547076230265357,0.02621066790744811,0.013599280629198397,0.05579326121207598,0.049935421794920096,0.03262981973212817
neuron_1040_count,0.20653464980047334,1.079057983396237,0.06276136421445191,0.04206578865727624,0.055782232565422724,0.029549706023701647,0.02218792021988801,0.08924389868415916,0.05462585310628157,0.06913136362377079
neuron_1041_count,0.16508714567428617,0.9901386535044685,0.017741294937887817,0.0684090224824074,0.06789306138589939,0.011805558485322928,0.018818318948205973,0.08085028075206918,0.05971429875357759,0.05789839892882231
neuron_1042_count,0.11292632637578451,0.9476822287351923,0.019183282804718538,0.0812328314993054,0.05334221450067836,0.02562645482120962,0.01706960955890419,0.08909018750567804,0.07182310040579573,0.04833867187860001
neuron_1043_count,0.22423187513403975,1.0674829576439346,0.03269682896106424,0.06929979788069153,0.054524440196182786,0.028250255758839132,0.014091473163357503,0.06031073165350172,0.05555910622756599,0.048264956148056544
neuron_1044_count,0.18538785468183241,0.955746382265735,0.015358269313291872,0.08047981735612633,0.11719033962525802,0.03442506795528397,0.011892991856399752,0.08536931762937316,0.07264074815172042,0.04498482075298163
neuron_1045_count,0.1510804483848769,0.8496780024888029,0.0021408853714756045,0.10204804682905044,0.14584674417509574,0.0185594100044955,0.02186081096994183,0.07451562060742026,0.08198786436559385,0.03181169048267071
neuron_1046_count,0.16060121627219112,0.8638480858322061,0.01317756170478962,0.0755332416760926,0.08792465671164104,0.034527869177371134,0.019148693081223203,0.047361887589807694,0.06947864772479365,0.050734322229981366
neuron_1047_count,0.15352382613068305,0.7541902443536481,0.008154555047072451,0.08593401981269472,0.09532048748461217,0.032435988759907025,0.010219541329116202,0.02516004291897845,0.07098198882856302,0.03365826696937827
neuron_1048_count,0.11335014217889974,0.7395488203295416,0.028917291985219293,0.09648892947958587,0.06730236939764697,0.031370306818324534,0.026716816233429544,0.031059501271476816,0.07013116798959967,0.07164794789366383
neuron_1049_count,0.12369488502752879,0.5680838426620035,0.02593777835814684,0.07553130033303541,0.07296575196575464,0.03997467049662323,0.02566217596492587,0.02513465286554095,0.08262319338794064,0.04624869459078376
neuron_1050_count,0.17439248298948756,0.6785416323475341,0.04037803301021757,0.08442597218667536,0.0702261531883934,0.03788970662272667,0.02844066363395381,0.030557906541614218,0.07245531967344049,0.053176509334130664
neuron_1051_count,0.10082052887746851,0.40621291921584957,0.021873845790907787,0.09529769957364342,0.09148227721435179,0.056658067808518064,0.020579317780060266,0.04747500096542058,0.10152117468579275,0.02814266995526525
neuron_1052_count,0.09436096263328947,0.42677633168612317,0.006653494461075965,0.11405683918032083,0.10411624571660949,0.040239842403698656,0.01585397418010706,0.02991727584033632,0.09985685158159177,0.02906975565766093
neuron_1053_count,0.10754383918805918,0.6036333824924809,0.00699305225919368,0.11342499128596964,0.07321763895932717,0.03950712836990877,0.026524491543369486,0.016883358019223416,0.09804848754258333,0.05642075739294031
neuron_1054_count,0.06130135646615778,0.3255486803596678,0.007617295527652314,0.10059887194753722,0.11372793311909424,0.03063201120479342,0.03904439348457173,0.008636303700071419,0.10204364261966234,0.022185466932949274
neuron_1055_count,0.05006718180594796,0.1706394371943594,0.010741012271970194,0.07760406665266115,0.16032347453743284,0.047687313020443906,0.023530488313342326,0.008202169184280905,0.08158694622875545,0.015935352205855943
neuron_1056_count,0.05220964847188145,0.22079525207100398,0.003947610821957721,0.14286357844365727,0.14984310746005955,0.028479262333209382,0.03740454713238467,0.029859287854390487,0.12144360905468016,0.030863348270023586
neuron_1057_count,0.051875410600120964,0.2218771217600713,0.0043411731908136325,0.13095075308570386,0.11746232272103754,0.02816590144851465,0.0695378587413518,0.015526133117512992,0.08084017527555065,0.023523898174939245
neuron_1058_count,0.050755746141742636,0.19820022880851712,0.0012159178962663879,0.12998621902029672,0.17769402469651552,0.019637426486805803,0.055693660976089215,0.01005675054187112,0.13254148268821225,0.018688420720019513
neuron_1059_count,0.012721212176925234,0.1091014482848939,0.013047375943384634,0.10006188988307949,0.13124419168533033,0.017660287672365632,0.07100153469003345,0.010942217215716588,0.0993568099279663,0.021407680260818497
neuron_1060_count,0.016229441086615847,0.11172874095408994,0.015535300146584878,0.13089981020410696,0.09837641236617203,0.03764787644860704,0.019149004374814968,0.03503648356308067,0.08879304685206776,0.01857506974864359
neuron_1061_count,0.0789387148881032,0.20119835467075353,0.003597460914302339,0.14032314010590274,0.1596438317397838,0.012789719651236195,0.059284179216318594,0.014216314375225456,0.1406829761414457,0.006129979009657761
neuron_1062_count,0.03859374879019145,0.07795129324434164,0.016616363276110095,0.13406493487976223,0.26058545895329954,0.011034218772695129,0.07582285813811879,0.023172564434167153,0.12596009936240346,0.022645933060516203
neuron_1063_count,0.06778961184266108,0.10981264394928397,0.008616476154406819,0.12106032893943838,0.1778270544825765,0.011968623156084574,0.09382741487658419,0.004564159787876742,0.07880388273869182,0.0060111442760789665
neuron_1064_count,0.06801241739235334,0.05992044181694117,0.02020039797074881,0.09246175706793525,0.22332710206353848,0.009855604330155462,0.08283126065905513,0.014924548435547982,0.09251110428577111,0.006242947261115989
neuron_1065_count,0.03899958747147769,0.04535533448339274,0.010709213150349707,0.13229851077375654,0.20088324601394617,0.00624717249054535,0.13358735440622022,0.007513344454635286,0.10392748402928198,0.011111823175151567
neuron_1066_count,0.0280413917061556,0.038127855228282395,0.01866863134611716,0.11465741272932875,0.1950023029406175,0.00296911783219745,0.03053198793292601,0.02375524349389957,0.13099757459805442,0.02130193467186235
neuron_1067_count,0.01390177526160074,0.0017607102051074124,0.005778385881440119,0.1465599000150527,0.11595459456366178,0.004773116749208446,0.1387856624403856,0.022544431739342355,0.0946528465830713,0.012724347159926371
neuron_1068_count,0.05258307108502677,0.018817961078757786,0.01598218847492333,0.10510827301772335,0.19441025149145716,0.0050442477648380245,0.10786049880305851,0.027546243550679028,0.09274563538160294,0.006841215713499686
neuron_1069_count,0.08402378974724833,0.020211231218205755,0.02176424048169319,0.08952847685318382,0.1813549978616569,0.006987704027637695,0.15967747176266087,0.022469367668529514,0.07804272879792842,0.020457740864885915
neuron_1070_count,0.06596304608719733,0.01259103992777115,0.030692769156673266,0.08185627372930404,0.11757037909676471,0.005243788887200486,0.13891984478093702,0.02506299140603195,0.08393320404819166,0.014767244078060932
neuron_1071_count,0.036774828351121405,0.03064218837767109,0.009082329711661622,0.05547656622948588,0.037158057549557116,0.007899319826836004,0.200099408697305,0.008567030064998364,0.06568670662294418,0.010664662905257305
neuron_1072_count,0.02859709878411812,0.006787008886038073,0.01401054815403388,0.07478887431881512,0.06654781100795615,0.005405313491272822,0.22464099423415906,0.006399078695193596,0.05939057281923338,0.0018055562664158545
neuron_1073_count,0.04383689433713678,0.0012551311548144282,0.02171856390957308,0.07262995001385608,0.11521436769728169,0.009182288831786805,0.2077329663871923,0.014683611588262854,0.06413170862070353,0.011710020313076996
neuron_1074_count,0.031030550387967204,0.007314432864647238,0.028907733911308506,0.0779212158200493,0.08154768076172772,0.005719706293488404,0.21429130002837582,0.029367162417142156,0.09761732926726394,0.008806200949030785
neuron_1075_count,0.06384247450269276,0.024839376519770848,0.014449314813331796,0.028946681190383308,0.0608944527434937,0.002352167834681686,0.21710422223407003,0.014265161348043946,0.007620347069835928,0.020151107630869664
neuron_1076_count,0.02491791371340056,0.03723432132359947,0.031562035112049414,0.04550429792587349,0.021481023623830378,0.006381800459343716,0.1796682941884896,0.013019063801603045,0.0718700298579514,0.01420598685352096
neuron_1077_count,0.08241610516853229,0.008248947071683166,0.01834453568335169,0.026061856826076882,0.05454418001288783,0.001206881619830756,0.19402480693725935,0.0369715240289888,0.05681085753090187,0.027487787384084722
neuron_1078_count,0.0716523172725829,5.99576410863739e-05,0.01553463755463718,0.0217525496356515,0.025821736774856045,0.002011451562267539,0.23007423952671546,0.019504320324759794,0.00987497006781722,0.013391660463289622
neuron_1079_count,0.06760762775481285,0.006744532074489183,0.009849367775923414,0.029708976197987194,0.011697832106287087,0.007523938361155433,0.14447185424100029,0.022322369633114948,0.0020684510388102387,0.011123309087411958
neuron_1080_count,0.12573945228368658,0.004214863792160076,0.009099985905247555,0.03521053542715827,0.06774862040475815,0.002120394114104175,0.24842973558269957,0.026306301588244374,0.04448263539246583,0.011722264369234736
neuron_1081_count,0.14216292885607568,0.024234253540186206,0.03658046161586484,0.0065120013302985835,0.01694892595525832,0.005020172441047251,0.347277636442506,0.023730842176423628,0.06266616648855436,0.007258514491298412
neuron_1082_count,0.14720469468532402,0.07259910588151998,0.030022117540352555,0.009586759255743302,0.011428050363898629,0.0054610836808000884,0.18963334005023585,0.007711216575986318,0.01906787079839091,0.012513367704341402
neuron_1083_count,0.10722542913822902,0.04313140929765508,0.02970366735295568,0.0015203541320630218,0.001336996354346115,0.007898922632724237,0.2508795298052655,0.015439902634486462,0.03157833754072585,0.003965627302792814
neuron_1084_count,0.003825418563102239,0.01844133824746473,0.006279960739427177,0.005493253899994402,0.0018856620022939564,0.01564678008646224,0.04705362399106132,0.007790156853737296,0.002115386435618108,0.0019304981019908213
neuron_1085_count,0.13346373337430992,0.04889796600838517,0.011940492781182213,0.003653572211432629,0.005584907624418156,0.008910923514432734,0.3134146430251279,0.016381531561447435,0.026785386440073097,0.009466719397246443
neuron_1086_count,0.10517169949589122,0.06944380708308132,0.008318015191583053,0.0021489749763546583,0.0020051038368092064,0.013107648780150947,0.16612885451733322,0.008405446334395984,0.07693572256210453,0.0025537215540137707
neuron_1087_count,0.2385531364155513,0.18519478158911584,0.021384900584550448,0.002872345431308515,0.01634038769464024,0.025963832456609173,0.24300091559612227,0.019218001279258067,0.0548253343092706,0.009889855082375809
neuron_1088_count,0.057843824992708855,1.1927294214376531,0.023471733444888333,0.0921673459889809,0.032674492401205846,0.006224218851006191,0.029895953783485474,0.21437693963812243,0.037758445560431966,0.0599779862697857
neuron_1089_count,0.0614431917079576,0.697792297775089,0.02877985005195982,0.02779440632785015,0.04735572284544286,0.020150355348358392,0.04904449109123371,0.19405577261024132,0.029731367377931653,0.041835869257385895
neuron_1090_count,0.0641356414698512,1.0914144393860654,0.007629242692645567,0.057992065617783334,0.044265359310214344,0.014666693238978915,0.02500675114974077,0.16697123998357638,0.039828321450109304,0.07010773823475312
neuron_1091_count,0.08721123402767608,1.5386255105281355,0.023286926553271338,0.07103468000469737,0.06967472968399256,0.008969163212490167,0.016758353362069323,0.2569044593741696,0.06853565007040821,0.09156252573382799
neuron_1092_count,0.1154799892858728,1.3837584793416002,0.03792515442248286,0.08213054945955883,0.06541544092120652,0.050619442391597366,0.05356484531346379,0.19516115344262214,0.05138760067230199,0.09117773477938129
neuron_1093_count,0.12614090949834378,1.3050776954693755,0.036460734741802794,0.07303116107277965,0.07534082919205297,0.04644247404800536,0.03976911010944701,0.19102334599679618,0.05296764889958208,0.09200949539528647
neuron_1094_count,0.058981223680376144,1.0658716500324739,0.005937068131046056,0.05349047605178845,0.03135805419400442,0.012524888673456237,0.03260761271094856,0.19318854092389548,0.06215040801180991,0.08835872141356052
neuron_1095_count,0.05254423156640662,0.9586013948794077,0.015706623915099513,0.015963326540893656,0.032382881352586296,0.01948915704997001,0.023047050495014418,0.13846100820707702,0.062090621489897774,0.0854019316724123
neuron_1096_count,0.08959980698609368,1.090691747344905,0.009072286768391342,0.056499105104819675,0.042399238319454136,0.033654383319340085,0.03868261532781853,0.13069567562845255,0.052616276534310474,0.07300437104855598
neuron_1097_count,0.1456520114433368,0.9789915183500083,0.029833595965176846,0.04047036134616,0.05046936449940166,0.03740320974093224,0.030087320575312174,0.09219720691574235,0.06470014622912654,0.06876802780419886
neuron_1098_count,0.13601645746734786,1.0114713085156235,0.024954874294130625,0.057269986313554136,0.04033453771603979,0.010428837566661332,0.028861953060624133,0.1486218881024599,0.05527686716381999,0.05309744674044628
neuron_1099_count,0.19597245319177167,0.8387392094970076,0.0469101667973532,0.029611439245558775,0.029444956867825563,0.03541785620373481,0.020144460132293197,0.08375238660536666,0.05030302422634286,0.04348422431701735
neuron_1100_count,0.23062301879116692,0.9511586946265581,0.05076558098199173,0.04445060137775711,0.047903610713500556,0.03793176044228648,0.026326222581210586,0.078507680319501,0.04885673946623739,0.048978218041732614
neuron_1101_count,0.15745583839585847,0.9523168698713256,0.0348333575874612,0.03724981834174884,0.042961033691938114,0.04466322674342253,0.03682555988888535,0.08437810515873898,0.062347254375482955,0.061235884161727684
neuron_1102_count,0.12034947687502906,1.0334662896899982,0.013429851756307655,0.05941522153818818,0.03790042189804647,0.01637329137136532,0.0183546611955202,0.09604841157522934,0.05715414169856117,0.03976644793822433
neuron_1103_count,0.18029059883236734,0.8959036363861488,0.054859691673166455,0.07466185287302748,0.02641164404422236,0.05572312145745564,0.02292589957278362,0.024264809699753438,0.032487775085426635,0.03836820374282382
neuron_1104_count,0.1829778446664872,0.8393443881014864,0.039242278396227626,0.04020177978168546,0.04315257047374241,0.04101691290999199,0.021020747552452448,0.04365653348721488,0.06079165351505028,0.03926637956589601
neuron_1105_count,0.13491507661586835,0.6677292604785494,0.01234044629455304,0.03654898896647735,0.059161325464880385,0.02746476672244183,0.009458347122082995,0.05304359466914518,0.061936075815913566,0.030567289875036065
neuron_1106_count,0.15901133965874123,0.9349388389744042,0.013572067485335598,0.07417390589037393,0.07697141854919662,0.015581223137297456,0.018060402228679273,0.06112551718472545,0.06328401956353588,0.06459720229929705
neuron_1107_count,0.11072904259713676,0.8669374862354837,0.03226576911432209,0.06636646764289882,0.06385424268336934,0.049454251419535994,0.024374255814504114,0.03409412212535096,0.06021249980368003,0.07528937193692448
neuron_1108_count,0.1808990281250218,0.7943198285827602,0.024044962024263955,0.07148909204139937,0.0708652445428492,0.047226191546318325,0.02136434609299915,0.03483962205471307,0.05419648285754422,0.052358743157658955
neuron_1109_count,0.13829822304803013,0.8519555882782519,0.02339855487396382,0.10009123235024772,0.06764285171061316,0.03129730720448384,0.020699712336619956,0.041048239978676966,0.06277653479482725,0.05232521015411851
neuron_1110_count,0.14453192877230234,0.876573784002808,0.021997595828334895,0.06722816056901412,0.06473713824862176,0.02599114420003905,0.02137348531042363,0.06884347455717235,0.06364299387415703,0.060737505607514855
neuron_1111_count,0.14235303317383743,0.8492396369787629,0.044710986012760134,0.05357421804132208,0.04336496622273964,0.02710287124117587,0.026135538471161363,0.043928552779482294,0.04983648897184892,0.07353038212604937
neuron_1112_count,0.09186238774660538,0.6785323108004702,0.02338984784364663,0.08036509465363023,0.07291700631161119,0.035288147354655214,0.034541086777047605,0.03498909387606974,0.07724407497049449,0.04843636131281326
neuron_1113_count,0.09786934440153955,0.6458165105560913,0.02269425508322491,0.09866516900212241,0.07434542091981233,0.03220174043925467,0.0421903229023116,0.02463292832642528,0.08220090627991739,0.05073877427623752
neuron_1114_count,0.10276869333700331,0.5961509945863158,0.01747659620199459,0.049962844563938735,0.028093528167249873,0.02368394384635629,0.021434565235949166,0.055447501111336235,0.06068537018210224,0.0512183439394058
neuron_1115_count,0.16331191685815252,0.577707751510049,0.012755806497815401,0.14180587889877797,0.12027708909122323,0.02696692780913515,0.026236004465210044,0.022860763109041823,0.10963776240503403,0.04661491867350996
neuron_1116_count,0.09044204460321856,0.4193752717393813,0.01956321853374958,0.05644268731092571,0.04969255915113481,0.05128824208407978,0.017438160371109443,0.018832061986418062,0.06541728694296778,0.03589836192507959
neuron_1117_count,0.06697544796842539,0.43759831595002285,0.007338377367202387,0.1275689628140385,0.11088517196436709,0.02588905329122508,0.032036306919523916,0.010071659427074914,0.13172941393305848,0.032552685554091756
neuron_1118_count,0.1086202116160288,0.3814318886575352,0.008458451372294534,0.1393229744121663,0.1547874263516234,0.033842328351899015,0.04042853282578868,0.034721558069975886,0.11713815072165074,0.01718439665900858
neuron_1119_count,0.06054496699138004,0.29395081315656,0.01028982168875455,0.15997951096824597,0.15334197251557266,0.03867089550853792,0.03778196156384997,0.023384936980206758,0.1276905485218908,0.013562417573890654
neuron_1120_count,0.024954194284678544,0.2508852803502744,0.020197919034089892,0.09843589122906962,0.054113571458695595,0.0492780437002199,0.04036825472313846,0.005931827636989767,0.08177588735663566,0.024426955679280632
neuron_1121_count,0.005079324198108109,0.17327301437782405,0.0223632792132004,0.09639966415900064,0.0654969497982533,0.035893648667566,0.013266432187697533,0.015772647929867364,0.07540713298271537,0.05823457434787843
neuron_1122_count,0.07370237512875119,0.3329549061782347,0.0029180794702433864,0.10019094191544392,0.1360058984069242,0.0316205204890018,0.037545220295421455,0.011330617164489423,0.10993377937327012,0.01968422393612579
neuron_1123_count,0.023535424164391555,0.1632470959912123,0.0039281742530509825,0.13178918257390349,0.1366354844274055,0.030954726526761234,0.06400482241848032,0.005109829135668577,0.11920926625711922,0.023601894115234834
neuron_1124_count,0.029920012749428695,0.21499270747217974,0.0013092634137598959,0.12770473148689593,0.1496898736753413,0.02183017266347087,0.030279109247774605,0.0030967714317928947,0.09464305104253193,0.03387733708321661
neuron_1125_count,0.020044946496165797,0.1706858867260975,0.005464013349291133,0.1256376956393386,0.10452720121321246,0.0122788952359391,0.07272508152938928,0.013158070027404836,0.11588024996708216,0.03393867917849018
neuron_1126_count,0.030519682710243717,0.14596082653681292,0.01761310227497106,0.10218285990631212,0.14435843070165458,0.012916822615555434,0.058724564730749315,0.009634404935167762,0.09653981937672979,0.02979856533592759
neuron_1127_count,0.008634266495789994,0.05630538642419708,0.008620122722100054,0.11863266993946248,0.17120689919758408,0.00959896739262868,0.07234898453758706,0.010857708877845734,0.09933174334703351,0.011490216241451835
neuron_1128_count,0.041054024297767056,0.09185704605164291,0.00507926778762257,0.13130404735884998,0.16559218871534562,0.012910302538742716,0.06735161331886305,0.009350269329610725,0.0819232144242342,0.012494388820191639
neuron_1129_count,0.025462834222687664,0.044295557555517284,0.0011202227948416991,0.09834533981627477,0.11504699113477912,0.01822042157065927,0.14460223716440276,0.008317509319939404,0.07682555538285776,0.005958186233028727
neuron_1130_count,0.01040035862315903,0.03493401452761065,0.0014145485007810675,0.1066342583491752,0.11437105668151512,0.013377888048269754,0.05443047842603245,0.005126844029432573,0.0874224211272227,0.01739389967207257
neuron_1131_count,0.035126120180346734,0.044494225529103204,0.022445542883741093,0.14671605673630572,0.18814492644313133,0.0042410503663977694,0.13707468871577916,0.010000484558459588,0.10564364098671769,0.011237437759031962
neuron_1132_count,0.013564627948485439,0.02512272406419236,0.004169021295621508,0.09850462787116007,0.13496847371425474,0.0032233666057401786,0.14035567603504012,0.007167565222128296,0.08360295531359896,0.01744155315056266
neuron_1133_count,0.04191944324367697,0.01795194590343041,0.008883568729335468,0.10142454817097427,0.1811770478561286,0.009045280457953275,0.13004081144236618,0.02473769296341191,0.07622255763266034,0.012292065482685733
neuron_1134_count,0.05400102711388324,0.03955444219232243,0.022167729699930847,0.07245694206965636,0.12247505010503987,0.02039056206933544,0.16534507289219294,0.006833545612488279,0.05746603175875831,0.011021266452090811
neuron_1135_count,0.034095394427413626,0.011541324548953208,0.0038157074413441745,0.08706657593767728,0.09929642059033592,0.007423236734289268,0.16492020884284367,0.020228270822027758,0.08340965927906682,0.008533527833837576
neuron_1136_count,0.05197568743318062,0.009957079919240358,0.025956963649129416,0.06444133187003168,0.10600067247477224,0.002028710865970871,0.17788982776262424,0.01237507227513529,0.06930157705416165,0.009090160129454471
neuron_1137_count,0.0326624846538168,0.03790419796539701,0.014570241508265643,0.09587792525881031,0.04795626162060315,0.006167503482559615,0.2693841536058072,0.021807905388400682,0.08093904301141319,0.016946230147615416
neuron_1138_count,0.02532243230449846,0.005449290425644432,0.019089089000939793,0.07702365141373577,0.07946337323841376,0.005702614017449159,0.176209958929894,0.01723951643634039,0.05272522553394435,0.01216457732478348
neuron_1139_count,0.037656359424458524,0.012855345683408514,0.016870494896265985,0.0654839392749938,0.03280382959512122,0.008514432728094913,0.2698171957665659,0.020924897112311033,0.04960294746865346,0.011186874850547621
neuron_1140_count,0.0345790236801653,0.014587591386251098,0.009595698545427779,0.049394307509116914,0.04752100378454513,0.00764820182083804,0.2417449761148915,0.015730077012054075,0.01601015027038144,0.014255277090715376
neuron_1141_count,0.11171837080972849,0.021749008106708975,0.0194336922721091,0.008584961374773867,0.0018800650694461643,0.017471967407685515,0.22535869745289072,0.005618023540738585,0.013421978260512848,0.009312767688921865
neuron_1142_count,0.04559611627656035,0.0010616233658660781,0.024977809369175208,0.0265325585250335,0.038491747386358806,0.001794725144752169,0.24485970548648306,0.03263002503380023,0.0233930263778048,0.0209966356337963
neuron_1143_count,0.10289393286797033,0.0026159082894223196,0.014060263764987355,0.009032554658985836,0.0242532688008309,0.0026222219713366544,0.2315456187242137,0.025984911079906553,0.0033596261592168525,0.01849526270317163
neuron_1144_count,0.06784838475085148,0.006907284867224715,0.015937134705008252,0.011108529317930507,0.01338228464815016,0.0022601090345273126,0.3708873800616282,0.013019479024013444,0.08515473956956951,0.009288032443926057
neuron_1145_count,0.07643560345898165,0.015084367842639182,0.009357626909835652,0.008648639091787202,0.0007836495325317498,0.017855685867171296,0.14665940528707255,0.021026118443833997,0.0005011555540421013,0.0059041906636185535
neuron_1146_count,0.13576600897925484,0.024461939712901865,0.028120345697831367,0.005703062977068419,0.0004814169364993192,0.015881247856068245,0.2932205387947405,0.010875723062553452,0.025762059718005936,0.012445746878675942
neuron_1147_count,0.15180537947124004,0.0901769820235525,0.01949092552055834,0.004565500062727653,0.00870823760972347,0.01785281993530534,0.3656342007100222,0.01936546327157474,0.08262300049264756,0.028240680703551888
neuron_1148_count,0.16704655965370271,0.1712514842612985,0.031038750881192234,0.0025193830963539526,0.01407563069316417,0.012614651241860838,0.41977025207464813,0.012257954514571536,0.1004196435878626,0.024715483225340985
neuron_1149_count,0.05592526936757575,0.006569539615227268,0.01236524411848013,0.0028124172461626443,0.004837586793009661,0.024251493068081352,0.11268992584702274,0.011703313561704324,0.0004834063995518231,0.005176717335003595
neuron_1150_count,0.10460598624409854,0.12764255568233723,0.00603021375487571,0.0037448676160517155,0.0223113178282673,0.030324585231543882,0.27389536159833344,0.013800549038336836,0.08199234766591357,0.019575075712511134
neuron_1151_count,0.08242401044846703,0.046313213308821856,0.007109957042240732,0.0019830228847531363,0.006685140556930449,0.005198918632925018,0.14753543944787917,0.00867745259373701,0.04116665386087799,0.006187449348713091
neuron_1152_count,0.0641930844994732,0.9527188093305738,0.016767500782757613,0.062064363587652736,0.0485342005915574,0.021780548552681314,0.0471719293354384,0.244148880237556,0.049281745195381504,0.06531720118862076
neuron_1153_count,0.14052390890298183,1.5848530298351229,0.015247269727252072,0.03762680794601504,0.08466445251512614,0.0397594758850492,0.04813841283289773,0.1628595343874224,0.03307719746496675,0.13144660479724046
neuron_1154_count,0.07281998584427934,1.287451030738319,0.01890116700027695,0.06216858134259686,0.050096021957726944,0.024091762028220484,0.04237996507708715,0.2094495066566197,0.06061433255687761,0.0709823872011195
neuron_1155_count,0.10809778826722209,1.397017511165949,0.026027934832796883,0.0753513350858945,0.0703151896103538,0.04691655449279798,0.06081364893649746,0.2254798228455124,0.062439977843955205,0.08699893216390697
neuron_1156_count,0.1466018870842079,1.2946494343145976,0.04973599545418057,0.07916323264481175,0.0841847587920086,0.04788871165834012,0.047562162266713136,0.1674720341353256,0.05104644684623164,0.08706878734231405
neuron_1157_count,0.14715395502328046,1.3355900565113616,0.047348011998792267,0.06980965126422171,0.09169686407772991,0.05308593193296582,0.05307835782022436,0.18264159085314643,0.0588931918620057,0.09016981802039926
neuron_1158_count,0.11023653474307193,1.1551618013896454,0.023447550465338945,0.04995655147091465,0.06552810759529987,0.04300117511587412,0.030875922944354525,0.15279169666466702,0.047112498810320425,0.08675392075788566
neuron_1159_count,0.06705919282169667,1.023648531019986,0.01332577864169952,0.048743281678086746,0.04121103013886247,0.0048290029586762415,0.028856606810051075,0.16014283510797603,0.06177647711331805,0.08267375851258316
neuron_1160_count,0.11678971138898511,1.0363407385529195,0.019210878304283995,0.07520341852605518,0.04673587447134069,0.018468195380297155,0.028192025224568353,0.11838957803077513,0.06746392024743135,0.08045924410574382
neuron_1161_count,0.1717242456094246,1.1788337268530729,0.02901903180058077,0.04890250260779329,0.0588364647706388,0.03455006652931672,0.047005308271734096,0.10690581278122116,0.06633495136855846,0.055643798614251366
neuron_1162_count,0.15822424218098638,0.9577785173543917,0.02144879101499078,0.05592914360590796,0.028710860514343524,0.030468680221341544,0.02061209599361151,0.08809827170782383,0.06573881687391428,0.06409736896232325
neuron_1163_count,0.22296861176203697,0.9884086354365569,0.05502005429798962,0.04761682006899452,0.048287744468963736,0.02989760720710996,0.02336445755116856,0.09704575585875003,0.04934884895362683,0.041059771938253505
neuron_1164_count,0.20206505958270446,1.1156283213071672,0.0819580718813405,0.038578828585056624,0.04222815297192033,0.050310581168039825,0.031354261614613285,0.108677157630099,0.04451722826942338,0.07164431528707789
neuron_1165_count,0.18381869062880926,1.11303409612999,0.04038535719497505,0.04314527772023757,0.030567438131091224,0.0257263595575192,0.023870136710176307,0.10396318231919091,0.0502825254934334,0.04513836691170594
neuron_1166_count,0.21827351202121503,1.0067587035732346,0.07892731253740773,0.028129609745570192,0.03979716927224644,0.044820332405319865,0.027141188722677945,0.08461062352679288,0.05875952467316113,0.04964752657078888
neuron_1167_count,0.15905097159860612,0.9799937166860465,0.035591946191851215,0.05142939634198618,0.028691413585362133,0.030193399754908923,0.020760843677648008,0.06127411304290846,0.052690038013380555,0.048059970213288256
neuron_1168_count,0.1883489307277056,0.8429556676008477,0.03937728385405673,0.020437999389482292,0.03460266366280293,0.024513150678034307,0.019395879010290107,0.051546413870481075,0.04854197715971226,0.04069012646158708
neuron_1169_count,0.1997771011166351,1.1239784714416816,0.04901344712773639,0.023700997856650523,0.013187070348295528,0.0317316092072107,0.029529056118985958,0.04282394437708159,0.03621545502800995,0.07430118777422898
neuron_1170_count,0.15324807607589186,1.067970840529937,0.0212681691751493,0.05161993064054035,0.040185850605298126,0.03188092881363615,0.026463735816184417,0.070751392449967,0.06046090604218034,0.04690278113412871
neuron_1171_count,0.17143117698596286,1.0680459985435409,0.06565401691714279,0.04703804267200008,0.028710322660845937,0.06138454260379375,0.02492666381292935,0.046681076560049356,0.05158049561627688,0.09735981027634258
neuron_1172_count,0.1693768557435243,1.0079172512496246,0.0436339324395382,0.029991077274328405,0.03993173982521943,0.04996481109037666,0.02237358452568706,0.05875128665141699,0.045368544287108487,0.07170481110721777
neuron_1173_count,0.17378682657549044,0.9365203006806998,0.030560485311952643,0.061379035694997336,0.06984803806911516,0.028984717231823498,0.017136560055994385,0.057702545232904745,0.061465280793278565,0.05591257719781205
neuron_1174_count,0.16079850240723315,0.9338169556673752,0.018133938140176872,0.07525212283183384,0.08066152851830433,0.021824116111863662,0.01029106967398939,0.05502195267817965,0.07893132663464719,0.05557557632039358
neuron_1175_count,0.10527362752135663,0.6713912769534097,0.03584929971873839,0.06879778712125247,0.02616557064347204,0.036127570952814575,0.022223318992294773,0.03332797959506243,0.04515524522368966,0.06168111517811681
neuron_1176_count,0.16405468570023155,0.7274258259598766,0.06244714483601499,0.056792639634884304,0.04527673418191899,0.03635644637522786,0.026291156926215718,0.03258321644133618,0.048912891627318794,0.06698722635740606
neuron_1177_count,0.09170713548022996,0.6218639162361657,0.031578333329632904,0.07082707258460881,0.04887834360382709,0.03923923300388438,0.015032946175761487,0.040208721183798986,0.0749692532125899,0.05290745485617507
neuron_1178_count,0.09739253186539751,0.46389036871948164,0.01667685646449482,0.08741612960195366,0.08586680349311748,0.03952523334485292,0.029835015223262443,0.016027009473066126,0.09402613213292693,0.04309809209913942
neuron_1179_count,0.11119639919827354,0.650359340013316,0.017277537257522457,0.0947792433727688,0.10389581065767084,0.04067886228485304,0.02024415500295358,0.04407132256910725,0.08179943715482299,0.03905182047828699
neuron_1180_count,0.12938446475811327,0.7169149277364588,0.014038156786241901,0.12608486102011243,0.0656495953397715,0.05007819088166496,0.02383643772290457,0.009141098794173269,0.09561857645274013,0.07238441040683852
neuron_1181_count,0.07711682073946013,0.3644716814791352,0.012132731357266668,0.09183496346594971,0.06768269285533726,0.03378303579768613,0.028234736076565667,0.022871150230498793,0.10528070575141957,0.03902674074712498
neuron_1182_count,0.025987213591550984,0.4096414791144769,0.023967657650714416,0.08212338916340955,0.03409755097156143,0.04794131667490387,0.011696939906731707,0.02315571632322913,0.08493827073243945,0.038051362488771695
neuron_1183_count,0.07763825703559932,0.3726359327239664,0.029531547823712548,0.06992748820291345,0.060774190331363,0.06382706326020579,0.027083580190601392,0.031166745142147692,0.06975463533113743,0.05027250981974711
neuron_1184_count,0.03914233144427795,0.25449876174841324,0.009836040186103102,0.1144630836740726,0.08390486781395767,0.022515914038752194,0.03251906973170206,0.03262414823517991,0.09474668084026946,0.02340507905219409
neuron_1185_count,0.05369373094445981,0.35129606577574624,0.026463937327650122,0.08151906868307271,0.040792252617957075,0.03336370004067596,0.04182254421566303,0.008387019776799112,0.09958756358603513,0.06733776793698656
neuron_1186_count,0.046396519442906334,0.2971266159517625,0.01720501205087857,0.07250163236872409,0.05707479517317143,0.029776020222208807,0.019101063936187143,0.019719169198744516,0.08258176999442587,0.026160315790655142
neuron_1187_count,0.05608854546853739,0.21277395427019963,0.003448351703999507,0.1125859958613682,0.1666716026683931,0.04997451589498583,0.0471313458808405,0.00728186991958573,0.09733051005688328,0.031089992564119304
neuron_1188_count,0.023169583498507826,0.18494958164088537,0.001069528618907637,0.13142528030843356,0.12584495483954022,0.020723380256009477,0.046299498624842644,0.007256135275620225,0.10473134440769649,0.02588477421248664
neuron_1189_count,0.08620524283469871,0.05621034037572717,0.03100374895937741,0.1004028800977162,0.23199820495722046,0.003544909989527313,0.0913002408651572,0.007372143925766128,0.07962777106622612,0.014285760653297369
neuron_1190_count,0.023600731007288336,0.06449285749752443,0.010701788276024648,0.13467095092719872,0.20267466285155383,0.0106473225034307,0.07030103252388575,0.009624002011122963,0.09489551621302639,0.018063889944968464
neuron_1191_count,0.011315681321686376,0.06141121468257471,0.0061748718960752055,0.1033755860314706,0.1272940563398916,0.009552102428172796,0.06446650640296755,0.007630792453179484,0.08374586015515473,0.024555717596178875
neuron_1192_count,0.03595219612514547,0.05657080688850699,0.011581616680602688,0.08722150985669638,0.16521686704648675,0.005466791701113749,0.09046290940906734,0.008659208941770337,0.05330100948052649,0.005851012863672504
neuron_1193_count,0.023665843945620157,0.06870081872056444,0.005891790533058633,0.140026389479279,0.2258499465548958,0.006327298906054102,0.1013499702350659,0.010332540938253287,0.10610101366633778,0.023733051099804003
neuron_1194_count,0.028355882089475832,0.10519796412653251,0.009195207072497644,0.09223671735319414,0.11712804803170976,0.010611965586047281,0.09107800334133093,0.011539434068488966,0.11719231545926972,0.041012208208904236
neuron_1195_count,0.01374346452684043,0.013280751491365636,0.003847020524121801,0.11748462655851652,0.14922388807479464,0.007916170590267738,0.11764203403302342,0.01671136649224396,0.09018656142807477,0.012318647395732329
neuron_1196_count,0.024250228937278635,0.00229949602800691,0.007206722740718874,0.1077004776162161,0.16576650362561687,0.005049970790488835,0.1220557206667292,0.03767712801508122,0.08725459171943079,0.01871318607280273
neuron_1197_count,0.011769875929593096,0.002398187754036857,0.014968805199543106,0.0890380451633872,0.08460111116842628,0.0077689573659898495,0.2543348715451553,0.009341441992573103,0.046296405614946634,0.01656502859888779
neuron_1198_count,0.05461176688293454,0.027148550287105555,0.012766428433020748,0.10018568969380598,0.12004117430400688,0.0010176650107065963,0.13897008993822443,0.014330449562608732,0.07482630444646626,0.008471341141658211
neuron_1199_count,0.012339776134675483,0.006882071457056893,0.004823447855966424,0.11900219140042384,0.14465227345285647,0.02346776008758627,0.16271028926623465,0.012817815259057001,0.06258043556088566,0.014980615197781107
neuron_1200_count,0.06990725886610025,0.01783916865590815,0.00659132879322346,0.0812481664040848,0.1155907884127701,0.011425879743400855,0.17036704715893652,0.008271519403471175,0.04635113341364733,0.012271296525937957
neuron_1201_count,0.04787032185223884,0.005025313893623311,0.007420290731451,0.07295205702170204,0.13449711827986316,0.018087401901640106,0.1652110460344302,0.010903388293068684,0.05791979446218226,0.019565946088959056
neuron_1202_count,0.001497312059967666,0.010114289888921081,0.007573549241323646,0.07989065591309144,0.09167639760293433,0.011030066114683261,0.24548434640383196,0.016058565642640358,0.0500347798544996,0.02013329291000108
neuron_1203_count,0.03196809618950314,0.03280581206056672,0.013900191166513406,0.03750402940707606,0.00859044838572419,0.012785563794962316,0.36222915750348106,0.012700077267009315,0.08580877174450735,0.025280808628950706
neuron_1204_count,0.001260224116051499,0.014341426213781719,0.019373859415723907,0.06918390279379255,0.02534715039564342,0.003332400527735877,0.33701004893100717,0.013067526371975712,0.08218725406409852,0.021071769016378875
neuron_1205_count,0.03246532956283438,0.05289542416796321,0.016903662632463373,0.048246317647114206,0.01091714881840513,0.013339641260324497,0.24805413930873466,0.016766489122898333,0.05119769732352483,0.02066325435780972
neuron_1206_count,0.0652779365055197,0.0017798745974529837,0.01438090136031267,0.030419179501983,0.0693677089050268,0.006669644518341372,0.22414538544241275,0.017053812126941376,0.018293592524197877,0.020188977517617133
neuron_1207_count,0.06736749616468043,0.006531476581948607,0.02368259468513545,0.01751068523936613,0.06831846405524793,0.001076253345005062,0.18235038417488658,0.018361720815753147,0.00024254630242905896,0.015313795433984735
neuron_1208_count,0.10369747633928056,0.009071646953998105,0.01389542299710203,0.04528694857290855,0.03324694068365777,0.0035613416773710924,0.33910058977968915,0.0076039218617560515,0.04062053916658945,0.003547131448384245
neuron_1209_count,0.14293170673169223,0.021235357019678436,0.03103818584806524,0.002149925561554848,0.010822220617080852,0.007392506799018539,0.2589521865649117,0.007660507128599815,0.033671379161255066,0.015797799336048822
neuron_1210_count,0.1759571480600533,0.16343855930848278,0.02701757663176746,0.005889017297212723,0.008141777348248329,0.02714029999156839,0.2108777902439044,0.0037231478140946177,0.03871968373908759,0.013140787445030576
neuron_1211_count,0.12879036815217226,0.07140437311803598,0.021960987354706987,0.0048192812745809915,0.0099607730314243,0.006208361454287915,0.25950123526951174,0.01517368007918099,0.014247713269574941,0.012259276628575993
neuron_1212_count,0.06729962256529087,0.014842201649957941,0.012885543701073227,0.0012593524705465237,0.005746871083932969,0.007345405502681018,0.32846216635346565,0.014919590180361555,0.03777037525602492,0.00954446607400022
neuron_1213_count,0.15736980382090995,0.1151019370402603,0.013621568675074955,0.001119607438133786,0.008314809358896315,0.016052983562019563,0.23764904952375038,0.004483915942833027,0.03688200333451924,0.012990017711193885
neuron_1214_count,0.18018439163845784,0.05031601762066404,0.008065812056106111,0.0016515181278739,0.0014169099720570122,0.004067143560819993,0.11258923994529692,0.011675886323822951,0.015798091655129333,0.003155194436849914
neuron_1215_count,0.1838117502205553,0.10568725424784858,0.013604624740649086,0.00015329369974811068,0.007833036863098716,0.004776521954459654,0.28431096244447296,0.009477225243334657,0.07446667052710121,0.016007050642403327
neuron_1216_count,0.10355440987108037,1.189091617446329,0.045971446819628656,0.06698651322141665,0.09552507235099546,0.04399645877215305,0.02993707100846288,0.1954251014914302,0.04188957029824666,0.1006641633589422
neuron_1217_count,0.0965070847191363,0.9839564934614669,0.04698836931951367,0.023810271125182553,0.05127817173456997,0.01753259688856036,0.018717886946703337,0.1655160545464465,0.021658961666669013,0.08035016377732274
neuron_1218_count,0.0863614903893336,1.375959917766655,0.04709705701280696,0.07116496256011204,0.06704895995465997,0.02764606187486213,0.04933707335683289,0.2211402392465211,0.0484477911026895,0.08715162579238553
neuron_1219_count,0.16028940840375647,1.364823952081314,0.03648315013915292,0.07574491172269916,0.10315148940553318,0.05051280740684348,0.05377881563156861,0.1474863792105677,0.05252616935762319,0.09563064714821375
neuron_1220_count,0.1501734119400288,1.2228212429822791,0.030498150201501623,0.07911916975223082,0.09276163262129519,0.05052583375887573,0.04831997932116146,0.16431307047585159,0.0733051604095166,0.10043669326468294
neuron_1221_count,0.07402636738750737,1.1875331056470106,0.015275486447712094,0.061024015402491444,0.04823617617842766,0.02641915463021465,0.03682294760486492,0.18580811617817478,0.053040647421384625,0.09294658195257259
neuron_1222_count,0.17673878089899092,1.44230054602282,0.04882357408309983,0.07536182154882759,0.09730474510853607,0.05577424647908499,0.04106298039276013,0.21191025586226606,0.061969210039819145,0.10970407198823574
neuron_1223_count,0.19415688260868616,1.1976778668799886,0.05916833301987545,0.04799309604248308,0.06858454823269142,0.05387050110305823,0.03901361141311634,0.13816555771795833,0.07693378345066992,0.06212948849691352
neuron_1224_count,0.1583728865777877,0.9673193897878043,0.05032914695098331,0.04118200598193591,0.05419156934576548,0.04560693472893282,0.027214067225954222,0.09692431150109146,0.05681172191512088,0.050782940491943845
neuron_1225_count,0.1741823690190954,1.1877986460079326,0.05384831208785984,0.057413830272405396,0.07267800575348592,0.0678327520658874,0.05129418675140857,0.17841220327876933,0.0619809807726438,0.0703267945991406
neuron_1226_count,0.18334415928149536,0.923683692615725,0.02719039521600841,0.04349069509917382,0.048932289003548186,0.03659602084764235,0.035624909421037895,0.0712638318310649,0.05479850863321848,0.05562041725362802
neuron_1227_count,0.1414153056875101,0.7887117124283255,0.011655401415595984,0.025749928446105998,0.02070884511430441,0.02327670532686446,0.02268078031726528,0.06944412237565217,0.05923631245611767,0.03179068376388857
neuron_1228_count,0.2473686952853117,1.2516420852186039,0.08686880794625748,0.04746807862352988,0.05094350661218501,0.0336047092786415,0.03947986549232861,0.09653542351635222,0.04617624281523526,0.060223433244292815
neuron_1229_count,0.21525809862085277,1.2640641267550567,0.10577623659181262,0.06428456140523696,0.055869257912934144,0.06290895890541248,0.02872750033790298,0.09501569561124881,0.056538481273046975,0.09976091581953495
neuron_1230_count,0.17186757774436437,0.8952633239607126,0.039859344188275164,0.055632022680117466,0.04763608759212125,0.03695762563367111,0.024830379307399463,0.07406091041279408,0.05143393960361049,0.034414942096136845
neuron_1231_count,0.1902097931584574,1.0101787247258034,0.07238748637213088,0.06028832961637391,0.03124446977398037,0.054412609919436805,0.028212227986873194,0.07006701425461868,0.04453763892442622,0.06041149408207759
neuron_1232_count,0.204977736832969,1.0120387995267728,0.06549664656615839,0.051265942601878785,0.05198760763698971,0.04541156231284296,0.03213809852828975,0.08015923023535587,0.043066680856377874,0.05632408623597031
neuron_1233_count,0.18645383744939467,1.1494694677886519,0.0652727636855904,0.047758030045675096,0.03982420334660073,0.06252036935201806,0.04462890496789785,0.039279588658024694,0.046819950365728336,0.0954602469390704
neuron_1234_count,0.2137164639451243,1.1400716413409582,0.07337869386074741,0.041751039717291084,0.061012555239254154,0.06528447451474258,0.04039295842495474,0.05237816632371294,0.05071699849165772,0.09616451830679025
neuron_1235_count,0.19617179430538062,1.0533756791005155,0.03902656842677124,0.029409244908440817,0.02572381122507606,0.053830876152144685,0.02667597466712686,0.031111138808758945,0.04361974853172959,0.07566167296979773
neuron_1236_count,0.1638027391721358,1.0867157331824002,0.059537189984754046,0.024865029502724803,0.018009172476422065,0.03922830455178351,0.024967047706350186,0.02667920459310741,0.05007645605233001,0.07842655180909677
neuron_1237_count,0.1888181217234243,1.0487446625877161,0.030873540433242072,0.04942044426803288,0.04890315128671613,0.028935021569996194,0.017335245158171777,0.038207643497545345,0.06208854545683555,0.08754335805599373
neuron_1238_count,0.16388136403358747,1.0154227525607005,0.03578744876514575,0.03786052703814316,0.03512276653686637,0.05068612465416347,0.023844837179632872,0.030865264991843375,0.0491041455749216,0.09080421288430726
neuron_1239_count,0.13397850427505756,0.83950770341782,0.06059711001158638,0.0726726406653894,0.03251804219876303,0.05335105671025209,0.02980211238497206,0.030527933500381285,0.04360676868472854,0.08476499688887906
neuron_1240_count,0.11059972733472617,0.891005193923755,0.059164111008519676,0.045662194779382076,0.019568035362510686,0.04657386171759759,0.016947982268200264,0.02030289597165471,0.06121679243032557,0.1585832113161561
neuron_1241_count,0.13157188373911627,0.6232642331537724,0.030172212321989397,0.045872245154153876,0.04380073350228239,0.04230903168585523,0.017955694790788332,0.023800350885087623,0.0660827062396308,0.06141321717292103
neuron_1242_count,0.11477616496873952,0.6023386001589167,0.04312686972335253,0.04416677052470064,0.026685075202743463,0.06828835149501741,0.015813970761382003,0.014636753853868895,0.05030001543000964,0.06668856319083405
neuron_1243_count,0.018867229740028295,0.47068956980334575,0.04002055493268651,0.058214299251243384,0.015785410612724204,0.026166983558015527,0.015909493963016823,0.051316113873424135,0.0654075829117666,0.1754361848080156
neuron_1244_count,0.11969490887992709,0.5293376016671676,0.030339981165700317,0.047709395644780855,0.03379949855680944,0.047099205672421096,0.020825432716904485,0.016670718264798046,0.07581951407820625,0.058466745645570584
neuron_1245_count,0.04456655585402225,0.3636019571938739,0.027572158635325167,0.08014391214028238,0.02723676718895149,0.03861836017663853,0.01615723758970162,0.038903634300073556,0.07135754064350855,0.05296731466945634
neuron_1246_count,0.047237914658591146,0.3744739915697062,0.002056185684948676,0.1253649862417519,0.08093166242237779,0.03349050527777703,0.018514754853000637,0.008897356919325812,0.09916759587950447,0.04247718359930844
neuron_1247_count,0.052512568491001305,0.5032257490034588,0.038469865675102105,0.07759487085000644,0.05160524740490896,0.02480869666698733,0.02097102142152081,0.01661497112658266,0.09525271359653664,0.15448303427142301
neuron_1248_count,0.006078576300327872,0.2629229005807282,0.005851659186551658,0.09169570823667467,0.05161309829434382,0.028015543125751996,0.002809878486205529,0.013728958521793615,0.08010379613077881,0.019196194637633696
neuron_1249_count,0.05049133888643911,0.350461121322951,0.010376346269736741,0.09943031025164667,0.07012932178964665,0.04119922435986445,0.025327864899876568,0.004143362535717142,0.08989447525096589,0.046541314884674584
neuron_1250_count,0.015186430194322892,0.2502623764480725,0.03236409566965717,0.0869158001032164,0.07165755230369847,0.04826253013024087,0.012845212706811493,0.009466755964021967,0.08782416899529497,0.05275142351688339
neuron_1251_count,0.008363368988653933,0.14840535319538475,0.010853187031518191,0.1144422856019269,0.08098996460076005,0.02748674941354351,0.021378671727144347,0.013853153734547846,0.07813733469702297,0.0234466603633766
neuron_1252_count,0.003398800064831023,0.1262918165036313,0.024911791335919836,0.11220974099020381,0.05650494172658432,0.039812402870230634,0.027458337495778612,0.02492592196978337,0.09113734593981937,0.055209571752222464
neuron_1253_count,0.008502157279583755,0.09395145325185897,0.015305404850890436,0.13127295883761073,0.11979148785007257,0.021167314512878913,0.03697060574603754,0.013473349564104953,0.08634337333727382,0.028958568995306466
neuron_1254_count,0.024909267173513362,0.09409160072362718,0.007314641675480477,0.09569046638029535,0.13976986162231714,0.013631946273075915,0.05969388445244879,0.010138855581477722,0.0973823528382527,0.023790356080446502
neuron_1255_count,0.025400961667877295,0.05933848162301639,0.0019360360104206768,0.12770015485132066,0.14251787848667752,0.004311780679692408,0.11359087692922593,0.004468577595114306,0.12459927964873699,0.013035014727158359
neuron_1256_count,0.01338450502100438,0.057676791288867935,0.011564925713611937,0.10931383876808615,0.21504735576464074,0.022817183809523883,0.030972767750120547,0.01296384676328275,0.08624078955482531,0.036278664551907425
neuron_1257_count,0.036670650145873604,0.07860812227059605,0.00653086618783736,0.09335205609790598,0.11387976555220727,0.00619863999626967,0.13926025657410748,0.004866542422147603,0.12111646732862741,0.009360510208332708
neuron_1258_count,0.023611219500604477,0.03855873043352144,0.008130352894551725,0.11788617377945235,0.1849712506227537,0.02127076850371007,0.14048929315013456,0.02049741893019598,0.09238186578192684,0.027916991104784634
neuron_1259_count,0.012921438787447982,0.05823819328467614,0.008504225008028603,0.12033715833801722,0.17618562706150417,0.019712452064884256,0.10509693650986718,0.0062738110773017716,0.11397228938521248,0.024448981376578152
neuron_1260_count,0.016534667827406313,0.05084512910895492,0.009576703342056597,0.09941430089231879,0.06798854183121114,0.005620376629892995,0.15150772385508934,0.003086593956126659,0.12612639037270337,0.011439895793250585
neuron_1261_count,0.020854777631962404,0.04731028843912588,0.0061773389731957645,0.09675696894014302,0.14042055307070841,0.004061320884764873,0.08534094265611852,0.005507008337171634,0.07460815615181446,0.00724025984537845
neuron_1262_count,0.02484518766616771,0.006376087387931988,0.02110859112237211,0.09575052916417923,0.12421298023157767,0.010383199282873672,0.17253734156608871,0.0030552535961517278,0.04299649237033623,0.011946288474640646
neuron_1263_count,0.029999844193745157,0.00974198657581804,0.013262343050912201,0.10822300293210602,0.14422568891581558,0.009262356609868794,0.20725747219777602,0.006657544415563019,0.14746362973270616,0.020181775744941052
neuron_1264_count,0.017748869116063222,0.006891249481257744,0.008658331305585222,0.07033375631568387,0.12201310303757232,0.016023941569927362,0.15218674498263032,0.016198678243121087,0.05856373920516078,0.012260280164224783
neuron_1265_count,0.02911063997914591,0.009363460850735361,0.011032342354014124,0.06950181813015271,0.07925139269252665,0.018504577931653957,0.268807369949728,0.01402776410389648,0.05910049417694743,0.011274873385213768
neuron_1266_count,0.0009038251538219175,0.005931339313524457,0.008862947768218582,0.09383529037186733,0.07833421275448468,0.005371013786371517,0.23752228285244448,0.00980740277689019,0.04828808985761088,0.011246702697704095
neuron_1267_count,0.02078675780222998,0.04062116582009773,0.001891514364085749,0.059667680530851974,0.05378517860386084,0.013017632357173084,0.15304388093674315,0.017487269440084788,0.03937115232553612,0.017073248197587147
neuron_1268_count,0.006759736681786158,0.011451785650154131,0.017956643500470437,0.05230418971306264,0.029590975857233554,0.004057607827525734,0.2819542097688198,0.00917333095231589,0.06744948284756219,0.011048211956441
neuron_1269_count,0.00513104611491929,0.03433703830250184,0.015028813415079348,0.05333131901788138,0.00028408753188223154,0.012605700569814651,0.33396105187511865,0.050171697990545855,0.0720144968384959,0.02690287169021876
neuron_1270_count,0.06281887740752595,0.0011018052693815335,0.03210916828835861,0.008476559849265083,0.01865317876810317,0.01860200339192586,0.2127332106249373,0.009872924609415829,0.04033351013162578,0.010262875731279663
neuron_1271_count,0.11753572204650214,0.007327602419865999,0.028869748927425012,0.015250010428927582,0.004314956264632373,0.004371673316550237,0.27207345230894686,0.018769484694057342,0.015698337356712097,0.010215525699636817
neuron_1272_count,0.050278740042439846,0.031009655141250536,0.026789231340145117,0.027752892674828583,0.008872439408944187,0.014563847921177334,0.12164601033864898,0.012125264835724694,0.003991484257775582,0.007201419072688058
neuron_1273_count,0.04117980782235661,0.10109325936484262,0.02995410706125108,0.0024041710531608473,0.03140503305587003,0.06945011585682961,0.3312261608045872,0.03648097763939068,0.03647518024081092,0.025464480862751507
neuron_1274_count,0.058337117394573756,0.04303538308630482,0.030963863487785695,0.004937376807719718,0.002524534547928319,0.03495618460917811,0.3143502799245066,0.02475720377189501,0.02180549661483719,0.02102097907299781
neuron_1275_count,0.1388137095764611,0.07825241020306138,0.02170526693340155,0.002496076475234015,0.0056593141778850525,0.010820679083966937,0.2386549191349459,0.011402061246763073,0.036760630344145784,0.010426360360761028
neuron_1276_count,0.1373330392141459,0.09264959260288044,0.028323662146343354,0.003987666578693129,0.003297201941513426,0.01302909332672321,0.23727687939820846,0.011908388403691482,0.03718330883829658,0.014120162201760936
neuron_1277_count,0.22223260257140198,0.16023701305989105,0.013502890423732233,0.0022851608575609637,0.014157294805331094,0.008912568597125962,0.4329538074353486,0.010789318635520177,0.06290501287053352,0.010379047446302293
neuron_1278_count,0.16760637592119057,0.1566767951517018,0.01169142446245916,0.000335958628312556,0.011642808882156488,0.026429281496497876,0.35732720025606557,0.017575644781483057,0.07080209352055336,0.015975611689931706
neuron_1279_count,0.2008862240227794,0.10258876482763805,0.004830948217621714,0.0006192114045029673,0.0025109843704412896,0.0312998678020421,0.17130603076263917,0.00811481426831839,0.028118684449833828,0.010279612861121022
neuron_1280_count,0.07732842436537898,0.7212612728944364,0.06794040708802032,0.02824110657576847,0.05262916342896454,0.01180935543447562,0.013846595106732924,0.16658386704327002,0.023040208180067953,0.06743692380775476
neuron_1281_count,0.08504497868607028,0.8855964095395799,0.031373782568048944,0.05002513695166436,0.04692618055236601,0.015346970497049216,0.015629296384036637,0.10662111023368526,0.024077672027868997,0.0640028111021377
neuron_1282_count,0.09205152960447133,1.4383233564979228,0.02139535668207089,0.051051430886739094,0.0816451599322987,0.05063832040049482,0.07504523451370096,0.16412573473206057,0.05116229234758723,0.10253493928296614
neuron_1283_count,0.14295124325883302,1.2324766771990663,0.06906232900759562,0.059688414727227856,0.09049092127162228,0.046637317225028674,0.04801790879049592,0.16477114339076213,0.05644676200634904,0.08727613593677755
neuron_1284_count,0.10154113915903461,1.4200871854462005,0.01710541202430755,0.030692871539305437,0.04510354291362887,0.02905502536181642,0.035318026602922076,0.1513253187084595,0.04721441878767444,0.07594782387660957
neuron_1285_count,0.1499330380063414,1.115959393925154,0.04379839732840261,0.06176700698771239,0.08068437689154234,0.023892662876623165,0.031747912624700295,0.1894572688745305,0.06111851515066207,0.07042281459033498
neuron_1286_count,0.18840879071632485,1.2214539415293995,0.04544862776644587,0.05345287865254384,0.08518139886802291,0.04362996059371117,0.0359018767941463,0.11384655035474577,0.06216316731120055,0.08767412359359078
neuron_1287_count,0.1554901269579422,1.0934183728486808,0.0656231648889248,0.056280783280092984,0.05496976012750433,0.042457412916966614,0.03595313075258831,0.17023751043226043,0.04747412629178295,0.05488590760873431
neuron_1288_count,0.20389779689017362,1.0622248730960737,0.05813005595272312,0.03973553715491743,0.06468800874670737,0.029032061533280355,0.042893381730519306,0.11330312987774172,0.050760811870417775,0.06294646135109846
neuron_1289_count,0.16302194174229218,0.9771303707232845,0.026946650108576428,0.040236116536005506,0.05209104900066707,0.03777685706049123,0.032186053770319356,0.11806019362295786,0.042550839072465485,0.04677997204793448
neuron_1290_count,0.28082563263814064,1.13464070545288,0.09956021873540094,0.04589541522620655,0.09169979844243217,0.043502461101550954,0.05827247533816657,0.031553317528619215,0.057513290131075354,0.07316440701064417
neuron_1291_count,0.30934775180621293,0.9971323711653367,0.07819474300398424,0.04292339398571192,0.07567967445509245,0.037775588842423956,0.03078383410313936,0.03573733381483689,0.06255201119999027,0.050243466219379244
neuron_1292_count,0.1728211651246523,1.0999228103875636,0.030629074892080596,0.05757716006451259,0.03741618611261281,0.018754465493703985,0.014930114014299986,0.1128436815248047,0.06757217741223857,0.0670704430723221
neuron_1293_count,0.2176105033470354,1.178324996612024,0.11704086475116282,0.056948769956179604,0.05715810668191775,0.062119561807820856,0.03365490038596457,0.06871284930165045,0.05599170117018877,0.08881040608716859
neuron_1294_count,0.20304262188921002,1.0583006450335317,0.05142643529278887,0.058930926397534694,0.052631980045015916,0.04268977499289252,0.025571719230618448,0.08153300092280376,0.0643794236069105,0.060570611370100474
neuron_1295_count,0.13423185668838195,0.9267591710929987,0.010163453264457327,0.06432392738140101,0.07001396763207446,0.017607086857598098,0.020549679239320436,0.12077793939346537,0.0637270356997726,0.0416741772809029
neuron_1296_count,0.19131819935836616,1.0505873945842075,0.024850434005177474,0.06557544245339332,0.0692384763146386,0.0422656434181973,0.023892193401195132,0.09141448359158913,0.05692845335882566,0.061294881327410504
neuron_1297_count,0.18309520127218154,1.316584971508204,0.05237675905259598,0.03842781866853234,0.052770379936196724,0.03575893514640534,0.03476802064813403,0.04208634366574038,0.05004527940179601,0.10682494135473933
neuron_1298_count,0.17011230492849555,1.120487792579657,0.024290096777023817,0.020447269040535072,0.01761782927861351,0.040753661801833124,0.0198840487551855,0.05204954404638433,0.03855816885976815,0.061315955163949415
neuron_1299_count,0.1072109308059025,0.8632561169708037,0.020385780408797946,0.06640114642877304,0.04521299543476526,0.04690905716570082,0.01964613630542606,0.050705897326274174,0.058624922505677385,0.04109419531118695
neuron_1300_count,0.13087226081439488,0.7519609252648021,0.008961599385506058,0.042745693394960926,0.038096013609587226,0.03998961082852619,0.014376579571920116,0.022440729148775797,0.04287057583114287,0.031984002975627326
neuron_1301_count,0.13881472755506635,0.9443672366111445,0.029266525071673904,0.052676400472325344,0.048363164003613957,0.04901365863414628,0.02395886513653503,0.03722034577529479,0.04285010645338262,0.06441307053343429
neuron_1302_count,0.2179133953023799,0.8392392768009553,0.03564568151700678,0.06049452276050632,0.05605910914101153,0.040057870903695,0.012690421344275768,0.029727175922134814,0.05599617013963458,0.06911130442084173
neuron_1303_count,0.2052152475416221,1.0284412622205767,0.04144246018659911,0.0599516015870631,0.05241452756458807,0.0521595085855302,0.02431026737997426,0.031078999372673975,0.0592669201372249,0.06445424250071362
neuron_1304_count,0.16795434879254795,0.9313781579860433,0.049333124558827296,0.04310521904049297,0.05883145535853973,0.042646080901971944,0.02980455012824256,0.040351112824640226,0.055945548550756785,0.09532255452115142
neuron_1305_count,0.08623219701674065,0.6807056268454815,0.026726636134901796,0.05391955136134763,0.024379788317022172,0.0484885612834727,0.024411757565399587,0.030989439529961714,0.060137727555458,0.07908133354132468
neuron_1306_count,0.04129862399799461,0.5976032636477699,0.03481258304907714,0.07250265894321081,0.02871247481798525,0.038526006960228676,0.009357293283319953,0.016366371158195944,0.06798777023920469,0.06905060356869203
neuron_1307_count,0.1431489632602237,0.7835614593892617,0.010760275448105372,0.06383729530435286,0.05577594731850044,0.03388048283456352,0.017368979527202216,0.019687015980399347,0.07171795472890521,0.09868452274351977
neuron_1308_count,0.049950729611014016,0.4637976989406931,0.020100860583860763,0.06732990512750878,0.029131680720363456,0.05138712509161697,0.01327156017987638,0.027753758097160366,0.06790377800488398,0.06860082787846575
neuron_1309_count,0.03137868996588873,0.44628016897896433,0.029942448369619762,0.06251182190740062,0.019037040199480118,0.043962259716343516,0.015408517743035935,0.025897318828508098,0.07017465404956827,0.10437767216481492
neuron_1310_count,0.013012681841584786,0.40480371588686,0.022134596335513304,0.1269554697285143,0.0561884933408511,0.03211161016246286,0.03893538021964826,0.01137115605351953,0.12473873036238073,0.1144873741485864
neuron_1311_count,0.04289208935661573,0.4558000578768633,0.021007380555869995,0.09517074664022482,0.061659595156361324,0.0340024773313965,0.030113756933950853,0.011462064428927207,0.104414942170578,0.09101969674998919
neuron_1312_count,0.019836401456007346,0.4046943633407635,0.012089240408370047,0.10380953761848133,0.035172746060725346,0.022043321942380095,0.015758495410260198,0.01683376549758167,0.09589446568663082,0.07813227072083198
neuron_1313_count,0.032636929716459054,0.3627850078021532,0.010305676132848413,0.10789208287967855,0.05925598109575597,0.03522519053282558,0.03798078624350534,0.011276997954137441,0.08948456198182558,0.05840706336248275
neuron_1314_count,0.023453686974176144,0.20828715244802787,0.0033167462362693467,0.11169430551560292,0.09724633669566207,0.020405841549321693,0.035396590448921156,0.005855738376569421,0.12575953829962286,0.03878954506086363
neuron_1315_count,0.00866966706847546,0.19055952442966728,0.0017448958602832238,0.11960822280872677,0.09938732129758007,0.029771895933664166,0.016204430833317837,0.005168798560091968,0.0871350981457675,0.018247200017921933
neuron_1316_count,0.007768217985838651,0.12887099247973666,0.02610976950705471,0.08805135526625851,0.08886898613207508,0.04306544009387936,0.014916218045859575,0.0053815472157553446,0.06608206492188148,0.06378572300969379
neuron_1317_count,0.026130956299376534,0.04166875163287215,0.005358820786957243,0.07564824803659084,0.04218317828795998,0.005626337397845446,0.008762357190989736,0.004943492669422584,0.04439878622903942,0.034998058307347465
neuron_1318_count,0.006328098292380048,0.15833720885419345,0.0026066808467290724,0.11542680871275496,0.07727158628574249,0.018776578698650556,0.02961399527035405,0.016015734434443527,0.09073998194506508,0.043968661782843754
neuron_1319_count,0.013517636440127843,0.0494626439772726,0.003159261064210734,0.11823800519449251,0.10556252337471123,0.006319043982309473,0.08597398729642067,0.005061052393493026,0.12283391457127768,0.016486153508645796
neuron_1320_count,0.010506828426891386,0.06742241606438523,0.0028899435722159854,0.11624524172087625,0.15766554628582558,0.009706624509715392,0.062131467495465775,0.005789158791802938,0.11124440511290001,0.016204194728889357
neuron_1321_count,0.015614379386752673,0.03952531150109895,0.008462405633570778,0.09150659071710235,0.17220711074883513,0.01713363434636718,0.07520487109838317,0.006351805098425407,0.09987814541492085,0.02072408537763589
neuron_1322_count,0.016574429337105304,0.009265147021021575,0.010432507512834858,0.08404942785647143,0.1568455411877382,0.009657384575030362,0.08960613838634021,0.030200323493104725,0.08166670090200093,0.013923132787179118
neuron_1323_count,0.01123582093405992,0.009693101265719484,0.001175103691560514,0.09803593343156267,0.14540069866350838,0.008304453108763508,0.12201730468265576,0.008181570252928089,0.07094608286092441,0.01065231514751194
neuron_1324_count,0.047558319418597714,0.06387190995345032,0.014741180934126297,0.08770419604248483,0.15014333149796968,0.0006832196536786933,0.08090800332316911,0.0066857882726771775,0.07342274834504808,0.010928465269912225
neuron_1325_count,0.028509844058588904,0.035688183977404864,0.015242352164252196,0.09065045578715783,0.11777957716381346,0.004315403068611397,0.1285984409741017,0.003873210031980507,0.04692527699503285,0.008543645006067253
neuron_1326_count,0.036385445414545706,0.005425305541462741,0.0109460032243371,0.06885551198157447,0.0948807541833955,0.011117932769423307,0.20662421885471327,0.007978373940466056,0.04518903596779347,0.015306926075318021
neuron_1327_count,0.054446644841906755,0.002521818888955177,0.013863537636885456,0.06664085306855169,0.11456142579465722,0.008119718636252923,0.21981772028176416,0.01052697632259908,0.04446156554982514,0.009549992023891875
neuron_1328_count,0.009048122127437011,0.0011987593254210518,0.008843627449752894,0.0978044949671816,0.08199834646926132,0.015325417189584092,0.22584703095756803,0.010612759386885332,0.0787041638419734,0.016703691375956745
neuron_1329_count,0.007993754932115425,0.004974920749706228,0.00837347555645665,0.09038899203929993,0.06668638363592462,0.011350907661882934,0.19111511109114368,0.010843299424775195,0.053543070315235,0.011372857545218662
neuron_1330_count,0.0009267352812857392,0.007841548739199719,0.01140533219132335,0.10217152515567818,0.0674873270059505,0.00517319937858967,0.1599081421276636,0.009579923436344593,0.04748866223007758,0.006487711059360383
neuron_1331_count,0.001603481911582428,0.006461748822827018,0.012332147694369452,0.07674489720680822,0.03333503717358116,0.001581374589765358,0.30592361668290696,0.014062504456489888,0.04041683524609041,0.01517703871008318
neuron_1332_count,0.0013168247221887995,0.0018374508814233866,0.02005749612686565,0.07417945926259661,0.054433054550280635,0.006676095326179396,0.2254816354303938,0.008769948357594093,0.048128602949812,0.009066830619383622
neuron_1333_count,0.0044633586614685715,0.0023763891985058155,0.011900673155230884,0.04774735910255326,0.04066022943053131,0.010063008684737858,0.29571613027383026,0.016788546150603323,0.0797216392312168,0.016526678245316367
neuron_1334_count,0.043920341251308836,0.16173942726094698,0.0238940093071649,0.036512486955319,0.010434172802511694,0.003413466753589103,0.20305432813104185,0.0021008220003009516,0.06672768667403448,0.011860330766487084
neuron_1335_count,0.07209782008638174,0.08839926254919961,0.03198970823277761,0.03572413828182591,0.01054005400846969,0.015217502958645195,0.3547874491914736,0.01657328322013829,0.08504920033165822,0.010945185000287117
neuron_1336_count,0.017040321287488502,0.0044186176089384445,0.009349760757954313,0.02090567875002429,0.021584396306142756,0.004966098137745123,0.2111394530191274,0.011449174322806163,0.02001526893374706,0.012434823803155925
neuron_1337_count,0.012384350834672847,0.019516977213710054,0.04496237770182446,0.017029925767604898,0.004900683504749264,0.040554222270509574,0.1595667045266357,0.007593448626015381,0.007611878086673574,0.010301989858518618
neuron_1338_count,0.08050878773207934,0.0020815750743226683,0.01748605727572121,0.01698583692723249,0.011526805039181822,0.00329055536656387,0.2099757119225347,0.012796445354233889,0.004953024609905536,0.009721362487473358
neuron_1339_count,0.0785080064007998,0.015911528017602705,0.015099057054072947,0.00293169135533769,0.0012225661753620352,0.0211025025894961,0.19681930470771236,0.012326846280490869,0.019436818821914545,0.00701950432874926
neuron_1340_count,0.10509018120510888,0.06640954610662807,0.01739659205839432,0.003231667858688371,0.005069403841012461,0.009016557267785366,0.33292088078200394,0.00955297278719791,0.044128205732412606,0.009646877977360344
neuron_1341_count,0.21591505395343172,0.14820085720449655,0.023557608187079443,0.003943366278582659,0.004462495361744558,0.007898353768955133,0.2695041532147697,0.006689900086156346,0.05723085693042587,0.018937265025963018
neuron_1342_count,0.1636529908724049,0.4485923409267894,0.0036016054118128,0.001274442922557799,0.07339128841785134,0.07805513791985147,0.17478431522028792,0.024084716048792462,0.13651350275642807,0.0053004188045899445
neuron_1343_count,0.2193643538648482,0.23733847396426141,0.007021682959398555,0.00595489765050556,0.023680035642280814,0.05445798351497423,0.16519750375535422,0.017633918444289617,0.06860973519336008,0.006105203655563551
neuron_1344_count,0.11431812896926219,0.8551474332522098,0.07375044973401437,0.06522881793498307,0.06823802965123524,0.023998837209171512,0.03805763621140005,0.19233125631181505,0.03764096661520794,0.05845406884129438
neuron_1345_count,0.0977541525495687,1.523126126876638,0.028702635440842353,0.041209840717780576,0.06653345298941282,0.03692260029260556,0.058340137286872956,0.2612945086934376,0.06816447768835529,0.10960812095480763
neuron_1346_count,0.08862229602507296,1.3925908734761019,0.018852619957022573,0.028841448369478436,0.062196661588488036,0.03208180982297721,0.050875849768095824,0.15924110902209157,0.06037680066542932,0.09492622798558965
neuron_1347_count,0.12106505194005238,1.3308101811019912,0.01965796032577967,0.04784621593751101,0.08156214898372746,0.047119392231746625,0.04214584355511681,0.1252338210052325,0.060821611627565664,0.09719234645960809
neuron_1348_count,0.15380950819286582,1.2805297776011817,0.04841547238554267,0.06167353039235712,0.09989389458277914,0.04182900474887995,0.05579581120115222,0.13665998254029324,0.06984428699279585,0.09928322206390482
neuron_1349_count,0.13480643780183882,1.3315633870432495,0.03648674119162924,0.028540342185035074,0.07328050374015771,0.043636854164237175,0.06224594782613575,0.11168409311222241,0.07271397550943962,0.08885510172664776
neuron_1350_count,0.1994495114918593,1.140069249772522,0.09577542948033671,0.04689353366534034,0.08323918399863982,0.047107770064298046,0.0432461394866242,0.1382586775035255,0.0504613002836832,0.07955170969974532
neuron_1351_count,0.18047331434177663,1.1459537952990009,0.03686382240058715,0.04997561652606275,0.06846724147843322,0.043241785318652776,0.04620840811412579,0.14559514603935153,0.05871000188827643,0.09005954881303871
neuron_1352_count,0.1822737418519593,1.0008034276071542,0.04652691331221363,0.03847668967688954,0.08244236580228943,0.03759854951905435,0.05847866968806968,0.08715852419885164,0.06143313257567501,0.08108167411068264
neuron_1353_count,0.1479139295696913,1.0163439065096525,0.03165856380844394,0.04177849669470554,0.05400576553557332,0.028854864736333058,0.033875301551671795,0.15281705878760238,0.04925540376805619,0.04049966850939898
neuron_1354_count,0.23330117090011482,0.9376861293515728,0.03614967358943856,0.031643801650367245,0.058801040635622456,0.05624123964861303,0.05508453005142078,0.04376212145602357,0.05101089818033944,0.057826429785892274
neuron_1355_count,0.2624175080050149,0.9904624955578669,0.09914602239511405,0.032293239758973115,0.05192020262164378,0.03643235006356298,0.03536748547457084,0.048588542468675625,0.047555328766195136,0.06031058082483168
neuron_1356_count,0.19890616882433043,0.7448123196410559,0.06072431713728507,0.0215136844642231,0.027703542263726448,0.0552084848057955,0.02268109466621172,0.028733456868973314,0.04469322891074755,0.05087463890155039
neuron_1357_count,0.17625457945154294,0.8136082629351172,0.03445654131599289,0.029819854299485797,0.03177074048066509,0.04215848814855784,0.03401044090942126,0.09690597580733984,0.04522122670683931,0.03608456699977119
neuron_1358_count,0.2080497600364402,0.9168041528164093,0.04602848877425193,0.031154372891063594,0.04292622871543615,0.0332686778052952,0.026040737040514024,0.07196661568499091,0.058992552331554135,0.05856802891592565
neuron_1359_count,0.23064778221582408,0.9607701401374946,0.07416587123753204,0.03421123614912139,0.05530845830301109,0.05152092963027845,0.03234768552768879,0.044081732688836764,0.053511001450714565,0.05596469013298502
neuron_1360_count,0.209855933624847,1.191556910340977,0.06542455520910073,0.06221191817829171,0.05705325482484849,0.05259552195983591,0.04134692343845429,0.04657687548480493,0.05342188088365276,0.08709771248054898
neuron_1361_count,0.23892503332881887,1.073200949799277,0.046275535075047725,0.028241238249077618,0.05524213380132478,0.0553383929741888,0.04787477944977553,0.03498112166174852,0.056480681779095696,0.0768694786362476
neuron_1362_count,0.16609208955752286,0.7889454032858826,0.02084278162651769,0.05778253966328849,0.07223153050793116,0.04273471449518715,0.01317875528629851,0.04437459754221356,0.0451909179994075,0.04160793324454559
neuron_1363_count,0.2194213898633194,0.9874659804163266,0.038918823705590744,0.04950801888095103,0.04432622442532721,0.03757400914971329,0.03680064608159238,0.03237781689226121,0.0407203353184072,0.06418634940587113
neuron_1364_count,0.16904400316147852,1.0370451272806174,0.05903085605048636,0.027226446515476142,0.05208479038433448,0.05849267711385904,0.026766355819544816,0.043559844252871405,0.047218601409774255,0.08788880295248046
neuron_1365_count,0.14364443486108672,0.9880270486485118,0.03050013500567153,0.049464642518930194,0.03927139701875419,0.034817286447287876,0.01859372662701883,0.04758383261819285,0.05878944900904853,0.08778017124429519
neuron_1366_count,0.15025296960061635,0.761860976407702,0.04733668531343599,0.053601077987200554,0.04780677712475673,0.05351734877840117,0.025273919472171058,0.032197284141498514,0.047529334267739504,0.07546946005135129
neuron_1367_count,0.07837780490776058,0.7360981305484621,0.05204832522736634,0.07097279133678333,0.04180748014483544,0.05293819976331626,0.019691441888889084,0.02737288958670908,0.03760458501927913,0.07868352804759571
neuron_1368_count,0.10559579197908653,0.6453408836532901,0.04620035970791969,0.018651545641362774,0.021324121523256037,0.057679021751673276,0.01402334174756761,0.017617929609082608,0.05362101484686402,0.06204060279027504
neuron_1369_count,0.09045648356609783,0.8463533625608609,0.05660696078852806,0.07836967107794701,0.03654372943439757,0.03474473070941769,0.029691285535817895,0.04595049679837965,0.09120741090805434,0.14521589869376916
neuron_1370_count,0.05243912299987105,0.4699465545678959,0.030019478306793565,0.06451974265822753,0.02199624460467041,0.030200185830705897,0.008914889005828791,0.02697390126745708,0.049679936270620104,0.06838009145338075
neuron_1371_count,0.10509114972439576,0.6892425390693075,0.036454055637810096,0.04357373559114136,0.02197669988743567,0.041081986694377765,0.015886644169551524,0.03310189793936155,0.06957473108799012,0.11283372869000755
neuron_1372_count,0.05276182227172291,0.6200694418932841,0.04172433750207122,0.04473343913985543,0.023133274007660104,0.0378419988133718,0.020320979474209952,0.026740307822811272,0.06019034620289085,0.11715169882465976
neuron_1373_count,0.046343490864237474,0.43343054443066864,0.028174934104645666,0.06143573382626544,0.04456265390979314,0.03656470222810407,0.012396869829318008,0.01273936910294949,0.08259552785040891,0.1026007336914431
neuron_1374_count,0.03763404912523875,0.38355702844299405,0.02299491779563141,0.05279370648740789,0.025520862812676334,0.03667383563628682,0.0076657183420254585,0.0213807385119002,0.07012282358431648,0.07142452853657594
neuron_1375_count,0.003406293949645478,0.0965151310848868,0.011348046487018898,0.09574354961856713,0.05793511376134994,0.007984191104022716,0.03043944015710713,0.014913413906460601,0.06465892907074675,0.07881670928696294
neuron_1376_count,0.004701014951192663,0.24659121887707663,0.01635884904281329,0.08817300857864041,0.033103908682839495,0.028859258650198033,0.01269377558780345,0.00977239753744684,0.0746634502527975,0.057768234873824764
neuron_1377_count,0.008679555024707804,0.23078515358874818,0.0017831673681836524,0.10043927094012853,0.06140170942923101,0.012833575022965185,0.055580288757759555,0.006876839343335349,0.09435449203874965,0.048965647922403155
neuron_1378_count,0.04762325181898289,0.2909823590187402,0.02125629991780488,0.055914693896500806,0.05634588236275426,0.03444570415084522,0.024726882174918557,0.009585655104757666,0.08407304806867025,0.06771926275284845
neuron_1379_count,0.03134974717025904,0.1232812314159264,0.0021819538343184307,0.07415804947090401,0.059697962482541,0.007615234173274817,0.02060609040524035,0.015383233662448328,0.07854716261246601,0.09349152830107743
neuron_1380_count,0.054210623514366674,0.11935596506074811,0.010224016276164961,0.09922492661996768,0.18077258463262402,0.007332801676060263,0.06578856988345103,0.014098894084117203,0.07733299296823382,0.01468850093017644
neuron_1381_count,0.016462059073110505,0.11623506991214513,0.005759802511780534,0.0908987198604993,0.0974060440860672,0.01858068295563138,0.040107265017507374,0.006393622501162488,0.05704417124079092,0.02732396478913511
neuron_1382_count,0.019779347160679618,0.3051721117248488,0.021109842572662074,0.10207021112025527,0.022993244876438487,0.0026615641938041654,0.05831004175751178,0.004720317097843724,0.10403435701473537,0.1205026386359219
neuron_1383_count,0.013903471429972739,0.07419902030114742,0.00513510943181085,0.10976291249041456,0.1590183224919305,0.014177659062669282,0.05265552691001461,0.007579731574723106,0.08724453538366836,0.02644665927300885
neuron_1384_count,0.0024642692718445844,0.21017389027303324,0.0008535284681594202,0.09751809928901134,0.03583875388859312,0.005540315825009107,0.06123040317974693,0.002328928704782053,0.10873977681110272,0.04363731215685182
neuron_1385_count,0.014022020070787695,0.08872705509818288,0.00878750233254387,0.11344695639860702,0.12856538845852855,0.02500527587507001,0.09597629611476996,0.002713850606218853,0.11700190299748942,0.02463639939683275
neuron_1386_count,0.008372885252893258,0.03323750603051323,0.005488981163031405,0.09175555117735654,0.12503696583807267,0.020919355960806588,0.06565395241021454,0.0023693668700198595,0.09260160154624392,0.020734623753758452
neuron_1387_count,0.008209457790194857,0.016795980962650364,0.0009642196476609445,0.10248411496364448,0.15902514817778737,0.004472974429623702,0.09648819227010749,0.003725196789814242,0.13224901137305464,0.008615623064731286
neuron_1388_count,0.01821580367618207,0.004388992769278455,0.0006533130944548059,0.11009489133968164,0.10686879496560392,0.01413267530692261,0.103280631469188,0.008854583216091672,0.09935829354841394,0.011796670264690529
neuron_1389_count,0.03406394286777094,0.032409280960607745,0.006518585053774548,0.09545824454485408,0.1257731309798475,0.00489829888875664,0.15762971373797918,0.007823717174917755,0.07443443872324751,0.00802633310693067
neuron_1390_count,0.003103154288066519,0.03899627065737324,2.9656916925608874e-05,0.07330203145106995,0.076559522406652,0.0032950738511860374,0.10100135821355563,0.02887309072146131,0.04121692741893024,0.025905930238831948
neuron_1391_count,0.0427863623428725,0.007321459914556912,0.021612650913393983,0.0916430408106984,0.1029424486605551,0.007653739651990246,0.22001057595978876,0.01193430914831007,0.043624431888769966,0.01566398089603664
neuron_1392_count,0.033313509314324,0.022404012186092073,0.011697277207741996,0.07571951419819323,0.0661992999054771,0.008060055525536238,0.18384206853466378,0.0075938768198177235,0.05475563066517847,0.005034843323965067
neuron_1393_count,0.009491186438839838,0.011820135501725698,0.01639624439942637,0.08087893217507666,0.07328346669701585,0.0002586772503055392,0.12188356672450229,0.005254835242249498,0.0673254750106291,0.002932475470939862
neuron_1394_count,0.00017258046363964087,0.014059863739444498,0.018774985449385967,0.06258017798519894,0.011937489168033916,0.004364014849968102,0.2908039171666794,0.012125067683519737,0.059101627467763346,0.013508248837113664
neuron_1395_count,0.0011864265146795602,0.02137056471326687,0.02320271503917727,0.04630255858131499,0.006098241603067413,0.004855851874789978,0.22451445423261646,0.007686752171203867,0.04313541426869519,0.012394534620472419
neuron_1396_count,0.007398021859451598,0.003702044964976628,0.012229460935088088,0.053032231461545176,0.02415127197686133,0.009855522440999579,0.2888587840768243,0.02163908159966334,0.07777640328800428,0.019080209867713985
neuron_1397_count,0.015601174372889465,0.00369989740029162,0.018850359475508657,0.017467347197942504,0.040290189148422355,0.0006105285752786571,0.08659819549881545,0.008953170048053592,0.009718468468768927,0.012953556724468615
neuron_1398_count,0.0138432947946652,0.008180851998575711,0.012904215249047252,0.05208065123573083,0.058982316890069,0.013258598262753274,0.23821581767629624,0.005100045649206664,0.038374767646003144,0.005014515978689994
neuron_1399_count,0.051992919628113865,0.010588919871579887,0.02016498728995353,0.022803695070609045,0.006966481427940513,0.03004595976214537,0.20080978475619288,0.007776051607093552,0.015408323458859119,0.00812845437974313
neuron_1400_count,0.17959422659034247,0.10825396352841837,0.019838578280829244,0.0074273245001564014,0.0030882698579098415,0.009337338933699896,0.30211662726649857,0.0070345116368728255,0.04077191393873794,0.011625698869564396
neuron_1401_count,0.051926191518177234,0.004184070392255857,0.012463725721204535,0.038047705330102904,0.01210367761643627,0.011937051901746668,0.17992707769370084,0.010169639754447672,0.003923921937891234,0.01059962233665724
neuron_1402_count,0.008586455458352467,0.003508987361566268,0.009328868235745136,0.012986428699119992,0.0023648211648369874,0.03882231883600451,0.2568376917775546,0.03825277899739058,0.01450454610362184,0.019316943426205796
neuron_1403_count,0.05783520184785371,0.0007622109830618118,0.004861064002448151,0.0023568950904334553,0.0001855160958081116,0.04145553922471687,0.20302116010546079,0.008519075036980107,0.0052308095731965765,0.006477214368260355
neuron_1404_count,0.0625085923368715,0.22908391029801295,0.012270211261486919,0.0039655585736283055,0.040067735381338725,0.07939922296194199,0.2535345332445904,0.012869739602122253,0.13021067408255033,0.013220061407615502
neuron_1405_count,0.24188739533769815,0.2831849935727233,0.010372279175122567,0.0009238318542600082,0.03800874368009506,0.02479344206047629,0.28535606397657065,0.018124379873798623,0.06260502719933844,0.010655129621459525
neuron_1406_count,0.17406691675291952,0.2835240288209683,0.005311962758229455,0.00042715631955221253,0.03828780011987232,0.028589873040348032,0.27323305983592405,0.024067157230439493,0.07347966454255325,0.00980208499744681
neuron_1407_count,0.019242315196322857,0.006414018513018954,0.016671468245360158,0.0032675915976538416,0.0032466523124109817,0.0026220475289977993,0.20553644704420332,0.005778507208115603,0.023059473284322618,0.0077911823210563835
neuron_1408_count,0.05126550812530323,0.6726604773991732,0.04985970980975654,0.014778869376852279,0.04964522070923874,0.006739144213348485,0.024001806103249,0.17899850888873087,0.026456098623224053,0.05165217401152679
neuron_1409_count,0.10625577200096584,0.7888402200915986,0.03509399956697677,0.02184224063271653,0.05286256060270504,0.017097215244646982,0.01220717451480887,0.13475907273756682,0.027922737397459894,0.05987885415098843
neuron_1410_count,0.11600552614546442,1.544127005753547,0.02577503532440152,0.04287050020496046,0.07649248978383158,0.04025487754573048,0.046331152058770815,0.14981806336210865,0.05263979612759321,0.10747356695722346
neuron_1411_count,0.2405942078889664,1.1779632954912718,0.09074085932750092,0.07592562812119645,0.11734186670721197,0.04126749947603032,0.060367805404987214,0.12797644127158356,0.05358332947606526,0.07399322922691579
neuron_1412_count,0.12539952130789517,1.2962640774476597,0.028259483469196905,0.026777047227235534,0.06756585754315908,0.03578720100067183,0.05125460153073565,0.13557732204072342,0.048690425295549226,0.09737551361855742
neuron_1413_count,0.11029901773265753,1.131196003662523,0.020501892153548543,0.03195705410000242,0.056701204883126397,0.04306670323466619,0.04423937402078329,0.14398341603736498,0.050191946187169934,0.09466017047937866
neuron_1414_count,0.17620178362476388,1.1963747175405046,0.023763262655555742,0.022984468998134316,0.058909659235994435,0.03415507172194299,0.04699050417039583,0.08544902595018838,0.055497890753378354,0.08175245395118223
neuron_1415_count,0.15991734608537872,1.1115938715788851,0.03056538128861444,0.03980064949524717,0.07672263125032311,0.03946115192648396,0.05944934464915467,0.09339387800477306,0.05521913301615191,0.0944693790111468
neuron_1416_count,0.3310734477849406,1.2781550630104115,0.14121369670081252,0.09462547890348569,0.1476438174789262,0.06260679699883392,0.0680496569437571,0.06659504168685501,0.08115575994044148,0.1078734045018131
neuron_1417_count,0.24225756349170724,0.9492344899465068,0.049265491703080186,0.04035881014277633,0.08390237496487088,0.042796885977845825,0.052919895094575696,0.09914730485610926,0.0615398650732521,0.06674920265070909
neuron_1418_count,0.21130931035250916,1.0568304987880304,0.08463712497298517,0.03999260781397586,0.07876534936121067,0.044301929562182644,0.03858240640000704,0.1232790317462509,0.04589812715734855,0.07021608763383044
neuron_1419_count,0.30047884547183007,1.0503104606521019,0.09725635213499295,0.04914558360737324,0.08629167866898907,0.033056920633408475,0.049454387316317495,0.049373809289571594,0.05580212972749518,0.056557457483472184
neuron_1420_count,0.2728631168338089,1.2332525412880722,0.11398401041445619,0.04088521094031714,0.08392952934999034,0.05436360051915213,0.042891670429641364,0.04965166594613936,0.06670593416513218,0.08609432543182637
neuron_1421_count,0.2617732766559354,0.9362046530785313,0.047579423789591554,0.03829918925668247,0.0598299930102101,0.0447304293279432,0.032163465682136114,0.053186545924424594,0.06459542421589813,0.06415030582753949
neuron_1422_count,0.2685510403823128,1.0867255162244684,0.059774386278618113,0.029482599903478977,0.05117424103364873,0.042746886732665856,0.030757673239746985,0.04145565718672434,0.05073562341308234,0.06809578701477262
neuron_1423_count,0.2792509637869101,1.4482405331076942,0.09631834421819785,0.07888484716405651,0.09276325489797684,0.06992859505614897,0.057834730361792666,0.07651409573195128,0.07501057587369123,0.09542636771771366
neuron_1424_count,0.1709536565685919,0.9937066406861335,0.042592972139743585,0.03962636646481067,0.04507866333579011,0.06162767321817744,0.02212609881970175,0.054744128871509534,0.051898253089957935,0.055027936349258316
neuron_1425_count,0.15807713555022432,0.9320986863122984,0.04116111954346405,0.052940125146262645,0.08231721555364824,0.04694869009596961,0.02890865525503502,0.10085645660428719,0.048535172407824234,0.0502473584258359
neuron_1426_count,0.1662638269571628,0.8714083455779329,0.029782959017727734,0.032122327918496535,0.041359202126725225,0.03973256128981137,0.01619525257869009,0.053906617243175164,0.04368017923764553,0.046139928006390954
neuron_1427_count,0.2061349292338496,1.0831529039704728,0.06100275784293549,0.049482172226361115,0.05017864991319246,0.04985861611243872,0.020868727980540985,0.05238221328145652,0.04550783571302673,0.11093406596094052
neuron_1428_count,0.13139472824910878,1.1385469503916852,0.03788298806438578,0.05701092248788952,0.040611484223822915,0.02798738853665271,0.02061391661260263,0.057216203552204484,0.04848245867032494,0.09325288818737593
neuron_1429_count,0.15748792105535675,0.9714629727075864,0.06581845278368798,0.040317732299167026,0.027558307415524223,0.04728194384318994,0.015623352582547483,0.023939556352442923,0.04667628828034301,0.10378278650295503
neuron_1430_count,0.17236058141241462,0.909994378982927,0.05356688154432776,0.02467828660465332,0.034212383646786006,0.0495056695360338,0.024915871604956317,0.01858664635324756,0.06055608785494841,0.11166359625839797
neuron_1431_count,0.1062067326694267,0.8762399679390062,0.0324215189677457,0.048217188670492614,0.0356325560683618,0.05035419116018294,0.02155432873830268,0.027266141977816228,0.07206904586526905,0.0993916139289577
neuron_1432_count,0.06579226341135544,0.5778503835712836,0.047729110148704734,0.04351170754368436,0.020968901308440688,0.04284984695348956,0.01620610237997759,0.02161134259604075,0.03203064371457148,0.10938159064542205
neuron_1433_count,0.06460873390304715,0.769408662042483,0.06008157346859486,0.06341075766195156,0.02614310243969767,0.025177124210460422,0.017007148937687046,0.04484579666805183,0.05234703285643695,0.1715292246204822
neuron_1434_count,0.05699213036923974,0.6670525251927534,0.06295744438795689,0.06322701588067732,0.01890584066621019,0.0348269396538374,0.026152681227849757,0.033447203383439705,0.06576628823639757,0.1381444054816907
neuron_1435_count,0.05458079530951601,0.6438488570792366,0.04493602905956226,0.03057163819889884,0.01348952761853291,0.035367644601621895,0.015450728806064629,0.026670507809842835,0.038260060313372216,0.10316397332827568
neuron_1436_count,0.021406019919345973,0.40447407083425063,0.022189040985309452,0.06242107047832443,0.025142698423193055,0.023881738328824634,0.00631762964597108,0.012901776282412264,0.05968252576732999,0.07996886304589762
neuron_1437_count,0.07262533055576417,0.5992780733993386,0.02338552599671463,0.04609381917946187,0.01624971338557686,0.02596623256820152,0.010876317254880419,0.026948223375197734,0.06142423048858178,0.08401321330338932
neuron_1438_count,0.0015731418143955511,0.18149700141327346,0.012561756073214539,0.04340009424536852,0.017787283616257588,0.02444055108897171,0.0007783403188551528,0.022043077415076606,0.06651798044353155,0.05517357327371611
neuron_1439_count,0.020701094698868744,0.368360048408399,0.013360367909059326,0.04425907800988216,0.017532040757312295,0.014866365291570538,0.020421565573904496,0.009286777059470591,0.09263875609304886,0.06255448820121837
neuron_1440_count,0.013512148955152278,0.4289689991041583,0.045906167761657235,0.06939107512325618,0.008503094217412507,0.03618746861965633,0.00739748330062396,0.003128958429016955,0.0603274420121333,0.13527611779170878
neuron_1441_count,0.0037867270366703787,0.2533877930252895,0.0029350091673160453,0.06797109341537946,0.023517158911189218,0.018758442209741072,0.014862006440471642,0.002263297597644768,0.06448493859184135,0.05611837074462053
neuron_1442_count,0.02472416086814533,0.20691774884669387,0.006489588556214572,0.059986570035921255,0.018338213001864237,0.00860469785243892,0.0010861228804436712,0.020856863026001468,0.061012966267235735,0.11339769489359897
neuron_1443_count,0.01290140115891944,0.14859512686729356,0.005758247899572147,0.05286796958746165,0.0553523378142545,0.02146265840116969,0.045792850913584565,0.005508578314102439,0.0931126968740566,0.025604369634206772
neuron_1444_count,0.008051768197527523,0.2331336756142513,0.02500208479914004,0.06947871286389459,0.044462340028582736,0.02897997201233088,0.0024637901086826466,0.005599305587216531,0.07153931441974845,0.08621564491673211
neuron_1445_count,0.012742692010754675,0.1686706840579649,0.006800374037509001,0.08585480323306446,0.07821302853870243,0.020402806551644587,0.03826056856449349,0.0037336737861752255,0.09798772614355791,0.04129091864935064
neuron_1446_count,0.011390700420023164,0.13648488877330253,0.00333964862497552,0.08815720960220724,0.08469286249395103,0.01584418078835681,0.04139191821781078,0.004262428208213402,0.08624802301349879,0.01834580569336272
neuron_1447_count,0.011192063952458038,0.060529538654487985,0.0011012988938555405,0.10453531387901455,0.19224418245655298,0.006967691541545744,0.06527604901041659,0.005899668126387543,0.06857202792741812,0.020585798449110945
neuron_1448_count,0.01610045113852039,0.04208662651543518,0.0034976151642920617,0.10511654570256163,0.13072886626188013,0.015897893944872496,0.04231044276735288,0.012528542645836006,0.06932758012575635,0.023469381162004005
neuron_1449_count,0.02300446099578024,0.03599564034533148,0.001773928446348303,0.1281830185623322,0.11257609536802621,0.005124581990510038,0.06369377252032182,0.007990931656698202,0.06945418909726761,0.019868955716047493
neuron_1450_count,0.0036873097527568045,0.037707152335327565,0.004645149929591322,0.08550292624524242,0.12033436703924025,0.010548190398363577,0.07709269163354301,0.009355605322125655,0.0914454438661603,0.00905576781969591
neuron_1451_count,0.014267281993956896,0.012202547438197736,0.003980415629320604,0.09316703347783048,0.09459514146517678,0.008944044181827093,0.13579089249464793,0.005273760077722489,0.08426108641918614,0.013586226681506247
neuron_1452_count,0.013549353273200698,0.003351397574019116,0.014100232897765921,0.05968615141697836,0.11858001849908006,0.005356732159605186,0.12320434119158566,0.008703771639642241,0.0933561267063599,0.014514919411883404
neuron_1453_count,0.006369377402294728,0.035179082673405526,0.010846540512444852,0.09264030757507263,0.06986203723128093,0.002684090929461775,0.11552881661059211,0.004717334483182182,0.06567712012380209,0.01041667845066474
neuron_1454_count,0.02083208363531583,0.027450325480840504,0.008243461713177164,0.11402588135649175,0.02523856177982267,0.004996979926798206,0.19860076863610884,0.02118301013771727,0.06429355921916474,0.019480159121928048
neuron_1455_count,0.026669761444131967,0.01284173874728449,0.00530020785536265,0.06952565895899429,0.12933301063211144,0.011313939892345408,0.10885770626600541,0.007585649540396458,0.0420853473023767,0.005852418445614946
neuron_1456_count,0.0016347767845242694,0.00427303037439334,0.012916081213112038,0.10047792997931307,0.061049991190168684,0.011942377906140562,0.19769772784555603,0.012253223415342712,0.042394883819811796,0.006292416252523102
neuron_1457_count,0.00943607723987483,0.002451022503421177,0.02059578241626349,0.06646445910920182,0.013887751079924786,0.0036003690296271817,0.1713061130133574,0.00812956931427731,0.032873667821084446,0.008878458195561274
neuron_1458_count,0.015297948249170343,0.020029549273702325,0.00018061823851993428,0.026303401090066986,0.06958890855649837,0.009287186529350677,0.034785677092312964,0.003267434864248693,0.0015721146437305978,0.004095058908165621
neuron_1459_count,0.0010914369887613275,0.014095621316757748,0.031784293579332795,0.06326043512100024,0.013207441739701398,0.013731326038846067,0.18950017211663323,0.009640466273490828,0.042082226543484064,0.008523222335524046
neuron_1460_count,0.01253023868644916,0.003425065926298418,0.014394737966038455,0.056114269321251686,0.01938449931841653,0.0031325315590741438,0.3876143440369376,0.01255980179791602,0.066730888791916,0.02018531047253639
neuron_1461_count,0.0024797176315795796,0.014443154523467588,0.012775047784419805,0.06219046525345698,0.015287140496529614,0.0027932294250990197,0.17209528720102998,0.027066744433946244,0.050245928439287046,0.00422429041812367
neuron_1462_count,0.13543688417751445,0.06700033680766473,0.02172724168672155,0.014955719754711869,0.006508673135847215,0.016405704521361544,0.2066860533043796,0.00864964539766714,0.06763320533786507,0.015578885079000335
neuron_1463_count,0.02687735530381792,0.0025551571329779296,0.008180925129932397,0.022275305910964188,0.01136202161774065,0.003659475613265871,0.14237823131598554,0.0018364660371405113,0.021911281369141347,0.011197561738351978
neuron_1464_count,0.0012292978856764565,0.007712631996174724,0.027542151160993095,0.04541802851432211,0.06591224024879555,0.00827945089581019,0.2582523390827028,0.010561610947120926,0.045720427471057506,0.019036315904153098
neuron_1465_count,0.08950370093933566,0.014061559218368873,0.011744144039745864,0.02862846514601769,0.012881035611233944,0.0011671979108676452,0.3095247483678084,0.009218986863835474,0.04157178091563593,0.012619088647000863
neuron_1466_count,0.13519070431995817,0.08967728209716044,0.019826315209584666,0.012563846748090884,0.0005442430692624966,0.006346442398161685,0.3681133415507994,0.00941257896338267,0.04344046870717255,0.004700318094484186
neuron_1467_count,0.10320049316197208,0.03048657579612403,0.013633719001634154,0.009956126931193564,0.0011372335384338197,0.0045739746642193164,0.23919225002375144,0.006489784437897935,0.02558627057014029,0.0077937533673562084
neuron_1468_count,0.11664645942488822,0.1347579813881716,0.007600695626614168,0.016979999964851278,0.008818017906864838,0.005266804441337411,0.2708939813481934,0.013023991914173534,0.02611401923462077,0.012140696363683916
neuron_1469_count,0.10298420198325195,0.24429764442432864,0.015381581957685173,0.0015346776284842246,0.05058169894277953,0.03968655428915359,0.24767108269716945,0.0227416086164429,0.04455009019051481,0.02434423352202087
neuron_1470_count,0.22414451418161424,0.3196140709806432,0.008561151254305552,0.0029832739150003895,0.04991278478949018,0.0407538165626012,0.1372069505990188,0.017011051512267478,0.027431627942956047,0.011566234358621738
neuron_1471_count,0.20327575865008318,0.07257829800023463,0.013571026196253808,0.0029166051124169118,0.007122933243523191,0.01988298243388187,0.3583554671523759,0.016379163816794086,0.06179993297546668,0.014026840669524643
neuron_1472_count,0.14305127361015568,0.7675783202555729,0.055467295419473386,0.036071938983701646,0.07034320774551625,0.006163704885706053,0.014379712045621041,0.12521461891481867,0.02840868049173216,0.05689731629600757
neuron_1473_count,0.14063507194047475,1.0277729457439744,0.07209632776979186,0.03262066688451287,0.08031391788909392,0.03291519767737196,0.04666386783607208,0.07060451689480138,0.039296559542485794,0.0951858778866187
neuron_1474_count,0.1549258535453793,1.5565247877280393,0.06124367893850881,0.08341421080122136,0.10650792489335376,0.045995315644284454,0.04864290671313058,0.2359516934867397,0.056332372383087234,0.10608541728988313
neuron_1475_count,0.13936563151921402,1.289764621842815,0.04950837416949108,0.0392348936885202,0.08053764185319966,0.04527356612488057,0.040068386303012474,0.14071423323804844,0.04837908084474983,0.10885440810342834
neuron_1476_count,0.061322194903425865,1.1777099935804205,0.023058492877388703,0.07141497103037714,0.049269074194671206,0.031845336250519544,0.031431913759305485,0.20215918876825412,0.05080896525437459,0.08231304364449613
neuron_1477_count,0.11867820973697374,1.374025118497194,0.03948105245033538,0.02308051567756459,0.08318659325524273,0.04672979268465921,0.06361982932628774,0.11807846749445733,0.04778162628323886,0.12869627056873814
neuron_1478_count,0.22936986546822227,1.208984432483024,0.06898430742837752,0.06885830180563078,0.08753111046412383,0.07454576591580855,0.056225325449675664,0.10694188663391307,0.06161627769466446,0.07740344715447
neuron_1479_count,0.185726968959269,1.1762517607705145,0.04245606917700083,0.042923289322792726,0.07846589003618003,0.040027644357717655,0.050396793157095034,0.10227389155936671,0.06814009945188228,0.08949395922844691
neuron_1480_count,0.13098317959742187,0.9493754891364945,0.03526184049099344,0.012596064678205683,0.05551587335700331,0.04414440968368953,0.05638975011512875,0.052722553309987666,0.045211983249810135,0.07180275736570492
neuron_1481_count,0.24910196762121822,0.8785175909715196,0.06482064536823359,0.05086718785825024,0.10597721851051958,0.037008808821018396,0.03544438144763136,0.0222414548865976,0.05269782516399259,0.06622603987395867
neuron_1482_count,0.31444451050985334,0.9971167215445301,0.11489913696069126,0.05849610078198411,0.10858447873304822,0.039184748359053063,0.04574066821601182,0.027028135174490375,0.046903480394786326,0.08425230927582292
neuron_1483_count,0.24677958781163736,1.0641801699713729,0.12725953001273754,0.018009807426568075,0.11541456735087516,0.048519968938129376,0.03438062423517384,0.009388158424789517,0.030054821279229416,0.11912186619658535
neuron_1484_count,0.2924607490237081,1.14864161809094,0.13785912141198123,0.06387287269177616,0.1179943436210377,0.07238249874881258,0.05856376692823002,0.030537631299798987,0.07036830645265424,0.1182823094012444
neuron_1485_count,0.2548635587871604,1.1189331930983906,0.07371337604508638,0.047324075145850436,0.06823156031245703,0.06309648312317773,0.039487270385145844,0.03899509047758884,0.04589267611365376,0.08047893606178207
neuron_1486_count,0.21808605703249642,0.988782332947881,0.03966985538748377,0.04016068246315231,0.04471852096969785,0.03747856239471005,0.03596810471642381,0.030576920662686392,0.05270508377571642,0.0627542522499699
neuron_1487_count,0.2379166157558593,1.3173544498798906,0.054939631864338784,0.044244592056451204,0.07381502917734187,0.049488171894630575,0.038879861074224795,0.035363179110950445,0.03377463722851795,0.08234425935948331
neuron_1488_count,0.27764356298013887,1.012433001580224,0.051677987552317395,0.017117530931464717,0.02392880058471381,0.06445497550119139,0.03826103983500122,0.01655643970327711,0.02929806948420577,0.06627449849707995
neuron_1489_count,0.20816598905288744,1.2592215648663414,0.03376063234774054,0.014110543764930972,0.03868530600703701,0.039085452337551854,0.03144088787738725,0.03459989414559185,0.03233266724320645,0.11905215948880313
neuron_1490_count,0.16484225700078922,1.0211116472364192,0.036626278251293276,0.022878369148317382,0.013024215807438788,0.04092793618540194,0.0192066254959002,0.029199174936037117,0.03513147510828363,0.061778970580080556
neuron_1491_count,0.20374291696798189,1.227267927716449,0.026110000082458187,0.023452602163875805,0.02780724129389081,0.04495287249201382,0.029644751323040633,0.02996175116780629,0.05220714735869658,0.09260679695637242
neuron_1492_count,0.2082380180811798,1.1120461949119642,0.04943758912214488,0.04166381314578964,0.06203200552157666,0.04743446697049164,0.040047340169924464,0.027668960803680046,0.05955797745239057,0.12976076338062037
neuron_1493_count,0.13679210885728021,0.989648889022863,0.04391354429278191,0.011190409549783455,0.026928222437077112,0.05489454716636495,0.027174545201097897,0.023343696563141766,0.04860590882140928,0.0892000042100966
neuron_1494_count,0.17921233480197937,1.1462239817045201,0.03199481491415235,0.0203676995043374,0.030824561718857956,0.04757446073732978,0.027016370788596603,0.01822062902760017,0.06965578578411011,0.10608882522892257
neuron_1495_count,0.13344363022448016,0.7454012782952595,0.0673695574996235,0.02005027719594675,0.029964622890520806,0.061124724482052334,0.018319818014524217,0.015446103792979636,0.05279913850468379,0.10466866678901499
neuron_1496_count,0.11599801313832347,0.8441649713923973,0.050293883563856695,0.02930951393456062,0.023524672344631598,0.05225132090188578,0.0137967613566152,0.022466378751920292,0.04736848131462029,0.11813469590783912
neuron_1497_count,0.05702007290321111,0.6053313295534437,0.042610221768596884,0.03486117419309746,0.01939602577667604,0.018208634587417366,0.02304488912277208,0.038959785260433956,0.05311953511197666,0.1331808658003868
neuron_1498_count,0.04996506641558729,0.4693913777719706,0.024110683005221192,0.04583055110510166,0.014881376237867852,0.020070805394549363,0.011473307395248322,0.03230202278304205,0.05577573983887971,0.08644119361857205
neuron_1499_count,0.04639255213485319,0.6292008401561062,0.034323027260975386,0.04772510983176749,0.03153802679275973,0.037973405818934436,0.015479115101231317,0.023384383688740115,0.07563498476342106,0.15304075123691918
neuron_1500_count,0.0450745420565474,0.7034706061447566,0.03699628723814832,0.0295617096890448,0.004886558161612351,0.03232729203252219,0.010438403655573199,0.010371414265437761,0.06472470396739888,0.14126809175496327
neuron_1501_count,0.020098727258770807,0.4796393385445399,0.013360141267056369,0.06771858592383409,0.026146063558760202,0.02460322390323659,0.01076667374737085,0.003125544025851923,0.07162734471842791,0.09866072868106515
neuron_1502_count,0.07879474981875667,0.586593202507455,0.017946103158070548,0.05467592196071025,0.03284060775185463,0.03461646608845356,0.005051953199421411,0.010870340203156482,0.07127986634892688,0.06149432417871256
neuron_1503_count,0.01147694178031402,0.4926852930414396,0.021950916243756544,0.02222566590506319,0.014528952376386026,0.002606434531639735,0.01958759515894895,0.01816071413009819,0.061791886492583215,0.15561104657338856
neuron_1504_count,0.0321652009246893,0.32938188680393893,0.0192825091173901,0.04911211410002353,0.013287859062436722,0.03278773885390321,0.012423185997429767,0.018425782073290764,0.06570646820421491,0.06300542565101222
neuron_1505_count,0.015540623238223916,0.3305399691620977,0.013392819240773055,0.0462729085866459,0.0029974116111317513,0.008570956406073166,0.003662800354254196,0.026001985677341174,0.0670167735536625,0.14659326249810573
neuron_1506_count,0.005407652159877825,0.2843216064641549,0.01298088569334889,0.0515723284559281,0.008326461112089525,0.015008705545774617,0.004346893859930916,0.012977577660729087,0.06150911460626016,0.0655059652918181
neuron_1507_count,0.03922510137604791,0.19607670714773795,0.01978436204699216,0.06440611121552214,0.014382009245513826,0.020829090717785395,0.020943164390410773,0.01658622365572998,0.09139792418567452,0.18491819986636043
neuron_1508_count,0.004918201177288011,0.1820295262738005,0.015112886065653558,0.06915865428627924,0.026085425022685876,0.014262181630775903,0.02598517286509823,0.008249443820534982,0.0901014060714897,0.07918743339688716
neuron_1509_count,0.0009214929008809604,0.09479395287527548,0.009435228520810565,0.06935703856229553,0.04829931098172066,0.019447142997362957,0.06685618957719658,0.007315012606822012,0.10409053284496309,0.043460037016694875
neuron_1510_count,0.00253069120355489,0.1707271021810372,0.009209748292050207,0.07396719563012877,0.021434085746006026,0.007827153175614929,0.007186983556053586,0.0047370686048137725,0.06986099884207883,0.045444139666025646
neuron_1511_count,0.030233398522977933,0.07228450205094883,0.004699647672324128,0.08751925925089599,0.013988278275616425,0.007730445009937154,0.04072873867659345,0.0030529999896183463,0.05938794029731992,0.03965975528458071
neuron_1512_count,0.042069953420856426,0.019908285891258024,0.013902782347098644,0.08311958757822654,0.03902156585786179,0.007414203069520349,0.030444102948610344,0.016517540770154104,0.07447308333298641,0.05261349531532983
neuron_1513_count,0.021007533234385242,0.061646094838629054,0.006485979886422244,0.07795490758197654,0.10120583253187027,0.016033134721575443,0.033349398856904106,0.004103685509887441,0.05863211601569929,0.04025269012723237
neuron_1514_count,0.01417420782514324,0.03935015233529984,0.001202651445805468,0.0844349763938684,0.10529904409076421,0.012869514241851537,0.06829910038640596,0.002007920704907875,0.07540248711161521,0.02381765241342737
neuron_1515_count,0.017535763999737303,0.029432939317784373,0.0023911633631239007,0.08393518405740935,0.046979284232760765,0.015893713006522397,0.09087039628910776,0.002916097638202132,0.06677532596421415,0.02875542759265866
neuron_1516_count,0.016162433307625512,0.0422995790557226,0.0004541986486570164,0.08204804470617993,0.04476754365830557,0.0077552875371044135,0.07688551121890583,0.008272316029134481,0.07604706553203167,0.030341693070192632
neuron_1517_count,0.020532350698988053,0.0012485329467760813,0.019781820668555633,0.07996415844419322,0.09498790919759542,0.0027919838253928084,0.0748313177234047,0.004508840423778759,0.06972524906054622,0.0066652118633230735
neuron_1518_count,0.0020002052282415608,0.02554967990371633,0.006468573987232891,0.05129531282665711,0.046795414379307704,0.0057909878815834565,0.11589565174543731,0.016556347786865058,0.03310902618410527,0.019645389870338946
neuron_1519_count,0.0007354450677627983,0.006964583075742235,0.00860472198662203,0.09523912305927007,0.03505790833187092,0.005859340793321314,0.163665691947813,0.004241072242111402,0.030315626792636635,0.005781429157431257
neuron_1520_count,0.0029339635693558033,0.004805925903809231,0.004004161541307984,0.08083752550028547,0.08711687158518085,0.013709595776740368,0.10889916526863114,0.005059441601547573,0.03574144686179903,0.003048052807690646
neuron_1521_count,0.0021714936353942754,0.024984490100470144,0.023400801434915186,0.04709263959470275,0.024313862008249587,0.0022583482278766727,0.1638615835174559,0.010384598876192197,0.03709114559210239,0.004834712106342044
neuron_1522_count,0.006722296910298464,0.0075293539831317036,0.008247631399551467,0.07254282031330969,0.07018087059100266,0.007873898301811205,0.14403314012674012,0.008435755697015448,0.04469149014313112,0.010024612733582993
neuron_1523_count,0.03519459687461735,0.02988885278528982,0.0025425079063739753,0.013094484976131446,0.0187778791007115,0.0027211564409107235,0.04343475301211648,0.004830288219093192,0.0070980865517505445,0.004880355390938571
neuron_1524_count,0.06417776540918,0.0021951613605661474,0.00840214782130904,0.027489709312942347,0.015786953142146627,0.0015594230301076793,0.24987295133680476,0.01570560861252946,0.011732026118100924,0.015833969983271516
neuron_1525_count,0.037286865816470366,0.04949397328672006,0.019868232517456827,0.03622016373811235,0.008431600742792223,0.010114032285274306,0.11034243424595148,0.033832143793634306,0.0386179832790685,0.014306768476542275
neuron_1526_count,0.008644104684595685,0.014821894764789414,0.018381364974609807,0.07157569382567075,0.005175577540801397,0.007773644398321029,0.3508997592734519,0.011569642030712275,0.07067589529468402,0.0162847898441739
neuron_1527_count,0.015462781776977103,0.00045778040270892835,0.009581299576180924,0.024597777090378553,0.002381913536060749,0.039557395979733775,0.19658567420554837,0.018098262149488384,0.009076237530452766,0.004149510845790825
neuron_1528_count,0.018380954326647173,0.006811766201911741,0.02140216847655864,0.03136074266584499,0.002378082787532633,0.00653502480463259,0.21407667750326195,0.006830277424405342,0.018391603418604935,0.010949529975235486
neuron_1529_count,0.06202465175190425,0.02688919207384592,0.018355832111351736,0.008838589588991731,0.001568502476858048,0.06270342545073355,0.11772237342435116,0.019552998583367037,0.008484606447122858,0.012761421648493696
neuron_1530_count,0.07675792638718801,0.11431584355004752,0.017887409807464255,0.01613940549578302,0.011006126351894178,0.012019785743031464,0.3450620166812411,0.01956871824429719,0.06585514161880981,0.015433723330162241
neuron_1531_count,0.032771854150068364,0.007666325524526042,0.018301826624446342,0.022196342538329576,0.005187025005548849,0.017103812261570622,0.08861711486416936,0.004792809969957211,0.0028871582781147542,0.0021459856485568276
neuron_1532_count,0.16733669326088035,0.11632960721625585,0.010928870218201076,0.0074638637569281255,0.005665078368962455,0.016853322095153833,0.20807161794291434,0.016483602452332213,0.017695338337020167,0.006745396590207408
neuron_1533_count,0.07841958697650733,0.15319984017499724,0.016860240603674373,0.00042010426951169695,0.03977317155711449,0.017336513303092507,0.35422916411675087,0.017675329409728012,0.07134023015759317,0.008975833399595397
neuron_1534_count,0.15109955675393125,0.19486608711557976,0.0077831529408404,0.00029690993664289317,0.0376224902962954,0.03784977991984556,0.27060894372540156,0.017397867914782233,0.06891213034343514,0.00769275996903819
neuron_1535_count,0.20084150219188096,0.4076567152757751,0.013835394828351721,0.0016584787610954728,0.04996383065426077,0.06470330026792594,0.07180852047628405,0.04162759891863372,0.014542604170314444,0.016880642989854394
neuron_1536_count,0.1000196898251561,0.9540450386597484,0.07645312776888191,0.03979354181976365,0.06921358182911999,0.01591609692011752,0.022856652849740984,0.18102756752627377,0.03282341831850326,0.09087505033987517
neuron_1537_count,0.09694333500903546,0.9051834175171833,0.07823184556983352,0.04686099564531658,0.08517039171878985,0.020071010344809032,0.026547307774890914,0.18183516975544156,0.04258781528471503,0.06126622655014492
neuron_1538_count,0.13284758785378026,1.0807221765151382,0.07404845186009734,0.04407888150414169,0.09499556867216759,0.029488846355874055,0.026413554609741256,0.15249017828308248,0.04357492433370545,0.08787684920313825
neuron_1539_count,0.09437795404255474,1.1599395158536705,0.031495566782002826,0.0505831385048745,0.06114968770393965,0.04323444280518103,0.06091366484142782,0.18522988887596986,0.047024517316656016,0.09899874999071451
neuron_1540_count,0.10511984009474823,1.3758990864534775,0.03542561865892925,0.02799463885176512,0.07856304491333815,0.043372438124066826,0.056453896826396566,0.14028127326265055,0.050320252500134006,0.10524258571372874
neuron_1541_count,0.2729499789007588,1.2233242158186146,0.08870760643372316,0.07181768847074417,0.09239177519072013,0.061584354230149935,0.057319049178565354,0.12396925895580901,0.07392691217160556,0.08079054846475336
neuron_1542_count,0.2098859757591263,1.3807436500717671,0.03864826744290228,0.012748408793553045,0.08338211115315984,0.043213794128040904,0.06126056926925202,0.05641578321088891,0.042751368538353464,0.09863165558363032
neuron_1543_count,0.24189887213990371,1.2529024873833117,0.08125174623414705,0.07340210787073337,0.10430687067623626,0.04562285131284717,0.05438053362045761,0.09361890354493578,0.0683194677128153,0.08077198406350722
neuron_1544_count,0.23934811828501557,1.072929698765277,0.06508409435795755,0.04538793237693302,0.07843309010836873,0.04175525945790535,0.05539459156820739,0.0854025492736667,0.05953860226748148,0.07154155908284414
neuron_1545_count,0.2485321883043458,1.0238561916192204,0.05660727876272939,0.04686933625819155,0.06961329180411949,0.05462798484857269,0.04677713796891618,0.06094996132870756,0.06187168088490971,0.05430609117945065
neuron_1546_count,0.26239328190885025,1.1242566998646422,0.08926032178998056,0.07255620813895378,0.10626664302287894,0.04916053385562809,0.04152678940716905,0.07996489763029233,0.07913685370790151,0.0988424347205706
neuron_1547_count,0.2720477138783367,1.0726151086712077,0.09159094073502061,0.04510112431286897,0.07857287060409299,0.040179169366291664,0.03586036237859194,0.030085163011307866,0.04965383469267567,0.07636972635113201
neuron_1548_count,0.22185456837994877,1.1741856296540476,0.04811843420773659,0.04926727772330153,0.07450141123677326,0.03817570048620211,0.03234605583742578,0.0807762090999878,0.05748744120677141,0.07930105338343828
neuron_1549_count,0.2712972852028055,1.1534707709807377,0.08338085638699802,0.05336893087318266,0.11065729532018494,0.07469288523788813,0.058632321591542275,0.04164234118844548,0.06942789707613038,0.11492295125958718
neuron_1550_count,0.21850756037531632,0.9930029545647406,0.04679241473385348,0.024698370185860553,0.08709107239615738,0.04944679304640464,0.042400594153524776,0.0483986901646804,0.03654392964598713,0.10131701246491916
neuron_1551_count,0.17745376787195835,1.2066444231208588,0.06237527781707361,0.055549300001754814,0.07603362222146791,0.05636361626531465,0.05390888268778566,0.06425371914301176,0.06519635873616267,0.09202967705329462
neuron_1552_count,0.1604280610156505,0.8715953262699329,0.04747047001909757,0.034678405405426556,0.02371051839019773,0.04805356676411804,0.020476701492490146,0.0422769025436618,0.04095595729520071,0.051925556115388516
neuron_1553_count,0.15539779335441875,0.9520103105305563,0.06167449247991125,0.018243190820840544,0.02328894410430428,0.04329673439044124,0.03074484224591075,0.020053516281589162,0.03264230013377209,0.09371146819308057
neuron_1554_count,0.10605220894294567,0.8115455983958483,0.03722861190914806,0.021305524058476008,0.035384017874270327,0.04501781508915964,0.026855277079853718,0.04416569888730357,0.039853852761337176,0.0726822430157649
neuron_1555_count,0.13486105743624782,0.8538647115040177,0.06521400266478203,0.010041989528038284,0.03729194744332576,0.03326632457053254,0.02167833876674742,0.011226723846813997,0.026437976459668833,0.10053862179761566
neuron_1556_count,0.10938785390620781,0.9681503542685523,0.055981455947972825,0.012210295608393462,0.03151955479974902,0.03932350721507849,0.02078355618336808,0.030898577981403608,0.04083562344202085,0.10810303174524441
neuron_1557_count,0.1729451921716404,1.1632620543798455,0.05903220462291006,0.023707865082462958,0.02951591694619104,0.05421821469974793,0.025770524175247875,0.02291165786155963,0.044014640012467826,0.1530865015679912
neuron_1558_count,0.19207204864026356,0.9891010702581081,0.0645848270696783,0.014959171922663687,0.021559735207669996,0.0566104963072353,0.023742044551489698,0.01731174103393504,0.048212370008868466,0.11351947133266072
neuron_1559_count,0.15854727055161044,0.8120294391589279,0.042118680536277375,0.05742254819152573,0.036059575335515806,0.03476244031940584,0.01739913040777631,0.02607531742970909,0.04677405927293532,0.10446881832469354
neuron_1560_count,0.08106191406138707,0.7532060695997408,0.03045294532298834,0.0391650164111559,0.027377321033580905,0.02610662440895803,0.024710306345484066,0.022451179742013598,0.05674906021155754,0.11004935526199894
neuron_1561_count,0.07413717283401183,0.6949637860608342,0.039984938967823985,0.07230818918763039,0.022266701612275536,0.023586653693596457,0.013793080308289267,0.027130339889416905,0.08161995570143404,0.127536050799709
neuron_1562_count,0.05249517081264076,0.6505123552272152,0.04615296367279777,0.04316518014340978,0.025936062899539723,0.014981946892959147,0.023993941018796233,0.0423436109453025,0.04603155670269361,0.0952655859139328
neuron_1563_count,0.0346274550546392,0.5617867418516637,0.046392463272323645,0.03005858376893479,0.018374507727712708,0.023886616564673863,0.018500956847885747,0.04049240511089243,0.04287002227118698,0.11964868012235425
neuron_1564_count,0.022154015145412306,0.4670333954605016,0.017505245720069174,0.06459617726595634,0.01602676779112719,0.022856205377877997,0.005271219380155269,0.015419629565908755,0.07069419021100384,0.09754696310693092
neuron_1565_count,0.03388594734014051,0.5165806854591433,0.011266711922417474,0.049154279725548006,0.022030960529804897,0.010614995587087422,0.013641528653260414,0.01920832710113038,0.06880687664232293,0.07792165705043372
neuron_1566_count,0.03731574034487661,0.5864704372112279,0.05443755465064243,0.0453709461058765,0.011299259993290955,0.02689952910724444,0.012364701771502323,0.013042320101087704,0.060432715119470265,0.1503089062574687
neuron_1567_count,0.013945492071624183,0.4734929120609809,0.03272893745854846,0.03089510254729133,0.0014302817537811714,0.02434216978395734,0.006310082025740814,0.00511895916944554,0.07310900617569999,0.12049898781308485
neuron_1568_count,0.017255496021216857,0.1797521274538756,0.0220099140732134,0.05576231011643641,0.01258991988036992,0.007830887216276873,0.0012699514673799144,0.011056196883117847,0.05401918707221025,0.13853711521523637
neuron_1569_count,0.014030523623914298,0.24718149227968927,0.030164506138817437,0.0560681433252935,0.014941408773888026,0.04464675142325128,0.007910584582978594,0.011875949965555424,0.06007893971898379,0.07138483234318832
neuron_1570_count,0.004727757305082625,0.2607739890662602,0.03157591620692224,0.06672025190713093,0.015770756187144533,0.018588077964803676,0.017789675197467214,0.018736151943647514,0.07331741594012178,0.14067495824028353
neuron_1571_count,0.03339370070195202,0.12969165753967107,0.015094503170907672,0.08248826706660745,0.017290527013295115,0.003619957319985545,0.030529563095271606,0.009247302045862087,0.09506992627796404,0.10771952534385129
neuron_1572_count,0.032408286426641036,0.08913629928978953,0.02197164406844837,0.06969515641833468,0.032581634523850156,0.006757178329839353,0.03186091758135645,0.012082163437982484,0.1213480111411894,0.12273921869049609
neuron_1573_count,0.0030090612642935596,0.22867908241586016,0.01959096375585631,0.06012350484806636,0.001529488304351817,0.004557596154807948,0.0038018689130059694,0.008294841958350018,0.04149581019426083,0.05719548391352771
neuron_1574_count,0.008800661176791916,0.1866383534697553,0.01135603636850882,0.09733314537949389,0.05102388596342744,0.007848243843614183,0.029978932474821543,0.008455105290279572,0.09935924007973868,0.05523056295252016
neuron_1575_count,0.014413405351905523,0.015722026632303834,0.00532592997754891,0.08065986711582204,0.0748418300277946,0.016370221580728594,0.07068025064545908,0.008108452116097904,0.05009877072239305,0.03150889452731698
neuron_1576_count,0.044154644353656736,0.05998981113421456,0.01262315254296971,0.056260031521174814,0.009423620679857962,0.008533597454584745,0.009080511555022992,0.003313354651341964,0.03565598416924913,0.07131576998949068
neuron_1577_count,0.029348595157901308,0.04621089061298653,0.007664141037118807,0.06297677010714978,0.041546022812475894,0.012998425921155007,0.033023930795833545,0.00692081624095052,0.059508023565319285,0.04056969468007224
neuron_1578_count,0.004328781679297344,0.11821787961715133,0.0011349068484060483,0.06515480173580718,0.015962075739134066,0.015344671574082168,0.054349141501032636,0.0046800793507208935,0.058573443620606264,0.024623487145665868
neuron_1579_count,0.04026437164287609,0.012673865588198482,0.0014469052062617309,0.09496036353237533,0.0421096768062519,0.006083432165390392,0.055110653327823236,0.003965625421728021,0.04669243651529498,0.031852988178830005
neuron_1580_count,0.023660852764073065,0.0416968860237837,0.0003910486680739555,0.08860743566865631,0.03318650642311581,0.010820768847279609,0.06656912068479474,0.0013914847877515048,0.04972514578162143,0.019937318519185246
neuron_1581_count,0.02329364382098846,0.0403856463320411,0.008967912168701214,0.11248864210730986,0.03129934069117764,0.0056923043904661165,0.11817482925904009,0.008299705382727646,0.04539983945546126,0.017782014216959716
neuron_1582_count,0.002156085223117764,0.004341807480421751,0.004235505899800193,0.08209598546465097,0.09973604395463695,0.00716689399079368,0.14017833258536416,0.009361987180569478,0.04184104312642195,0.004724048721773632
neuron_1583_count,0.0052705870194162605,0.027531569769755834,0.03705190253279497,0.07385166846054866,0.04376799154896269,0.008278862072936516,0.10254688202457654,0.003603742796546827,0.03956136461393661,0.005547995159350068
neuron_1584_count,0.006229520083217123,0.01647830220887228,0.0022965115719051285,0.05520547320166927,0.018640732546205713,0.008803571554728676,0.09760408253574421,0.0064306995357381325,0.03684977263163616,0.0039144563549819425
neuron_1585_count,0.012332783703824554,0.003952108261345046,0.009966689883262034,0.08112712902649996,0.06020844128647265,0.004117021508111463,0.18206929409187864,0.012111852920989076,0.060608886927036615,0.010692841907211443
neuron_1586_count,0.0010093779512928523,0.012073992768252592,0.011230072206502198,0.05990485399243112,0.03979225118821475,0.005170617213540783,0.10043145949257767,0.010353472604321685,0.04104260645603336,0.0034232671396805837
neuron_1587_count,0.001168736845526412,0.01824821311901706,0.0179418380526562,0.05833447566429628,0.05200629115502485,0.002247160527133591,0.17576825799073054,0.005545954032972554,0.05150269007072117,0.007854090724194346
neuron_1588_count,0.009262701769412143,0.05249661727302363,0.015119430078126272,0.039314801037508534,0.0010427465222219573,0.009184499528630055,0.22097503611230818,0.013996959580218474,0.035288786796381824,0.010968808333369641
neuron_1589_count,0.00033497220045145427,0.004878679364851188,0.00976175311433343,0.03876537572511324,0.0032074740443520378,0.012242206328533997,0.2924583759996455,0.009466843159390899,0.06665673725921992,0.00750884689256115
neuron_1590_count,0.0017683562291907727,0.07109021251730202,0.024111567177846627,0.049277565688519764,0.00043508928083307516,0.008304681343919804,0.19983232295449632,0.02946980230720271,0.046954031404677354,0.008440305489593666
neuron_1591_count,0.007415930191122078,0.012816706467070046,0.00885736531626146,0.021343986809276544,0.007449222135765612,0.013345334914950914,0.17066015729546014,0.0018197524104451024,0.02480468145104968,0.007471299479608583
neuron_1592_count,0.06855276442345723,0.07522593408819445,0.02281137019703175,0.03682210534337442,0.0010685635173123438,0.00684734560955319,0.19691060433177326,0.009542830441377124,0.015570669068160445,0.009597184249794007
neuron_1593_count,0.06994840161090701,0.007544544151368952,0.01953236134881459,0.019593729495289786,0.0031797098367950943,0.0006005346077257428,0.1961155580156726,0.006337984047110612,0.008311521482573869,0.011631657610005286
neuron_1594_count,0.1144773971728619,0.20868662401210925,0.022892784954729045,0.005467045629082519,0.01936363560148774,0.015958662267188353,0.2557738548155216,0.01507506672586309,0.05467531142816537,0.0015021964390428957
neuron_1595_count,0.08484966301059554,0.01545252253106437,0.008234588901023673,0.012904711808144391,0.00854560381377497,0.029357712845643744,0.27425487736273224,0.010203172740501358,0.014398401058554083,0.008659879923207311
neuron_1596_count,0.042861553154047605,0.20111121931518622,0.01320173216369401,0.015199613031396692,0.035461864597251896,0.018201744490671842,0.3760683372216459,0.03278239027223573,0.06249829128541537,0.0308519832823156
neuron_1597_count,0.1494041989970884,0.14507825694935472,0.004160554904268601,0.003030682184664627,0.008621352619444182,0.025148129845912387,0.15771834148618216,0.015884093590030506,0.020916151004061752,0.008261925189931832
neuron_1598_count,0.12553572462291926,0.3208959218480371,0.01281227045000248,0.0010809090018785803,0.04800208517868945,0.04372252603704835,0.3466506389997246,0.03973993352534608,0.10672246218350143,0.02142505709252298
neuron_1599_count,0.11104783917583114,0.1113328793850149,0.0070918076805300476,0.0018826509156111663,0.004621765861478833,0.011947031163346597,0.28760551847802773,0.017312982146624273,0.08453440374411242,0.008194181819742723
neuron_1600_count,0.041103351148762096,0.9912964937269496,0.020266957240477126,0.025237768759482485,0.05667650766853011,0.03211949705295029,0.025919839620155982,0.14079270348847156,0.03764212069874662,0.058874777681057075
neuron_1601_count,0.20429098416770744,1.2328575137548676,0.11474006625250321,0.07916720978037164,0.1261799110813737,0.030393051801777454,0.055317470860819985,0.13693105694922308,0.07340452961726987,0.10568066024158235
neuron_1602_count,0.13783182669067584,1.3872633774108376,0.033160445464607224,0.018587542240342245,0.08535800691852183,0.024254167781947937,0.07571886768962051,0.10258936414979423,0.05858321330233816,0.13752056847141358
neuron_1603_count,0.13827087005318014,1.3909592990951831,0.027727065152418018,0.03333177879443083,0.09695662438409225,0.04090683395833912,0.08560579202470221,0.14351169661387708,0.04940736809368529,0.11242075419593808
neuron_1604_count,0.1165688483137257,1.3226194510926583,0.024135963133662723,0.012624433300968036,0.057966606545770606,0.048748328005769635,0.05494424917957904,0.10165836731987934,0.027300474525647406,0.10305373580371005
neuron_1605_count,0.21255194620901433,1.1618376791425407,0.058524923232490006,0.0370648896078726,0.10455608967121299,0.033759447126373715,0.07418600202928545,0.0545419073804665,0.038032950577736764,0.10520375673178614
neuron_1606_count,0.20373180459119344,1.3550070493935467,0.05222907998483495,0.06547125085122718,0.08897749828661912,0.0499285423090592,0.05986401195952182,0.12481235020905258,0.05422284479012039,0.07817994567152892
neuron_1607_count,0.22605201601819608,1.1433591117898672,0.04158731309479925,0.04677477173905746,0.09610546100785292,0.05587635721964508,0.060944131963912115,0.0927504438830584,0.0644570515622592,0.08568020399599373
neuron_1608_count,0.33320076122284287,1.1547448604261883,0.10078219891215598,0.08484948225041913,0.12850139151755197,0.0370053066358316,0.0725345960323007,0.029700170991248047,0.08311668205272058,0.10337351765953262
neuron_1609_count,0.27629249862318733,0.9586534533119969,0.04003314023991754,0.015289861565948512,0.0755902030637762,0.04288830702953833,0.06277811795592014,0.008415862800573944,0.041469578111279784,0.08325569098095689
neuron_1610_count,0.19141284879892242,1.0347634721409111,0.040612983563500835,0.061544179053659484,0.07736776707482082,0.02782990748552848,0.034863528350041834,0.07608484254132325,0.05034362110879646,0.05941666885179946
neuron_1611_count,0.27122016076143146,1.1333398738978582,0.0834502771531499,0.05787184409091031,0.08999067398460642,0.04285731053842674,0.03920086176791665,0.0665047691688,0.05022197851687084,0.09027550050255229
neuron_1612_count,0.36832824455671576,1.2210436097102986,0.06545250052032864,0.04640667097125652,0.10417651483712562,0.051656773595312164,0.06644806577135288,0.03336834654850773,0.07524091323855532,0.0782221092497012
neuron_1613_count,0.3493990324763124,1.1054942409040183,0.08571587579323733,0.055487718471215836,0.17196289718776625,0.051657632571693785,0.09380602158543216,0.04522476910789486,0.06106937017847803,0.10277089778533632
neuron_1614_count,0.2529449888416821,1.1944119203615504,0.05767748272352202,0.0556017393464682,0.08786603251611111,0.05089922543681184,0.046664058394193984,0.04020394532612723,0.06506744415314392,0.09986010818613938
neuron_1615_count,0.21438195917386504,0.8996015424348904,0.024152651756349702,0.029136460286154783,0.09309450393672944,0.034549378984197396,0.045609129357547046,0.01648471026370575,0.042219947988799494,0.047676988760837785
neuron_1616_count,0.14804117718368223,0.9907769625786511,0.07701336460500732,0.043062104171710046,0.0681168903210693,0.05696297073638057,0.03859272803882538,0.05495592707764636,0.050266735253138434,0.07776512414135908
neuron_1617_count,0.16594121674554047,1.0092713916721685,0.03665143845195898,0.012677625256288037,0.047941756666525615,0.04518734645393581,0.034196716824631754,0.0033600326482274255,0.034853903048393,0.07334028964949152
neuron_1618_count,0.1861210894220687,1.0697422852437615,0.08000764956665476,0.031802415752218774,0.053430420008049664,0.0555682720950019,0.04085876957614053,0.02340464463781078,0.03661671670836498,0.10680819994693883
neuron_1619_count,0.1482734706745116,0.9726667414769079,0.054962245675187066,0.01725046478538689,0.028859072852577883,0.03851308719122949,0.03393276793566993,0.022498625035326566,0.03679708703726628,0.09151516800174567
neuron_1620_count,0.1200693404000012,0.8448268451303204,0.05035504192444232,0.030318663863704097,0.0345686102331554,0.04130280817970458,0.050852319202363855,0.05305056237979104,0.03906654836872531,0.14269248942645602
neuron_1621_count,0.11772207463939394,0.9601007697720327,0.05274863729800891,0.011764649123092191,0.023787505337283056,0.04361770907335098,0.019099878631283318,0.028504718638390214,0.05222619171840032,0.10058541740909183
neuron_1622_count,0.1018986695689044,0.93994800163239,0.0530783349165555,0.007565915371756137,0.029794781578633425,0.04613473362422729,0.05664223071215868,0.018906078579907587,0.05015577912303329,0.12236320174822549
neuron_1623_count,0.09670593760901663,0.9508998068489518,0.047743563338499134,0.021691481413716823,0.03342637402219997,0.03483476966654783,0.01762144796155126,0.02822641294116654,0.048148183004590256,0.14775538957187534
neuron_1624_count,0.030183304811466912,0.6021655538808582,0.03429092617889465,0.03128917006459333,0.013873276268527369,0.021366394413245712,0.02756913358675167,0.03479366575093787,0.05196073082906719,0.12453584527277103
neuron_1625_count,0.07185596277286518,0.6154671206107653,0.044740817213881984,0.015929409022805305,0.019377693280319526,0.02487883755184009,0.015502808945238006,0.0240029601376867,0.050982887207110944,0.12847208231234486
neuron_1626_count,0.005645331967922225,0.41013351318188174,0.03574050077322627,0.02652802017978062,0.006313876166446165,0.03096778417609039,0.008363433292926143,0.00913648112044062,0.04739724014379276,0.05844231965712804
neuron_1627_count,0.03811175427539498,0.6781752348615392,0.03511228358702552,0.047695331318275885,0.02976588632615999,0.019243817263765853,0.024163970336413293,0.028817815282152638,0.05656502858866504,0.15586836339128612
neuron_1628_count,0.011797785409456855,0.377447243203533,0.037601978686469834,0.025752379108808177,0.012124709341982495,0.009204836362594719,0.007739732087136644,0.019021491466360577,0.06591164681333755,0.13685418446458011
neuron_1629_count,0.03255114345258703,0.5106905132993094,0.03335793966920039,0.02792581492973448,0.01854694998247968,0.015637274667334722,0.01798651512392063,0.011055652289021221,0.051676471431008966,0.14852974030633947
neuron_1630_count,0.01976944204855164,0.6091757353053269,0.06082818613856644,0.017711819251576597,0.023062009635421002,0.009639125011959251,0.014576986609578901,0.011294877797451794,0.06448746924881418,0.19489510748601768
neuron_1631_count,0.00916504966815897,0.1767760564994765,0.014056085357925768,0.02875795658773378,0.00010011714832912182,0.01618335353338761,0.0032442871311696223,0.006039287486910169,0.042343779105149304,0.06442613248626317
neuron_1632_count,0.012966346359190632,0.2608660212415008,0.01749081391793761,0.020701642097190207,0.005179066066292939,0.00763694511571731,0.002527186758101427,0.013652350014388803,0.07262966925201164,0.14636405305771388
neuron_1633_count,0.014814474551110624,0.39346005018599023,0.04081104832589419,0.05073897247486725,0.00206651599031054,0.013459572837729805,0.010080244827348206,0.011415352716093598,0.07187639065442178,0.2025823050295006
neuron_1634_count,0.01066241608038733,0.17680725281989101,0.008745032779653224,0.014066392371997478,0.0030678956738733783,0.0010604840038529123,0.005495607328062958,0.005793959274957728,0.05932559618889703,0.09473631952336176
neuron_1635_count,0.05555997081087373,0.10520922112168815,0.010621853925922922,0.06220116053516736,0.0027993501527736227,0.00029131242724613545,0.04032631933358437,0.010560486851793664,0.08816923499413906,0.12490285078785196
neuron_1636_count,0.0015041300019480528,0.17802728779158022,0.0076783236572458766,0.05715056969984367,0.030460210585558464,0.008395703199650162,0.023608614017926827,0.0036056299426609345,0.09913495077598533,0.0451745872907362
neuron_1637_count,0.10907848368688916,0.0565166597400974,0.01595796013352982,0.07879743607257661,0.0102929510589099,0.00672354486455539,0.03028351389042755,0.008457953385082172,0.09137960130348585,0.13942561350839716
neuron_1638_count,0.02374419856778337,0.04566592610491045,0.01442804758347535,0.06445190109715745,0.02415613882893093,0.0049357762957844,0.033478812729701796,0.016112200495309134,0.03871446528557203,0.04673320385368353
neuron_1639_count,0.03026800393400854,0.10458460869029057,0.020142669385979778,0.05384273703839748,0.01291150194458994,0.006285339168497529,0.009287088378138575,0.004493404620001057,0.07312625974177184,0.11110294920689068
neuron_1640_count,0.05185384117224984,0.04576341850689808,0.011609844750902182,0.04253930074418297,0.0046060963371392614,0.00987385272052485,0.02703762862219388,0.00824170437818284,0.04105998268054027,0.10620017377546226
neuron_1641_count,0.09140538549263852,0.030941374977449115,0.012487567495382976,0.09375778147890765,0.04341463201384242,0.0033017825168474325,0.04387866266432924,0.015938289556692978,0.0943619854931062,0.10412135314081325
neuron_1642_count,0.05009699917745089,0.00898261629258143,0.010804289519307037,0.06536150631266402,0.036717571995948134,0.004650980145796665,0.08134731383404456,0.005822776154469247,0.06838249742444663,0.09361490415909629
neuron_1643_count,0.010531763976557112,0.0487758017386718,0.0011202981247123035,0.09420670591551977,0.030093146225886727,0.011869426019491036,0.12184972671716748,0.0038616245635796458,0.06836371600196817,0.019868469187463655
neuron_1644_count,0.007645256997603309,0.05426219256157366,0.020439233353796077,0.12332547273451233,0.04416499178533374,0.024853895009355795,0.04770453868273859,0.004279866967979716,0.04955170443050219,0.03914848935038756
neuron_1645_count,0.02316419456371209,0.020419685311770006,0.010213947553034237,0.0548461934506084,0.0368519026924069,0.004400305287032225,0.22853287949873227,0.012684529056660246,0.051321407533627794,0.009131294361247086
neuron_1646_count,0.012656701707124102,0.06765950747623589,0.0036655138859379016,0.07309689183288354,0.011172847098353464,0.005604175615120966,0.10588044089920076,0.017572004912559114,0.047002251863279026,0.027127849266279286
neuron_1647_count,0.0007281652318958179,0.020813494672618407,0.0027702881478135696,0.09512693764081942,0.028770900087660187,0.016446529705637685,0.19648081067294046,0.0157501406311812,0.04298995521328752,0.0024634916525711707
neuron_1648_count,0.0005063772673861541,0.03094303062232988,0.014503287374138946,0.07305708406183886,0.03485941642565106,0.0025861422389033342,0.1040486665755921,0.007341336889466064,0.03131433395418769,0.009826365068027292
neuron_1649_count,0.08829215828547707,0.0073572232989004005,0.001843263685513713,0.062455309732378644,0.008350928507004501,0.005049685585863571,0.061429966070727815,0.01866805131886884,0.03379446655648197,0.03576106169121718
neuron_1650_count,0.00870119325964367,0.007033139353122636,0.018103208300283682,0.051075180192342556,0.018971089555876022,0.012377484825943086,0.17672868209472217,0.006197166901195025,0.06726240097320688,0.009739984925161834
neuron_1651_count,0.006166800395337957,0.10266775901765635,0.013686262811515498,0.04632821964007805,0.001854698449582838,0.011244284642195887,0.11394748246662725,0.04858050112965734,0.017828963864952196,0.012889769323761124
neuron_1652_count,0.005079115874553293,0.11693557468713639,0.025849643541192985,0.03455025500118453,0.0012989024598891036,0.006314003860113472,0.1917228027599747,0.024192508023192935,0.03906927812916275,0.007779084177366937
neuron_1653_count,0.0007268642304691271,0.044216966605441846,0.020220703895430167,0.047555428865905414,0.004662584377382255,0.005274889756270301,0.1217629187942239,0.005913728367227096,0.03057216285449388,0.0012250193012392843
neuron_1654_count,0.007950407629846785,0.016853357914626013,0.022816084929750582,0.04979286508856104,0.0026399751929861784,0.021976178124928594,0.23698529242738278,0.0312531010712859,0.05545658411758311,0.005428193668888821
neuron_1655_count,0.005367303915378686,0.04934942122744955,0.03312102462115617,0.029157679661289695,0.0052622604823406235,0.012852241847475132,0.18833904531056636,0.01977745270897449,0.031870519275709164,0.006253508864745495
neuron_1656_count,0.06226143436095166,0.021128074855676138,0.013517563345186653,0.024082430404082214,0.0023784225333466774,0.0010444236818658234,0.16855936731477417,0.003559917100950962,0.009782018227859235,0.004769565800947055
neuron_1657_count,0.005870756933324936,0.1317147618105616,0.0002959929056604192,0.00470358590755539,0.028041621344801853,0.002965884086554873,0.01208606780322605,0.0010752359978821562,0.012737639835940395,0.00031134967335991453
neuron_1658_count,0.0246264148137941,0.010231710368003265,0.00434420462138067,0.017931842545542177,0.002448326277426978,0.0042778511771654,0.17089056270264288,0.012931890316520606,0.008700714915055967,0.017273195870717118
neuron_1659_count,0.06774020360496028,0.017577120529104477,0.009204334346674677,0.01790416939788647,0.0027570259463087846,0.003666062606083681,0.11377586545463662,0.00575842007321237,0.0015711397972417223,0.007803366382176065
neuron_1660_count,0.1088366767323346,0.05618436242486143,0.008445405704544662,0.005504249213844034,0.004983454838940526,0.018542673356477322,0.15158613951227226,0.004860166710393467,0.013631776215716998,0.014061045457101115
neuron_1661_count,0.013424354426183435,0.1509141446579324,0.0206345180677528,0.014062159492209077,0.027774828728912397,0.0522803929535717,0.2476548379277857,0.039453978744410236,0.05158362429942384,0.032138882344860356
neuron_1662_count,0.15148558024756037,0.24595977754271287,0.01226815036961483,0.005565445386263926,0.05572807112736053,0.06198025146936326,0.27465288994625076,0.03664655365418895,0.0581816568015282,0.01007163769211078
neuron_1663_count,0.12142933297641123,0.10140102994803352,0.008756901550428416,0.0024183493407928256,0.012939237158238397,0.022085234530055863,0.2608372941676937,0.0030094304953282094,0.04698437369003991,0.009859166250365085
neuron_1664_count,0.053921421954149805,1.2883032620170083,0.005361180131111927,0.02224431983639265,0.050488376607172744,0.014025411757865133,0.0384539457675466,0.19729284695806218,0.03499756606567002,0.08751057959762094
neuron_1665_count,0.19620445881076998,1.1927843117109505,0.12415730964328067,0.07200545902324648,0.11993351016347376,0.038709555235025964,0.05634249560301963,0.16749628221034082,0.06298833520688846,0.0966996814510582
neuron_1666_count,0.09908251968072386,1.3973251365675095,0.025944346780648442,0.003934933065040842,0.09313881086831055,0.04691896183434625,0.07999805218453959,0.12043339236303796,0.06358367677201957,0.1430487751683256
neuron_1667_count,0.20387237525872953,1.0332422131333265,0.06352897088707798,0.028315370490872876,0.08393147715395399,0.03494175350463243,0.06397125131058666,0.03316462148236226,0.05030728448175982,0.10681171851111851
neuron_1668_count,0.19204691545715047,1.3882613934271173,0.03441750957171534,0.016928417769149648,0.11126216195537483,0.03597807639179019,0.0674627667609196,0.08416998978927047,0.04711163555007892,0.11834569206161523
neuron_1669_count,0.11930759210923927,1.125562117889298,0.06592465996007545,0.019954807453445245,0.10354318837259245,0.050097277478059,0.07480741673241044,0.07379076780795124,0.04254427683659647,0.15784121363647674
neuron_1670_count,0.22851001479574934,1.070052827227855,0.07451246725526944,0.02463429352995558,0.1040054712158538,0.04098643102809904,0.08078025381186173,0.07718019065645541,0.03827848693445655,0.12045420236295082
neuron_1671_count,0.26737598351944486,0.9198750422838866,0.10149503119631112,0.020749653555399414,0.0829652704879805,0.04695920612081664,0.04899434167687585,0.011791953564739655,0.04655289495130584,0.07195159264426458
neuron_1672_count,0.24610793022453056,1.1029246158030899,0.04657509863659287,0.04354473907301969,0.062348417607087175,0.031448238627236676,0.06950894987049933,0.05642967645634722,0.05840296303518912,0.09306310520729258
neuron_1673_count,0.2416766198413602,1.0623856287446654,0.08042636215242868,0.05247082782482816,0.07953018003065307,0.04725578369726532,0.05797750470921413,0.06436284791238428,0.06310473571104733,0.06608643517213766
neuron_1674_count,0.23716772491237947,0.79318493223865,0.061570050522234826,0.04302603295335328,0.09050392135208403,0.02245018345414915,0.03477858029397255,0.013702808185141607,0.026292737116123954,0.060098472641760284
neuron_1675_count,0.2934287014202544,1.0195975832024335,0.0669997626018263,0.050264753031665346,0.07105357146637992,0.04315702979550093,0.03894985028430681,0.02112318854145817,0.04053908958273942,0.06963601616912535
neuron_1676_count,0.35293489580224163,1.029271964166104,0.06163234027443544,0.05263227547453142,0.08384586795506238,0.05492375975134172,0.06373474634315648,0.04208055471813511,0.051785151934097925,0.06382062097182789
neuron_1677_count,0.24445826001987253,1.4025518741217906,0.05903886511417214,0.0491736325254555,0.08428626627335406,0.056256611600722116,0.03643102129343246,0.0586924749385539,0.07392055031343023,0.11137189053302646
neuron_1678_count,0.18993412539597399,1.0598874140264525,0.07438280294615918,0.03096601610608942,0.08679539795638352,0.04606759868319682,0.04692859940234961,0.0250835215968072,0.038744966762416455,0.09630676121922058
neuron_1679_count,0.222151497965476,0.9378222475991103,0.04180717457861771,0.04394182764734926,0.09251932866982784,0.03852368951483351,0.06737161050885769,0.07129195228130242,0.04792784787660771,0.06703789609973529
neuron_1680_count,0.2907158949514814,1.138718213851659,0.05378636388053146,0.04455013799375998,0.08250340061182429,0.045928014435095116,0.07096883598576265,0.03776131328203011,0.03869776170777138,0.10482915020877606
neuron_1681_count,0.13423888341002552,0.9932660610895938,0.052948745137021774,0.031019169645657308,0.03391770995444867,0.04978272536923814,0.023147253255952974,0.024076528387425813,0.045370362473204306,0.09640506361811044
neuron_1682_count,0.1569473316463161,0.9631269301701006,0.05899636082920903,0.019402631961768703,0.04751103587770983,0.0442716912506278,0.03904092575927644,0.029140984145783515,0.06980952726422873,0.1091444150016859
neuron_1683_count,0.032947561508095094,0.6946941975930055,0.040536080439074695,0.008872015287216206,0.014831397784728362,0.018700063870285444,0.018866040963489497,0.01242676077414169,0.05009778500962292,0.12708869075379223
neuron_1684_count,0.16308590480290552,0.8928466284078181,0.061879196797894304,0.014422793512340527,0.025183429335990916,0.049040430404882485,0.04074796461377189,0.026892682062792855,0.04268297830613585,0.10937523258908383
neuron_1685_count,0.14253718518823036,0.8563019364534779,0.04574348231658071,0.015599976726929986,0.025597790895011283,0.03666470454067802,0.024864489953120752,0.014845400857780702,0.051396522831065994,0.10610925575909783
neuron_1686_count,0.1591464674904314,0.8350159033043246,0.026572277311529516,0.00826974399550022,0.0205777745585789,0.04873402993565959,0.02754796149754052,0.024533584973753714,0.042278924202076684,0.06859401872936799
neuron_1687_count,0.1141246071534977,0.9687035561464195,0.04385021416427559,0.02525679243725873,0.04172767269402239,0.03622021034254687,0.02684651168279082,0.027238489935413862,0.055237257713769486,0.13825689704976726
neuron_1688_count,0.09727375501658586,0.7375177333794047,0.03723627052187212,0.025179785101204118,0.024651719277761077,0.02516095818095014,0.012015563699904308,0.01707177665959185,0.04916619751943087,0.14265545979300676
neuron_1689_count,0.0653926954866825,0.7230470888051514,0.04099976021361193,0.040533500702280637,0.011832178979935284,0.04663732032130957,0.011965507219499297,0.014970174116171006,0.06224877229258946,0.1530649058443157
neuron_1690_count,0.015012340652176076,0.44976462144461293,0.01882671433634557,0.008920479301101743,0.013237028672948348,0.02138258338963127,0.03733583273152695,0.02041128810561403,0.04984973352996558,0.14467630182408758
neuron_1691_count,0.0205457019910906,0.3926928558269727,0.00720795430360642,0.017488576199690284,0.012970201436454405,0.003604640760525177,0.015977516903441014,0.020535667581185246,0.04027632923023303,0.12785102310493263
neuron_1692_count,0.007731341775118257,0.36900966607080155,0.01805276614171554,0.01886329307221222,0.004910918045674555,0.009603050878116026,0.026795585657593643,0.018067148602459282,0.056444576492995197,0.1178605109445621
neuron_1693_count,0.011824338649213624,0.5096955361640125,0.030399729429088862,0.04092180900249773,0.009970376018632335,0.011794318980588595,0.006190563241758,0.008529451701775574,0.10340259323231651,0.1704355267239438
neuron_1694_count,0.021690472296985883,0.5665599831632548,0.034175444847260636,0.030054170339468236,0.012921191723179194,0.01224399638133241,0.019621269656359734,0.013704530365303155,0.05146564651446933,0.18021353109730393
neuron_1695_count,0.02532986434751454,0.28072514671910603,0.01875692622444279,0.029857814934757965,0.0009412949720103286,0.0012883136174868005,0.01346734915242347,0.010442814913431735,0.06037003661679413,0.1109892452483163
neuron_1696_count,0.022258668463906686,0.4596793870997157,0.010675664836151039,0.03021523538687486,0.006457770084122641,0.01029872882604399,0.015075289638140501,0.01655444663865286,0.07600555133440182,0.19732166128844164
neuron_1697_count,0.02690602625098293,0.34614346758758907,0.020294814767824423,0.02808827446834118,0.0018388046731136992,0.002466193780758432,0.01556427847016742,0.01195454704602935,0.0754017736642051,0.17140973382666264
neuron_1698_count,0.0015569045978441921,0.18619052701919223,0.014158745248110088,0.028381939704229878,0.0011479720634569035,0.015092124673265594,0.0027955092302056547,0.005285018125784802,0.044061330817262934,0.08020213467225146
neuron_1699_count,0.019942836597763067,0.15662821386876402,0.012430308063171469,0.0511137033730453,0.013782529215268013,0.0015942629539515765,0.013507473632002331,0.02089745030854094,0.0895858477026164,0.15278019669823792
neuron_1700_count,0.014494214843965111,0.11989271618676411,0.0038831171495564906,0.05921383494913368,0.007531825382158755,0.010853159824360241,0.009450864015329963,0.0019354802434031863,0.0381996291038897,0.046931794208804
neuron_1701_count,0.003106987735350987,0.14391254854382018,0.02329303026732936,0.0618936533635934,0.014137841460371073,0.02172346384416285,0.02390340779296149,0.004140756914540512,0.0496294977361999,0.06911136157417627
neuron_1702_count,0.0543949515300486,0.05017296052980412,0.019690753314603793,0.033432811321677455,0.009673532695063707,0.0055668868057703255,0.008544296339313924,0.007538569852503674,0.06602964711218667,0.11608118803111436
neuron_1703_count,0.03006565241260488,0.013046444679086208,0.004762401335915885,0.03207516091086483,0.015775621570973425,0.006481889975795086,0.03638730775051968,0.001923827138805869,0.04738530215167486,0.043726330925823134
neuron_1704_count,0.03826128249166262,0.07394095578856508,0.00045214812673055084,0.05830917958491094,0.009259107106852515,0.0012097575699499923,0.040382028921424076,0.0076593670933316,0.053359242842260735,0.05495904230928089
neuron_1705_count,0.020974741474638986,0.08404908363409339,0.006188425259683876,0.0830248711858246,0.01659420401168156,0.010329532154672744,0.06988667153718275,0.00824580852932201,0.06543114443483405,0.08408959690617646
neuron_1706_count,0.02318589787353348,0.02625350990755379,0.004981939179629035,0.08103049602264739,0.057162683125287675,0.001322143176218759,0.04127561224205785,0.010162745269948282,0.055651134898978216,0.03259291304199968
neuron_1707_count,0.020886205274973813,0.02880681752320169,0.007849912370339239,0.10029896093732191,0.06471471135878554,0.008993648392444369,0.07242927988744566,0.012169752725103313,0.05224351482009579,0.03795712182043369
neuron_1708_count,0.013682288287276606,0.024400438131234825,0.0036600366045469596,0.12087481603768965,0.06920577632695735,0.004786623516682586,0.07153489576268796,0.0005200479321632017,0.07560525910540528,0.013577948242344914
neuron_1709_count,0.0132439631089512,0.025252921602575987,0.0035310219970646345,0.07687479997036992,0.04256432379387977,0.0031969324256517903,0.0450072758818993,0.014308547178377332,0.028341692478060218,0.004400614148841294
neuron_1710_count,0.02333474237283019,0.012075668705340105,0.00680502989364358,0.10084287131038203,0.0554630484053352,0.02452463328752802,0.08407656130114363,0.006994221622932426,0.03933457570445881,0.01404298431537776
neuron_1711_count,0.0019051971823302767,0.012097919491629264,0.006291580188866185,0.08419143298831455,0.03007459507846072,0.010652580697446066,0.15809500086389588,0.00023071524876288468,0.0626450801415914,0.002946759671935713
neuron_1712_count,7.349886081501385e-06,0.06822685534820358,0.02117605322441425,0.060451125432762376,0.006797974697077075,0.007441732093758709,0.13554906590058652,0.009420706152511005,0.06348507451507984,0.007917216544591932
neuron_1713_count,0.03513328866234722,0.003257307092568204,0.009443900494699495,0.0727627782014996,0.04451151281542823,0.012783600797294993,0.11322621827155518,0.003493842633525694,0.05214360400489307,0.03422685590115403
neuron_1714_count,0.08210311593365133,0.01715529969974325,0.00361764811950082,0.07943918802783531,0.023378021538395383,0.008808805313068435,0.13124680709074188,0.010606755888338731,0.06434170045447044,0.005625336601353392
neuron_1715_count,0.0007119550327272864,0.07737016312043321,0.03632855198084803,0.04519433313228616,0.0014726910761011115,0.011856492173727057,0.15636740687208286,0.03322936476116882,0.03819145901072049,0.010498037347086844
neuron_1716_count,0.026869690519535958,0.0022579213287042994,0.003809301255900392,0.03626400164028122,0.014250699615342602,0.0015034803627095687,0.14697726355757015,0.03040692256370907,0.026804834873265335,0.009573729707338517
neuron_1717_count,0.001356743862066724,0.02503670111833023,0.004482675131132929,0.02934277035060305,0.02325201626076706,0.006726332673534896,0.1939689790778759,0.003716023873086496,0.023417025409512182,0.009223182676131862
neuron_1718_count,0.016425168401739576,0.2113364798049838,0.030642927300510492,0.03692296625513665,0.009638861582773328,0.02589985972798374,0.045259432900847135,0.07038579015523935,0.017165389577840376,0.015244335632247398
neuron_1719_count,0.01915044828405736,0.0026144553730224826,0.003045900999406905,0.022693353701609603,0.010184290658009541,0.000637504221998663,0.1816857962814147,0.0024431136976972804,0.014791861133892012,0.012244084916802025
neuron_1720_count,0.013786165957419466,0.0017722049206485048,0.007697578714130578,0.016565887910659688,0.0026301509548945757,0.019644334317872172,0.26322269785229446,0.013166036675535786,0.02795616916141727,0.011613946933080193
neuron_1721_count,0.08534671174493141,0.19103912163382025,0.02724022314643086,0.01714556862427649,0.005897225671468685,0.012449502179205763,0.25413029765687256,0.010616940487404074,0.0439398946126954,0.013164040829789156
neuron_1722_count,0.000589667842504713,0.05683712093096552,0.015491005177220851,0.03646524822321681,0.0066071714895416175,0.028563786223408064,0.21682905135230615,0.03874576757516003,0.02558117331638865,0.01879831768392158
neuron_1723_count,0.04286221140842343,0.005348578583509792,0.008775706050070439,0.009422734279387598,0.00023031103860803124,0.0025035175416041645,0.20528633521100126,0.004709558709495405,0.014124099653603513,0.006908899719716151
neuron_1724_count,0.09266506375574332,0.15066704204514436,0.011166008703771005,0.003580164562183602,0.018630328314499373,0.011747351612235238,0.2533316868763449,0.021149542859865714,0.042816692811753126,0.0158612565505599
neuron_1725_count,0.15974833258901677,0.17734067152488608,0.004535363443815353,0.0023607146437364945,0.04046235881445358,0.028592187200647365,0.19031395571248685,0.016503511742613164,0.04382746747206498,0.0050269065650418235
neuron_1726_count,0.20652338879228138,0.4084993279068012,0.005604729435707487,0.005669308566958388,0.06719516578791432,0.04703766983938856,0.058968509625831514,0.04184543518851451,0.02694807836420686,0.0066636663306691
neuron_1727_count,0.1708898623666465,0.18178454573978053,0.011455902244175767,0.0013243456628144763,0.02272530320114617,0.0318453553091778,0.24625162736941866,0.013047736988008693,0.050376683749289136,0.00694604845497666
neuron_1728_count,0.12372199256088244,1.201418790784617,0.08861368446881496,0.02557809399486262,0.11165545628404154,0.04674528010735705,0.05998074139377191,0.06898224766387481,0.025080972811148582,0.13784855879880545
neuron_1729_count,0.32087280027368614,1.1161953305997259,0.11107324558036374,0.0924762697672997,0.1249483991540358,0.019721967088810435,0.04609309183307307,0.076751663934014,0.061789290943325255,0.0870239264311003
neuron_1730_count,0.21544434575749752,1.253806253392641,0.1354329167705526,0.08292842979995355,0.14208594740688116,0.03238313594150327,0.05681596274134933,0.1454375920149418,0.06687536847224557,0.12160470837990695
neuron_1731_count,0.1438536916621014,0.8536195716980444,0.07130406067542584,0.032237837182934034,0.08594401914144534,0.024529118317576367,0.04172631227377819,0.12779355585401667,0.045211081860508595,0.07815399801403349
neuron_1732_count,0.24634665605317177,1.064180810877809,0.11114088927066029,0.06788506302885913,0.13659844203917304,0.044291712246571795,0.04743606653993548,0.05465347285278996,0.05821043261056637,0.1200361464775706
neuron_1733_count,0.22886622756139288,1.2633514336113845,0.06731102137114657,0.023903296688195644,0.12515393099521283,0.04022101576544839,0.06944165297070179,0.06307606555986259,0.04249452948823415,0.14924740714976859
neuron_1734_count,0.10848136826780794,1.0449975035878223,0.048198107162527204,0.005854747429858087,0.06562434977596368,0.03679944885436237,0.06375635756396801,0.02861605395143449,0.03713157739553351,0.10780926169061626
neuron_1735_count,0.24265800006506397,1.242676641317999,0.056468961196111986,0.0537710869797835,0.08943651337492156,0.04012125127223755,0.07342978419136328,0.08487014422921395,0.061466099197486086,0.11471078915046021
neuron_1736_count,0.21208025567176847,0.9711436572785845,0.08054089015806778,0.01500342830001234,0.10147106149904844,0.04254442548850867,0.08643062646973006,0.02219702792200992,0.05034880753621353,0.0969214727150284
neuron_1737_count,0.22625090258906716,0.7707238231860568,0.054863522271589776,0.017675118776420445,0.030998652606650787,0.031943546827643235,0.03931140751074256,0.010174421147707204,0.026258994794783618,0.05074858268570726
neuron_1738_count,0.22532192670083204,0.9799446010091791,0.05740025469013235,0.05412899268562475,0.08095534846739601,0.029784809726627,0.059242649191117464,0.030034506931383535,0.048948625711823734,0.07458024614404436
neuron_1739_count,0.35375132798672787,1.1162525969586967,0.08133398629377109,0.047033488718325245,0.10539352682233216,0.044091608048491396,0.06649024752432615,0.03793868256979073,0.0456672983005567,0.07492443764965126
neuron_1740_count,0.31029513913289625,1.2444811450742765,0.04889921435792058,0.06902714486842856,0.10205333132888764,0.050365246606655555,0.05527340282525314,0.044724869133652694,0.09294346898338736,0.07830537646890234
neuron_1741_count,0.34682827590095655,1.284041897438238,0.07573989546471993,0.05178876887263491,0.10796803219341213,0.07534240682923457,0.07069131163480917,0.032959810022270025,0.06811888239997199,0.11033197839163858
neuron_1742_count,0.27392190477644784,0.9975452565333315,0.06162957621112125,0.03461892851734841,0.07653801375230837,0.046156115788986055,0.051622002246243026,0.027023247212870125,0.05858111264416376,0.0818930243072488
neuron_1743_count,0.24906307651049936,1.0795484391979502,0.050667741318663057,0.04275481752486203,0.11481094775388886,0.05362348361421236,0.06240401683534398,0.02562343275038452,0.04791695548426218,0.08539896692362538
neuron_1744_count,0.29127823491439264,1.1485603950050176,0.057013583984973054,0.03897307935437641,0.11514035396373548,0.047678075344102545,0.08177375479596682,0.036903894259913944,0.0488520396095952,0.08797408871057516
neuron_1745_count,0.09963242420684865,0.9013345598918275,0.07520523210289576,0.024380785561803765,0.07901197699239275,0.045171702442541026,0.05935193186028008,0.01901677194876185,0.043873147429804256,0.15057154267538167
neuron_1746_count,0.20192343283732428,0.9252245235935511,0.05641216247207401,0.0327224022062179,0.08851291416717036,0.04166048854972752,0.057941900145707506,0.035040370045344105,0.039350826379273084,0.0745182866888697
neuron_1747_count,0.22325712740092077,1.0574121784939106,0.034570847046485165,0.02803765561881559,0.05406260317156206,0.03100406200665462,0.044571449016956866,0.019789665684909863,0.05627565340820276,0.08056524262784318
neuron_1748_count,0.14814183529726782,0.9750153368533109,0.06213460984581437,0.023104605792837143,0.08343144866441815,0.04111436440355157,0.08082549402877486,0.03989834782924641,0.05822356643349316,0.13463674389149738
neuron_1749_count,0.08267942008898416,0.875448676353907,0.05522565839796831,0.02466780113083908,0.05631367311127697,0.03366429481823681,0.04293162131144483,0.029221186825739598,0.05944791824012187,0.1596147675272766
neuron_1750_count,0.05312469960206612,0.8696473496946651,0.05373202947079081,0.024343320907424627,0.06537740344977676,0.028047976404379005,0.048457649360947805,0.05175556017480687,0.0540109628023036,0.15718015388609666
neuron_1751_count,0.07227881901189834,0.8429872392840524,0.03442773296234916,0.014708202085311962,0.036425359525849355,0.020638163154409417,0.015591712512788056,0.016424105384754514,0.05907741605077871,0.15320865894587843
neuron_1752_count,0.060794166701350474,0.820423573881061,0.07204139345148547,0.035305823935674226,0.03614993878061734,0.04208292734095079,0.03381126045084243,0.03348001286779792,0.052164392654121955,0.18662855359045144
neuron_1753_count,0.1052751410772183,0.6394241825193696,0.03767277015567752,0.01954356005088797,0.025915637237079875,0.04720034701024506,0.0187431859680164,0.017402417646493085,0.044828461911771464,0.08143822472460874
neuron_1754_count,0.008374814463947187,0.522378584242409,0.03411376959530352,0.010299119290281808,0.007258942843051466,0.01821577511858341,0.01779334266421813,0.0070346625801493146,0.05576036806049059,0.15291085104470933
neuron_1755_count,0.013963652504162705,0.5410806627190121,0.024244550138688842,0.0069967378869171745,0.009722722067171896,0.013979214289025835,0.013067147299638142,0.008093426537634514,0.06072233218482925,0.1395806058530321
neuron_1756_count,0.008558034808200325,0.46226005866237607,0.019268557363273403,0.007492889197416981,0.021355870085148172,0.01652068687529,0.01878069257594038,0.029645798196845846,0.07637288019445879,0.10552952182960712
neuron_1757_count,0.035386465977749776,0.7698866965153114,0.04339548613500094,0.03999261204713247,0.016675495396100717,0.012931587269452205,0.01498054401601124,0.01828916446199344,0.07222548531020442,0.2217275541148146
neuron_1758_count,0.014190539122172968,0.24041771268871603,0.011753968697984299,0.00974834167781075,0.018824373788372973,0.010212220397330284,0.01740785419860129,0.006174364177604495,0.057562941663237416,0.11372420159693677
neuron_1759_count,0.018887235080723437,0.32353106941754506,0.010242536671871923,0.01535489572021828,0.004520606891915659,0.0020707699239329615,0.01201324327113977,0.02027877190917056,0.06193938427452196,0.11086921565669491
neuron_1760_count,0.029464249849801324,0.3054940021572248,0.027905255881158136,0.0346579891899198,0.006462569446002502,0.009087812791563104,0.01974902487443041,0.007567905372231433,0.08148101551098122,0.1613941768628502
neuron_1761_count,0.018554788456766655,0.057333151267743986,0.008173529168148563,0.007713680443829795,0.0011864105295991169,0.0027401941513308936,0.0013946905569257786,0.010740684220446092,0.04878625014124634,0.10268034243999627
neuron_1762_count,0.0005236203808846214,0.1728132201830623,0.030064759254726098,0.024863009280628373,0.0032576653303872335,0.02010341073013526,0.0008861618996099541,0.01289814401529727,0.036561387419807634,0.07048889528562416
neuron_1763_count,0.04987099538130638,0.07662215895497272,0.010280896141438234,0.013549201137960168,7.868391254910656e-05,0.009037486790115755,0.002087512986101405,0.01036336383549788,0.058717047729602345,0.16731217715486882
neuron_1764_count,0.01251022518651547,0.2288669435875879,0.021897028739166977,0.06475096568721359,0.002597690338648699,0.004551218608971855,0.009126162742194882,0.007131634684826901,0.0689882412055319,0.1324306939435383
neuron_1765_count,0.15074261878328715,0.06053845810396313,0.016697227454169766,0.05261442997758797,0.00016080202012626332,0.002474936991649466,0.018746835131114428,0.01333706779018335,0.06853641923432699,0.1724651151835122
neuron_1766_count,0.01810996909053067,0.08098445027283893,0.025435815565760952,0.07539012203783524,0.017883562687750057,0.01717967950667902,0.07140258244457628,0.007851953001595118,0.06602001737859178,0.07522120217164946
neuron_1767_count,0.04215242555732014,0.06592290944830706,0.009500200946193256,0.038616947349222275,0.005186523725402639,0.0023601257034249375,0.008891974705646247,0.003352483591169804,0.048839083558093715,0.07387417529255957
neuron_1768_count,0.03432062122081514,0.030990691723904895,0.006749468799895651,0.07912588425258188,0.022630300500235595,0.006642847150488896,0.0372592880852024,0.012593569986648637,0.08052173335880358,0.05307902346285162
neuron_1769_count,0.028735814388578904,0.02334734342557941,0.009528242375269308,0.0728938747596439,0.030377703371114798,0.003129754900126687,0.06961250897526265,0.007923195492369212,0.055760836447359546,0.033290257350524405
neuron_1770_count,0.0310985629003646,0.004751963902282261,0.012032098000657597,0.02801332754322095,0.05246072025322494,0.005261052364982539,0.02270394924935314,0.012518709047645914,0.05450590138284138,0.07057658730932648
neuron_1771_count,0.01887379231159529,0.037160558161801305,0.0023635427455107536,0.07503189096409801,0.04293370814584163,0.007851808437468424,0.05695593736888732,0.005123032867213245,0.07063823955245238,0.02184633280421175
neuron_1772_count,0.037051285566410824,0.0260483137788369,0.0015735928549720276,0.06730334485322823,0.021028495155743357,0.004904208394235582,0.06427142057954507,0.003939643063595906,0.07906578551846224,0.018676248710089438
neuron_1773_count,0.09873644919380645,0.006118103411594772,0.0040822163470431265,0.04768450915257133,0.011452883851506446,0.0009134270577372591,0.039094305062358406,0.004472352087350136,0.04475004161827101,0.01981207911207937
neuron_1774_count,0.04047382984171469,0.01663403216618707,0.002808032149336684,0.06021171797061228,0.02156743107724575,0.02804016105413601,0.06577702682185883,0.003383210856938986,0.05807346973404287,0.0173464008259439
neuron_1775_count,0.036779710339947314,0.013070345395086197,0.007971752938961518,0.07589236484467918,0.016010553098924893,0.0014010008559691921,0.07676061412387193,0.0029900427692332865,0.03843567860030564,0.01035529734835996
neuron_1776_count,0.05211986808203048,0.01577663468620484,0.006091893276005733,0.05933332204334396,0.0002984068594375378,0.0033636347276698765,0.0812185786697111,0.014400129576201778,0.03328776057167804,0.005839206681584684
neuron_1777_count,0.0019001442473363592,0.025593968191529967,0.008981488917090732,0.05873164665258246,0.012083666447773589,0.00678396570753248,0.18784347754191838,0.002053177576046405,0.05127308970759534,0.005274048459637536
neuron_1778_count,0.022417599109952002,0.05835056937183117,0.02514527666024685,0.046387726606102436,0.0032304589019283084,0.011083104413069741,0.12179227719444305,0.0312529919886608,0.055216289843343924,0.00999111901040882
neuron_1779_count,0.0018504962506131623,0.10278168950497321,0.010312374214734979,0.07085558553879251,0.00042173735955012594,0.005163135238221213,0.15610642169936606,0.010631422966124668,0.039178918896620646,0.00812562105377005
neuron_1780_count,0.021350492288735395,0.006857565861341418,0.008841795023070836,0.06251140615650694,0.02489629132827781,0.00794263732619728,0.15632920053702687,0.01949006386114041,0.05660879847041142,0.0008549160499713472
neuron_1781_count,0.009206304279304828,0.1281953716968288,0.025675692550833573,0.054984044134361726,0.0038925905682332816,0.00613629895327196,0.087525808501101,0.04248645008574804,0.030086243950950456,0.022440793517495054
neuron_1782_count,0.0034841478084026434,0.030932783271191172,0.01872876299722699,0.029859282887220354,0.009545300089576436,0.028179823646847443,0.1205198934667279,0.0176102427025656,0.02771185345454904,0.011936177546990164
neuron_1783_count,0.009586940567484839,0.06065811542520384,0.025004602650999172,0.054304346598729875,0.0021620158857636462,0.026384348372913993,0.10220472450797405,0.0419398103522627,0.016906445023550626,0.006333689661206787
neuron_1784_count,0.03845641726821575,0.0015319791807524574,0.006190036435288794,0.019977560826730578,0.00935682476731489,0.0031790061836544925,0.125581545094741,0.0032673536796414965,0.004194418562863525,0.008124726616573735
neuron_1785_count,0.02081964028530217,0.030295642681756302,0.011285430480701006,0.010084373611550887,0.002249724000827919,0.03378177689032151,0.03456212763976882,0.006206647856306709,0.000745020348357558,0.007118540123970507
neuron_1786_count,0.005399670882161221,0.04797968216940998,0.02109718770092074,0.04435169005487255,0.002437175355886445,0.004515109509073946,0.2350977331653672,0.02123612410646672,0.029963305112473138,0.01653989298382029
neuron_1787_count,0.045113927893067673,0.1296570233058498,0.014201807237422384,0.009716810502943679,0.021310107610196694,0.04753666863418288,0.07564427307780924,0.007305779132329181,0.0032024691294732024,0.010010487321441656
neuron_1788_count,0.18966447564159336,0.3883191278361841,0.013245180718375313,0.0066087146205661695,0.0433524056136156,0.030573831467719165,0.10575233341902299,0.022452535180702685,0.018055669603018874,0.01414656738713773
neuron_1789_count,0.12890858021079485,0.3472659714458868,0.025872090764002542,0.0036487427367449116,0.0513761710043739,0.05339159351570644,0.12229984485588398,0.024176226492323746,0.013811750144919588,0.02783388340368185
neuron_1790_count,0.07578412890061863,0.2833756283143427,0.01878543988019883,0.0055722049764044615,0.051227164083565466,0.024074329161259386,0.2218453326104896,0.0294067907986371,0.07417095495429876,0.026091479203175547
neuron_1791_count,0.1610171919198416,0.14721145970806152,0.006220255631092297,0.00316902701783937,0.019498184650974276,0.052245540573635174,0.09915578778939661,0.007666014227344857,0.013396579462249342,0.0030149804684355998
neuron_1792_count,0.25735832749661075,1.179335258224815,0.10004445192298578,0.064938225831337,0.14567122382946995,0.040371163364592226,0.05485360602602101,0.09775672261761656,0.06729491417436959,0.12200873426762442
neuron_1793_count,0.21081145322910327,1.071935704616284,0.11276944920871543,0.07631858065687684,0.10830323519462239,0.03685676685816385,0.057434429646191096,0.1392858800090053,0.06782173639048053,0.1037356377745137
neuron_1794_count,0.24987817697821949,1.1871481972665119,0.12458617809555261,0.07408691668141718,0.11866281311089347,0.023837317096487683,0.04961319412203844,0.09584686656194982,0.051469735104641534,0.09211508760871573
neuron_1795_count,0.22009287482178105,1.3501270455513188,0.10216976734492761,0.05974638856167677,0.128871291498031,0.04829275531403647,0.08737153077353842,0.08073342920257336,0.06692318457162025,0.11151839755869186
neuron_1796_count,0.1906638241347375,1.217510139678389,0.06843489825429346,0.02331488309118465,0.1124181622487084,0.03620844291889754,0.0760107273656665,0.06422076823619352,0.045625957258272405,0.12719767535375276
neuron_1797_count,0.29392115993051215,1.292722559189775,0.11783019835187825,0.0865332546484866,0.1385444129241476,0.04341966115231229,0.08237234967185118,0.06346818489661257,0.06992379837477296,0.12360696431793719
neuron_1798_count,0.15205546485807586,1.124024581221037,0.049861747472514206,0.013721788835962319,0.08719571888487068,0.04038950986574914,0.061320686458610295,0.0275562091662784,0.03538555526804708,0.13640339581302383
neuron_1799_count,0.2669797815464061,0.9689993298051309,0.09986741452232403,0.044704659135428454,0.14492378288545935,0.05550503684875517,0.07945763859531291,0.004288062069843182,0.056755266482274906,0.10389668072911296
neuron_1800_count,0.15799491632779886,0.9104689818045635,0.03731440219721753,0.012937163626467033,0.07508863228097921,0.039952574911120094,0.06287564855077034,0.03963080530950055,0.04219010241316529,0.06963605090041616
neuron_1801_count,0.2928612911456912,1.0235871205784834,0.10125337352334102,0.061067313327978295,0.12350866141671038,0.04339913116060496,0.0385391278075606,0.023594188500124014,0.05375970957553086,0.11115225641595655
neuron_1802_count,0.34515421076511477,0.9611025177075755,0.08510397167510078,0.05588093475081088,0.13570196520299985,0.04638315815645469,0.0665426059916498,0.013417327355481276,0.05159639625577442,0.0975205802743084
neuron_1803_count,0.38414425594220636,1.3229169791151623,0.0737904467541936,0.07624648499654624,0.16871785080864313,0.056676291850922364,0.09853662075471516,0.050485392367697834,0.07746785201860472,0.10209822990686306
neuron_1804_count,0.32237724453131883,1.2550075379291536,0.06393519430919392,0.06041413203512935,0.10328407494926942,0.05118700183944107,0.06806094160165477,0.03895834725870961,0.07431036806308816,0.07980387567954585
neuron_1805_count,0.32155558669574635,1.1474904339541194,0.05009774667235331,0.07344394209205848,0.11591590927336337,0.03196317757286775,0.07076225824251273,0.04551223014880815,0.0415892793509932,0.0820942969435419
neuron_1806_count,0.25982877347676836,1.231341768948729,0.07794911092902132,0.06335703187548691,0.06400790112736371,0.05919133392822973,0.060483584477844035,0.04115696909271988,0.06102000187630482,0.10420499407508502
neuron_1807_count,0.27117186166200924,1.0427873880471985,0.03265125387749482,0.041110463403224426,0.09256518993803983,0.056461538487876745,0.09505248660078694,0.044676787423420294,0.055214157585130985,0.062410472163150696
neuron_1808_count,0.2313091624185195,1.2434110500046647,0.06673426746261504,0.0384094671669046,0.09180474727925594,0.057077604392287956,0.06280815894269413,0.028430357205205026,0.03768612058254892,0.10787769526803079
neuron_1809_count,0.19461048974255163,1.0145476545525984,0.06377995990320515,0.012109875674878992,0.05721778628452623,0.04223666263209297,0.03256370337112234,0.007121859079008065,0.03236263039617762,0.07107865123588317
neuron_1810_count,0.24486384073371317,1.030854374001957,0.06772145028179172,0.0350952857493011,0.08046266596713372,0.050827195615683884,0.0567243861849715,0.011427532156550381,0.04323031647982663,0.08273930081539349
neuron_1811_count,0.24427652827776566,0.9987680447822095,0.03968044495519227,0.029811030644962808,0.0745058143610921,0.035503025533705226,0.05604596877392379,0.03095946725532911,0.03628696071052541,0.09309341214864841
neuron_1812_count,0.13906095440566107,1.026150469867422,0.03942265028490394,0.02741005755069606,0.05975264857024984,0.035105243925439636,0.0618996839756252,0.03265601504798242,0.05434069263173914,0.11706875959068153
neuron_1813_count,0.07550985096960913,0.8133925858514651,0.057304144262376455,0.013695637895802741,0.048621337831289496,0.042939758972121406,0.04926938801367295,0.013163696901559253,0.05398402600737767,0.11839873571249251
neuron_1814_count,0.09249019169391745,0.7638265302141498,0.06623999098616301,0.009721265755454622,0.04730208104688795,0.048100629014586005,0.04724971720900131,0.024879477339324704,0.04897772878941946,0.14033166748989184
neuron_1815_count,0.06370938304825668,0.8205881798581234,0.05818310309225205,0.0045947775401280165,0.03970270330849525,0.0389487124330834,0.03774426383369242,0.018850464042451068,0.07103883721009721,0.12511394811660623
neuron_1816_count,0.10451341322022856,0.8136032349091906,0.028022870795321633,0.016931679618553182,0.04675341115137098,0.02001220231316341,0.05138743002434923,0.04911722043858868,0.0558259940331991,0.10499951912825628
neuron_1817_count,0.05987688760018403,0.5564431254304872,0.022996658287112615,0.011651583829144954,0.01594631004404321,0.018820496738101267,0.022114789676036542,0.02910415916652913,0.054409174450971584,0.08334035006614868
neuron_1818_count,0.018949558539804977,0.6800259254168596,0.07000991885763994,0.0039328351059495295,0.04584263884864234,0.028742384590090403,0.035477597102764546,0.006715806662986313,0.037309487208157535,0.17738907487427463
neuron_1819_count,0.020408168688112033,0.6098786227941432,0.04016407606327119,0.024058099646524847,0.017421117720389463,0.02320923324763441,0.024042968646355536,0.017970231765080266,0.06187499051549708,0.18794744625647303
neuron_1820_count,0.019679403954321065,0.5173876307362488,0.0337923676373208,0.011715076869184915,0.02722860369458279,0.023598915443658885,0.023267226269134217,0.009789918665696454,0.05306725344875149,0.13912433887528222
neuron_1821_count,0.020161535037501108,0.33998026998887093,0.04434267836478564,0.007746513629418125,0.0021322828174591794,0.016180932068419474,0.004167637992826725,0.003872757171997551,0.06127276566981682,0.17297981778298022
neuron_1822_count,0.024559267339894983,0.4269500819118094,0.04256348452589373,0.011155769970172806,0.01841111957357544,0.006177268154448391,0.02413424749454192,0.007832631092591774,0.0727002986364268,0.2167112244291834
neuron_1823_count,0.017954142007029453,0.3478179840410866,0.024638477393827685,0.017298001853526847,0.013652628202095327,0.005253872773305433,0.010799558891010622,0.006397514665181729,0.057540976388193735,0.18718278976569813
neuron_1824_count,0.0003633502636694822,0.1965601727001009,0.01270529890845852,0.006009632411723725,0.0008529705320622465,0.0004938411632017768,0.011478263243822756,0.015206683907750623,0.04155515774321751,0.11336324188260169
neuron_1825_count,0.02293693801347848,0.14677659146837788,0.020299001137491585,0.0035402560425433424,0.0076287496738825095,0.005673746934523164,0.00837847510952567,0.01243102832667689,0.0465455592279272,0.12642833814592316
neuron_1826_count,0.022903758729615836,0.2304080357152559,0.017642393252828237,0.016799322395134486,0.0006238247609900291,0.005339822190396741,5.3883524344663404e-05,0.007914222294387527,0.05876479370393148,0.15930670887064075
neuron_1827_count,0.06517345055060486,0.12452444327996881,0.0276295928821563,0.004362214116047405,0.0120591197959957,0.008714333766031802,0.0010213235754664672,0.008831059266408188,0.042491709562159634,0.17237560264265891
neuron_1828_count,0.0041382245052127495,0.12660211683271771,0.003115869600479694,0.04752537634299783,0.014087416040703668,0.008412915366075635,0.016248896277248417,0.004531471101441288,0.06212322554342703,0.0648512849062805
neuron_1829_count,0.08934660939468562,0.10382342838633399,0.01880083036831605,0.005085043075749241,0.007189226011191714,0.004236633292424619,0.0020724114297766168,0.0034861188294858306,0.04431105151934556,0.1547323809234687
neuron_1830_count,0.059855380986487516,0.02013339197704847,0.017526405610462058,0.017979628835528963,0.0001951464075271932,0.006124626282544652,0.019223240837488248,0.0097868601446554,0.032401448614113135,0.09775151053268138
neuron_1831_count,0.09468858170730948,0.030670800994646946,0.008616369096164311,0.023881320567180286,0.0008076707291429282,0.0027877064427993675,0.020221282387309206,0.00967870741214125,0.036712202929901655,0.11227089820210515
neuron_1832_count,0.0463070068559482,0.03315500575470835,0.011611272425463323,0.05520512880550091,0.007019736572772779,0.00805412137176259,0.032422796838319445,0.0020847436623205283,0.04438938431855832,0.04873067646444276
neuron_1833_count,0.01999766351823637,0.13213637001398126,0.007001655793671173,0.05979890768855614,0.007674492510131158,0.003367558706503026,0.025612748569299064,0.002881506141695938,0.0655154455817719,0.08368450876749736
neuron_1834_count,0.21192573414029334,0.004715774789712201,0.00993983088303383,0.034446698371234236,0.006119422557461125,0.010729662596909578,0.018882898819799585,0.0027645129340718756,0.05952572857068275,0.13868009961126349
neuron_1835_count,0.11989100341266404,0.02503323729222412,0.005013475086149558,0.03627442589819668,0.0027716530634201604,0.0006604663126006868,0.012746817302392452,0.0001991818127986165,0.04992290971803526,0.040407208433204916
neuron_1836_count,0.12635356112071092,0.0074266122068281995,0.008494977922576405,0.03967262944337424,0.0024297966635309295,0.005095904133899168,0.022343506486168258,0.0025310010988690654,0.0413840643943085,0.045339305675182656
neuron_1837_count,0.09933972448543621,0.03328234527040072,0.006449681241612097,0.04342555982126173,0.004586123961333277,0.001945991471702796,0.05815275065784095,0.017508368221354306,0.03373040640939476,0.03604035417153996
neuron_1838_count,0.06150159250588812,0.03675511275284565,0.0014990039299877245,0.05453985369606554,0.0001179300191500969,0.0032323963620718905,0.03708763570586636,0.003354069423544468,0.0344426954284691,0.013822806359411743
neuron_1839_count,0.0158836624712897,0.002268462353472318,0.003496170004517834,0.07673586485858278,0.03902561058257864,0.009997749135479427,0.13499681837414484,0.021637004254822415,0.02883486277425762,0.009431386592032333
neuron_1840_count,0.029642044444014345,0.032058932303931975,0.009010031017841508,0.07059942928449045,0.0028427765252648993,0.005822815667741288,0.10757083002705925,0.010295625231899863,0.04955594960068624,0.016973258869444827
neuron_1841_count,0.0007050227142825424,0.015634789916263797,0.0016593766967958933,0.08078864478856376,0.03352538170319687,0.004311819876777548,0.1290125321318971,0.018087636649570776,0.030754231796716547,0.009286557403177062
neuron_1842_count,0.00754388022518537,0.02580391705819926,0.013242676435677544,0.045084831883381915,0.002613117561056949,0.0009653781975945408,0.11439710706602488,0.008699592843963565,0.03459083808036348,0.0042912596606403675
neuron_1843_count,0.026674011709263853,0.0007906028605245523,0.019120644476252363,0.05916641342669135,0.00991859898357203,0.004974901957268768,0.18338602057214126,0.013379836337015033,0.05226557680814581,0.0022771636535035234
neuron_1844_count,0.019515462365729194,0.07016913607764502,0.01977561583634657,0.04774829611795575,0.0022677975755338656,0.01644269535346711,0.2075380745822326,0.052819438019900466,0.05673871966517552,0.012647248711863582
neuron_1845_count,0.01074120428402274,0.02588977286965749,0.005947019556346356,0.027633088808141013,0.01116867957109298,0.0031372858136905317,0.20167761563159356,0.0164433757203752,0.024918391668817985,0.005335668305316156
neuron_1846_count,0.004907234910038513,0.10143377822422008,0.0020864081362017327,0.02020715315888199,0.04506625439770298,0.00430459039316354,0.06647183231865927,0.003369609891360318,0.00526769084203061,0.00505297231830314
neuron_1847_count,0.0006921066580726359,0.020874345140104167,0.01694761263273524,0.022779816909111808,0.00047627601582324493,0.018441653699298774,0.1792672007504124,0.011404732308322549,0.02983370750540444,0.004349297584616971
neuron_1848_count,0.002624848176560751,0.12367234827601609,0.023994637472589217,0.04357109898653111,0.003435640990420284,0.014774012174049736,0.10138923314555315,0.015153521362011993,0.02003285881553299,0.006635270739377513
neuron_1849_count,0.03352284746048595,0.025595178992254983,0.009316167580724566,0.004624763121878109,0.006147089381564649,0.018075703879603416,0.26557361317623196,0.02017569916576649,0.02063340625025084,0.00672023641847244
neuron_1850_count,0.03244570658419638,0.15793071005914822,0.02123586443329943,0.021463418193397032,0.003316509231568378,0.008728351584429195,0.07073312086310395,0.0017020725965884408,0.01246307411738272,0.007191398952213806
neuron_1851_count,0.09474929308954513,0.18667390290727154,0.014985641999453875,0.016705289744395335,0.017112785863451385,0.02308030006183534,0.1583644243774039,0.009030532120981614,0.01631020062921701,0.007935427378425543
neuron_1852_count,0.08974335632884706,0.19595911221677675,0.015271258741340651,0.018468301760004247,0.03131549979436182,0.04625098330387259,0.06532922047789388,0.0044329716595809115,0.006474812281974565,0.007408801343549095
neuron_1853_count,0.04001736009988137,0.0711391121293844,0.008799335838004213,0.014524278580986344,0.008615663499084152,0.0373639163282751,0.30177576958292784,0.01876359260618722,0.052542829742895036,0.018937808926486874
neuron_1854_count,0.1277082610769376,0.3619181368389426,0.016890183002082337,0.012697039137266983,0.07326947165097576,0.06388879648206022,0.2808298623641571,0.04711123831695463,0.04840353326766489,0.034125404878364005
neuron_1855_count,0.1019160065401928,0.45140721904146,0.01245758891400145,0.0029980915232386066,0.1108492206010798,0.06531581589326595,0.06322502479819209,0.03768063198360885,0.051256142718060366,0.014296809160354355
neuron_1856_count,0.1952690368061823,1.2709392435139717,0.07449957812338737,0.05979473904029235,0.1297256705645204,0.030602323297390883,0.06400882626817625,0.08691468583438075,0.023807706743263234,0.12070326758328309
neuron_1857_count,0.11452171259109165,1.5266881278230162,0.03622053688600796,0.010750699488999947,0.09426537925191142,0.04444467005810692,0.07778693034445872,0.08267530270614878,0.04616730276532262,0.12800352191763464
neuron_1858_count,0.1376230334903981,1.4123717171090966,0.057267219694493526,0.0139116131685681,0.10589940345063108,0.03853242320751881,0.08052387090944474,0.06958313971704884,0.03504390455586288,0.12246731034241112
neuron_1859_count,0.3138706316724812,1.2146571898288683,0.15192892569317573,0.09201699878132771,0.1734512703202428,0.034597057266739534,0.07585292957431472,0.03783506020027151,0.07916873422166307,0.12732481357869757
neuron_1860_count,0.05973975636227889,0.6687974401101869,0.04792710966930405,0.008977621133080513,0.06489663640391909,0.025281544125870158,0.04262590297246799,0.007777879594991682,0.014448070418700318,0.1546095623162479
neuron_1861_count,0.3153902548554085,1.0752849951477694,0.06521100305467928,0.03476662824704668,0.10309227884831597,0.035865386312460015,0.09356272337226955,0.013154422655187115,0.044340084483926276,0.10225843420402589
neuron_1862_count,0.1543029324001547,1.2803596402558282,0.03365906427589972,0.012848656222030179,0.069906285284054,0.05160340028826632,0.08029138965991717,0.056524994573941216,0.042880666551293835,0.12014210135061898
neuron_1863_count,0.37974477923596783,1.0310669346606123,0.0821330759165628,0.0583631187284384,0.15306446253312797,0.040519562143295836,0.07670867350212256,0.012736922198961845,0.07197714388947705,0.09078794637897296
neuron_1864_count,0.4328135951342239,1.2464350394095598,0.0822730849318479,0.1002625923797317,0.14640260717388692,0.041906934221632455,0.0788897821893699,0.020457996374233747,0.08242118391746349,0.09130985471090186
neuron_1865_count,0.3572789846739254,0.8580922823083462,0.04583065052831932,0.043631253499016906,0.08733911870555078,0.04274953166590437,0.05304110254364875,0.01617600641133244,0.04823904078942762,0.07531839411998587
neuron_1866_count,0.3453942505037707,0.9641042837734206,0.07651050573499932,0.045322333448673605,0.12219128981357091,0.04871260324617736,0.06548213759227672,0.012778083743693519,0.04242257752822047,0.10099380984193354
neuron_1867_count,0.33904627453670605,0.94676710180412,0.07008364291439509,0.038703561945273496,0.09826218173807207,0.046084692713879216,0.05108646214105307,0.026568036624648413,0.055643914986005696,0.08212016689686283
neuron_1868_count,0.24156887555815798,0.703795840056162,0.020381283689251017,0.03128618606476813,0.08698612941756162,0.01290059193963852,0.03597643629615689,0.023012880292054436,0.030440396054839076,0.05812176756264324
neuron_1869_count,0.2876942447889304,1.2323437272864497,0.07481843973287927,0.05405000817113556,0.13568262637599232,0.06838198082947278,0.07859827802924223,0.04653844802050747,0.07882015036530941,0.10127258544583594
neuron_1870_count,0.2873643231332104,1.1306996855353326,0.06281241857885281,0.053783881291176866,0.13506397519851504,0.05331019152444692,0.08591553694290953,0.029112738599852833,0.0506021903093697,0.10974321504146733
neuron_1871_count,0.2682849147822332,1.1270287171220528,0.048697623554145975,0.04428708941892816,0.10769634093467584,0.03073546392823652,0.07199400555946844,0.02542514281962037,0.033011246812918574,0.09541199159888575
neuron_1872_count,0.2955960512726403,1.1079174503432472,0.03364522863591976,0.03551377884556768,0.07995989573691673,0.04909425567798399,0.07625961416182075,0.013872252772962675,0.03543265367654104,0.06584748593503487
neuron_1873_count,0.25337006985972516,0.9948067297722274,0.0481692133832084,0.03788028073012735,0.07203194987631814,0.044647923846331004,0.057957091305394115,0.028926266440392284,0.049297383638941164,0.0888118049134798
neuron_1874_count,0.25430513271834887,0.9387347157338687,0.03330730336788523,0.034757969440470424,0.09316292764908315,0.026941295367122697,0.06139653438704423,0.019694997976581613,0.029935883068202954,0.08350380142567929
neuron_1875_count,0.17674525592723306,1.0660353321232183,0.04017718489761202,0.02397475689902403,0.04508563168934129,0.04375375384292603,0.05365891324740857,0.027992437191034142,0.05684595241570181,0.12048661676235203
neuron_1876_count,0.11673091341670166,0.8049060557247303,0.03564193512281949,0.013234736258827165,0.06514108216804422,0.03051310548914482,0.06148590760539985,0.03495206904725601,0.06791373261298905,0.10205533774896972
neuron_1877_count,0.12842860234131884,1.012123433623066,0.06616895488153188,0.01307692097700346,0.04304643508499269,0.05036856766259401,0.030761253754621187,0.011747379644905027,0.056731944225764205,0.11849674642966226
neuron_1878_count,0.1856792574384388,1.0077215253535168,0.048758414505026576,0.018458768528898536,0.06269908146422505,0.03645669937498951,0.102653685147747,0.03841585089232072,0.06034600864943171,0.13706748525099222
neuron_1879_count,0.042453817247685655,0.588770599520253,0.03031757344890472,0.003563363678205457,0.04021752586750528,0.04524663728984993,0.04133636955130697,0.02166057628897261,0.05284049495998791,0.10234270360801417
neuron_1880_count,0.07393890308158038,0.7548436025947093,0.05683675727268794,0.020019097872306744,0.02604066334807608,0.037626086832386926,0.03831919915024114,0.02400756801047217,0.07168896126368135,0.15678362555311473
neuron_1881_count,0.03700303447416642,0.5241480351221628,0.04689371486598687,0.009464364925001153,0.03097366471348422,0.0258634528250533,0.038918351920704364,0.004705530850615293,0.03345346341363355,0.13566038617007425
neuron_1882_count,0.01996800040951076,0.4615521728475536,0.03235213853619234,0.008961440546935309,0.04906044364454845,0.012653126921881093,0.04863222744965301,0.02986595643998867,0.04888810066347689,0.19834824336009887
neuron_1883_count,0.01367688670883889,0.4449334838100262,0.00937648321005738,0.004139478530550196,0.03441636342601122,0.009926159268115707,0.04963874967098969,0.024920194149037553,0.05000797229909737,0.09237721947587105
neuron_1884_count,0.030683790383228444,0.4416233458921799,0.04348283448006243,0.010673487909889753,0.029484733442180583,0.006937575586764565,0.02117821161595195,0.010408256072312393,0.0469560496517963,0.18032306231537515
neuron_1885_count,0.008928424527785098,0.37710501470946023,0.014120069416625192,0.0062543622781513,0.006164540021145054,0.00633889027942422,0.01072266451515605,0.005573644238361923,0.08078602020251063,0.16009183927072984
neuron_1886_count,0.015557461266942907,0.49828705310539034,0.034286440934698514,0.002214678663069882,0.05635909616738535,0.008716352049263451,0.03157249996273559,0.007852664398559125,0.07806121531285215,0.1882375334917888
neuron_1887_count,0.008533537463826187,0.258708360728896,0.016348562416577117,0.005102944741880763,0.008202323568280441,0.006808852325956356,0.007691605032201759,0.013005335490446995,0.049193312360925695,0.11640363788083943
neuron_1888_count,0.031010530421085133,0.2687082186377166,0.01641433049809775,0.0024981424403250968,0.014795153399765539,0.005143253829261597,0.018391642222871513,0.0036744465406911495,0.053798310352124123,0.15217417059888932
neuron_1889_count,0.02821190833668824,0.17229504722777816,0.019108675041040774,0.0033613450529341293,0.004358412655714319,0.00869357008391889,0.01716966888843751,0.01460084395040176,0.04701343596311759,0.12422557739899615
neuron_1890_count,0.011991604476963215,0.09183759122936841,0.005877003157476239,0.0062159773887284385,0.0015252526327439635,0.0026345300619354563,0.003224207273955667,0.006952036852667015,0.03045279883620297,0.0829197791449715
neuron_1891_count,0.052830407460586856,0.10598434551642731,0.026489703822660776,0.019815825641256224,0.0005209001780485277,0.0028756290484049235,4.875554568611407e-07,0.007385808233034169,0.0554051863358203,0.15185551812456982
neuron_1892_count,0.09076101329376812,0.08845762033771305,0.026495401842262914,0.025823920360315313,0.0010302261594974556,0.002102072295137751,0.0018470941759503165,0.008603111673568083,0.05248776319874804,0.17166715008250155
neuron_1893_count,0.037029240827136004,0.08250192877910065,0.0003033955455498411,0.018551784830226167,0.0010219376243878892,0.0026456946838907675,0.0057684547904025,0.0028752846961599167,0.050033912575766615,0.027707658475961724
neuron_1894_count,0.026255523239675782,0.07114770424192117,0.01330236339701378,0.05993480348182724,0.014744733985854547,0.010433338422772893,0.015204814255332447,0.013264831188173593,0.053339831979423935,0.025834763866337637
neuron_1895_count,0.07431788338716461,0.05186903455121507,0.009347242515048058,0.013783605519373378,0.006372072530594769,0.01984892805306407,0.001555253381308538,0.009745879702614625,0.041796285366386424,0.14782938662074074
neuron_1896_count,0.06639513569559195,0.07207885735721958,0.009726459822699554,0.010292703161419059,0.002655821502384916,0.0021866372378140635,0.00807520497804963,0.007781017850012305,0.04919259762903455,0.156468273140362
neuron_1897_count,0.01884501836017416,0.056752780146105686,0.00798036135139122,0.03245094173320209,0.003452885081567429,0.0019371727041797744,0.015086305082904719,0.00034621192481253463,0.044655555896411375,0.034067268585800864
neuron_1898_count,0.05208853098223658,0.02902339779147836,0.0035508185351679003,0.04972896986480052,0.008371163260809139,0.0010966515562210767,0.024557571002658637,0.0029584296497560773,0.048771333254678334,0.04878336866750273
neuron_1899_count,0.07470926198325002,0.005438600985756457,0.0024384980430248865,0.039198380043764774,0.0036632940723655624,0.006770634544570103,0.04907665729348752,0.003061130595738596,0.04410948379366064,0.022104968562990546
neuron_1900_count,0.0696956478800882,0.003590974935431507,0.002279278640222187,0.041361039051930726,0.010296764464017678,0.0030772227921146804,0.03547733355482459,0.011400774342960496,0.041165990309053074,0.02680998745138781
neuron_1901_count,0.03460039052019179,0.10926503981980015,0.00014410804541122556,0.05942420474617385,0.0007569945688353508,0.0012227060314257705,0.036239989657158855,0.019951152147263576,0.03453848488099709,0.043149482570540326
neuron_1902_count,0.032583986763082634,0.0059721894628488245,0.0008910922608779473,0.03955833358770677,0.009955909383133552,0.009937997669480551,0.07309069008537059,0.008628901638482296,0.029519439723029395,0.014780812738922858
neuron_1903_count,0.017944552151016688,0.09752124274893825,0.0037039279322475596,0.0764257759235556,0.0002092388030765054,0.002132169889215413,0.09008889600425155,0.02602130817094339,0.0410398864701948,0.027883820828066577
neuron_1904_count,0.04352743062830117,0.10994872469359479,0.0007047919856892659,0.06416675823919918,0.0027887946200723206,0.0010901534271456348,0.09005726148538556,0.022234333400628303,0.06595038265307734,0.03169686231541653
neuron_1905_count,0.012685170728085518,0.17862432926385127,0.0069361288679620145,0.050215998870144496,0.017173479881174403,0.002048467277069109,0.055906475799022554,0.008499610187155199,0.02555424662142472,0.03953840351776264
neuron_1906_count,0.027388493896573274,0.026000527310400395,0.013064728534980419,0.06736774452127792,4.0552577953789984e-05,0.005235303429609674,0.18610726451822146,0.012852153953402112,0.07615345148656619,0.0056289602180767985
neuron_1907_count,0.06697228105725483,0.03256293805537647,0.0011591286183066582,0.07911695545756475,0.0006315418639037257,0.0030407964355822262,0.05312990297040507,0.01185005046189766,0.0277742369511549,0.018917033368900618
neuron_1908_count,0.020996712343001142,0.025046068878593855,0.010432760705880492,0.06911492764074603,0.006325925422403095,0.007679796999693914,0.15423408942691164,0.019079256884147758,0.04114743866041812,0.006995861540796303
neuron_1909_count,0.003989570985595756,0.03683759654532546,0.002894775329670262,0.030843555959341115,0.013427803461371388,0.00018772202640702888,0.09456081826107107,0.001170538822166091,0.0011021746401138014,0.0027284950365882993
neuron_1910_count,0.013859347193903047,0.1876067579018023,0.025330859096839714,0.04012506753208178,0.00837257877748919,0.03145858688333189,0.05016041605063293,0.03531295244151697,0.025661109896617212,0.006255164661163187
neuron_1911_count,0.011438974592245327,0.15715073269760518,0.011987055459253618,0.03675499814883296,0.0010778889402491077,0.024243548581017654,0.050869228269142044,0.028152970934426758,0.014584063002163722,0.005149580573637479
neuron_1912_count,0.008682402457206053,0.035135288430321876,0.006053311060569165,0.024251387275888492,0.008024734792093908,0.0055135788758095446,0.11407477351069317,0.0011498561721506005,0.003851411458855366,0.0045380182653394704
neuron_1913_count,0.028721028572548005,0.07969034714171508,0.014316429039196402,0.009674641878815803,0.005152955550132975,0.022646794050727947,0.09490352210086647,0.008524154565623915,0.014296070583711809,0.0015978734852579108
neuron_1914_count,0.06837241384703988,0.3696293236250693,0.017243241842490667,0.03136431753516008,0.03580468046639393,0.009597478265730486,0.16488416756817115,0.022560447040498102,0.03213033619238764,0.03289842297552041
neuron_1915_count,0.03012590866139383,0.1030000863878148,0.0009483105398866831,0.002776605204409292,0.003319285300447408,0.007235496458398816,0.0054093591548334645,0.0016789044376067826,0.003941262955787516,0.0010109480416408152
neuron_1916_count,0.1994885515115828,0.3367967894618315,0.01657536452323305,0.008027236915863531,0.025811082737949423,0.01934556697418778,0.09710836223742092,0.012420811374096695,0.004911796869109079,0.00977430330864891
neuron_1917_count,0.16500342968336212,0.21418409098783406,0.014756806906217723,0.001168539687552747,0.015925769134576245,0.031306938276412566,0.10190201583212388,0.005799420298369842,0.002669637315234945,0.0044544389370287304
neuron_1918_count,0.24496108455484286,0.6033108082293506,0.009615603162736366,0.002364913591351651,0.08698522641812663,0.05199445757771243,0.03733472741260625,0.029924558039542283,0.028471895429393115,0.008300315274177891
neuron_1919_count,0.23711194993057155,0.28040766414011165,0.007712213881474569,0.005432380621508498,0.03406156492846779,0.037797302286054144,0.1739781055229462,0.016022682786900812,0.027816329678549967,0.008862485922435454
neuron_1920_count,0.18722259799444246,0.7932510024972086,0.05622743087036851,0.05334782950116462,0.12470675557426653,0.02513782104282313,0.053769057734845166,0.0049914137083306095,0.04419485845668189,0.08444821667045305
neuron_1921_count,0.13298781596167747,1.6960454284369706,0.07917570778344055,0.03523471502587748,0.14770778349189867,0.06449870118702514,0.07852407968615518,0.20552522202227977,0.04495513370060503,0.1686609259867071
neuron_1922_count,0.09605092713742994,0.8500768584853011,0.08018945570652901,0.016962219650576003,0.049887663996783016,0.032393250692069026,0.04090546219533785,0.054502405687206504,0.02829287497652927,0.08756531569075746
neuron_1923_count,0.3684014245599037,1.0724714863924818,0.13590921910559503,0.0972448440110204,0.14376912778185735,0.03276973455920038,0.06964176145713254,0.02946093071982417,0.058758213775408394,0.1060974377809253
neuron_1924_count,0.20954256691782516,1.034332685769653,0.07245723075166281,0.02549910626193698,0.0929269229471556,0.04440160570460565,0.08594329718740906,0.024975469041524045,0.052137226532981744,0.10103553221488229
neuron_1925_count,0.2578789315763761,1.0681564624501532,0.1116024041173134,0.0536921008128724,0.11805419256026645,0.04006407394144955,0.07000052487178313,0.03608794879493232,0.04185120825857441,0.11097574283855773
neuron_1926_count,0.34278667332422713,0.8100440367076854,0.0768069360073483,0.04315031606642737,0.11458538169794619,0.023172608419368128,0.06730603503321697,0.01762906714110682,0.062206771885937484,0.07706912095230188
neuron_1927_count,0.24616588493152491,0.8778567482656331,0.06436825850926679,0.0403981267600821,0.11877531404152547,0.02133828146448229,0.07732351237353532,0.017065553891542396,0.06267847019843306,0.09578488332267995
neuron_1928_count,0.39628636924872884,0.925143480363354,0.10025879702323301,0.06967344231575157,0.1424975271482007,0.039920050223507815,0.0656389854772754,0.013186390441389438,0.05703213715403231,0.0865059275201645
neuron_1929_count,0.460008505601089,0.8224173192711137,0.0584950088475695,0.07488913000283592,0.16654244589699574,0.0364868526867981,0.09795380938399305,0.04393478213695755,0.08591041623992872,0.09004342101809745
neuron_1930_count,0.344430637082398,1.1702571795448737,0.0633114719441932,0.06679013631929731,0.1304700230333236,0.0368629815806342,0.07491822560949407,0.02754932761568358,0.06627959343376177,0.0931409391555511
neuron_1931_count,0.3331014149692048,1.0662083774065365,0.0888185346073582,0.06204645893682337,0.12481672414834802,0.04727671015733566,0.08835233753811535,0.017248981639924575,0.04122967140933435,0.11055945555427424
neuron_1932_count,0.2901653269935236,1.061919671292522,0.05712858670923868,0.06411840753938733,0.12921115097665561,0.04821667537057709,0.08965414065307348,0.04292630461510312,0.06802825252750686,0.10780284706286164
neuron_1933_count,0.26155331733889653,0.7995305639290333,0.04962618986110717,0.03652249724565218,0.0786247805720438,0.034487377669800326,0.044692394923964596,0.009020439416823928,0.034918073814835554,0.049232400781468386
neuron_1934_count,0.31312133443654844,1.0101363889141015,0.031951764948459804,0.06078029586746811,0.11985410924144099,0.04160409966831399,0.09469392852753403,0.046031952234831044,0.05635431097186841,0.08164771631278904
neuron_1935_count,0.22944797017914872,1.0740667534616777,0.0873423607251107,0.0348531809118964,0.08813678678152581,0.04205839139570114,0.07691930001917979,0.030149946108785547,0.039408353003255486,0.0991892370981523
neuron_1936_count,0.22291121861007615,1.0719269558593891,0.06297180713863973,0.03212837431175389,0.11783469100067687,0.058469885161483826,0.09655717683419734,0.03440854166448171,0.03939463182687314,0.09519395882746831
neuron_1937_count,0.2641229239121815,0.8143476303472881,0.0230374515257796,0.03488258618496387,0.05602502021244504,0.02956195979762391,0.07611378945138067,0.03792735133902797,0.03721596937896045,0.056061493591799405
neuron_1938_count,0.22491281754981832,0.8806290798727471,0.03773239312504975,0.02921313179381803,0.07389716707807306,0.03473404398679969,0.06850667642665642,0.010633344598407077,0.02668646302615721,0.06324406436458416
neuron_1939_count,0.10894115471914204,0.711709419158653,0.020092085970622633,0.020865544622514012,0.061501293189219125,0.03563701279035171,0.049136067435392616,0.03003560985265423,0.039317088911932266,0.08052902626335376
neuron_1940_count,0.13735231020588326,0.9957713609403585,0.03538314541152368,0.009436222712939722,0.0726326692510024,0.03771696541404383,0.06496983426491165,0.0230179454732113,0.0638053798037563,0.14347144660502897
neuron_1941_count,0.16209980281226727,0.9549720563917334,0.0584754013884686,0.02129295604234134,0.05732260676753377,0.047575495530142176,0.0715110404388321,0.04131439100524964,0.05387694366872564,0.1543723846527896
neuron_1942_count,0.1105731479311694,0.9108517798876958,0.07121983026474188,0.01553572945541179,0.08247001046460817,0.038191223881342384,0.06693551312573337,0.027690757079899278,0.05638463159112923,0.12063641372707862
neuron_1943_count,0.0689498177160458,0.7072112852218482,0.03532657239139805,0.008223836669403843,0.06595049604330172,0.023361675596475923,0.06538997215201706,0.04703937962836097,0.07450274008729554,0.11573317887814119
neuron_1944_count,0.04981209180507129,0.7271795572764091,0.04513758316310848,0.01618046678992848,0.054983838376925234,0.023153584990966862,0.06528317886932583,0.013892892870079249,0.05012840964716421,0.117595581728765
neuron_1945_count,0.053346183063494174,0.875113759757126,0.05780771498681572,0.012642955418882057,0.05063484753667538,0.04001314029172709,0.05045356494962708,0.023500260858796806,0.06684560346710033,0.1281694606823984
neuron_1946_count,0.021408030434927262,0.4022024714950081,0.018733094598489958,0.0036514797464194705,0.031964350929885435,0.009894654111015512,0.04322966368692871,0.009671716428281206,0.056267082218779296,0.08461925272303722
neuron_1947_count,0.00795593646926225,0.531953509528196,0.01602354973281435,0.003672024951623487,0.028068148100047853,0.018785425385746,0.057423824947389984,0.027470807655258375,0.06339103234059579,0.1386509688826969
neuron_1948_count,0.002284131203430531,0.4781687100081512,0.019606094019109108,0.000887304992308156,0.027613445266802955,0.013102184287761609,0.015001432489592584,0.006699620289042932,0.07281547629416757,0.14358450462041025
neuron_1949_count,0.006037986797829013,0.31669834337168107,0.004382208869543852,0.003561342729565445,0.010511282336147107,0.007195777875047993,0.040312990186483516,0.02869285636901514,0.07057091671102658,0.08765060961084561
neuron_1950_count,0.012767869680261834,0.08623395792662097,0.005539080737398262,0.0010390847823454358,0.011292597898074878,0.004396810571092872,0.024999442646460188,0.012859494648684085,0.0457256210380913,0.0514404088537094
neuron_1951_count,0.02865483646988,0.3070754289033064,0.04343528242923353,0.011459248565116091,0.003874912488071716,0.011695803598865462,0.023425403529400313,0.005917841929328059,0.0795141960300513,0.1492329003657901
neuron_1952_count,0.0031945102572268555,0.24395078223323347,0.025988684905139225,0.0036276332641464303,0.015303736180925204,0.0029154073391565345,0.021993424192244995,0.007741542057043485,0.028827724611936015,0.13122129289100562
neuron_1953_count,0.046427615856126536,0.1050808863170831,0.02550494863711754,0.0018341894028173732,0.019796756192556428,0.00848605871269098,0.004674537646725763,0.006903089427968988,0.03300128703547535,0.133246326900815
neuron_1954_count,0.10252763085365588,0.11821984455478501,0.003724596272481978,0.0019210282760534396,0.013537950968393206,0.001977576241599912,0.01944096770896811,0.022945463547484737,0.06719367195023576,0.13607729463089074
neuron_1955_count,0.10907477459805501,0.11968359491072,0.023289496012444594,0.02719735017113767,0.001849215565201766,0.003588612654667282,0.0006679070816911423,0.005241713536278109,0.057552554437043824,0.12754745788129862
neuron_1956_count,0.05601567352815675,0.09096750948263459,0.018898094996252876,0.01490617533009115,0.003925719884697584,0.006585313948678385,0.0001370583433469184,0.007838914556708832,0.03310795826652645,0.10847469944065286
neuron_1957_count,0.11578101651154732,0.018356485720621155,0.009077843960372034,0.025783713376379785,0.00020571191097419747,0.008348170864548119,0.0010672364960244048,0.00498290258555769,0.04927207080759877,0.10220474477034963
neuron_1958_count,0.012621700888971351,0.0448896205408445,0.02159828149351648,0.02161301483597006,0.00280225224722585,0.012083168293995746,0.009302464815571333,0.005052298357091912,0.03696243641894231,0.05848347838856814
neuron_1959_count,0.057506394549936196,0.023680238339927814,0.0012211039726616347,0.03765964958579404,0.004485412927609657,0.005676762909593191,0.020102692755407214,0.0006147411646679271,0.044121303600723416,0.025957324648541363
neuron_1960_count,0.08012407613770406,0.047640936716129414,0.010563470651759568,0.025006763766297804,0.0010942709812035516,0.0025614498454128234,0.0029545860111984124,0.0011620645262165469,0.031390065844086296,0.07020711512413497
neuron_1961_count,0.1055249977700436,0.045614252914050496,0.0002465705252085188,0.023568309834878204,0.007482109990187703,0.003842647635148331,0.0029357431192989156,0.00815228297826083,0.057582405956431215,0.052160771121462224
neuron_1962_count,0.08636428782477137,0.012487456214695228,0.0010734140774341303,0.03593063449486006,0.0009246925361417711,0.00046944423871164796,0.041985941927780046,0.0002334713017005212,0.047726482411162036,0.041005480320216336
neuron_1963_count,0.17480745451064855,0.006603511898897074,0.000617373929880375,0.018148488868267754,0.003521905596882601,0.0244986891646118,0.0660247133700595,0.02014231014474349,0.0633374698470335,0.10629272205281529
neuron_1964_count,0.176860200381104,0.007578205251450351,0.001512096291428712,0.0297215899088923,0.009205045090100755,0.0013018273962922926,0.04270699007178588,0.0004832109821371264,0.04492124496422309,0.0436229842669362
neuron_1965_count,0.017041282374179165,0.14775946776214838,0.0013835879909534186,0.025191188923873897,0.00428191436131381,0.002154986640030769,0.014927829940836565,0.014370549921589482,0.03470107728164132,0.02074501496817603
neuron_1966_count,0.05410297458931676,0.011428260233910928,0.0006172532248156538,0.08333745970357823,0.004065601621230708,0.0024379093617603073,0.08351951278131847,0.007134643693690289,0.0327556409997832,0.006223281485187783
neuron_1967_count,0.033150390194852775,0.019841600872968906,0.005916945146414138,0.07312560073542906,0.0017059629476818064,0.001706043410626152,0.11608206750308517,0.004467210447851179,0.05132197011530232,0.00794206957158516
neuron_1968_count,0.007879304023629831,0.26065817647632095,0.016241961498302045,0.07770201009569555,0.009339488495132636,0.0071855317008734515,0.06233109398111883,0.014145109019084626,0.030885321756335543,0.0354920420790807
neuron_1969_count,0.030169295033876636,0.0600071601092004,0.0012545807564660165,0.061807329022559615,0.0004628385465030721,0.0018164399330653676,0.11117721047957899,0.04063642360847705,0.03204977904966819,0.02078374352062634
neuron_1970_count,0.0015906536278502796,0.1615921364962663,0.00786823722908802,0.04100785720966582,0.0068918769017600745,0.002800661139285565,0.13857612468316072,0.04153483863402957,0.054524005507658235,0.030768313215343533
neuron_1971_count,0.01396756140763996,0.05114561428721304,0.007038583634664947,0.05292439275753186,0.004085168688191608,0.01028798445525822,0.10241575200628064,0.03503603245907139,0.030837450036406255,0.012494680479735683
neuron_1972_count,0.07130532763534927,0.020208731557246618,0.012337154906169878,0.05552430794472596,0.00016978736092367053,0.008369809882191895,0.10415598094431691,0.031028369587007387,0.040532525424710836,0.008685832338567075
neuron_1973_count,0.05568735288295852,0.05110596446693337,0.0006923399930351803,0.0224602011591115,0.017046955657593968,0.011460463598301648,0.12008133596458365,0.016084302916834298,0.023153769942509117,0.0039389767060532006
neuron_1974_count,0.006814496724601493,0.018639653337429757,0.011786635550630115,0.040824215157107546,0.0004298375809199152,9.654471504475437e-07,0.17739979088023478,0.004681408018748362,0.027845490562362574,0.0019341376587235304
neuron_1975_count,0.00514227493643668,0.01890798698972638,0.0029496130310328692,0.014948863910926716,0.02505666988271845,0.0029693324714710895,0.11413703783570613,0.0089833056471453,0.0113333824103172,0.0034266374630900973
neuron_1976_count,0.009038794639578948,0.09933319472287927,0.031688689123160196,0.043535309698659874,0.013075096917189749,0.013909296018441847,0.23714877925443764,0.019048411703477736,0.04812746975206672,0.01835796727029912
neuron_1977_count,0.011722458396949131,0.22007672230015962,0.023208529918838136,0.022939984468317895,0.013343702903104632,0.014891952583032872,0.08109382035601331,0.02343476763545707,0.005922185233799351,0.011892141958854935
neuron_1978_count,0.04359822660989576,0.19017585172819196,0.013484991281804179,0.01917186047478253,0.017898607800722527,0.01747089484580855,0.20550816831565685,0.03898071926120107,0.024461495341256592,0.021549265889362932
neuron_1979_count,0.056996969522750365,0.13681588585120302,0.0099215578107767,0.007127551148158724,0.011705097013172898,0.016798088632953595,0.19051305627703358,0.014087374570323774,0.032146227917383,0.017629772029166643
neuron_1980_count,0.12333548117153764,0.49937353476143365,0.013550529637174721,0.012216188059285392,0.04516798770311345,0.027326714185351847,0.09884711147231245,0.029562534142963906,0.04008367893372558,0.02095355873557638
neuron_1981_count,0.055532651316246046,0.21936496890010773,0.009478782843737585,0.011974546926649149,0.011573257744313545,0.05823964647219858,0.10055581479845858,0.03235563132257802,0.028889496159826625,0.022783506140489594
neuron_1982_count,0.20661175209086358,0.4332940125084611,0.01074959089772469,0.0027534591471227027,0.07011164226833176,0.06409220605298349,0.01959861543468093,0.02843450015513134,0.016090975802548056,0.015237188991978162
neuron_1983_count,0.21216767289414265,0.3095049923530124,0.0021198116462057305,0.005234150506793281,0.041540462930752586,0.052983854331192834,0.006474074784450109,0.00534777379480161,0.003424774152118802,0.0018638988220312826
neuron_1984_count,0.2628894109550172,1.0301288816650755,0.05533957495884782,0.07204162404658351,0.12803275823227214,0.02852798441952033,0.05021501190928523,0.04081750611679713,0.05977756003565096,0.08484399248151775
neuron_1985_count,0.2224426080103174,1.0320735695613252,0.09388506436901514,0.06133463593086497,0.09668363458309198,0.026498089461174455,0.055857658397052805,0.053732901549129894,0.03527670333588596,0.10243686303885105
neuron_1986_count,0.29570739283109865,0.9559849339208747,0.13727714622043638,0.07782781801337002,0.1239984315781637,0.02892110100348498,0.09668086286741906,0.020226955093370774,0.061034049677150384,0.1141445179205023
neuron_1987_count,0.3085022792093431,1.02603711080357,0.09314528055645918,0.07259735738604431,0.16228353743329332,0.022006690621732668,0.05570885143805128,0.015407505215572118,0.054603016700235686,0.08892148529298693
neuron_1988_count,0.19145090314038332,1.0782571650406318,0.07217169353723867,0.025105122872393054,0.08593694426724262,0.033272307310024674,0.08074001815588262,0.03716651714994426,0.03503399257935167,0.10946162078545692
neuron_1989_count,0.16399320476070178,0.8887956308656784,0.06278415566626509,0.0066788518124610355,0.1033618374637208,0.042733590712495106,0.07530259622015201,0.012406634062417182,0.041407797504762534,0.10821912618416632
neuron_1990_count,0.22011979223659026,0.7805406471496259,0.07190194623115796,0.03032856218752776,0.07598141374154221,0.0262331663946457,0.04658722721448251,0.0012316013371535765,0.04559902123691291,0.07829542163985438
neuron_1991_count,0.27568301109189314,0.7401907658703955,0.09670195145156288,0.06443195411984631,0.11943038499087302,0.02498584228609576,0.05632921578145531,0.010775043938321403,0.03075763088161529,0.06232135116909365
neuron_1992_count,0.49855803237859236,1.008721750794699,0.03675053856574825,0.10196369701356439,0.13602206128388333,0.029991816673059543,0.09439287643766159,0.0407349640209117,0.04299417606842057,0.05929572281114079
neuron_1993_count,0.3025495963926848,1.042376932929103,0.06601411216946454,0.03225335034158622,0.09242317656546711,0.04168399077889018,0.08229048383016992,0.02444527874147664,0.03424614658211473,0.08313785332103212
neuron_1994_count,0.3869737071844169,1.0313471715387945,0.04440566626651002,0.05242168012101536,0.1007830194406645,0.03602731340854276,0.0724660578569383,0.030706445341525127,0.03857108815380585,0.07451620824419988
neuron_1995_count,0.3348477228315884,0.9044277704837982,0.04206984557011015,0.038511175589575994,0.10144460362848953,0.02813757172273368,0.06857678672674565,0.028186443972588085,0.04128364932196809,0.058958217840215335
neuron_1996_count,0.3502507179559713,0.8839331934902088,0.0404594778565516,0.04466551191668143,0.10928883602937883,0.041680780490864655,0.07547311794553221,0.026351457860682437,0.032481190164166125,0.08228850750624284
neuron_1997_count,0.3324718048249819,0.8398258093320925,0.029733679659401685,0.04076672776038817,0.0782010441664753,0.04063826958208944,0.08790255838547073,0.04974730598729421,0.037707062601512256,0.06022356115450614
neuron_1998_count,0.3201884503144516,0.7431792456841412,0.015144137061037996,0.04071505812732151,0.09067432737052031,0.03466767205311731,0.10031002854927204,0.08145699763038447,0.018701989920616224,0.04575052797073077
neuron_1999_count,0.18697380165941963,0.9866494880015807,0.03212806293363525,0.04249956431220506,0.17265502419175938,0.04392622590166484,0.11514461958800928,0.059666847958036034,0.0577905256030454,0.08242060410896872
neuron_2000_count,0.3404238305403777,1.0703328744561946,0.017097689656387985,0.04652503991718193,0.08454824815048098,0.04687853905274082,0.1143870405067591,0.07585229419679218,0.043972781448094425,0.06603903965615449
neuron_2001_count,0.14134346931142744,0.9257862194725999,0.03806252084623922,0.03453801177026965,0.08537904770612047,0.03239754889971771,0.08998985476363285,0.03609149993406506,0.0672231290188237,0.06676414963741406
neuron_2002_count,0.19701285246303737,0.9342910835916749,0.01564450597263073,0.029845423070671395,0.042612700496916595,0.024874891298711316,0.05313025050666345,0.02437876355639243,0.06935743375830483,0.05720907758614163
neuron_2003_count,0.12948128188138,0.9084098810901424,0.033417192822940756,0.031443886384363004,0.11627289968216645,0.039281788517445404,0.10772035489185716,0.06403326727046532,0.06110866340172162,0.09243507378650187
neuron_2004_count,0.16480338188330063,0.9290218668199199,0.03995610131452326,0.030187743824106827,0.09098945692824814,0.035112561824719085,0.10300755448506047,0.05780583154725419,0.07276055359284299,0.1045424735334278
neuron_2005_count,0.12826324434890157,0.8240657666974746,0.047107381018552136,0.019144454976556743,0.0512802356142478,0.029823929175686742,0.058742625169970475,0.040631034530220614,0.046330140990135084,0.11661635485157981
neuron_2006_count,0.06347914614325387,0.7741518911300413,0.05365967826997256,0.01677907391662639,0.06335391338926935,0.021742172436108813,0.062292861313948955,0.026823243001846492,0.05709095685744253,0.1196912385097699
neuron_2007_count,0.10416677797291965,0.832504777785952,0.03381279491532427,0.016731734266917667,0.06554917167165086,0.02113336565728772,0.08590783094082954,0.05330632936019716,0.05510635902075321,0.12529764314954736
neuron_2008_count,0.07524057331102518,0.6132334837224518,0.051460018769239835,0.007286314551656179,0.02666676036134545,0.029693539461394136,0.03164621815033698,0.02080669170137285,0.05903758281882762,0.1233872936314972
neuron_2009_count,0.06435567540231071,0.7156582059160208,0.02580242171153231,0.004378895310416424,0.04349774961299216,0.027823217141560636,0.05439789789886844,0.027074392974906367,0.06657585942855564,0.08330243230851744
neuron_2010_count,0.02055205882012262,0.533064023009352,0.044081198544028005,0.0028325279519254877,0.04222062053772388,0.009603903283874185,0.11995435901733473,0.024514408511187732,0.046338313279664034,0.15691127706934174
neuron_2011_count,0.03091447913588108,0.4451015128900305,0.02234130882166019,0.0058111321286022505,0.05690329390767991,0.01600725206231625,0.05813773939600031,0.007366241924634732,0.052955914310821306,0.132309629575556
neuron_2012_count,0.020377835076182085,0.3354577317056123,0.014421850601944806,0.007179223715497226,0.029770952342632395,0.013032715607006768,0.03717994308811845,0.004061275386591481,0.04988496141643098,0.08537250772713319
neuron_2013_count,0.008985557884459747,0.43574486762349474,0.017723215193737915,0.00186046825000653,0.04257195771946959,0.007463565770407285,0.02623795164968898,0.027835499389666743,0.046779918136805224,0.14748244784505893
neuron_2014_count,0.039533563473231156,0.23497696399364917,0.0206420153658987,0.0022450858533026013,0.017566704385627338,0.012338791383258177,0.07194096684595391,0.04708308478855211,0.06676200316303507,0.09085127868571646
neuron_2015_count,0.011965065894280688,0.41151753600114555,0.030060490239521523,0.0025355029467882158,0.04259170111892581,0.016009502684787888,0.05426902770959788,0.009834403094478222,0.051376219033926515,0.16035832831893995
neuron_2016_count,0.038186111273728174,0.36789285488257495,0.018771175983600688,0.009884947731443883,0.023307232446033138,0.010627882986513626,0.02609530570745941,0.0027370895190946543,0.06792570903029621,0.1500508038332437
neuron_2017_count,0.061112431937254366,0.07769153678827523,0.00573754858632862,0.004320607214283902,0.007265008854216347,0.004536299430253705,0.019763785027025527,0.03532619372130989,0.05464815435892792,0.06866096863424756
neuron_2018_count,0.05605521949136348,0.1840319205914186,0.004808892553513668,0.008954057877302822,0.005965742876902061,0.0013809505005357922,0.009112332640062074,0.009940565509060459,0.06689595918639948,0.10459636438628395
neuron_2019_count,0.07115857254759295,0.04128632124219796,0.014678047404118967,0.01110981671703647,0.0007405264439585245,0.006378269621967685,0.005120198961763321,0.005895761916409004,0.060256462370052916,0.11894434399066403
neuron_2020_count,0.16539608895130173,0.07025144609854711,0.012392880665147071,0.019734005731996504,0.0017705094389392907,0.0025066967626182525,0.0006391812657199729,0.0011443663250982408,0.08762685358934119,0.13017777060009433
neuron_2021_count,0.03344857899600456,0.09484769584914265,0.0006823648574364842,0.025620602778116286,6.393828318929963e-05,0.010011330760966372,0.0034470316552588365,0.0036946580550140107,0.05245288601071922,0.021528378067353013
neuron_2022_count,0.15255157933208785,0.017334381937303064,0.014736597696495643,0.013553317239106358,0.0011401074929795786,0.004310594234723283,0.0033175010448084005,0.0015411055630658033,0.046844311501260866,0.13875998858165683
neuron_2023_count,0.071562340831843,0.10939590176724193,0.014131317150914799,0.014808865973784838,0.015490532239889117,0.005914861378985517,0.006744658477842745,0.007128309029959425,0.05002656870148062,0.1330517993810583
neuron_2024_count,0.14071982582859277,0.016194942025080247,0.011793909540976963,0.006228730263376128,0.008543659390908363,0.002215640222111879,0.004834316566124326,0.002043936680730968,0.034890496153482276,0.07536251553149015
neuron_2025_count,0.12853360597966665,0.06376454457004198,0.008493088041257306,0.009731420831624663,0.00666661857577585,0.015830097108559676,0.005356248934530669,0.0028671998080134478,0.05743470171593583,0.1555932032640699
neuron_2026_count,0.08065037817250471,0.0256126794419492,0.02694965324360568,0.009217313938762711,0.015468624926066418,0.008601630717318572,0.00045108441491487593,0.0033161962279807007,0.018672564584265805,0.12851326363852325
neuron_2027_count,0.16288591262880997,0.0004625787602380565,0.006452631847801621,0.015799100165467705,0.005588338868181768,0.025167459908878705,0.021519457855754848,0.016834711159743526,0.02548648167151795,0.06848869970872547
neuron_2028_count,0.11396034861847665,0.04950471343297988,0.0014363676122918646,0.02146909272542008,0.006425852784669547,0.001689578226366277,0.0020805407212589437,0.0022904811163281733,0.050178152834633505,0.019867413448753243
neuron_2029_count,0.07009482196943365,0.0382166177310225,0.0013230218495480159,0.05450815257708719,0.0005155408584828283,0.0005931578351619561,0.0200047091418884,0.012162437432639353,0.03391637441922346,0.025202233015025735
neuron_2030_count,0.13097429357078771,0.012897545350947476,0.0021606289280310595,0.07677532889871413,0.005224977536618151,0.007601238565671623,0.04046468730473529,0.005649219123331543,0.03517196250078186,0.006244434246039394
neuron_2031_count,0.015006556482568836,0.20227688114040146,0.0013089470496109798,0.05062802543520678,0.01313363700915983,0.0007464272294363528,0.03186406522872694,0.03073086179679055,0.0170409079265504,0.03577168030777314
neuron_2032_count,0.008438810171322197,0.223886745549408,0.007260683344485215,0.047154179489007214,0.019308539380709935,0.003922268212719439,0.04811622206863761,0.009640672560865343,0.030399999223527208,0.043559271130990354
neuron_2033_count,0.019286553521444927,0.07314243247426322,0.004343644890320984,0.039588420164528515,0.0021676893581758453,0.002188241928082912,0.04783114984321299,0.017403388659990054,0.02883692826566757,0.020244371877695427
neuron_2034_count,0.02719885274728996,0.03956738473814875,0.0018804999655556223,0.06340614180173568,0.003665253357425513,0.0037611314090472726,0.0865410923514924,0.02282178133891659,0.027859502859498883,0.01135931972275843
neuron_2035_count,0.05959879341712951,0.008783457586061985,0.003511413727934759,0.04733364813302504,0.002473690343162572,0.016184411838537097,0.07664392682244572,0.04333797199801334,0.019840611082381623,0.006080754209109522
neuron_2036_count,0.010309343427315376,0.11870730126069604,0.003570266354494027,0.038249426495444994,0.0007723390110596709,0.0001281681906430826,0.14224255164602317,0.015137312824967164,0.027897115315412793,0.009037945403819587
neuron_2037_count,0.008302993578408475,0.15572630232604784,0.006831374877354926,0.027900413069076674,0.006861431369797007,0.010495665886060206,0.06064069105917208,0.028327030041398193,0.017613869444690775,0.006094048329091405
neuron_2038_count,0.07456024472530082,0.033034884043702695,0.02193945981209927,0.04862448386036419,0.002683652669023144,0.009114951701132037,0.22932286977458605,0.07087492431793199,0.0826892341013721,0.005314650997674777
neuron_2039_count,0.007208723862424361,0.06641198590042482,0.02838490840069882,0.042731443224013455,0.010570363851371146,0.0036329902604741657,0.22495991297804954,0.028416998326151202,0.04918027564613997,0.012253770621775437
neuron_2040_count,0.020722341334174443,0.0004241497054439454,0.01150284403018624,0.009463906098966954,0.004655672961489381,0.0440463839431407,0.1569315369666228,0.030165175849545048,0.021189327180506937,0.007453962069711252
neuron_2041_count,0.0023527900499224833,0.011284296671711089,0.005375863944359467,0.0019986164153216746,0.008855356859196431,0.044109082033245706,0.07226048206894006,0.01994268653866635,0.0072461840622168455,0.008367799207733742
neuron_2042_count,0.0016470262983336835,0.12035427686355002,0.020570951230345275,0.019078632836706633,0.010878896975694177,0.021507926743185413,0.11841628630187442,0.031615424999284575,0.019412365471435586,0.016179849048690742
neuron_2043_count,0.03399948535413001,0.0013258591147421988,0.0013503133794174364,0.0023095842179205774,0.0009191661808821971,0.01418243444180834,0.11430979002715647,0.005013399011982157,0.0008561608259173292,0.003630774335947497
neuron_2044_count,0.1566303771096782,0.2663531214996827,0.009743417181087427,0.005334257371431186,0.027334797256902757,0.01931017455706735,0.052413885160605175,0.004390501038541415,0.005872155153551939,0.002766390098036961
neuron_2045_count,0.09309166749186423,0.2936329379683936,0.010972209941696412,0.042244582462297287,0.026797731384118006,0.004040278107144184,0.22098555202331163,0.0208633416499156,0.034228297582437284,0.013288057012006384
neuron_2046_count,0.1379766079496445,0.47333136545646404,0.013244238579255385,0.019186754408818424,0.0456359865900606,0.09991440076398048,0.017303444689866526,0.032173628250564745,0.009811376184729298,0.03170483365062613
neuron_2047_count,0.10980631759322615,0.24485785406016886,0.008114122999288764,0.0009099420454155771,0.03754751720949703,0.033043800091233366,0.07974233905977468,0.009453026035738388,0.020905379163642948,0.004196664539411775
neuron_2048_count,0.14475421230187668,1.1781293695567965,0.09122925946548671,0.027253043207088656,0.11548856654006226,0.040111655986281906,0.09927298737437862,0.03926399638850839,0.04612608628584876,0.13929640436378282
neuron_2049_count,0.27625343532347246,1.0524702812199997,0.06872424277838375,0.062506348067836,0.10318947734603129,0.03570643906629036,0.04366636534414192,0.05593353253268988,0.05821161090034139,0.07751787364153033
neuron_2050_count,0.20614704415710358,1.0729840376296136,0.07921908367578033,0.031555823159718124,0.10252510467282945,0.037504075166146844,0.07428615724553633,0.03893287273531368,0.04699532974410346,0.12014475076413607
neuron_2051_count,0.37017315776079546,1.0225339030302565,0.0912159895170685,0.06516993072198424,0.159434751704988,0.02517961822017815,0.09911982198462582,0.03333151333472281,0.07490440195524863,0.08513316309084135
neuron_2052_count,0.21621960065619425,0.9751471307372334,0.09032015063770321,0.02637590988342596,0.09825689219967525,0.03298157850459727,0.0798038574080688,0.013535979688404285,0.05590711506767146,0.1045017996305108
neuron_2053_count,0.3774523723976167,0.9236886009962246,0.059711602080763454,0.03891387076464865,0.12753774413296867,0.04062919844020424,0.08258821681454834,0.058421230863975104,0.045410801249672283,0.09249861803132486
neuron_2054_count,0.157707799902414,0.7919327346129996,0.03341668526606331,0.01708270069240783,0.07253718101263702,0.02354941422915844,0.07127286114641963,0.004869174191758576,0.03336978942560391,0.08928253664793899
neuron_2055_count,0.3540473923710059,0.7801740376816706,0.03838073884979869,0.05385046964469864,0.12179164864515513,0.030420513982548483,0.07988849673732876,0.02263803002181962,0.06651998750916416,0.0745277502436
neuron_2056_count,0.2729662137330979,0.6407223892103375,0.05583877088947403,0.02384469324522262,0.07261460554786825,0.01819594619157399,0.05069648637694965,0.0139122873444351,0.01939029622421091,0.06059038433234587
neuron_2057_count,0.30392534946827293,0.7939458740550105,0.057358480732894235,0.044784783032859724,0.1453314436627976,0.03543435050133724,0.08716748227097437,0.022132261589013658,0.02996858292492919,0.08843036856462143
neuron_2058_count,0.41343985034674663,0.9084883160791013,0.07838534277764289,0.07180618573926298,0.13171020811925954,0.03546544718365347,0.07432918342559576,0.011734981062368324,0.04984786245991888,0.094426726509297
neuron_2059_count,0.37027972557439653,1.0239794094547023,0.03174879739906461,0.037747659930369146,0.15280630749410606,0.051522469308618854,0.10370918993864413,0.019339275690980665,0.048381359831194175,0.12303976895161803
neuron_2060_count,0.32752473649244296,0.8652695997031096,0.016963257909639012,0.04595015875442343,0.09433619639871649,0.03520987210971506,0.07214842327965355,0.04990174862794908,0.03935650766108285,0.05023792220230118
neuron_2061_count,0.3676041844937208,0.8868056590228713,0.027679526838838592,0.0354725789458913,0.09741522947398687,0.051854892168798836,0.09781894865965768,0.0879166224635465,0.04621820259263784,0.051410673350439556
neuron_2062_count,0.37270946262008037,0.9742137242134357,0.012626456600756647,0.049548091635504526,0.07949358008333737,0.042398951826921175,0.09757822407841854,0.06678671440730563,0.040816229812044386,0.03599405911481765
neuron_2063_count,0.3272776400278249,1.0230371618677634,0.049814253389445645,0.04892672742765969,0.12815699532205763,0.044374235865084655,0.1051398515320176,0.07195765284367361,0.04924999092381189,0.06123536771799952
neuron_2064_count,0.19413604747180233,0.922233435394331,0.04560247704836645,0.04180439403841307,0.10708339209912851,0.037637770612191784,0.1043677708893373,0.04144965712829707,0.04210070150218473,0.08522765039050853
neuron_2065_count,0.24518203118423976,0.9135971204101765,0.038779555318049705,0.041556370174447355,0.08863221704238249,0.04392659724919405,0.09147213809456459,0.046793019948740106,0.046810511704842225,0.06555347004488175
neuron_2066_count,0.15732733402696794,0.5969888388348742,0.007852560186181471,0.02809234604186754,0.07109265495270149,0.028210423345562355,0.08064289136650357,0.06840572728015187,0.04204554438431428,0.03957525197366907
neuron_2067_count,0.3381729461514606,1.0983528923250991,0.021924403998501624,0.054633782137841494,0.07413266697218976,0.055046442018618844,0.08078645724357683,0.0589327770701753,0.051277951273394407,0.0393930339171574
neuron_2068_count,0.1156134139816167,0.7254336556713736,0.02564033307879629,0.01171405892399649,0.04817985196749522,0.028443849698221113,0.06353164673723138,0.04540002790951628,0.05527299853989549,0.08528566214858388
neuron_2069_count,0.1136497243801774,0.9371086385953619,0.04866900700244342,0.018652952227339113,0.06256971165526057,0.03906664604106204,0.06198161101898873,0.03439981627522447,0.0506284048085556,0.12216103907715237
neuron_2070_count,0.0728864243769499,0.585971023400653,0.016692347745015393,0.010816081748048392,0.03786138486588099,0.02273281149350377,0.08017919909118573,0.04360748069395459,0.0775042385109691,0.07644668254222348
neuron_2071_count,0.1074809628929119,0.7391485396522057,0.03366742024198158,0.017804123882811572,0.04191347830755499,0.04349387082588908,0.06186393199396273,0.03072035449209662,0.05120254437376255,0.08427572160286273
neuron_2072_count,0.056276776466380074,0.6974425765437962,0.036265059064703745,0.016690331095131752,0.08615807691189202,0.021634588064002,0.07290041705126338,0.011498702116749845,0.056320206319458006,0.14466243739616375
neuron_2073_count,0.02425959389532443,0.45639422527528617,0.033333541636919525,0.0028227992064738423,0.050724314807908594,0.0163749409435935,0.09676556133967823,0.030691714751231197,0.04309731371291002,0.09762901618560926
neuron_2074_count,0.06430967026322419,0.7584803650432996,0.04281904224398497,0.017765967866865746,0.021398844043055767,0.04016425278127596,0.03314585532707073,0.013212486403359466,0.08400992186450854,0.14191418464499791
neuron_2075_count,0.022984574790284748,0.4334017690694685,0.03503209180515389,0.005662911881398374,0.03954429119196569,0.023264409909491246,0.07980968763309271,0.019283629900028354,0.06201627465414654,0.1262347602075472
neuron_2076_count,0.007634332356157451,0.3224401035757677,0.01346540019915042,0.0017321399304677607,0.029996910843292462,0.017153336306472606,0.06413949745040007,0.010118904779028194,0.051922362070419295,0.05512984298153755
neuron_2077_count,0.004835285206291652,0.3855055642551837,0.0331670214863784,0.0007331753796804286,0.04605698312906539,0.009646372719288254,0.04709693086224709,0.0252960990418028,0.03951980014624856,0.13435200157066282
neuron_2078_count,0.02351404207725108,0.49046675367583054,0.02102692482982925,0.00264735776087836,0.06821281707664376,0.016873981593631994,0.0951076354277336,0.03829809335452784,0.09558319473284566,0.10612648069519073
neuron_2079_count,0.03385872469546708,0.3150828733798546,0.019239765791820213,0.005867073827098269,0.01983455552791661,0.01305911656638016,0.04563857784690886,0.010721323883889342,0.0679004843715379,0.09798330028838584
neuron_2080_count,0.0063077772451611835,0.22827207144214107,0.008425760538197893,0.004708498040650232,0.024801674354409258,0.010400032850126209,0.06413099506778834,0.037590365148656685,0.06049006701488491,0.08356028106388144
neuron_2081_count,0.09543205538065218,0.11099991664474504,0.005561640944236276,0.013649317935741742,0.007640992119192308,0.0008905023634953432,0.008643090623326466,0.01836092412433335,0.048694974051639195,0.08454813754586443
neuron_2082_count,0.1481677682554914,0.15566629650162314,0.028171489251865786,0.0014969755506850412,0.024423657941580357,0.003452388659189582,0.010110745310754704,0.002310504469045467,0.08261255331323289,0.20278416492960238
neuron_2083_count,0.11100625175979423,0.09702907967972282,0.003835682241962804,0.004764170125118539,0.0216098632015589,0.009717059778653461,0.007565720472535793,0.0004932199402642064,0.05768119014441897,0.11800015581046644
neuron_2084_count,0.08238043989343113,0.13923555406017968,0.023755404582699383,0.0074493543040636545,0.037792688747790154,0.0003719562701053978,0.0018205862056136727,0.00371790058990034,0.05997043000978594,0.16081484685303268
neuron_2085_count,0.1087680077720759,0.045236079311063326,0.010220943818237876,0.014740128670996958,0.0027624437044091385,0.0009605298002659281,0.0013754695555962052,0.0043584249452020135,0.03508771575458572,0.09740052945356198
neuron_2086_count,0.19016799143530053,0.005720282352904449,0.022748893290211958,0.012795788481895061,0.005384598321794165,0.011712403930404416,0.0047458269208209836,0.008761008461379291,0.06737132083198233,0.11905942488748009
neuron_2087_count,0.15255152719275647,0.1409618869065711,0.008525012192678455,0.02683349408975646,0.022892059085279595,0.004427418018914574,0.0018477989108470622,0.006663377578173344,0.055632067687936035,0.13735124056064424
neuron_2088_count,0.1554832618893925,0.0052805125261370725,0.015501879979409681,0.02333791573227821,0.00852017353520531,0.0068355034561546,0.006238769340168621,0.0003318250395179644,0.029792554156917964,0.06441420603569831
neuron_2089_count,0.1371643614981254,0.014385883304568636,0.0020320908441768546,0.019229024134712988,0.0007166148280749098,0.002326014482520039,0.017769190249413175,0.004507732145929269,0.05803459829909441,0.044848359453620715
neuron_2090_count,0.10807743927415958,0.02055610527144952,0.0014196688027088619,0.022331035103345886,0.0009140973540570918,0.002750029876088571,0.011332715158289583,0.0003638869308471033,0.039510172293420034,0.028862441410097917
neuron_2091_count,0.04986692966340259,0.05114982545443206,0.001788657241091722,0.025647143254244262,0.0004498239468477168,0.000562203241037073,0.035785129677028835,0.008957196300913274,0.037671808274380186,0.02762194531487211
neuron_2092_count,0.10005457884460643,0.014249573679997664,0.00022400429624354085,0.02680658763201102,0.0023505636665555225,0.02301719120651813,0.022948160124597383,0.024898105335624338,0.03331751333525232,0.046287244331219016
neuron_2093_count,0.13884116174494948,0.006975956878834018,0.00033695031421163146,0.019573004899458596,0.007647543024948574,0.016669549590131644,0.0024667856231919694,0.014623588415504124,0.016268670095072567,0.03518311070405786
neuron_2094_count,0.029594625263421756,0.0490264331720915,0.004154245382121974,0.02687684404896594,0.00181152786028543,0.0006764566624425893,0.03422326181663944,0.00141789014918638,0.026697104218424875,0.01901272163646809
neuron_2095_count,0.02737913948947046,0.2213977543307762,0.0032460040021382586,0.06521712270279592,0.01531998570527529,0.006505919697023771,0.03149678328775579,0.017253327694556564,0.03872694339354274,0.04116805009323837
neuron_2096_count,0.134910798475724,0.0015765255381076995,0.010567818981874366,0.030693335155720952,0.005089746788383774,0.006093216398580681,0.08314188030041403,0.0071065613154957935,0.03864767658622062,0.04207443062057721
neuron_2097_count,0.030239773040307227,0.04861801622950204,0.015474334359519004,0.053663959136362654,0.00034677587648489043,0.003929061930504546,0.055025550078872165,0.019551172007987727,0.025182748148922907,0.004414437402498727
neuron_2098_count,0.0151198513997374,0.08628835338946395,0.007704554124467793,0.05453381129032889,0.002266232579481303,0.0011062995810993369,0.050881721810509165,0.016773351288544736,0.027454133912853312,0.012129743501772358
neuron_2099_count,0.030696411959206527,0.08789219596732392,0.000886278618034135,0.07385919438107452,1.2716025911605616e-05,2.643980763163828e-05,0.07904127794914176,0.03455434694231002,0.03389771443751588,0.010772626812435453
neuron_2100_count,0.06546996161473873,0.031317377386249484,0.017900402828303782,0.04267864817918832,0.00020753827178881905,0.015163227108462601,0.09906949189199926,0.030145616291942443,0.03745355658684027,0.011042222502524054
neuron_2101_count,0.013144690210694324,0.2795689791859227,0.022508077194188625,0.039426025874909176,0.004554483874163483,0.01735202410057629,0.016025256072631514,0.02865867752084253,0.005732601153436934,0.0034550063248050726
neuron_2102_count,0.057831064713883856,0.20827025138038457,0.015008484297960326,0.04746172413382857,0.03378318393737713,0.02721341289504141,0.004042932010162016,0.04362111755553531,0.012349245857799611,0.04141393044208225
neuron_2103_count,0.0026937031380664233,0.00353489924913257,0.005897900611221446,0.012233289768577613,0.0028099070573211846,0.004138628349501357,0.17948189896755165,0.008760863262232702,0.03371688570032527,0.008834139660061802
neuron_2104_count,0.04545440044646895,0.009436778464282293,0.004651951175485974,0.02678759830535174,0.001313932622771529,0.030054373200156692,0.1367493306565773,0.03949618796293847,0.017182717764372288,0.008241685246318561
neuron_2105_count,0.113378257667748,0.7767204723130845,0.028307732769956323,0.04747304756948084,0.06227831333118128,0.02577213387903933,0.013239197718050384,0.01380247761672676,0.010102643800672214,0.016623743679286387
neuron_2106_count,0.1091538574811332,0.6344460301994735,0.025386309474728044,0.019570524471211333,0.08834484733807914,0.061948772203439126,0.047817362578697564,0.04563018626542384,0.0309121525485358,0.022943079576215948
neuron_2107_count,0.18764828108829332,0.5137120958131103,0.02959415124056329,0.0049850017156665,0.07195568010920089,0.05042749751997727,0.0340435240896744,0.015347425987623512,0.010714936349219509,0.011972500670012941
neuron_2108_count,0.16264250359942406,0.4242713468562842,0.016493015746715342,0.01972260050959883,0.022324027342238567,0.053007689163298954,0.03636711028627798,0.010154493559638801,0.005314998403839789,0.017590476070776365
neuron_2109_count,0.14624351130079435,0.3647629563255397,0.013733264924701574,0.007811962807569314,0.026312540953268557,0.041576151802470054,0.0009238573867700918,0.008312503703880373,0.00023130241431359132,0.02366942521884045
neuron_2110_count,0.25346859751404616,0.3821896428259217,0.0012855982554953772,0.00498407795630212,0.049489318207642546,0.04981609515973209,0.013044430758470477,0.013080648479230607,0.0055131532902774685,0.005080286012234115
neuron_2111_count,0.13173985471840122,0.23328664515782435,0.0039974428394769085,0.0022137687468694878,0.0218266240986265,0.04498523817418153,0.006436549455121031,0.0006467516289555744,0.0004377496101140039,0.005102638296374987
neuron_2112_count,0.06230349779107413,0.7377819583782795,0.08417392234971019,0.02095747680455791,0.0786653401608843,0.027918696605911363,0.030628830136826886,0.029876307935531254,0.02051121411986207,0.149405677146105
neuron_2113_count,0.11512984287361175,1.2704144728981046,0.09393128745721244,0.010883059657869024,0.1086294383076248,0.04461597501790563,0.09795086352765733,0.055870815555742886,0.04770071033084629,0.15825173719217134
neuron_2114_count,0.2609451884099957,0.9753515149321026,0.12984974045683748,0.06787186373068452,0.15091295620639053,0.03574200880173611,0.06433898041426478,0.015960255614002924,0.0390154388142556,0.1199961494036228
neuron_2115_count,0.3149776678160174,1.2045004815317473,0.17024106991285137,0.08028858373254774,0.16662119663907296,0.031095027002949357,0.08918769275239646,0.028727323730142404,0.0617877209092124,0.12302243224308837
neuron_2116_count,0.37141386244600566,0.9177292898794105,0.06743507103152378,0.0405626240963807,0.1280164690694761,0.027290449958015255,0.10064893068752634,0.02470638659987727,0.06521148119171852,0.10096917492299058
neuron_2117_count,0.48513635607823913,0.9931238285681042,0.0774227977443111,0.1050372154716353,0.15983095037037232,0.028833368195492676,0.11240228697645835,0.06069094123396446,0.06355919203192473,0.08170202050745888
neuron_2118_count,0.34068669200353235,0.6792602473935234,0.010172014503491894,0.03382372634588961,0.06554989735503795,0.019162907303965165,0.06870675045621806,0.056303196292284474,0.051774707709391896,0.034299483046457684
neuron_2119_count,0.3587547329810959,0.8571237828332983,0.07077752070152607,0.061868484147903025,0.1548317841191084,0.034860789093022405,0.06957218438431384,0.020487167984283378,0.03592135489071424,0.08190496298908057
neuron_2120_count,0.1937748560028134,0.6176705026209023,0.06395130585800407,0.02437159410816256,0.08309142052478345,0.016329485211734426,0.041520338641278604,0.008399965105856107,0.029762096683240445,0.0698225087922037
neuron_2121_count,0.369006847469125,0.95158276391274,0.04154416719113517,0.05714215495970115,0.10273095199999335,0.029367063185075603,0.08543977143319968,0.03393901147400703,0.03999288840937875,0.06632494545312032
neuron_2122_count,0.3201384643974245,0.6305288520708231,0.030047840070924522,0.03840530934304878,0.11361601280175625,0.026377239882663054,0.08633664435390673,0.0341207614135037,0.03780641029531007,0.07246974180252728
neuron_2123_count,0.2934170218595139,0.6666377791297312,0.03154359614915743,0.0398278482554619,0.07578819099865122,0.03980526035711798,0.0708972708301227,0.02286533475011321,0.04602437591666829,0.08690412044789435
neuron_2124_count,0.34930844096370867,1.0022584041960598,0.03733876001894407,0.061289404174859785,0.12575842762857023,0.052040519391106994,0.07369887165903621,0.05587939139558257,0.046111176773106555,0.07469357908894886
neuron_2125_count,0.34988711985606924,0.7937797469934178,0.025810424336502963,0.05299246767215057,0.10978826519237295,0.04424650852200147,0.09660916878458639,0.06756366702619329,0.056952407021722516,0.052774806449254356
neuron_2126_count,0.2907433468179675,0.9271397643297142,0.024118905430919504,0.036272574832836094,0.09583603732260582,0.03789992168660242,0.10463205067007772,0.06552298244847352,0.05384272423707218,0.05285304961559657
neuron_2127_count,0.2619055210656467,0.6942179942712959,0.00728341430382122,0.02123870447547975,0.07064140380933362,0.04491400131888251,0.10656647643712985,0.11578721304537612,0.040499646244365264,0.03305909056704863
neuron_2128_count,0.2799430665280884,0.779427420394327,0.027494635602794887,0.058146975459800465,0.13695089138835811,0.04472205202833744,0.11620201550472081,0.07127613304181554,0.03923395190285253,0.06625545741144219
neuron_2129_count,0.13260759176925396,0.9031562143644822,0.037464840326879384,0.03689514363950458,0.10345383292738342,0.045375120066836985,0.1018680386598887,0.04775637983119657,0.0503075992090858,0.09436731288482833
neuron_2130_count,0.17763001402077888,1.0079192516113047,0.04908312946241089,0.028802922769582198,0.12535860947061073,0.03802117957087214,0.09569886381712392,0.03677662103868308,0.07319979384603763,0.09831452029653275
neuron_2131_count,0.0794544241990941,0.5824049776132707,0.0192020747134879,0.01358681870814752,0.050796276165133575,0.03612558395252963,0.07930990853789804,0.0341892817390542,0.08486298398872069,0.047014890949023544
neuron_2132_count,0.12841242380861345,0.8031533342754434,0.033923773489220904,0.025420847109540443,0.050761567512623645,0.039816105091451615,0.08726771056368562,0.041107733281404324,0.05921725396393908,0.08333547200789873
neuron_2133_count,0.0387717298808502,0.6174101785440301,0.029739906560204518,0.007546372990323624,0.057402091269508126,0.026256678537101175,0.09945170472537615,0.04062813683712882,0.05089728040823756,0.10094119374384966
neuron_2134_count,0.05389573882524509,0.7199046747087687,0.06966877545437411,0.008906630637975152,0.05564003119679653,0.03920481440829608,0.04532755995475374,0.020304005522804328,0.05396558244793184,0.1161311329806905
neuron_2135_count,0.036598670054162105,0.690992811341427,0.0837616423955716,0.011194706125622733,0.1069511389533005,0.035143344540975174,0.06876414865487923,0.01468166865199691,0.04477209213571579,0.1838960227343794
neuron_2136_count,0.046708088147144236,0.4955997896041276,0.019277335287873718,0.018651853140973076,0.07317933661643185,0.015537250826111033,0.07615411244263472,0.016073237032013896,0.06034747872092562,0.0774842346240297
neuron_2137_count,0.03826414814040119,0.4877986066117249,0.007749975103687502,0.005239424696000486,0.024510886385497695,0.01455316370460193,0.08575051494400987,0.030498131893983524,0.07416349384059862,0.049974838433157115
neuron_2138_count,0.04714266203671978,0.5659748556795544,0.022514526829679568,0.005765604741333141,0.06928509631382618,0.027000839378603588,0.06796265545889353,0.01294614155318638,0.08362638031418629,0.09826612671347812
neuron_2139_count,0.01101244414249352,0.26650742515261405,0.00672509567490228,0.0021216857372072587,0.01914899350716403,0.009679482999064286,0.05488498518615291,0.005673034659847559,0.05512396753474276,0.04047481386978127
neuron_2140_count,0.0053217946371581365,0.3378907007873095,0.021641905675897466,0.0005737709673870033,0.03898813351400433,0.00502993221366466,0.07897352279178019,0.020442933922608736,0.055021052092641715,0.10480773589628947
neuron_2141_count,0.01749560610486492,0.26525093785526155,0.014635566875174186,0.004286744645349373,0.039042224910471324,0.013458108528505385,0.07732425961224251,0.07777563747225073,0.0537042910929525,0.11460434032239569
neuron_2142_count,0.006513482244134072,0.20997208539208312,0.0077110065920233326,0.004763146590612341,0.03838198753499209,0.012259246632499443,0.02591660734654983,0.02679438954721961,0.06145348882394964,0.09652857369594861
neuron_2143_count,0.03368281695248837,0.1717315869551768,0.010180531245615243,0.004483702406156288,0.02545895189540344,0.003063009352567054,0.047106869389778316,0.007983227697254854,0.038238287804654894,0.09769951333370117
neuron_2144_count,0.00044942254025655964,0.31097924859291565,0.054878838849191675,0.0010488246733015329,0.017738756825386365,0.016027739361168747,0.011672078862347793,0.004915571109403216,0.04507138939247218,0.14119841983977985
neuron_2145_count,0.0713233767034728,0.25078053528069166,0.016926138369559918,0.003908940382716167,0.022293641647677304,0.0052292058774146555,0.054358874052671174,0.008566284089730147,0.06749831486906352,0.09303671554580689
neuron_2146_count,0.16970277572530895,0.06397476668302807,0.0075170800078964775,0.0068742566758423496,0.005789532950020163,0.00033791955612032763,0.026358875943933116,0.01005268004964946,0.07174080559461499,0.05068460224970722
neuron_2147_count,0.0890535407926149,0.12924113120058692,0.015789301814387202,0.005314396992597012,0.013063256880231841,0.00048107378890214873,0.029048861945632318,0.0020716660900177222,0.05519489454821955,0.08603266254201464
neuron_2148_count,0.07163202873223053,0.05478270307479989,0.01665545114728377,0.010755377415008368,0.010246430240525364,0.0020339248938414864,0.006223868770830636,0.005131705620315077,0.04145081034216483,0.06964860194229447
neuron_2149_count,0.08593541155873596,0.10201189239479748,0.01226958952309817,0.010636440511979612,0.01566145896342056,0.00856516031508845,0.024743484224244855,0.0037860303380532756,0.043518697013175414,0.11658665535068057
neuron_2150_count,0.16220519810112966,0.02722907085343923,0.013470077113889173,0.01913682414565931,0.004672129511410893,0.00554565571354506,0.006491887301115787,0.007396065284824241,0.05609976650404014,0.07488875431788122
neuron_2151_count,0.16046213975660023,0.011012709164444655,0.011717326981139316,0.022184629725532062,0.0018920089228066442,0.007987028776002644,0.0002647640583889853,0.008620808824836797,0.03517498802287486,0.062041044038673554
neuron_2152_count,0.16394168043306814,0.0021590635772459725,0.009511521911422328,0.014592807407558266,0.003922948719592954,0.009849872396414716,0.012485110406359738,0.001296499716410729,0.04358165770720701,0.06375792711708972
neuron_2153_count,0.08712539439576752,0.09019900318532431,0.0014114299099842863,0.0309780900254146,0.00459384874375275,0.001582837303988561,0.0050058453128470695,0.006836549132854912,0.024464762257123046,0.03071096594970192
neuron_2154_count,0.14924212919596475,0.008536247171003507,0.010369177395249674,0.02895153724073421,0.006659157393775449,0.006361995061850631,0.0035464493500727487,0.0037760678401105793,0.0359109728062182,0.0742524212191088
neuron_2155_count,0.12637124815133152,0.009949602955609406,0.005488256129598051,0.015099408357161823,0.00535793259913964,0.014864522416619577,0.023641702603952125,0.04172709564305163,0.018846364490863424,0.07446597238335897
neuron_2156_count,0.15985408335384407,0.014076488870136225,0.0018623785679841055,0.012406993574603897,0.0059929868104266,0.0006142028232106744,0.006106393468150338,0.002192912119133493,0.03430419317470207,0.018005215604063138
neuron_2157_count,0.15231439133898947,0.007696481889958941,0.002396580415844854,0.0485705439240573,0.0029604375925558236,0.008527220273885593,0.013394091094891786,0.0026849013894258145,0.027931214318648256,0.009301050308893985
neuron_2158_count,0.04172984939262367,0.16357877529636705,0.0011755108002403317,0.0653079991964633,0.011125506617254352,0.008544896059042156,0.0053483036341491,0.01850761008872849,0.025558987109286585,0.02188476724063816
neuron_2159_count,0.009669244134194094,0.2039164392212588,0.0013837333195538836,0.0689058235858597,0.00311770705386755,0.0051251092692976286,0.0008663355147429837,0.011323756055395387,0.006519172110719007,0.022813305738591028
neuron_2160_count,0.042725954659346435,0.08406885614337867,0.003918527715818673,0.06185056710405551,0.002082651663933781,0.007123773063965014,0.05593349072481896,0.019098764992925815,0.04938070723556556,0.010203871391436206
neuron_2161_count,0.016264250964679552,0.10252058349424822,0.002184360873409008,0.0586677223362278,0.001097022419002256,0.0003093282030840567,0.021304992349003585,0.014349636209992092,0.014983816441186779,0.0020138635573749616
neuron_2162_count,0.0019031539449908472,0.27179386138950173,0.015271088607655206,0.051632541328256565,0.026907131322709332,0.008300055443880322,0.0037814876698228986,0.01458002097647898,0.01824633499984124,0.01726072880792514
neuron_2163_count,0.09907445391444678,0.003804077837067446,0.0027058413645936405,0.048316784391314815,0.002714867395684481,0.008481708642904942,0.13019923744435646,0.027253777283876762,0.030244747425659788,0.011906894256618665
neuron_2164_count,0.014885259108522682,0.4155024618669152,0.022218560302304735,0.04866407583566432,0.03948293915141443,0.015034908120578935,0.0057058968084179665,0.014616591290432357,0.015141071823457211,0.016967763772539085
neuron_2165_count,0.007401541642703523,0.023519619079329243,0.0005132036976594131,0.015652507880551073,0.008455613735036192,0.004914864435062144,0.10708445007345571,0.034807022809036164,0.0016774826775250128,0.005375599871529751
neuron_2166_count,0.07921290198896169,0.014463495266164753,0.003158867109445941,0.00909621499064812,0.0023391551258102362,0.012839842508316629,0.01560198552930473,0.011263694150106501,0.00010154600166127105,0.0009634208596981278
neuron_2167_count,0.014792611370815813,0.017666711869406687,1.6971417961803145e-05,0.0193867629547379,0.0037840666406425555,0.014524032948164602,0.0889752067122729,0.02962348589925784,0.009615026984090697,0.006130245137462579
neuron_2168_count,0.03756204576354612,0.5068746251234533,0.0187573166560695,0.036264222700522875,0.08827078257639938,0.027187115705948034,0.09374553493785856,0.03969269461055082,0.04493199400485832,0.022300655978673027
neuron_2169_count,0.0015501974167402323,0.23073463927313712,0.02074392810015556,0.010820554075126707,0.04337614695019473,0.0212106755440246,0.07925405938169722,0.02749747271311144,0.02563514336062031,0.014823661534614174
neuron_2170_count,0.055854829794470054,0.6261269718576817,0.027608034189820163,0.03983850835478932,0.08637301919156953,0.03353926604353624,0.012478366775107164,0.02748587535981592,0.02956038671777839,0.03282220738543964
neuron_2171_count,0.012994059413065178,0.027570121215504922,0.005957651463455414,0.00035139296053409916,0.010363380788584287,0.02967130361171727,0.06430675790166579,0.02720270241626155,0.004342661912953679,0.022900455397095967
neuron_2172_count,0.029015039153749558,0.5780651987005845,0.021129226626618494,0.026051335105423436,0.08351237982570284,0.061652866885061525,0.039105181376698855,0.048296454603976524,0.06118205000854801,0.0393256479277003
neuron_2173_count,0.14588971672896528,0.3218582948893369,0.004975258032268205,0.00279981437308624,0.03861094209309715,0.06166630843895954,0.006887215567268144,0.027223655944414824,0.00033831923220939593,0.019882386734512852
neuron_2174_count,0.13981981834958815,0.3947503852941632,0.015852609873318005,0.001171238959168222,0.041977130712920765,0.05339941440250018,0.0304818690963633,0.026202885629390105,0.02426550732564413,0.012435120904003883
neuron_2175_count,0.08451988551758582,0.33150752964554303,0.003815523002415791,0.0015086737918821942,0.061253186627247075,0.055699674308063246,0.04284758340163222,0.03355891864039873,0.03811850946726056,0.00418310684254455
neuron_2176_count,0.3648577798614702,0.8341377506616066,0.059228948555527086,0.10516781634620714,0.1625965679021796,0.03257010115965082,0.05827538278089461,0.014499224122163475,0.08351092086351114,0.08012026319785616
neuron_2177_count,0.3064547602548906,0.9863243372565813,0.11899364654851746,0.09570776742117773,0.1356754677105522,0.047496922385198426,0.05945000287119065,0.027581217928962135,0.04261433141709652,0.09586735184900166
neuron_2178_count,0.3246672150329634,1.0847266461722855,0.10401988485211,0.11248288286465444,0.14782631566738036,0.0295357064373719,0.05887226559283492,0.070194136111662,0.06841108693448986,0.11307534222977451
neuron_2179_count,0.3785063460187554,1.0819158545630927,0.12909799567629726,0.107822689944883,0.16255924978341646,0.043427439474413895,0.07731496039849184,0.022722241108838002,0.05842234962578638,0.09685025709770274
neuron_2180_count,0.17679878559704498,0.8449430700704992,0.09374117100081777,0.014216720257597112,0.10776740110021062,0.035273939114870256,0.0728776179390859,0.006222816349678556,0.04973223811301026,0.11562487594173311
neuron_2181_count,0.254754145463593,0.9044661070373481,0.06317596796253097,0.04481010424474588,0.09468462394692131,0.02861186591718319,0.06059725106833477,0.007218240257328765,0.0296890750504544,0.09913298473364615
neuron_2182_count,0.13713226446506666,0.6686016214364602,0.04723616514876164,0.01184286839732692,0.06587094750964023,0.01939164872718666,0.03951255697690126,0.001864961904434288,0.02818371678215944,0.10492780643113647
neuron_2183_count,0.3444832908258313,0.677844948539854,0.03736622225019064,0.05420997178870263,0.11438521149571804,0.015427121121684137,0.06667590158260592,0.02137330292081728,0.03918509691258972,0.059524837990555426
neuron_2184_count,0.2606426913608042,0.7550423954743407,0.08842663511399015,0.01637592588016598,0.08426417690203888,0.03510765972870077,0.06355085442840705,0.007436540076637528,0.04403405200742217,0.0757586949366316
neuron_2185_count,0.3777472040389679,0.8064697753278698,0.06270643408667688,0.0744738693585716,0.15654394265798158,0.03785654181596077,0.0734193127444448,0.014623918799155686,0.054031434244728165,0.06116816424502267
neuron_2186_count,0.3179780742107145,0.7573821034735667,0.04872521421101875,0.04722883800662683,0.10393473723148414,0.025087382756039556,0.07838423708211657,0.030374690951631936,0.02827224135804693,0.06043779887032322
neuron_2187_count,0.3776195407414665,1.0659397631154195,0.023658993035602052,0.06288502614908972,0.12076883294885965,0.047047922516200116,0.0961901397335754,0.07377196473825917,0.037042083950217755,0.03965456844108438
neuron_2188_count,0.37190819653470586,0.9255764655052684,0.014988992656696551,0.034770752982504274,0.09624878841690679,0.03445899725106419,0.0836610789651745,0.036428649848774655,0.04430297061092541,0.06730189459541788
neuron_2189_count,0.44972522629505923,1.0210013378049227,0.013547631396887132,0.06893834688988817,0.1131508161842727,0.03507690938234254,0.09547558719230731,0.05349429732275743,0.047065069059984095,0.049624360739313686
neuron_2190_count,0.32960329528541044,1.0585276158575565,0.013732156424357322,0.05726006224881339,0.10468200028276206,0.050630884704739976,0.10819954395550296,0.042838008666259086,0.03537689519537414,0.04843013458780181
neuron_2191_count,0.3213024315951638,0.8093209769250315,0.014151820938358685,0.03965075965590026,0.1128541599046349,0.043765969271934574,0.13322985883064636,0.10283537145056668,0.03649762353023071,0.04130369082377361
neuron_2192_count,0.25851468983290904,0.9652643973410495,0.021752212177149594,0.02877507477065737,0.0859700884634578,0.05555575268959907,0.08747460523353498,0.0553928079598181,0.06002899690008928,0.06370786075818496
neuron_2193_count,0.2466900684381823,0.9273718390269174,0.04209125248644832,0.0500129641522991,0.06889629608786307,0.05621170625769793,0.07275046823200207,0.05055688136310402,0.04548871926625132,0.06894870777596518
neuron_2194_count,0.23628316038135588,1.1102484222747164,0.030633675291680082,0.050918258404240815,0.10672693716104076,0.06323356640610374,0.10308151732560478,0.08007187806411714,0.07683421063252405,0.07012066305685238
neuron_2195_count,0.08154533420893051,0.8385623806674692,0.029926441307593116,0.02752758279718806,0.1046784206138113,0.025414484459171438,0.09942230064546984,0.031786734650131,0.07296538225791371,0.08644793931010719
neuron_2196_count,0.05317575898229254,0.6532405478981269,0.028246902595125578,0.015124709278864334,0.057436218223691854,0.03521396435043647,0.07677569419706409,0.03564937488995015,0.047197359995203,0.09156852351081995
neuron_2197_count,0.07064672225295546,0.6821819912550704,0.004081787194274603,0.004397103232614495,0.1112272500378784,0.04392269987966652,0.10488324527373143,0.0405123895773606,0.09914583106331007,0.08752929039138027
neuron_2198_count,0.033725444964210774,0.5952995358189153,0.023581496703446822,0.010432834627759582,0.06509681776057649,0.02869031265146639,0.0986760958164509,0.04919182953121726,0.05380888078775514,0.08772089424972088
neuron_2199_count,0.08049088348722308,0.7507861282789228,0.05873627753956372,0.01621682218039952,0.08589643162582758,0.037639774240069604,0.10723601815521483,0.008791377165626592,0.06080311828233238,0.1012911040304206
neuron_2200_count,0.0455309752985906,0.4664949601120264,0.006307493060362171,0.00382808502820859,0.019139361979998826,0.020615193137883403,0.0942778468787635,0.0817834984098538,0.0775942764524753,0.028085935564008
neuron_2201_count,0.001192264116042386,0.27851270169102466,0.008652071764140554,0.0010918396134044078,0.022812936931364595,0.011846733519789827,0.09804468438360761,0.08968282457512593,0.044143293015554974,0.05175125234917219
neuron_2202_count,0.009701294118765198,0.4924748130482371,0.03831811000700951,0.006780972685969298,0.09091227752523165,0.015688009617560464,0.08987501935960188,0.030184001166731506,0.04613812814286167,0.14313465069192674
neuron_2203_count,0.012035236488429739,0.32182048314537043,0.02244728433683134,0.0028486622126517452,0.03617563077881237,0.010698799439158045,0.08757544551615357,0.03302531495794765,0.06672154638836653,0.0835546934768325
neuron_2204_count,0.007055567858206248,0.3503894834353059,0.028724679389973237,0.003191303618968608,0.05159917010396094,0.02220015945151263,0.08140956181566528,0.02778039933219903,0.05808912661824376,0.0832806545300426
neuron_2205_count,0.00989265171285822,0.2943774269843868,0.010665499364494804,0.003561110076729386,0.028791803986745093,0.00507101625914122,0.05938340558414815,0.04359033242254867,0.055702560586006256,0.0643203282215826
neuron_2206_count,0.004576441302510774,0.23621302010905795,0.01797619894934989,0.0022537472887044045,0.022357144505766854,0.004470971616074173,0.0337507007342074,0.006198966620436522,0.0325621078997088,0.09758889038421384
neuron_2207_count,0.04172663409374469,0.13867972377774712,0.0032494958796423605,0.0010067240956346986,0.0036993410738186613,0.008251460988172608,0.06522358167935957,0.0740418869500612,0.10503262755594972,0.03936778186511844
neuron_2208_count,0.06587707571882676,0.06275421792582153,0.0010322655373503613,0.0015811150884006454,0.003182091221055061,0.0017271750569545323,0.03356940447532458,0.02392354802861975,0.046927251803414255,0.05039727611558931
neuron_2209_count,0.09568145084259613,0.09130784393579894,0.012670722269593815,0.011798238014067652,0.0018123468712410058,2.528851986845779e-06,0.0167362188577969,0.00126881940104389,0.05088349714639823,0.04817550837737744
neuron_2210_count,0.12852337327046623,0.041196056311719936,0.014540319343956297,0.001656374795915053,0.0155206213924265,0.005407059509487611,0.04531118794040122,0.014943781753594433,0.03274925797504326,0.06278216358469886
neuron_2211_count,0.15003971783759323,0.08975131314501261,0.013671007368695628,0.012490997916083997,0.025602407608036712,0.007094174720834533,0.020475531698866775,0.006826937698086462,0.05549561241939732,0.08580851659150529
neuron_2212_count,0.050376991277579816,0.06979690739570182,0.003295670308011669,0.00828324593307364,0.005412099650199476,0.003781649628273275,0.02498057196768206,0.008922796096598296,0.0394752186097419,0.06054318345781977
neuron_2213_count,0.030260327360074932,0.08885106654784092,0.0028738719838575476,0.0038260406556640224,0.010571702010570047,0.0021786984767774506,0.008350234673476738,0.006630211880987027,0.05177224766356213,0.054922762420368004
neuron_2214_count,0.17710428280058377,0.020032234693464726,0.005250002356962904,0.008229745359933927,0.006203087522314955,0.008588862591493433,0.001577835177415077,0.004068269298276743,0.06629731490364177,0.06740385686325343
neuron_2215_count,0.21118574503850196,0.0057036477753376336,0.00873723842451226,0.002788903069682649,0.013022691886027261,0.012503370539178667,0.004726825043138597,0.0009235962090574923,0.04164988455885918,0.049578022060831395
neuron_2216_count,0.03677658949067686,0.07761138509119278,0.00460671017742029,0.016215342626992424,0.0035967771626328193,0.0023600092404589407,0.007416085364199784,0.0006709039896284769,0.06304242794286527,0.03241640808419098
neuron_2217_count,0.16831457068278452,0.010149798914061231,0.005455436285830777,0.034209410457505834,0.0006056070378573027,0.0028112640268361314,0.005395142503108963,0.004179720373419144,0.0319985474318968,0.02248453155565007
neuron_2218_count,0.06229376812383808,0.03302961873150989,0.0025925573527377996,0.03402541650556967,0.0003701406716803777,0.0003667096720253206,0.017999941755683035,0.006802162866015267,0.042178964980913766,0.018864980874024523
neuron_2219_count,0.23032119425753028,0.010975172067633723,0.0011772787494260493,0.015515151567736432,0.010989375734872582,0.015422683719639604,0.002171551322672792,0.019040980160664425,0.04240415430341904,0.059338648021463825
neuron_2220_count,0.09711514422774248,0.02335403221762529,0.002811028467152747,0.039829403337912905,0.005252546800705055,5.8942286201608615e-05,0.009337212931788602,0.001698675676665165,0.04119292712099487,0.0009233344924434173
neuron_2221_count,0.06109359056724262,0.013134468544284052,0.0025558766406142547,0.050890969686265164,0.0036489222793071874,0.0031442470642520466,0.05051428263075314,0.003997259905175812,0.023929771769307398,0.004227843478769838
neuron_2222_count,0.038583574213774854,0.029797844601801987,0.008925731858553998,0.05078351786632099,0.000736439998652705,0.004443035453187548,0.05460278768671739,0.018862107933610955,0.03209349115202016,0.00139102934726691
neuron_2223_count,0.03509648660329977,0.05245584428362299,0.004947567036554627,0.05168769560150788,2.754012497450226e-05,0.0012929925670488937,0.06885705249344151,0.03036064456119375,0.02199939626848016,0.007869889418537529
neuron_2224_count,0.16873901151674703,0.005052296478397228,0.00014380300214724556,0.05184334632909285,0.0073234273040223355,0.001466825410426243,0.03545285685229452,0.022973706082825895,0.022334274773767676,0.01505914759762321
neuron_2225_count,0.013567819180868787,0.24166400593274795,0.014783861283156716,0.03765555552111831,0.02015089707594206,0.009493468159330179,0.0023214891309930805,0.013535347222286054,0.019339914209201323,0.01618124728518193
neuron_2226_count,0.025394697628220983,0.3648461506949461,0.008223704173547217,0.05079650415708806,0.016403827472733265,0.005525323622511111,0.011884665044631648,0.007513401980418499,0.017538100562254022,0.002298403543411827
neuron_2227_count,0.010098351100964159,0.29625526100063904,0.008907162257605586,0.032538979881971505,0.03488444259739863,0.004230423379875774,0.011775741641611923,0.024431986862797447,0.021766770804081806,0.0181969789682144
neuron_2228_count,0.042856214247932234,0.11286017872870821,0.01274333420325545,0.0496641855166102,0.017610369220315905,0.006891536452387326,0.11320555680744951,0.04136686799136599,0.04226872551646185,0.02152278656753852
neuron_2229_count,0.038336160491414695,0.19666171377679215,0.009520873165507052,0.042956867140556715,0.017429960780144443,0.02311377839146496,0.0030303462213672333,0.04389206141265495,0.0061054307995384235,0.02383996424003247
neuron_2230_count,0.13413111674762057,0.06644141411641388,0.010671780332225739,0.027535730123276966,0.013636443447279822,0.017643475899169522,0.04697182193805374,0.06348861105071377,0.019756624560118133,0.02443938056439579
neuron_2231_count,0.006000578819701202,0.2574158736072307,0.019253661719865547,0.033255885548359024,0.022141146047364488,0.019173334430305056,0.027546727854415254,0.022240960637179494,0.007273994921141974,0.017278878686471225
neuron_2232_count,0.03472502247308018,0.09387609105242059,0.020057447951500898,0.052084962058453615,0.005383232538425958,0.0025636355276921208,0.05568982417128124,0.01383595366063281,0.0069775548473389945,0.00307783220292715
neuron_2233_count,0.006540458196408611,0.029384694730079722,0.0033888843403537816,0.006870908879643964,0.00814946974421614,0.042815369001685144,0.12706706843572124,0.024043499810462304,0.02683865616801101,0.018844377468380913
neuron_2234_count,0.04576990821661818,0.11752499074876177,0.0130994379109996,0.0070378034062311,0.004920933841140167,0.035735479533934814,0.014895900347332257,0.011531410680307667,0.003170403211125857,0.00511592066555978
neuron_2235_count,0.046560768678957094,0.3486269706417259,0.013086934767315053,0.012800446168940917,0.03271950480120561,0.018777377082067184,0.027723746450485087,0.018198145335100176,0.01680110630522073,0.03212569484804146
neuron_2236_count,0.05189371856753319,0.2566691768722198,0.008577637596800997,0.013161575541457637,0.026824139814880563,0.012916408378044933,0.08872006352672679,0.012369171565183704,0.013572620869874874,0.012875521962614302
neuron_2237_count,0.09702534707170285,0.2317905304592266,0.006990178697342697,0.0026142890739623906,0.014600278454562382,0.041186556117673065,0.0032879584359420955,0.0052608890675121586,0.000500983864579951,0.005021590191970838
neuron_2238_count,0.14447239590781003,0.5504686149508213,0.00777042886958141,0.01920497669379337,0.048257271184070506,0.03871585539500086,0.033821021558351205,0.0076251555776873925,0.008835611035284546,0.011630196111774311
neuron_2239_count,0.19164715198409155,0.5207946432114585,0.014345116626402157,0.01561612488826545,0.034820509555438,0.06893601356115414,0.022487204658481405,0.016339555944539702,0.011601998393492793,0.009811766031683503
neuron_2240_count,0.1308259600624639,0.7202621464308984,0.07611677768031354,0.054936271368925135,0.11188182088157161,0.01901430562948762,0.02802421255564275,0.04143363567252376,0.03677513705696614,0.10767611374927483
neuron_2241_count,0.34520424268668554,0.8918061941457686,0.062328397166015376,0.08170634537666976,0.12152960623306339,0.0336944656094655,0.08247585442532245,0.02032579290498355,0.07480586948788008,0.06343667913769532
neuron_2242_count,0.11165564965072955,1.0929560828734055,0.08631954697241087,0.018017403583675512,0.10819155081776245,0.04417958593067986,0.08603179983793725,0.007960627534858763,0.056790258527733325,0.1370650335549829
neuron_2243_count,0.2660769447345158,0.9501933202916222,0.08635487033675768,0.04099285515689109,0.12312142991322707,0.03166118372279275,0.0947929887792496,0.006362883275379955,0.050979548680362696,0.109045682067999
neuron_2244_count,0.13269493404293206,0.8682922032727256,0.062094530320233224,0.01798662888827105,0.0752573718976115,0.012242320828493575,0.05299871020109927,0.03208274107931043,0.027656518547896303,0.08794188415836585
neuron_2245_count,0.3953050033702792,0.8688288123095909,0.09870842167967644,0.08057203118743361,0.11813946331956085,0.026020060083886666,0.06670540499538517,0.02595057757288219,0.05295563152667496,0.07753162785607172
neuron_2246_count,0.33071623179001197,0.6772301872767021,0.027899765491037398,0.027010125879031843,0.061626727380585944,0.02406766130317068,0.06884384199792112,0.054424950879945255,0.03513603593568165,0.06590346922322862
neuron_2247_count,0.41363079888788773,0.8327589591500488,0.034423028166958525,0.06705166980050106,0.1377115202830926,0.023777885504928542,0.0777731063581183,0.03413630237268325,0.060604045938759094,0.0646259583117239
neuron_2248_count,0.33667400291133276,0.5954446877307914,0.04592910618808675,0.026482743478097218,0.10137009693101647,0.019472281029810464,0.07355750522524664,0.05982782862120943,0.04180405777527295,0.052665832504661746
neuron_2249_count,0.3811837520136682,0.6852918232760012,0.0445602955322192,0.06032028377954933,0.1499940167176782,0.05154433418310057,0.09094522506502324,0.04091327332227565,0.0480916282815119,0.0842294431242438
neuron_2250_count,0.38016072876696927,0.7916557542339605,0.02125902127608311,0.06772599286654227,0.13846629339202338,0.0407511444023961,0.13602760627733637,0.13402433769413907,0.06162889099473344,0.04345178298616334
neuron_2251_count,0.22629052355708051,0.4025793683116899,0.019990458557198755,0.010139962609350864,0.03873263886361024,0.01790569783581339,0.052688562348311485,0.05710981761505245,0.022416341919903097,0.03140314650607641
neuron_2252_count,0.3920248112684397,0.7800711456313986,0.026383143373000698,0.029159945044577723,0.05491370444961616,0.02948127945474098,0.06813215511215273,0.01871874119280585,0.03513402081969847,0.049725023462277154
neuron_2253_count,0.36600289328255453,0.765948623852422,0.048359379670305694,0.028958445772992975,0.06603825904671615,0.05358935400965409,0.12370425851853031,0.19898096355542913,0.06125764292209729,0.035361680446893425
neuron_2254_count,0.33362437419958374,0.9464915620336386,0.019913813930871105,0.04864373120868329,0.10571449781353692,0.040920752631262214,0.09160274693061449,0.062498469859195216,0.03486852950070826,0.04227233962930421
neuron_2255_count,0.2971236426713225,0.9340186200967132,0.031198212129927294,0.026201349586392003,0.10759788035445456,0.050188238130315116,0.10014085519037139,0.06835610822101132,0.019814130024270737,0.04736013477750903
neuron_2256_count,0.33405663852567985,0.817244968270513,0.03235567530578115,0.04486617829419748,0.1103334653178514,0.0464010953548149,0.09627366846738224,0.04956045624530972,0.041566347305363266,0.06954940439321688
neuron_2257_count,0.25854517718709336,0.8711542595867524,0.035624285742121654,0.02511557727825084,0.06058906432869442,0.06355137932207852,0.1344169985476572,0.047127481154384934,0.08782694967327917,0.047248833103521515
neuron_2258_count,0.12153983185955858,0.7227902286863146,0.029167504287882978,0.027276650383164097,0.09508931202467724,0.05003859106666747,0.0890528468276186,0.06165339436831005,0.03753734461832425,0.06248687811775856
neuron_2259_count,0.1337311260544914,0.6813614685938201,0.009888113919209303,0.0244170770170323,0.039601994548212296,0.03296753868901549,0.07582671109829056,0.034958365310987505,0.05101219276889332,0.01760689461246702
neuron_2260_count,0.07523537155554919,0.5959218880128991,0.006227811846281718,0.01572877174645143,0.06452326274172196,0.0370697237603379,0.08965130309441849,0.08482440664607632,0.06486756801495355,0.0506406875789745
neuron_2261_count,0.09490816117583462,0.6960068132331024,0.015845667043559164,0.0233319689760796,0.051789753268688024,0.045308535432929085,0.10666341724611822,0.052635191885052945,0.06196050161571376,0.03582213353703885
neuron_2262_count,0.09236715429248712,0.660082818190108,0.021366926951503787,0.01338942598778664,0.04211803555671699,0.031064824098686647,0.10706591177266378,0.05987971999822353,0.0627480364468069,0.06347936959748005
neuron_2263_count,0.05112333111663686,0.4529470697479621,0.008709052043677182,0.004108123860806716,0.026897371995735435,0.042626143345041695,0.08102170656344104,0.0508494559026329,0.062115865333347314,0.035256703528743966
neuron_2264_count,0.019165784749698628,0.4177881286998104,0.01478768729184489,0.01566202858978666,0.04638521090907161,0.021938809400671083,0.12922848294524863,0.02822491522957539,0.07950441770522647,0.07772253273443248
neuron_2265_count,0.008080297686726023,0.37643528976855234,0.02115538205359828,0.0009688485028022022,0.032223484455080234,0.01915649675539982,0.09730191549297587,0.0486228553280645,0.039853992636469424,0.09288346973339925
neuron_2266_count,0.0027942742181610025,0.2543370146410804,0.0037838697680984447,0.0035084546184251456,0.027405475662829498,0.017322740973551784,0.07655721055920109,0.07878872741179133,0.05930921868689984,0.045064207035921205
neuron_2267_count,0.016469859321298227,0.2639941178525801,0.011433790573712452,0.0021438200683285245,0.03271836792145409,0.012412452477203855,0.10772147810294633,0.07412521412880496,0.05270859813251241,0.061111011244843916
neuron_2268_count,0.005113768959580555,0.1827697919520534,0.007283461427498188,0.0022099384061504204,0.027690771567193,0.023589023312954083,0.06618848872206273,0.04309705269917434,0.06703897256454157,0.05202966183528062
neuron_2269_count,0.04077104814851251,0.2857379910969429,0.007832040547859465,0.002310588749241914,0.04408711566655743,0.010140545192337813,0.11702133580635904,0.08218069388599,0.07522921810275995,0.07876063107307682
neuron_2270_count,0.015041848545807597,0.1358444791337675,0.009004876235409173,0.002613191323313082,0.01203320347061396,0.01495190006935756,0.05715043671733634,0.026552330425995023,0.04928395628651311,0.06633718630923383
neuron_2271_count,0.08871967116540161,0.1203658456225678,0.011571338602975836,0.003523397778087252,0.014890498420609563,0.004699510260107592,0.055320995151810076,0.02022845881003149,0.054699520908136345,0.057428792759581376
neuron_2272_count,0.02638596423534928,0.09054708322056519,0.006683439785370011,0.0032309713297753,0.004041731902357329,0.0029635162346484736,0.037428830839414756,0.03577570489849656,0.05485347956992592,0.04133706436736667
neuron_2273_count,0.05758891407472165,0.15198906961705244,0.025559210523854195,0.005027200554891347,0.05235732113346553,0.005831339003492905,0.04519041741139199,0.007129398783942316,0.03059370743017143,0.09204926232689453
neuron_2274_count,0.12416187691609432,0.04515657062535675,0.0076201409060841635,0.002913944692084246,0.012311779472139992,0.001475863887125715,0.031209720954977566,0.01012472824796255,0.03491880417275968,0.05756625360306947
neuron_2275_count,0.048889483286709653,0.059174297752350835,0.002094239783406452,0.00197691919242657,0.017520731672122255,0.008616711875409196,0.009871675031488919,0.020735557409100082,0.06226023446837265,0.06471563849971627
neuron_2276_count,0.10780191503800927,0.021620324145498575,0.008963211890228688,0.0037566965017655288,0.007924764331565165,0.0021240665109710545,0.02326323252741517,0.018541129445200345,0.04584695087880246,0.04974371171851599
neuron_2277_count,0.1939227016867401,0.015841721612066498,0.007899984653337617,0.004536222795491873,0.0008807486734395851,0.00521269006767431,0.0015697490050495186,0.0010228211006837549,0.05762291019893061,0.04495329443060814
neuron_2278_count,0.11715551825940296,0.04758659216240618,0.002841140162231418,0.007751043741873756,0.009685491673487728,0.0017987074291764896,0.007262908926310929,0.003120062289061986,0.039866342321316195,0.02397329952208349
neuron_2279_count,0.11102964542318573,0.013954474976911567,0.02040586898466379,0.008307013642589614,0.010037365737899283,0.006150780574890775,0.0019409064301590707,0.002301391386648994,0.016645392486176927,0.09256052356041033
neuron_2280_count,0.13499353976436362,0.03343095800842344,0.009535408768421794,0.011544894297846789,0.001252618221705878,0.0006267931168120779,0.0006925702024695806,0.0010646350708079693,0.0398879443549299,0.025762073728912024
neuron_2281_count,0.05828310035801777,0.09996008230643796,0.006176146081896559,0.015485539816137858,0.006196399177811748,0.0014798559683563105,0.008685239202505524,0.010745761283257452,0.06126058872725526,0.021248796482013624
neuron_2282_count,0.16684533385973357,0.01195462805900488,0.0016099768888630656,0.006115030890095796,0.01577779273437227,0.00960880518994367,0.006860874632135298,0.007224330161078769,0.033618196615081836,0.06092189001097123
neuron_2283_count,0.17020518150488465,0.011929447585326387,0.008231804186138801,0.01231912336092026,0.007438517900343271,0.002398949184686701,0.003959482279081855,0.005006024089328084,0.05068141749469593,0.04219398659044282
neuron_2284_count,0.17738047941874518,0.007344437109846863,0.0059090203437091385,0.006438472994163814,0.0034274792069249977,0.003917083179513309,0.0011944924076662776,0.0029088731616793047,0.0409601331587352,0.022851418451435526
neuron_2285_count,0.11335768589595141,0.03657473070088804,0.009687014077891985,0.01616088630834872,0.009737449714176852,0.003463060166115896,0.007537202113096074,0.0044721807970007355,0.027020464680934678,0.024708619978788024
neuron_2286_count,0.08129384293138012,0.008031658934815698,0.0013203032916270264,0.062487511629250175,0.003944686365057723,0.009217191196972667,0.04418182048015348,0.01480676052722893,0.041407088929725666,0.009262436739298288
neuron_2287_count,0.013715085145379759,0.1602117818872958,0.0035330451770746243,0.06215813843638335,0.005732115191220227,0.006794144386534896,0.009086641519512773,0.013349040388569974,0.021169157549165485,0.019263271103264736
neuron_2288_count,0.1968382186765192,0.014073506766514532,0.006642236806439942,0.020368244073239658,0.01533695330126024,0.003297788893183412,0.015411643811002976,0.009776041303091725,0.01477633631078032,0.02891225766929742
neuron_2289_count,0.01639438398071985,0.17712987408532926,0.002828344213226121,0.0535448708553847,0.011149037693832825,0.0024881574544871124,0.00551108435207736,0.016641668378124294,0.00632914865311629,0.005777961583796613
neuron_2290_count,0.049338477398230385,0.18307710579801773,0.0069447059147832585,0.05008948592773543,0.01081081681428138,0.015373725668830204,0.0012687847578131657,0.01602540916630571,0.010359741733973485,0.029112202336046583
neuron_2291_count,0.03454042850479222,0.12067662642644897,0.008618787893377972,0.05568162939747076,0.0047017936546668235,0.007775531692718461,0.010895765868499802,0.016448039837461556,0.009746859999198013,0.002183878185823978
neuron_2292_count,0.03179049503740819,0.20431396854958567,0.014385178275543295,0.04480616746916183,0.03528261059230282,0.016732747276935925,0.01759041348471313,0.02924036258698115,0.02615405819571727,0.01706785987796354
neuron_2293_count,0.09846218257885789,0.006293572171657999,4.801507503722751e-05,0.02625878272631746,0.001058877319961373,0.012716509860241546,0.03656313258570504,0.03704226960189322,0.0054348700936352745,0.00985657002617936
neuron_2294_count,0.061191703558454075,0.011283263883052355,1.0956646448628143e-05,0.0072562144454724736,0.0002330105106617868,0.015593792107927093,0.003409551136713821,0.016786843432642574,5.295264617914599e-05,0.009216121357191515
neuron_2295_count,0.15360333658266087,0.01653910035594868,0.02047204627937689,0.015711654079285875,0.007836661444845822,0.024839088427735773,0.14142715085949067,0.04406863489210075,0.04980318144384474,0.013745204870176535
neuron_2296_count,0.011843628195598581,0.16746741625357622,0.016073307450391525,0.01277106322955341,0.014773704584938888,0.052400237472235225,0.05116597082833646,0.020203937480908582,0.01871708184843024,0.01815766244143329
neuron_2297_count,0.020744722376873026,0.22342143102423934,0.019364044586691664,0.02713386570101732,0.01874443540367715,0.02504020288427472,0.01739021271166824,0.020937854893114977,0.02023039473555703,0.02163641455434307
neuron_2298_count,0.03855480198960018,0.631813041174752,0.02824038452324909,0.031097489206774284,0.044098439993340594,0.014840871059014327,0.015684250695856113,0.013462703583926178,0.011641840234761884,0.024698518203725643
neuron_2299_count,0.04648752241277998,0.005790867476783267,0.0005797856417454079,0.002333168760977655,0.0014694413893076939,0.00408410534208432,0.022792929787955024,0.012185222763667646,0.0007866876514526759,0.0068162370911509125
neuron_2300_count,0.029513487604632974,0.3437905501246732,0.030064265478000438,0.018713458662338825,0.019925950189310634,0.02212554425982284,0.00124313346831483,0.008976877867687201,0.002919584692362625,0.016618777001854854
neuron_2301_count,0.0075082120706986884,0.0011744813919907816,0.0003791359292675059,0.0005104361616428926,0.0013761402524824183,0.015273061190703943,0.04222413398571091,0.015524420947830131,0.001196144915490617,0.01177645603693938
neuron_2302_count,0.20655199034410393,0.5579317605118858,0.005494493834261399,0.006279619655690905,0.06813548622829088,0.07095437917035605,0.015765863302902097,0.025605519307944136,0.013841173306686647,0.015485225289398493
neuron_2303_count,0.0368917255352601,0.14116469854758634,0.004261233313468841,0.004304007785947899,0.020398270332954396,0.03318025141114746,0.003504862810062938,0.003554993634892296,0.004095146442421468,0.009282176703064526
neuron_2304_count,0.11158352782513384,1.0232327626588327,0.0920743460633229,0.03829345431256827,0.12554820336640113,0.03504805025254279,0.06447133101210492,0.09147600303486336,0.012285399065347776,0.14789584900083905
neuron_2305_count,0.22890698332941065,0.8445332134070479,0.0851925491290427,0.054057032740509284,0.10720843946617546,0.0358309166501086,0.05633632921566565,0.04895141581294678,0.04985193951854128,0.08167420908405978
neuron_2306_count,0.1889695880432009,1.1031229903699404,0.10858307484981583,0.043850264441657405,0.1142406757964465,0.022233324265919684,0.07416958530579446,0.03750669323394673,0.03117947930082597,0.1646232689772224
neuron_2307_count,0.2219398376907327,0.9917306580295704,0.10786780176576966,0.051787207912113165,0.1257837982126379,0.023077930677520134,0.07878508022886835,0.013142557293282654,0.04947770018371238,0.14748450887260114
neuron_2308_count,0.08991406705485666,0.9173926000741026,0.05586427916810363,0.007502144667639238,0.06067330611969994,0.02499873764676833,0.0747785059819508,0.0018037829656000239,0.024414375700414433,0.15380955464996393
neuron_2309_count,0.3053062664478383,0.7849491181404914,0.041592935808146395,0.030224768486514633,0.07565889132245295,0.01928768980868327,0.05617043098640041,0.02043515244831841,0.036894816860100925,0.06139633781520701
neuron_2310_count,0.2353647344674312,0.7008169776344061,0.050978375204859164,0.026864832897495444,0.0852296943910224,0.023046625234199206,0.04307076482444246,0.009857494906335598,0.03272680869921543,0.07055522165229033
neuron_2311_count,0.33333821536917746,0.6880798005185018,0.035455687716458836,0.0457168116504703,0.09016397295281127,0.01997487965931522,0.0772715684651758,0.033225868046491205,0.05103907932640595,0.061829567321642576
neuron_2312_count,0.41891863489125325,0.7609354952914942,0.03416872658270047,0.051116225658257394,0.1160022860270021,0.025881915113396447,0.07930254092714055,0.041025660437575884,0.055297568289073375,0.06586214377480332
neuron_2313_count,0.42428995147319404,0.7890115659386497,0.059162061411224764,0.08445634908973365,0.18017809234974022,0.022540058224571117,0.08344508453290585,0.039209554602723296,0.04846363514841599,0.0801441096909451
neuron_2314_count,0.45127818900179656,0.6340748413408617,0.013369739465512384,0.05486339885566517,0.07581357198875781,0.03713683522238406,0.11309347401655033,0.10654052285512983,0.03437592781551519,0.052028878732689285
neuron_2315_count,0.39260184713291757,0.6180877096387475,0.03687482362866032,0.05565829152816684,0.0720160061159262,0.04004808323679904,0.12849491151821746,0.17667332225901994,0.045780313712699465,0.04172076602982962
neuron_2316_count,0.37387235342755065,0.7566574126408827,0.02029052668135764,0.030842753682465057,0.07066569360930484,0.04711570508442778,0.10358985059966219,0.10864915009234699,0.05386145145671264,0.036075881801507684
neuron_2317_count,0.2995635401752953,1.0595226846960624,0.10389751475603876,0.06308796907406086,0.11562785692404515,0.06693485306666024,0.0785139543917859,0.022218304746629343,0.035138584504563905,0.07850858501824885
neuron_2318_count,0.2793169791730322,0.8408580664055383,0.017104390985214102,0.0370413995365583,0.0968577085972045,0.05805022633883741,0.1159172606863301,0.11376544344031156,0.04116367531886504,0.02990388475659715
neuron_2319_count,0.31420146302703966,0.9049311758102979,0.025392896615476,0.04506722399055127,0.14211800464549923,0.04898955143338839,0.11872573450353929,0.0940850456884054,0.04425178853565909,0.05403103796373959
neuron_2320_count,0.21758977858135506,0.8566273197570408,0.010226961475450075,0.051978414915926224,0.12113699794002022,0.03185651766924849,0.13496356266918533,0.06938008834995607,0.058030302963084895,0.043989078622176506
neuron_2321_count,0.261107331268848,0.7522724418460484,0.018720819858688748,0.025161695910910192,0.05938001015682011,0.04713546190459603,0.10046063677594194,0.10106415287895137,0.05860131660232863,0.03480702718009287
neuron_2322_count,0.15250553841012585,0.6245193824640836,0.008689398897447895,0.03080786738595434,0.05139781675153937,0.02964313310957556,0.07408998181613885,0.09353796443512488,0.06153458800304576,0.01615262788357919
neuron_2323_count,0.20151135494599692,0.7788008172277638,0.01270603751238425,0.044879079577550274,0.08024165200238995,0.046900544684054774,0.14390274814814596,0.09722266529841303,0.04752136512093992,0.05798406172503082
neuron_2324_count,0.1517214164816923,0.6913347771201237,0.021322662792700883,0.023000117085488006,0.05174139867231711,0.04146921741690846,0.12744571845082053,0.07248239857753558,0.08783908495998806,0.03344543630730491
neuron_2325_count,0.14210911410126265,0.636042253888101,0.019500656341625483,0.02441194508160817,0.04539745196925124,0.028593846550763476,0.11500909330867246,0.04986533737320445,0.08834398114993111,0.027681383603364713
neuron_2326_count,0.13197938264304554,0.726481339625441,0.02841106581299871,0.03268021294545101,0.05516780732173156,0.04710783694699365,0.11659147215091459,0.04266752432796217,0.04199784754882227,0.05010933067200041
neuron_2327_count,0.026593385589354104,0.18751123053978133,0.007151272628035547,0.006287107256421544,0.013709544774938309,0.01426280244432683,0.07121378166495015,0.09592553406842239,0.05583225335582198,0.006498579211361373
neuron_2328_count,0.08161964440064476,0.42896026376184676,0.01666649165708607,0.013297659664062295,0.040685899308719964,0.039192899546469775,0.12204786776954438,0.15854765538033552,0.061573935123760914,0.0333902285488553
neuron_2329_count,0.0159622561477977,0.12692271166999222,0.010184876233010454,0.0026542670193962434,0.03483719084450854,0.008156606094813917,0.06979685809063887,0.05705640893694251,0.01744578892179209,0.06986902038531814
neuron_2330_count,0.013530514599526769,0.3964610572550483,0.04164647732214906,0.005321432752583059,0.0727850820390516,0.013015444450102668,0.11107050137567873,0.03666389697936287,0.03993385547370047,0.11339113220937647
neuron_2331_count,0.011674761817540381,0.07534142626690409,0.005254630107487349,0.000985009808148113,0.019408021864129505,0.00645348359380577,0.05787434436898769,0.03355651606882369,0.028971377876506933,0.037306442969223766
neuron_2332_count,0.0023751329802386527,0.19707318861506817,0.006151599207687201,0.0020829462435163447,0.02489619898221437,0.01619816726335727,0.0811156783506564,0.050943494742739584,0.06284641673138426,0.027313369857240755
neuron_2333_count,0.008936203568200633,0.2515981798476996,0.012604443186113357,0.010172524551615013,0.04616214868654668,0.016079197202958747,0.07643311577938652,0.010346109216566035,0.05133999566853822,0.08770342830831733
neuron_2334_count,0.027572383777196757,0.21130182999473698,0.015969377753876773,0.003348206471175931,0.01047142494648199,0.016707709496574116,0.07870304828912159,0.03795031102498188,0.0680869196407447,0.04523504327609196
neuron_2335_count,0.05515973438109047,0.1722523368213687,0.008146051421638184,0.0038239947205059807,0.00938313625364253,0.00924763946583916,0.07502595786742466,0.03910594988413377,0.07459853355611659,0.05408347523015258
neuron_2336_count,0.044884075825968976,0.10770329044976709,0.008338313999846803,0.0013951572739273393,0.010600677013936351,0.009345609710068252,0.07013933404219204,0.029134112377698335,0.051160650019295754,0.04336750611741409
neuron_2337_count,0.05837427422977105,0.09244210864155268,0.01249276784473282,0.001900266918359434,0.006010169596823642,0.004650322130496859,0.04933283000577304,0.016310584879763966,0.04717392265066196,0.03902175304705521
neuron_2338_count,0.11808451725878025,0.0231383859561361,0.0025403823278489605,0.004933274270402882,0.001737642095097549,0.001336008680905507,0.015391688975833831,0.008519805451816936,0.043782856170393306,0.028089286162920238
neuron_2339_count,0.02974299800208907,0.12200416313520673,9.414298291553452e-05,0.006118861811459729,0.006796405908020324,0.000549343281066296,0.015739445246334527,0.006353576280279473,0.0556039700877585,0.013515706719566992
neuron_2340_count,0.15541381377862157,0.021205469398973983,0.0021497778206688994,0.0018924459419034333,0.005671386778557892,0.002077136141086254,0.022611284448888533,0.002813383613216862,0.04321716868965947,0.046306296158546145
neuron_2341_count,0.12958513010044603,0.006830518802518725,0.0030076129424494308,0.0034479085929766894,0.005094490382615519,0.005645581672616067,8.448399275289432e-05,0.01265645195621054,0.03909405100957389,0.0404017037038115
neuron_2342_count,0.07521823789590117,0.008376736630227269,0.004398242842357131,0.003989089333442976,0.003031255379992489,0.001081002852541705,0.002926792973159148,0.009858601568930005,0.04212798314712639,0.022595708559059097
neuron_2343_count,0.14437596916317208,0.00762467783642002,0.008356032814853673,0.008839755772618429,0.012578897462452616,0.0152275445578018,0.005477385997090828,0.008338485042323561,0.02671799829781548,0.06341985393964927
neuron_2344_count,0.20973988671545107,0.03945974753312749,0.0030831451330254186,0.0077819423193684414,0.020274596342385084,0.011167723114541048,0.012983084068594442,0.0067021083990859,0.04125794392041976,0.03588299710785828
neuron_2345_count,0.1312144875401123,0.025268682505512646,0.006494209958764107,0.0035321354352345624,0.0010774095059903847,0.0011090010918639662,0.0027635267586595715,0.00044978584715918944,0.04859391958198099,0.028275145029176343
neuron_2346_count,0.31469155028583573,0.011358418395631516,0.005550432902150074,0.011949427810748807,0.017772246544080612,0.016696924405052382,0.003924364508212397,0.011389259998870433,0.053466072902673245,0.04242070530872462
neuron_2347_count,0.04654951314808656,0.07619333664863576,0.0014057074128836326,0.021054140024905646,0.002546057834928686,5.910289351182714e-05,0.0013547578693687418,0.0023264287439494734,0.018922982340937297,0.011306198140284995
neuron_2348_count,0.0721300630367697,0.0266964841385941,0.0019682944900121305,0.013997194550227257,7.153957641041378e-05,0.0014322806171162706,0.0023831459705566348,0.009068709669026481,0.03612567351501447,0.008977654877063701
neuron_2349_count,0.16537229435951895,0.017586850969310175,0.006346820133309276,0.029794058486699665,0.001407296612227639,0.000976884711653983,0.003611380528473547,0.0053432930850362235,0.038473459093335466,0.005940539465963152
neuron_2350_count,0.069067208005757,0.11660899541830472,0.005520439840535754,0.02907315590922563,0.005409015606296398,0.007994288171355501,0.0008549351112863146,0.015883042053089422,0.04367208914506465,0.010611306006930013
neuron_2351_count,0.027296524434114837,0.09894151191384674,0.00020670642038466097,0.044925752354863346,0.0043373201537109975,0.0032693806603051705,0.003537445864595215,0.0019418510556355115,0.01056989013767319,0.012753354802031814
neuron_2352_count,0.1513235266445479,0.03524432079209802,0.003212107541477497,0.04223732504461791,0.011672927914215307,0.00840903446895283,0.017679385041533963,0.016569449912352305,0.04382119867658282,0.011931998851780437
neuron_2353_count,0.00929237198132618,0.27932142349523037,0.004780675530413295,0.047449754187521065,0.009954349900748206,0.0005878066127135559,0.014392580975758545,0.005621810163195844,0.004023309264619586,0.00385724378839438
neuron_2354_count,0.15660492057587433,0.042198940834788035,0.012903435169466904,0.032995347731415464,0.008090275125276797,0.015224200935526316,0.04995005609658151,0.03553102260607051,0.04778841636939421,0.022170570269721704
neuron_2355_count,0.049035447923986314,0.17311839181243613,0.002527441777745165,0.03574775246345187,0.020320698979717,0.009979909365653988,0.011409521956719654,0.009391514938299234,0.007516658332607139,0.01142123632368609
neuron_2356_count,0.09639532212848265,0.16768501556369386,0.01934348318809169,0.026991854948803087,0.02700269308132744,0.02809708682955328,0.02062126906055667,0.06707815386161864,0.01692411794945406,0.03608484749813057
neuron_2357_count,0.04719021610340231,0.016640478743227903,0.0002879784455311115,0.014437430374001782,8.341970923888588e-05,0.020557114605813026,0.09205853210566216,0.024714416899925665,0.009002306601109449,0.013151402005504007
neuron_2358_count,0.02834236389794826,0.30389419443510457,0.014773814878360686,0.020158947554090645,0.02552215723866516,0.02637620262643764,0.002331941921210414,0.02889446058618879,0.003280450607375177,0.01880225332114202
neuron_2359_count,0.054704900679038854,0.6280230218943839,0.04235267711387168,0.04593462146564162,0.032387208433256195,0.03129736501862394,0.024100781383404407,0.0076325183766605366,0.02338870990998397,0.011317134221589625
neuron_2360_count,0.015499114277513434,0.21831005195906142,0.024108686836391835,0.010701129738810905,0.038167133676532364,0.02241237267113351,0.008621641475278954,0.020431234464843503,0.006725623137323521,0.015010949962918924
neuron_2361_count,0.04391911599227724,0.3798829239704717,0.01569671923388334,0.024684773806671043,0.033016096963373834,0.03726106386656447,0.0063148461490723715,0.023753410648136727,0.0011401649986166034,0.00977571226146633
neuron_2362_count,0.04063822635796947,0.14357656259146745,0.017204141459001232,0.030271036947186913,0.009046535993001856,0.04059454054348374,0.03931562766184571,0.03198396537701295,0.01930514082034064,0.013004182055195934
neuron_2363_count,0.01390354257001708,0.00038279522704546924,0.0039187422798566025,0.009365110802711796,0.0044386081255976505,0.019962574540442243,0.006857757510954077,0.01869631788780772,0.005410873568939975,0.004744013675965721
neuron_2364_count,0.056286521422756974,0.06070386156820698,0.007875640495508443,0.0036298629739854246,0.0040555663889312935,0.026882626537686402,0.05944876607241145,0.0045757179873343115,0.013215151153401966,0.005243876256921848
neuron_2365_count,0.06551125704266575,0.09146308817826898,0.0030944495737250527,0.0037109215784293884,0.01163332070450155,0.020008454205629952,0.0014203596211488437,0.0006610930051814835,2.4110130837021702e-05,0.001859182430931243
neuron_2366_count,0.10432147742917225,0.37772258675284864,0.017520247086477342,0.01037423737443946,0.026328963408340164,0.049008594148908735,0.01255860018882378,0.007044182887442563,0.0030165003950112304,0.013550520640845881
neuron_2367_count,0.30249621148722505,0.6100102499002048,0.003753588887048416,0.00998269342571935,0.060964721545710546,0.0849005693752215,0.008667547912143189,0.030137093084845204,0.006814026400378273,0.02969689238665173
neuron_2368_count,0.35392308440627956,0.8746844964971305,0.09725933579750137,0.10840155574407781,0.16798314398674968,0.027526296095877825,0.07702257308338227,0.025168954754387296,0.07995838914661077,0.08876873007553315
neuron_2369_count,0.1336711829698278,0.7764641503556861,0.12381405917664007,0.01890897680455629,0.10096414692593891,0.026876941604767796,0.05713180832578359,0.010476123609065191,0.02886544806641498,0.13437404077765322
neuron_2370_count,0.3261975769832997,1.075952376518044,0.08443277123962764,0.05187509111181221,0.16755106486548732,0.043504382312155324,0.12650482751102407,0.009005256492962271,0.05940006383076078,0.12508097144332647
neuron_2371_count,0.27359664173913445,0.7017272908338771,0.046114657697267886,0.025293417369209356,0.10994514025535021,0.020762520226767025,0.10044857253980966,0.0395329391372142,0.04692996636526009,0.05605220723114484
neuron_2372_count,0.09538324266500359,0.6640199090602271,0.061913847179863375,0.03607230081623591,0.10075091440818623,0.016372839217194884,0.06900539459014854,2.7146666122536607e-05,0.017173438028686695,0.15385340784169682
neuron_2373_count,0.3342446986782939,1.086230744823192,0.10374153213617353,0.04821321387809159,0.14095512080992537,0.03377135418693217,0.08227045157368391,0.021321178338280903,0.06841349178253386,0.11145883300898518
neuron_2374_count,0.39603490068815916,0.854978272650347,0.07121023879861949,0.0667373468627318,0.12689650657145082,0.0285382381547465,0.08746273014759912,0.024509911487266056,0.04970377302758701,0.09814462217886143
neuron_2375_count,0.25062654601795326,0.828148673335615,0.07056286954258731,0.04247767071337591,0.1094635515658924,0.018421135435215178,0.058242560499932476,0.015125063761982034,0.04017775714738234,0.10726624479438421
neuron_2376_count,0.41574575024538474,0.6976883355290764,0.03169173253000647,0.03626099179968942,0.09414648437957879,0.04297939918017583,0.09849905308519807,0.08936674702504645,0.04875273271853092,0.045106774042393084
neuron_2377_count,0.3634146909971074,0.4902316766905934,0.014770823050395551,0.057107715886681606,0.08640488810877064,0.025828254866508082,0.09936547230617718,0.08021404369144808,0.033770524491928,0.04422505374522008
neuron_2378_count,0.34793840509620616,0.7103048294958009,0.00717240348189984,0.04252787279965689,0.11270849484911227,0.03718229209297268,0.09966948209143928,0.120316575150065,0.046812165621640575,0.054172077972121216
neuron_2379_count,0.32867655425418857,0.83262233632251,0.024678403598389173,0.04838852644550784,0.11815496976018819,0.032152982378475525,0.08882735866667042,0.04694054619235932,0.048785608245415335,0.07925854064616751
neuron_2380_count,0.29310650653633896,0.6817071202891434,0.020391694513825123,0.042689285329711474,0.08445951537657766,0.041563407328229385,0.11233514647495724,0.12869469720878332,0.050257327411937114,0.04095422739948802
neuron_2381_count,0.4264238893947717,0.6207367393865446,0.03830336068632895,0.0223038907728091,0.04882281415220478,0.04693647461191611,0.09962741401848463,0.12870371929636296,0.04259026667785823,0.04535180137434648
neuron_2382_count,0.3434263046404485,0.7934619155828405,0.01124983656674778,0.03466128107899796,0.07288220147313237,0.025533490280886223,0.0921930887800815,0.08328665527721188,0.03474701461753693,0.022020711254483273
neuron_2383_count,0.22045400335645232,0.5375365416376836,0.018305636461234363,0.01570682129059245,0.04413615425300291,0.057825712520842495,0.12606149354034116,0.18112157333653947,0.048316907514983215,0.03209819785329865
neuron_2384_count,0.31594809067343693,0.7569914912065352,0.029289654346264384,0.0268621087789766,0.05110874483375273,0.054058186872848774,0.14533420400907107,0.11664254647815261,0.08625537540048299,0.04886921381552227
neuron_2385_count,0.2711374298669333,0.6585978318872338,0.024903537562546228,0.026852039490556492,0.05145914634699122,0.05840770885035182,0.10512891876207942,0.07867103208462439,0.06475236267163537,0.036995536067064266
neuron_2386_count,0.1319233754699671,0.609720069608956,0.015322539039677396,0.037544476942935695,0.1308159984594059,0.027434193313461475,0.09397722069522055,0.07518481229773086,0.03014582817184254,0.05689046784808231
neuron_2387_count,0.1738713265426085,0.5893941966071302,0.011466236143192868,0.01901754149600568,0.05137534679788293,0.04529089564689341,0.10316247406283433,0.11103075009334415,0.059504599538922745,0.025691657096139735
neuron_2388_count,0.1653708423987985,0.48501310579419205,0.019892817548672632,0.029095476992540656,0.055704636575218305,0.044485037194790814,0.14696933478526297,0.1833472701998858,0.06494004785936255,0.027620271219746056
neuron_2389_count,0.11807158570406723,0.7735173152115034,0.027636660685946224,0.03074495772771424,0.05563461988665214,0.036529420835220525,0.1315329768577942,0.0413702976359501,0.04562600814428866,0.07449549299906669
neuron_2390_count,0.04218309798261928,0.38008420963888395,0.006431900602867267,0.008596957712636175,0.018878056020835615,0.032000601266070725,0.09919242247907539,0.09258751192002249,0.06088643571113164,0.02196724333904375
neuron_2391_count,0.06759260880106424,0.2560214953335971,0.022118824314297916,0.015297126812668788,0.012739509430537579,0.015276290587762538,0.09460526709196823,0.2025096089578622,0.08757514481269699,0.013609126991996404
neuron_2392_count,0.06139720888637987,0.48296735504292143,0.00739432198738426,0.02161830348815917,0.057369559581340684,0.019568787834080684,0.09824140896707731,0.09191877767029072,0.058243334314713624,0.043331098582690825
neuron_2393_count,0.012252238378253316,0.3533060851264305,0.013416419706930999,0.006277102090976601,0.024188016305027288,0.03261090780871666,0.1961603596988027,0.16864690733572366,0.11248792238567018,0.019147122702371303
neuron_2394_count,0.03544633798039991,0.39067803946002283,0.011208508710046198,0.0096109434800477,0.040427200812159905,0.02937004651293561,0.13364516614428712,0.07527073387868682,0.07304765459713945,0.07523255122989045
neuron_2395_count,0.01994808269940017,0.2568988659145236,0.01679791050619974,0.006751582905144091,0.04536863718736747,0.017978577875888947,0.12109163765091638,0.051993163976068534,0.08157236888817422,0.0622114759713665
neuron_2396_count,0.006216834777085178,0.16420699758322047,0.0012652295988669748,0.004304872263655255,0.03633000369014714,0.017940907027900986,0.07211143631211908,0.06670030851276576,0.06716147040932716,0.05276271284048059
neuron_2397_count,0.026083019624303788,0.10803172198732183,0.008727386425042435,0.004643032406889012,0.01604675772972644,0.012382578865164492,0.07221436831023112,0.03829146886087668,0.0391676025835177,0.047098300679655467
neuron_2398_count,0.07238726737329049,0.0896682019352399,0.0076123527011105335,0.003418692574707972,0.0036515796575669404,0.007289442703558472,0.11335040366430604,0.05850572414376232,0.060419088310290664,0.02375396266921885
neuron_2399_count,0.020369165868265232,0.2671189445653758,0.013968084472258377,0.003754093041881044,0.043393069741696266,0.008796304498276215,0.12969611815084284,0.0537626219256912,0.04813653206262192,0.09244379601634392
neuron_2400_count,0.05824595172782174,0.1513517746460485,0.004031078405114442,0.003291668333483702,0.012754179129523202,0.007414954027658724,0.07719233734894501,0.03876071947500995,0.06580102349197736,0.04684771373370278
neuron_2401_count,0.10773371041721713,0.050696208506744,0.0034318887461681352,0.004654398284201007,0.018037265748629044,0.0002486051546535797,0.04088789446549024,0.03163977297718615,0.057709587236295656,0.052192170754676914
neuron_2402_count,0.02927482742080202,0.07000529346427634,0.0021787813343635432,0.0033172141639745897,0.003372619350438519,0.008564673405992526,0.03206710994719737,0.07189324984056256,0.0821001981607922,0.01467673286147092
neuron_2403_count,0.12000517297951004,0.025094059485206037,0.009067870880582862,0.003251807812749835,0.02472830962248492,0.0022784365438429793,0.037142982551148424,0.011603332522942912,0.0316005306620252,0.054338805857219674
neuron_2404_count,0.08121847883616498,0.03065447274003172,0.0060281943709346725,0.003717067788062593,0.0010252353252082364,0.0011226468074959813,0.043163124477830245,0.034833563605173354,0.07951328067790556,0.008032869769195546
neuron_2405_count,0.15945237844808557,0.0047310926598965325,0.009875688328128789,0.00832918462285841,0.005346468912844335,0.002173281070475517,0.009038721080190867,0.0007996354734035108,0.03057425577512382,0.046753695235529816
neuron_2406_count,0.14270759549562362,0.01488539356255203,0.009249599200561724,0.0009498749068137841,0.0010626118899512132,0.0069976856044309255,0.004111647456647407,0.0051828682456347315,0.034753161657393894,0.04817019575670203
neuron_2407_count,0.23590816906408738,0.019141119760053733,0.008631745683718148,0.009380375162612363,0.032941233049697,0.00893672851837915,0.004884658030598916,0.006716037031213082,0.03141824698319303,0.0792085508671782
neuron_2408_count,0.1663055742592177,0.0190859145109072,0.005783121435750852,0.011749518072837022,0.017270304883507323,0.007928388559170482,0.013945955816041702,0.006757968454613478,0.02242818229263356,0.020295671083315592
neuron_2409_count,0.079902204941039,0.04598881191711604,0.007908918035412105,0.019034299688963197,0.003742906493177642,8.846409469520449e-05,0.004446924138417567,0.021775362094703307,0.03293306229559434,0.02394160601555695
neuron_2410_count,0.12299426965734547,0.0032130850118750106,0.002210547138354847,0.013023263463809595,0.0018078714828070387,0.004483126200172549,0.004687981859341647,0.007009662522457133,0.04631346775065531,0.008441934913290969
neuron_2411_count,0.2209259708914213,0.010839018996858872,0.00042262038778855763,0.007275012369403824,0.001549462870155738,0.008432395431974368,9.073765463766224e-05,0.008061847222927097,0.024100058304003552,0.021925787569322966
neuron_2412_count,0.08533417895599094,0.04416000214625401,0.0014380379425373638,0.015432787830152894,0.004409890135464152,0.0015780186232206873,0.0049167414034306245,0.003886192241801226,0.0362452498269258,0.006294027532853571
neuron_2413_count,0.13939207142796367,0.030955838769766195,0.0025202167313758683,0.024839550186136428,0.005713035714949712,0.0016910548826767277,0.0022048281651967363,0.008618144593360293,0.02719295312987241,0.01035406430935764
neuron_2414_count,0.06858896169563361,0.04871038003495348,0.0003496331265985101,0.03129315127294399,0.007034010188367343,0.0017980804553817675,0.0015633049699472698,0.0037265805481256978,0.03301634109084253,0.007650127811353623
neuron_2415_count,0.08007264685456744,0.09279601301579507,0.006826211231080154,0.02410655790914326,0.025363899207265256,0.028091562789042332,0.0015478627703241626,0.02097633557844382,0.034730369000943714,0.026074972949866604
neuron_2416_count,0.11108013617141133,0.10515751377065288,0.0037780158938272475,0.033904911162187856,0.009929569339189578,0.006493842552306617,0.00015034601447562208,0.022422017161722888,0.020269394916175146,0.011586205426388246
neuron_2417_count,0.2012154885159511,0.05365104234969009,0.0023160157056603577,0.010766807174239466,0.047242429219347334,0.01654009995176034,0.0018513574521860053,0.051517017782623714,0.020422681195278167,0.03445021489996733
neuron_2418_count,0.16094371307370522,0.027559158397812256,0.002281312914887902,0.01888121818886445,0.013786126430005582,0.016549675327498237,0.013658188973421248,0.03500343226735135,0.012568853138621508,0.014372512597137274
neuron_2419_count,0.08748326484216207,0.20649663367993032,0.01652898737645926,0.03775545117294141,0.02079618423885375,0.014113914290986906,0.0014386976938105048,0.03045597269085716,0.010643555581185363,0.017169895636203872
neuron_2420_count,0.01652621604842706,0.24675589359928465,0.015065388844096722,0.03424154860810351,0.0053081015982705815,0.0032119234604916294,0.0014275241459812613,0.00696683781276225,0.007368867309945515,0.0092382264391501
neuron_2421_count,0.024510336555569508,0.11047066378580865,0.016855044863360688,0.011768261601580537,0.014456526930654807,0.010202105132437973,0.0010009369418742357,0.005426389425672699,0.006177926993839941,0.007182256151340721
neuron_2422_count,0.014999989980880497,0.005059775927720132,0.005738264600326677,0.002125281641796583,0.000399816589948955,0.017464904849716502,0.06955301264350558,0.02964314408909348,0.014251920268353313,0.00558584974006784
neuron_2423_count,0.026296643711454855,0.22091159398529653,0.015097143856950546,0.02598195149310903,0.01876315641589915,0.017776357922971275,0.0006629444464694564,0.014106205895061771,0.0040528553312749824,0.013528319483737505
neuron_2424_count,0.02677668146572359,0.1246926312577574,0.010073111637111942,0.010940368231680472,0.0077782912051665085,0.011612134240149938,0.001008213237299542,0.012413835579662136,0.0028620166071741185,0.00895079144990965
neuron_2425_count,0.022129153613792342,0.18010334424562444,0.011214368542693337,0.021789184246495952,0.018297585667443772,0.03023206894747174,0.00831341290442808,0.02281189732423769,0.003043335515692805,0.019079720431053812
neuron_2426_count,0.03593312655361139,0.33071925350462694,0.013856021306118155,0.03404814315295772,0.005721390719665353,0.010824883203297234,0.04517443271863632,0.000788940137080146,0.0015412996521374685,0.008372929382333858
neuron_2427_count,0.07960158989722602,0.4488766837804424,0.011272983221537719,0.021072080212793304,0.024170529363282504,0.013993843174486459,0.022976370827296005,0.003961405245017029,0.00663126009387674,0.008880447148669092
neuron_2428_count,0.08428731025686764,0.719414477412284,0.027173103165962012,0.042435106434914285,0.034373181305702744,0.04298284497785704,0.035045558738464475,0.013666049830642707,0.009759635393694751,0.024856801046601533
neuron_2429_count,0.2374094714373462,0.8203414843522839,0.04680207503208389,0.028746267266333014,0.036334397752061764,0.04975127877797364,0.08122679669288801,0.004524362790345699,0.005363806338294147,0.011873805263088691
neuron_2430_count,0.15415733155842387,0.5484387836888507,0.012936471280564445,0.02518442284129025,0.027696145401720274,0.05134700467518155,0.08029091428174791,0.008025077636070544,0.01152838440464142,0.013134778464714603
neuron_2431_count,0.08490328681422588,0.3469876360729784,0.0035814431541020125,0.006689496626939198,0.04088854683602609,0.04446612210399006,0.010255551183605938,0.017254344879702968,0.004485921892634352,0.006795623296567178
neuron_2432_count,0.1278880701336359,1.052500378393819,0.07859220393325872,0.030663635363905928,0.1348409428557884,0.03151224350574249,0.10113696396236369,0.002395787004678584,0.02059210039761375,0.1637268766965647
neuron_2433_count,0.14055447876487723,0.9112468632632142,0.07209007104102291,0.048451043091366955,0.18165829129993477,0.03681554036860829,0.09896093226597004,0.00022618689635326567,0.03419038907076648,0.1716747351137787
neuron_2434_count,0.27405455244824445,1.029517211040405,0.15154700437613602,0.059265316106094784,0.15941458811636938,0.02949870026733563,0.10444453681144499,0.007082253586265717,0.05086698921271243,0.14858953149048892
neuron_2435_count,0.14549204824023804,0.8762726485618169,0.054747722383431924,0.035451405410391754,0.14428175952539282,0.027614481283162316,0.10981831747528242,0.0041083542144689685,0.054583405794333,0.15209469397589556
neuron_2436_count,0.19419586526660199,0.90064880125202,0.030580476635381805,0.02520665339494854,0.12936475691346366,0.04085154189690457,0.10910576119979154,0.006298206963203691,0.04901798581216687,0.10264196959864672
neuron_2437_count,0.16679116272889236,0.6226625006082351,0.04528603616044381,0.01542310664967847,0.07202270413482298,0.027764315552372038,0.06738522959348953,0.02370565150549929,0.04548243348104533,0.0556081361161304
neuron_2438_count,0.39960349160399583,0.9685729644062027,0.06363523047048272,0.06673952484114025,0.1793008763125329,0.030470096078087254,0.10065052694855292,0.007570008886560557,0.07540701706444256,0.12485498202013118
neuron_2439_count,0.3540406957353284,0.6486423618654231,0.02407301062022585,0.030805808235183335,0.06343555339896184,0.014940991296144944,0.06749801684060172,0.038325890542360075,0.03291178467758838,0.04849154901047764
neuron_2440_count,0.39634748022548394,0.8288519298290966,0.04359668263223117,0.0614904418353904,0.12404961428821923,0.024248787482355157,0.1049221507798691,0.06457452565340122,0.044231235255370364,0.06621829756235584
neuron_2441_count,0.3388857488881829,0.4154334076711895,0.007088772731770256,0.04027423185605457,0.08714103779652642,0.027586209658358538,0.10417810289580118,0.17243548466163988,0.029645304556594476,0.047919618838160816
neuron_2442_count,0.5022371958393974,0.7913139953455208,0.025980707895331762,0.02750076656276676,0.11571521974228782,0.05871326868685651,0.14699364875687213,0.14747565762753315,0.04974579053605957,0.061009878649016955
neuron_2443_count,0.3630921140082947,0.6909375045204157,0.024342497082005213,0.03013045574111789,0.06503064260451252,0.03639543959752879,0.09739833748042061,0.08812767853657774,0.04685829088045959,0.03337207603318308
neuron_2444_count,0.3682722668373788,0.7541337405666034,0.01625837293067695,0.04907061663773951,0.0853874407397334,0.057685771006139835,0.11503627906386305,0.15344259573690228,0.037822754358496885,0.02635506878066063
neuron_2445_count,0.3497447507806515,0.7868453765611803,0.01234072011315449,0.03125517720918897,0.06467150172218777,0.06978289911979385,0.11893041152871431,0.1854698440593282,0.04726833782607334,0.021590192021606024
neuron_2446_count,0.420350834531073,0.6748707948035068,0.024044799713527583,0.038005585273249654,0.03907108931338099,0.05935791235253532,0.12575057245146098,0.12965434456888253,0.047481740665824154,0.03764218899602683
neuron_2447_count,0.2872456609071718,0.6481997051604667,0.04028094575971026,0.022452247355923355,0.048727063671926835,0.05356631700050908,0.15645573212052416,0.16981416592595058,0.0741841570865395,0.054938636422472584
neuron_2448_count,0.23638924688585078,0.5665249757260529,0.029190687433398275,0.024310378689322287,0.04280842317223192,0.06667005587600555,0.10725679954301837,0.17139561472326797,0.0828045608388397,0.03769218952064162
neuron_2449_count,0.1073829272876543,0.46787923080401383,0.010266136036159293,0.0473078396000042,0.09359533359390584,0.016701150355009596,0.13475741385924048,0.11860543545739693,0.04971138978694886,0.03844886595443987
neuron_2450_count,0.1572539568670948,0.4618494915446203,0.009078648805890321,0.02560701896666437,0.03991074619154056,0.029630158156223038,0.10143909616864766,0.12619474526972085,0.0659574520111619,0.013293897608997005
neuron_2451_count,0.08698326393164602,0.5695003223424695,0.011337409408942609,0.03169369025229196,0.10602729702894836,0.0377283978810177,0.11971161344934672,0.12684851263107966,0.03145239814511373,0.07032152211022019
neuron_2452_count,0.10222753971962625,0.47945161135202136,0.018978257437392225,0.0060742221705847935,0.028464844371259956,0.03566146657711183,0.12195250835698629,0.12093405592771164,0.06491724722056225,0.01846115110469143
neuron_2453_count,0.050690025248145254,0.5383753725878606,0.039246307258530025,0.02048750090236652,0.07070611018297777,0.028315774388454493,0.21631573141985522,0.09128784291662112,0.05662822331792741,0.0512652562433103
neuron_2454_count,0.020960099022702752,0.26276892527851237,0.0069310845225676945,0.00762328359116031,0.014180242064466823,0.028367817201434484,0.08644918659337006,0.09165064584766738,0.04827741591062269,0.025316595364203665
neuron_2455_count,0.02163995778986781,0.520889974852532,0.0179880940025427,0.003732069211027568,0.05510700421309234,0.037239857257114706,0.10407535517653838,0.053550678620704006,0.05903800885121013,0.08139754422172055
neuron_2456_count,0.05138592524598275,0.5911686121949568,0.02956638490693561,0.011104941179863596,0.08019837501045764,0.03779063278027322,0.15818217902697607,0.04516996645376499,0.09134162075170699,0.058141633237006045
neuron_2457_count,0.025699437144785786,0.42117229014305374,0.002302575012882599,0.003688470480611796,0.03012420690673749,0.022662569453238718,0.0870293015875839,0.04804692656874657,0.05452705798704402,0.02611647915096786
neuron_2458_count,0.015844406550558132,0.42547905355538834,0.016351690386582365,0.008123422422330273,0.0676577749413694,0.03349156977120732,0.1253790880088914,0.016172315795542742,0.054718662810081586,0.08683086531783285
neuron_2459_count,0.005365169290244859,0.3308318229576223,0.023235122321697527,0.009555976543039045,0.0585415639559657,0.016710179088822982,0.15592670095512218,0.07797152603551147,0.03976250712226036,0.06376995610798175
neuron_2460_count,0.01915829712149198,0.11604864650129866,0.011140606947881486,0.00394497110253831,0.014615518542917687,0.008693169819450303,0.0926200824982778,0.07254502458373613,0.05070147908271529,0.028252678496118483
neuron_2461_count,0.017631827373220985,0.1603114117174418,0.007396167664617308,0.0006725799884245449,0.023885240604226622,0.011051553435969098,0.11470988814634733,0.07926634073303088,0.04130829623330336,0.05716963516560579
neuron_2462_count,0.0033554246316012705,0.15048103697732035,0.011291498917456816,0.0023387080533658986,0.010901129321676844,0.015549618926461017,0.11037932972873671,0.05236721246607179,0.038446060212093396,0.03527506257379383
neuron_2463_count,0.03839023345168857,0.2460997639581889,0.0057388560518213325,0.005820625956849379,0.01788372013010775,0.008354742767557904,0.10669533982526017,0.023308431006704516,0.06335433478339339,0.042418008355088604
neuron_2464_count,0.05542359596860283,0.0846283307270166,0.014733418177771521,0.0017536947036621182,0.013103669794658258,0.006831502495144481,0.10660863805706286,0.08762793664233001,0.06646550622596534,0.02310408821597411
neuron_2465_count,0.05485409637252667,0.036845547569837045,0.014194063962971182,0.0005408634736005606,0.00790117663080192,0.0013097081261611056,0.05322497008992472,0.06735229655898978,0.06501641694011717,0.01156614685702885
neuron_2466_count,0.030451875162836484,0.036346955703872544,0.001350212145094537,0.010643470229246985,0.006356020284719134,0.009317490635840572,0.022380980090695904,0.016959338566648705,0.05216975088311021,0.001024370303971931
neuron_2467_count,0.0749511643083316,0.031952628935630945,0.006004432534955667,0.013115609964864355,0.004520631631805574,0.0014390103480672913,0.016444981258827013,0.011081520102611916,0.05502047015488476,0.0023930789725637135
neuron_2468_count,0.1913911120659697,0.022812388629622538,0.015183096028686612,0.008086047173313387,0.011653994642819347,0.0035674648090322364,0.0349618802190729,0.016943714790947126,0.05927755486683543,0.04425884136283584
neuron_2469_count,0.03347048411669584,0.03634784718958162,0.003645746752107673,0.005981165471411219,0.0026650692968707007,0.0009787356761886985,0.016880164850593737,0.014811974760333066,0.07309665138197785,0.001250231075526475
neuron_2470_count,0.09999957213550761,0.029358898255906735,0.007234730330608481,0.004310002724085098,0.038327226358499444,0.005998944045072993,0.02533162500133522,0.02711035039151768,0.0264325349122008,0.050838463218994046
neuron_2471_count,0.1419346939086863,0.005671042430954343,0.012021771789240762,0.00772738092292424,0.011079856253710892,0.011479303949587912,0.01080497796769847,0.006226183869227957,0.018502584698058565,0.03246966374857267
neuron_2472_count,0.05282256666094508,0.07747310800130291,0.002993410446956205,0.002513889428582213,0.011562988250055077,0.00221485914119339,0.03414492372230275,0.008951350310414483,0.041617063698816306,0.028578828333968492
neuron_2473_count,0.18031317807488287,0.010330367792201381,0.00279626335167164,0.0206605188259968,0.012084541426616784,0.0029644718006680906,0.005488435473380186,0.004249862275582659,0.04576598900730158,0.016348051640348665
neuron_2474_count,0.15584390518013322,0.01428240884714272,0.0032278032142413187,0.015791494826012838,0.006291875300030968,0.007958727387245165,0.00431397921865017,0.0023837871400541367,0.03555461331245466,0.0017042594951925945
neuron_2475_count,0.2043396359504696,0.01746398074998158,0.001864059023902357,0.012062615835936472,0.007324316670491306,0.0006444361729146956,0.0030519320000945253,0.006783462550329161,0.03140007273226306,0.022203287864176385
neuron_2476_count,0.23174374830618652,0.004604220502353207,0.009673273582877576,0.01833156004209302,0.009610595641030735,0.013683178836895765,0.00785300039431195,0.00883225868566475,0.0210855775177151,0.021751679359781603
neuron_2477_count,0.0978799362996193,0.042037887969030685,0.0001090401204492681,0.02175926131711188,0.008909172809621134,0.0035491147294572922,0.009986372420245526,0.00761738197661857,0.04126332947454428,0.018405106276270358
neuron_2478_count,0.07402029877394414,0.0782569762463737,0.004070619382067181,0.008193478089664571,0.007231915311769421,0.004423448083046733,0.003190601383679114,0.022241270770493413,0.02417955623018206,0.024516259667140564
neuron_2479_count,0.10210530898904988,0.06152919999684117,0.0034308386186885573,0.023267583054363467,0.010524149133849803,0.006611168188185301,0.001584975306263784,0.015238318533347728,0.029141438326278107,0.017576873764457407
neuron_2480_count,0.15037710543741273,0.12020280448051332,0.004924746617404503,0.03192172565761678,0.022162642840403757,0.008271258904247222,0.0009736613330585241,0.028261375175161862,0.016412310614560097,0.025983615495971515
neuron_2481_count,0.0671813352147366,0.18285774003732003,0.01622337001941769,0.03907498498702641,0.018580835265391962,0.01620635903082375,0.0009320930819621404,0.009210436726046406,0.025096428130876813,0.012192510941059317
neuron_2482_count,0.13870595185915113,0.10866096037114506,0.01700203971185149,0.017340618335400654,0.029621662768718082,0.011243144674786404,0.0023902078196941443,0.03431717793632691,0.016708600895721043,0.026508375032497727
neuron_2483_count,0.2663901532109147,0.019833520783658923,0.011893656152176746,0.01362122910328259,0.028896492045789868,0.01926750628181355,0.013766080971450684,0.02463154636993385,0.03571212473162591,0.022850470413464066
neuron_2484_count,0.0297059433248342,0.34211733677701844,0.0095666099512412,0.03481248476653945,0.03941046777628765,0.017913124979639705,0.005673247841023174,0.03430603741730738,0.014477985295527726,0.031416588410965424
neuron_2485_count,0.033947679797396435,0.018486604704495535,0.002260909192309847,0.006533666823977699,0.0159787436748645,0.022722115103956275,0.0037864408663587784,0.009024149859415735,0.002066266229147861,0.004390927486971974
neuron_2486_count,0.03579057115661148,0.3562946179997506,0.013913164170535522,0.03029215826667235,0.027085879132210708,0.023173592334146287,0.05297314588222554,0.004405961928939817,0.0036033278596602977,0.010744111551183731
neuron_2487_count,0.06825107832790929,0.012184185934884288,0.006171732524797503,0.007213971070824714,0.015071438151391878,0.038015690128825816,0.04177141714491024,0.03731366281969406,0.010452372743055001,0.008778712175762704
neuron_2488_count,0.11489040818833117,0.1257108437332401,0.007736673562876974,0.008342119573514148,0.033997240406688875,0.03321243273908446,0.0013957618420471357,0.036661137154441165,0.01568786506280187,0.027218104324884508
neuron_2489_count,0.011519283315092554,0.022556521601813137,0.001983636662187014,0.010069771756695614,0.0034384304963191448,0.011109551881030369,0.006986463792563728,0.0024428442274053233,0.002498029908553273,0.0003364066050602775
neuron_2490_count,0.00807207681688775,0.20473190331159558,0.004546031477063936,0.018294214237795273,0.029839745637778428,0.03381107013827522,0.002147079681190475,0.019497314999464152,0.0026330961557766187,0.02881758009175945
neuron_2491_count,0.026354140054777736,0.2430188858947779,0.005233454266059222,0.004608973776593011,0.017268792832730695,0.0261136182726404,0.0069060368663767455,0.019344248941563447,0.0018878036899910577,0.00653054771366831
neuron_2492_count,0.1883153348850548,0.8083797017040759,0.02139835759246661,0.02738005856434151,0.04486343771274352,0.03900069173018647,0.09770722806417914,0.009967271565629043,0.014556682926029317,0.016928285639134292
neuron_2493_count,0.042737400197891906,0.3176197571319616,0.01833064602577318,0.004412386853101994,0.04001960166697198,0.04042684088723654,0.009257764697462735,0.009493514485787419,0.020338868106531904,0.008122656497532748
neuron_2494_count,0.04624169535292885,0.1663994397630679,0.007830927469406779,0.0004762864265257646,0.024658400411124826,0.05800725200721629,0.02914435075985347,0.022345912153750383,0.015539197119627243,0.011355350226485816
neuron_2495_count,0.012034948172879596,0.0012140955218646506,0.0026728811816161754,0.008878143840980554,0.007167514287254331,0.007721090920564465,0.0007709168384399945,0.001052774478961474,0.00035447377880863315,5.498779671290251e-06
neuron_2496_count,0.35419178151121555,0.740309418660721,0.046101814469221666,0.07555726265827004,0.11949641822557733,0.03611063481450133,0.05298941304967726,0.018693769765642652,0.07810614948554911,0.05169687175394111
neuron_2497_count,0.4368779971316359,0.7758452353263923,0.02571825461026401,0.04090507871271941,0.07793474825753033,0.04203755773633651,0.06744255041726581,0.048819231559701984,0.0670306955601799,0.028435101760820355
neuron_2498_count,0.216523248673719,0.5177626386142837,0.017352823207479127,0.01759443632440405,0.06455616450151094,0.02273299809286743,0.047427209979007914,0.02910674689540027,0.03301068324891297,0.0235611596223928
neuron_2499_count,0.5915747603228885,0.7849762570644266,0.024470422150428092,0.055885970242851246,0.06190173464257913,0.03718513947586432,0.07903269844809784,0.08308145061718686,0.08312581264727133,0.02155654174630551
neuron_2500_count,0.21579197988637547,0.7183197576293625,0.028472974296468438,0.021731950600523305,0.0999707258343735,0.04065833148651817,0.10003077924029385,0.045398846865999036,0.038210888623864125,0.08463530907139113
neuron_2501_count,0.06495978058091569,0.5528548918979558,0.04206131538390666,0.029191814347433558,0.10474978684552201,0.016824084373319895,0.07311174555715938,0.0187113690105051,0.01620417736928556,0.10751796536081384
neuron_2502_count,0.2866398627621978,0.756152700252712,0.05431322416194244,0.02579398489452904,0.07570758988371323,0.024755117153283497,0.07862824290436085,0.027674142705086238,0.03403444850160039,0.06687588907118719
neuron_2503_count,0.4013601419573201,0.7591566164711566,0.04275945118895663,0.03758754509303919,0.07607449460323351,0.03588687059541019,0.0734787306480806,0.05011121918985739,0.04339428221634865,0.05225849542357444
neuron_2504_count,0.40512708432031863,0.6511893233089544,0.028768182211001074,0.020018918673624403,0.05017284204498188,0.02117382403575968,0.07413049159114093,0.06810116177236053,0.033800586022804696,0.037281939166435615
neuron_2505_count,0.5618795690067684,0.8489864223798791,0.020450021711448416,0.054944814282206156,0.06258133390836096,0.04830461509804421,0.12772555240601247,0.12317127846064602,0.05413955694687834,0.04920833370181542
neuron_2506_count,0.4300078686556809,0.7007724243705814,0.04757991060992081,0.032217145684530046,0.06274471117516334,0.0320695523101943,0.07721214374818244,0.0634176264443817,0.0388344550905769,0.042274476014368054
neuron_2507_count,0.34347436856732505,0.7791728855408078,0.014476895125012205,0.04700514243248974,0.11280176962545674,0.043045465121411386,0.12982660955246023,0.14166054582027265,0.03930002816898755,0.05062987840752271
neuron_2508_count,0.5332935085460544,0.7283877759253881,0.02379587073927893,0.02844897949763041,0.031582983899242564,0.05407673022976739,0.090669467961569,0.09679255397769526,0.026961732295689416,0.04068065659495951
neuron_2509_count,0.33745219956886807,0.6219126396122718,0.022658371173573937,0.031843266928789624,0.07111285186335722,0.054235434790335074,0.12986012906722208,0.15697055827965659,0.05340193591545252,0.05815071220261164
neuron_2510_count,0.3784497083078083,0.7586990813007809,0.010192311954459382,0.055153950223032044,0.12569176003370397,0.05615135684416235,0.12171338335823519,0.10980731197089721,0.03904096496514533,0.05291565377710839
neuron_2511_count,0.3786073620232366,0.7098556200430034,0.014448582111948981,0.030589361469534962,0.03489446380314562,0.0683787903528324,0.12080273554236826,0.11968952331244637,0.04993850966087021,0.031067321635368357
neuron_2512_count,0.2976649231554121,0.506201084400745,0.01498457041309702,0.056163539379675415,0.050120188810159456,0.025934207270207028,0.12255180405646132,0.11538239756715393,0.04478110496725413,0.02326497763238546
neuron_2513_count,0.14279846068294524,0.2991160167016934,0.09364500579070217,0.012007429099854139,0.013427741383417562,0.022669215167268095,0.12240897058278141,0.24000515653895363,0.08392892344449407,0.030574174687626715
neuron_2514_count,0.22405589270605802,0.6306256762370879,0.01125907594261363,0.04799935004195943,0.10201120551863246,0.021673151696812408,0.14448369459575372,0.15641374237950534,0.04573719567536655,0.03314117382515468
neuron_2515_count,0.17452356444427516,0.507711744847577,0.026045764589383,0.05915944983534241,0.10343901310586318,0.017551792942908866,0.1556952726521727,0.22202396377533895,0.07097888370872685,0.027354947613245736
neuron_2516_count,0.20625643007346048,0.5995912317686697,0.013716025077647378,0.03547858028516346,0.08352525618527662,0.05967025268741838,0.1447812261370205,0.1761566935900217,0.048348079470789944,0.034772034597532434
neuron_2517_count,0.04739513426596359,0.3340909356613787,0.018881501562443857,0.026268755754861053,0.072129142243409,0.023450655621202375,0.14157955371105854,0.25224801738893077,0.03909605069018185,0.025633937706511165
neuron_2518_count,0.05148141927906297,0.3833592320215551,0.005626979241480978,0.014727408128772879,0.052777696489968044,0.04011618499646306,0.11195921083169166,0.10408243158202203,0.04597556671421437,0.03756006073542595
neuron_2519_count,0.03636121079375654,0.46476295702623055,0.02194082378586261,0.007953513149717276,0.06276177055050314,0.041296786281311934,0.21486764844012868,0.10242069572873795,0.07742763566614325,0.041558369942153534
neuron_2520_count,0.09651924745626739,0.17367212372217095,0.022838637353870643,0.006193859218323071,0.007736831554364665,0.024976383814914925,0.07677591499522332,0.19586180121059557,0.061908837392389234,0.013152408241754163
neuron_2521_count,0.012176894211857206,0.17383093339420735,0.007283492742515628,0.008861454399977556,0.01182560955286497,0.02409053210239316,0.08150571037591292,0.13404338011361017,0.07011112411200268,0.006652413478056516
neuron_2522_count,0.004746309262222935,0.14004437696294464,0.008942117318750168,0.0027200792240406023,0.008410690206272477,0.009744740694266694,0.0795259514067908,0.11116610292460603,0.03885473307043899,0.01570801780805124
neuron_2523_count,0.014237417274275833,0.301900186236445,0.014198803328563013,0.008237819467370018,0.05645835820997257,0.017131435866085596,0.16612806075007314,0.07029398447130673,0.04083181561246236,0.07257961985930561
neuron_2524_count,0.034535617549994305,0.10699127025666397,0.004317589444654789,0.000820378201139442,0.008962808492581485,0.00517441654879075,0.10076715943422718,0.08324197918725793,0.07168273253623003,0.0258417652589069
neuron_2525_count,0.03571512332328133,0.13152676561799173,0.009691382055018107,0.009706598693920689,0.02408025793512763,0.008192999366352031,0.11391945919597127,0.04211691800829104,0.046342133190637624,0.06250268671582174
neuron_2526_count,0.044958852405048266,0.15778505748077948,0.00434869810721223,2.0655471243452312e-05,0.014217869723946605,0.003933533706523447,0.10280161657189527,0.06015231615214292,0.04324891833460434,0.041580851579883504
neuron_2527_count,0.010481782150525351,0.2010330584251509,0.01871648438829164,0.00402355149164026,0.03700917200462826,0.019004712710568437,0.11794685422455264,0.05580337016988242,0.04643793934088942,0.04891011647087572
neuron_2528_count,0.0156540071915771,0.12012979759661374,0.003767188562944619,0.004415536516080173,0.004929503191711641,0.005922842012785104,0.09226109381878309,0.10374619827771124,0.07195877462373121,0.026819119848935674
neuron_2529_count,0.056003965141606174,0.013904123151933012,0.002621346941819081,0.0030949304197262825,0.004008827724672627,0.001095049474200348,0.0599831474500197,0.0370256229018497,0.03708343139697201,0.0031890801084457424
neuron_2530_count,0.024511997000738805,0.053498185244791274,0.0017128948375489186,0.00215595094540302,0.003377820872188021,0.0015056166664932508,0.059308254993033965,0.02387912165400262,0.020305159526648436,0.01745593236924091
neuron_2531_count,0.1082291217555168,0.006510611530806121,0.007121382132483811,0.001904552834650252,0.002976790559659541,0.002054290115361304,0.059178659583395965,0.026959308491194767,0.052372429758591243,0.026722995628969543
neuron_2532_count,0.02883441290609544,0.018031975816032705,0.007968127849688724,0.0020233973094659283,0.0018858035009192767,0.00045208024507522974,0.06086569380529927,0.04132990275067154,0.05530401960854961,0.0026943093477208926
neuron_2533_count,0.1707695977355357,0.012584800886180553,0.005885582496000703,0.0064985226384808295,0.0026539472764420488,0.00412803336787005,0.08916558107166533,0.010503368619836001,0.046387085948491585,0.006123719758519601
neuron_2534_count,0.04843533444957268,0.029442048008726407,0.00014204657194280199,0.015312638731227832,0.002668098602603537,0.010105582988846222,0.006615066383318664,0.010171474922886614,0.0441769142580138,0.007702298094916016
neuron_2535_count,0.05673118062471881,0.01446036886145216,0.0022334777571739704,0.0010885508921423016,0.0020831916470230444,0.004541578415378687,0.012587148811990106,0.024581164318680793,0.06500836742215435,0.004998427531498199
neuron_2536_count,0.2303972669323602,0.020118308415815453,0.008945759601798255,0.006894396933698751,0.02772337127170648,0.0029783960967386877,0.02525020309626061,0.007844565218774135,0.04216948929825315,0.022284941469778163
neuron_2537_count,0.057266854740441214,0.08797739856986356,0.003257366615109447,0.00832415431857017,0.003019463277524363,0.000481510657625874,0.012144729893406703,0.005023166624834451,0.03727316572848771,0.007516478337818214
neuron_2538_count,0.09812564845392183,0.059319879595769204,0.0035933152494784515,0.01402906539609361,0.007733668806066219,0.00040294230615940153,0.0020829599361490043,0.005028935324170279,0.03679645036914206,0.008656612673797977
neuron_2539_count,0.03780598845450554,0.14389413827092842,0.006773369907810425,0.02072003321943916,0.018539282350865036,0.006483658611996665,0.004122104643969164,0.00378204340070986,0.038940381367713245,0.00591058266895457
neuron_2540_count,0.11559254029293556,0.03243468441030492,0.0017582233846421425,0.024344168486036405,0.002839565298158507,0.0004546643933046844,0.013157578825512647,0.0004977635297721151,0.021937812529750494,0.007284400670460538
neuron_2541_count,0.11726982442028813,0.09415792612570084,0.0015348736261682344,0.03644959447851712,0.007248241053273853,0.016924898146241485,0.004823376263903577,0.012446112258679864,0.034745709733961835,0.02576849158875577
neuron_2542_count,0.08174585575657348,0.11165949151414717,0.002262662233105641,0.029928057452995566,0.012548182939500344,0.006485211524426472,0.0034078513594227,0.006755056235044576,0.0273488252205957,0.016374564813354718
neuron_2543_count,0.0965318441254677,0.0880602959005605,0.004465309172003197,0.03845259885571101,0.009690851336658042,0.003338897173667185,0.0014444392451000015,0.016466644680565024,0.015096200400095336,0.011587854591259376
neuron_2544_count,0.11482276082972159,0.1801588490499504,0.012265790329676923,0.03214198612732867,0.023838178717522793,0.016301628128900694,0.0035965376424088,0.02725809570661597,0.018518547771139107,0.030708836957792154
neuron_2545_count,0.0015617909377809366,0.4954927121734546,0.010021733007193043,0.0469856969836657,0.02097774273149315,0.005671879612191594,0.05267064944561112,0.009663186056857231,0.009536789082849044,0.0204952896430629
neuron_2546_count,0.07237447509369993,0.15498557808638508,0.004586014267731094,0.02173539230072112,0.007815311309244684,0.009571176810112728,0.004755174886795645,0.04504544144045711,0.016939630640821005,0.015393163195334375
neuron_2547_count,0.061454596988014754,0.002100634624565549,0.002427964200922464,0.01046051176740951,0.011381614583533387,0.023805283091535873,0.10660387724545003,0.053985796383199086,0.016681824645289736,0.00991475650348004
neuron_2548_count,0.03717731451822562,0.24782401044495592,0.015984216839612847,0.030325449233122706,0.017828677054545897,0.00847897335810991,0.06288893077621593,0.004243372035646944,0.0011197574148364454,0.011206636173979358
neuron_2549_count,0.004128481881296064,0.14876968908254234,0.00455036409755287,0.006709366699605188,0.029698089481060758,0.010968191072578279,0.010146169372822561,0.001146688254627293,0.00011043012634226294,0.00685300137414906
neuron_2550_count,0.07445238246087339,0.13150969470844306,0.01318461071885578,0.026918589677643254,0.01395345808489433,0.02344882838620102,0.000636623939212478,0.017407848750302393,0.0067458377296375285,0.01480178075456317
neuron_2551_count,0.03876520569507127,0.00703399822115288,6.595248261001682e-05,0.010582390099576205,0.00031695045479336994,0.00043033573302077473,0.00045711835784130114,0.0003137276524154127,0.005598921459375795,0.0012506509374664663
neuron_2552_count,0.06159275179643052,0.05151178739811141,0.004498045798020697,0.014521581420690599,0.009336308003349808,0.012127068443154976,0.002489213792753228,0.015486876936917263,0.0004818428378788944,0.010771017994999535
neuron_2553_count,0.0050514218384412925,0.3420111161497299,0.005877624016853503,0.04846473738193291,0.014627214896077892,0.007021544223000428,0.05105756027484856,0.0007287753566109431,0.003041271234770101,0.006258243350261575
neuron_2554_count,0.020195433914372785,0.22384325365106458,0.00918333301071357,0.01217845255953635,0.00654660232840884,0.013267775399471944,0.012649458418144702,0.002539547807168155,0.0007955643713656408,0.01473959677847301
neuron_2555_count,0.03274818026877688,0.23062995267395175,0.019746876082670187,0.004575339841421135,0.017445152168052397,0.02921011565838591,0.010243077601948009,0.007196818732896041,0.0038050455989381195,0.006802150471146247
neuron_2556_count,0.04937159473560232,0.18382784595838733,0.004849671053639509,0.011349911001906333,0.0009108185174481059,0.005945306398210393,0.03817170037759243,0.0022925687155679712,0.00290892471632765,0.0010596710773075353
neuron_2557_count,0.0658846544428125,0.5002670818742436,0.005978476258287055,0.016287846203520785,0.030408648385650605,0.04223934326129847,0.04682310135586068,0.004997083034801966,0.003996190235148224,0.014246891909981449
neuron_2558_count,0.24407020923950923,0.6417730572319341,0.006276703436268738,0.010450784544484115,0.04933925807568422,0.07386952617593065,0.056011844995162624,0.01660030092049685,0.0023772867484214075,0.012179136692755155
neuron_2559_count,0.07588925549955156,0.2998309376449835,0.006477274276740726,0.001249521769187057,0.02724014354262505,0.06237624996542576,0.013279342351061152,0.019608489539255744,0.0007596566745026179,0.01430133704215314
neuron_2560_count,0.4089307480499312,0.5913159464650881,0.035119280316217805,0.015807764137087156,0.026493282048369725,0.06671461261009067,0.04498209570812142,0.10798778432085349,0.04757265360607045,0.027465582068519498
neuron_2561_count,0.5406164382848244,0.6210659402613796,0.020618628550695857,0.035425205159102,0.04402196103603803,0.026051712679679755,0.06534598656377943,0.0947261975278604,0.042694760948598184,0.01661891902821078
neuron_2562_count,0.2720229937186961,0.6552864323732218,0.06067132504375605,0.058716628363447015,0.11715853099532267,0.015901323435410137,0.09623347164861154,0.03209502601274852,0.0455532133648999,0.09395792084832427
neuron_2563_count,0.407839766699834,0.7747105461161525,0.07509209380313091,0.06265407771639048,0.1379939910930679,0.03730086502600492,0.11730739828098721,0.06153343438409431,0.06530220244421053,0.09542244017654455
neuron_2564_count,0.1608221785519781,0.620072047106611,0.04673044937506099,0.029391854753851032,0.08247804339674797,0.021421861246140372,0.10379789780288357,0.029240293789940378,0.04349278178670096,0.08276014327328773
neuron_2565_count,0.37204951292294675,0.5806213117596128,0.028733032443145727,0.025996521269222486,0.038793734307441693,0.022944185049093152,0.12161943076140527,0.1834608270586029,0.023813005126258342,0.020468450179352324
neuron_2566_count,0.19090371666560896,0.5480387786798763,0.036145074905570736,0.02657833822671827,0.0897611745750624,0.01736817528836436,0.0794160343299007,0.0599313561491693,0.040520128483227606,0.0757203484344949
neuron_2567_count,0.4486901686196529,0.5293663783686203,0.028722456711513047,0.02200447825364145,0.031021005793839738,0.03949708690721178,0.07745375021150894,0.13352313232722984,0.020561116122135216,0.0248538155388089
neuron_2568_count,0.3995622190934832,0.6314992690141188,0.040458672899351955,0.046165365090177116,0.09234581414529908,0.023137918457060376,0.08966190643236602,0.046738014694402794,0.032778065439323587,0.060742535024170874
neuron_2569_count,0.3107844582120844,0.5098145018210871,0.007266540953503382,0.04425608196364833,0.10246002927729578,0.019157413879248898,0.09889238774519554,0.07381360667863647,0.026265094577777426,0.06749357988399499
neuron_2570_count,0.10622516630744067,0.246009383173379,0.01334220467993466,0.002958834603683253,0.00548244778221771,0.015980828505094836,0.01004269133041235,0.018251323941151434,0.0027184621592136055,0.03217136424526568
neuron_2571_count,0.1110051998698251,0.17170132883638262,0.006339937343892114,0.016822359068247923,0.017771432825766785,0.011041563625011418,0.0465460427757763,0.15575610132248227,0.01049180754842445,0.025355977325365694
neuron_2572_count,0.33145853414728355,0.45100602714590937,0.01519374034767339,0.01694297971955777,0.05873543293617173,0.02984939749883455,0.10633551968408428,0.11560851540108466,0.03663146987519558,0.03672566044315738
neuron_2573_count,0.1547377159698079,0.45087955362561494,0.014938646432194915,0.03711345563744567,0.06328527906763601,0.03788284693668725,0.1481296421179273,0.24620454620686283,0.06547050247350505,0.022181961726093852
neuron_2574_count,0.34421857564230646,0.6989103390302082,0.012818268709870765,0.04623279533569241,0.09060401272201726,0.033586023502225934,0.11715270053889726,0.13218660110860225,0.038706134204122,0.041635502191026935
neuron_2575_count,0.1645531398763761,0.4005355345153281,0.03987359380997825,0.01811132054164065,0.030055382546481057,0.047852170841547595,0.10147432000552134,0.1993783191068111,0.07526388763455834,0.027517870409443243
neuron_2576_count,0.29136623439630993,0.5943432254992962,0.021373430442931683,0.028057967175837778,0.05167471614291724,0.03014510317007913,0.10840757593663669,0.10137506773656335,0.06020315098234547,0.03503528345397277
neuron_2577_count,0.18462446061555352,0.4736875855909807,0.02634982465968698,0.00843256835502891,0.027311699711621076,0.037481916586526484,0.10061247757020503,0.14188278690031347,0.05722382122373844,0.028518720618832413
neuron_2578_count,0.31534327746730556,0.752549915873634,0.010732836487922358,0.03678012471431946,0.07389024732204835,0.031902335356381054,0.12116836826395619,0.11544815646918885,0.037920468226449344,0.027661590830051055
neuron_2579_count,0.11199158442309953,0.2520109411182196,0.016760669287796195,0.017208885879649694,0.02297660946690304,0.033595228118124376,0.15019035338832856,0.22127291149352488,0.0673069373551401,0.017804273477880148
neuron_2580_count,0.014838421570173024,0.17106403446007734,0.022545008944003533,0.007671608696756108,0.023440201822067325,0.015103562002482737,0.10747567438558839,0.24405843146447848,0.04913168802401899,0.011569858847985955
neuron_2581_count,0.10467211528626222,0.3257471234148209,0.025435911658055005,0.01377100137739054,0.01825363908301698,0.04398191936004728,0.1298242410366349,0.20959597818339332,0.06698502767391173,0.01575668562788657
neuron_2582_count,0.029810427415598306,0.23874540499283514,0.007922866403398461,0.005627194352793026,0.010148261607260555,0.022247552250175835,0.10880722586679412,0.11226515317761127,0.0706886637307417,0.00635027872897544
neuron_2583_count,0.07557158047764152,0.36559146204485493,0.01614225957636306,0.006291802946104173,0.02661466484665724,0.05275872514703001,0.1509531728848966,0.15989201547817003,0.05611405170706929,0.016366248691822058
neuron_2584_count,0.016288656091222264,0.21761667861596556,0.016983896645438958,0.017357496501740108,0.019649250537599826,0.024692835401450883,0.15806759380875374,0.14353403704854933,0.05763832432638957,0.015873279612455146
neuron_2585_count,0.0005480598102480718,0.1759996973547263,0.01104560275540753,0.00840580561435312,0.014144828516631763,0.03187675650597921,0.20312735629012135,0.20432777236688063,0.07859076912505283,0.012443144474585187
neuron_2586_count,0.016418930673126803,0.19506134115756232,0.006343525062620867,0.001884924258865734,0.009250758589921748,0.034035665660078596,0.10237275247593006,0.15669729700919097,0.07655423020379976,0.011153757941762737
neuron_2587_count,0.00941561052786647,0.3347774793824807,0.015072586538219773,0.006299217510667927,0.048052910711884944,0.03518864958410864,0.1340771724708838,0.101649561197905,0.047135344756970954,0.059315580458418865
neuron_2588_count,0.007853550820709453,0.19667382981424067,0.0028112333180314725,0.008772345313941957,0.023994971803251303,0.01105237080890683,0.15887507411224383,0.1332734588707966,0.06393705480519507,0.02110882135940821
neuron_2589_count,0.01957529878066471,0.19218161157876562,0.01152516840390197,0.004224752924957921,0.028223183472019464,0.018140084454748913,0.12722133071925285,0.06874964651741579,0.05774178453544491,0.05081771709248639
neuron_2590_count,0.030173788088974723,0.08447931868285419,0.007784030376999009,0.002070295820814177,0.00784313980871771,0.012783324926866173,0.13282547779278778,0.109167315315088,0.06916518923900875,0.01617316745122946
neuron_2591_count,0.01634758216439132,0.0777071353057312,0.011700252706213318,0.0027082485909427226,0.002881802030149039,0.004043204902475825,0.10012672930317301,0.13298835427744352,0.08926498650503792,0.007937457069625377
neuron_2592_count,0.09126845591209315,0.04418377789739808,0.011405769567782591,0.005292810670386689,0.017567750903812053,0.0062911512249343125,0.06906777724941736,0.04368485580461851,0.044420915512299125,0.03331252475849744
neuron_2593_count,0.04009796693831917,0.05500911923305135,0.002544966504296739,0.003149824195406768,0.002901305875397067,0.0033692846168653584,0.05196926510067726,0.061714310862376526,0.06649844074227956,0.019541172602219645
neuron_2594_count,0.0804451928248704,0.06958357775279723,0.0068227726239943505,0.0035034190756088913,0.017858643682921407,0.007746159569368399,0.1132572479295498,0.06544559202683892,0.060179319135130055,0.035974657991880536
neuron_2595_count,0.07985833996318145,0.0544493420614139,0.0047479933391796,0.002250117119438653,0.024599294117744044,0.00013156552867141366,0.06764935718710528,0.04458580709030288,0.05090352674019379,0.048989846459531944
neuron_2596_count,0.1356417050205052,0.002522804772234412,0.0032371653835368414,0.003394558011400522,0.003115006951894095,0.0002264757729991936,0.041467158236322826,0.0038166162506111934,0.04208802599451324,0.004726738131632241
neuron_2597_count,0.1870551520505243,0.0030932568155623424,0.008416122868166918,0.009534533021002496,0.011147106289460605,0.00023619157558450558,0.04008190320150534,0.018173903113156697,0.043682183972008765,0.013306516355020295
neuron_2598_count,0.18810271165771789,0.0009064311652540059,0.0095883044542841,0.005366803730977431,0.0029861073141781887,0.003437084596586204,0.053857401108532946,0.004135123430004894,0.036321702547641305,0.006298412312134547
neuron_2599_count,0.1954985960852556,0.0035435075552152457,0.0067609288492742545,0.00761960112965283,0.004869524131753048,0.007817164062273237,0.0261549772895545,0.0060273992850173735,0.036669253482848954,0.013396999862664759
neuron_2600_count,0.12129515631143759,0.06267934095565458,0.0037008252481371268,0.03435143494257224,0.0031491624695014478,0.0018753133515035138,0.02102032728910745,0.0006319939940063433,0.02996580371678656,0.011967551900693485
neuron_2601_count,0.08784434618156522,0.07053088782826739,0.006167319584691605,0.016345572941613346,0.00622978965326274,0.0013091100788591992,0.032622727723952916,0.0005780882508213983,0.022655908124961377,0.007746409303968721
neuron_2602_count,0.10910572725938272,0.03468373431185563,0.007391001899735565,0.0022065559745525105,0.008236512108539453,0.003847055929895503,0.0078955141564606,0.0021285175319544995,0.04181884015896113,0.01454216757637286
neuron_2603_count,0.1470602648463032,0.031208272839630374,0.0080856804769521,0.004536850801008671,0.010598490169004514,0.006940553877931896,0.008326962459118951,0.0022138666030112678,0.03139707154091283,0.021917266456871767
neuron_2604_count,0.09042352488699407,0.01716082463352206,0.0030089390514777227,0.015791515546168894,0.0023852414092159976,0.0003485816750182884,0.012693090067829316,0.0038623641510034668,0.024415421823377567,0.0010408189045072042
neuron_2605_count,0.11775630960851868,0.06016115645800682,0.0014878086398486985,0.015996373178674347,0.009583033876770904,0.008407937461372736,0.011047434762932178,0.006379313381602636,0.023291469619886165,0.020160064728501167
neuron_2606_count,0.11785458068711763,0.040245674011110455,0.008133913576080194,0.023875578941509615,0.0036150441952113345,0.006324632554456144,0.0022680952685309773,0.006683400279879272,0.033698073203745155,0.00969866371972835
neuron_2607_count,0.09821816391398935,0.13649904131583732,0.009294891126905222,0.007373526500563374,0.028042381685306095,0.023893484574301918,0.007013742905284677,0.022160892504252905,0.013242265930778527,0.034658755823540485
neuron_2608_count,0.1519931650347456,0.06164659412742954,0.010725783578149455,0.013660181447291184,0.011870960489797022,0.009683535305373803,0.007091477659988223,0.005266358910106156,0.03330674158793456,0.00881034653147851
neuron_2609_count,0.05445600295387053,0.20725171664007855,0.016338626061124656,0.017265385707309122,0.018995449633260206,0.023293810616934738,0.0034315936314172,0.034590861399298484,0.0224930695573458,0.0185278846306431
neuron_2610_count,0.13583405040886115,0.1419384998652832,0.0183482898046841,0.01612529463452181,0.018758794199855038,0.017850464351773843,0.004259913692508596,0.02558800936417452,0.013882893185261251,0.028560017229922144
neuron_2611_count,0.026988139913660406,0.26526946625004455,0.03144494659524935,0.031389149209057304,0.022075049611605738,0.024882255325374983,0.015606597490044165,0.011110575799529884,0.01165698249781908,0.01727443147356418
neuron_2612_count,0.015388361693237481,0.24809657649428707,0.006690562274150394,0.043381626898192305,0.009217140386540298,0.0015946233172472526,0.01564143195135921,0.004071836599960181,0.0010313724691749333,0.004949332930745537
neuron_2613_count,0.05851178106979174,0.2057411182937111,0.00741432164025925,0.02330262777490577,0.018354464118761044,0.014392574215320267,0.010329681044780284,0.01586501600891646,0.0037410955647202444,0.014753975833526167
neuron_2614_count,0.25629361240073584,0.023315936035591397,0.0008588597711901604,0.011886140870696322,0.0013035970781929349,0.012000117793241484,0.001208693025555761,0.04993663154384005,0.008586241715941419,0.004898736777279164
neuron_2615_count,0.14941402877229398,0.007780147990285806,0.000330035574417362,0.005546178065432367,0.030640001072867296,0.03902509237329305,0.003074652168843922,0.05758481269574775,0.006298497393802919,0.03413998229974424
neuron_2616_count,0.06629994495591483,0.04958228027880948,0.0035551664160216948,0.017220637582963244,0.010564868671347039,0.0008931086621459736,0.0033203553681649886,0.008558171172850258,0.0013528835018104014,0.00329092226073089
neuron_2617_count,0.034289548618522014,0.22633106442316428,0.00999020588439592,0.010124255635421407,0.03952218922604017,0.03735712514326221,0.009154005994281046,0.03462868063404671,0.007065658517234487,0.02358327111164086
neuron_2618_count,0.060718952566757745,0.6984090236590509,0.03517589286203052,0.06438334474904381,0.043355826518987846,0.03701359060626845,0.05568947316292808,0.008728524598852146,0.012573964957476534,0.02324943724570721
neuron_2619_count,0.07237377446594978,0.22839279335871276,0.005336957752493737,0.00633154515171664,0.01575686202582942,0.007147325493774143,0.02342935507094429,0.004455117308425214,0.008016080363275398,0.0012947668571171994
neuron_2620_count,0.10802674547563801,0.9283971002892006,0.04204214488613063,0.056019721995571925,0.04952302309493001,0.0433251414675693,0.11017741928652244,0.013246877609472886,0.022392730329344232,0.03010721958175295
neuron_2621_count,0.11061450464238612,0.31659661406637807,0.0017239213012345336,0.002811631587953334,0.025852045844744084,0.06810487795478504,0.030470858367650525,0.004725943565443147,0.0005942482863800242,0.0016881468556916388
neuron_2622_count,0.10245820524370597,0.3142272073339992,0.01675767669155974,0.004030203636979708,0.011339193094569378,0.05134883905088343,0.012820611109432958,0.007236265843391579,0.0004914597373030984,0.005565440776105405
neuron_2623_count,0.1991425028068332,0.3996095031019063,0.001490211046570631,0.004859461251702873,0.030815469340959134,0.04913365312622617,0.04476266694785502,0.009953158668018307,0.020803318192376713,0.0006594133622081898
neuron_2624_count,0.49686966556398293,0.652931064175279,0.02239523752582783,0.07899954600907177,0.06479075250027336,0.02551112631574933,0.07838621909589344,0.05980635411162663,0.05959234266687692,0.018044897104974936
neuron_2625_count,0.2841430670819624,0.5676168820167597,0.04740778620151702,0.06108091218884415,0.09550366453422382,0.016649586364749506,0.09260587917599264,0.037995677643107476,0.06885541889053622,0.04926085715936135
neuron_2626_count,0.11732651479802335,0.5663185436023334,0.06402159333074073,0.0394623301328378,0.1347162275747263,0.011459127218394025,0.08889569649907375,0.02426524459975237,0.04022511161812996,0.12646118961382113
neuron_2627_count,0.41237028966455797,0.7361005904846446,0.04948056149542808,0.05580458129548181,0.14104578364470943,0.032729164314011405,0.150854949746307,0.10485438367877806,0.05712379250297955,0.07705399684100997
neuron_2628_count,0.4509837599498147,0.7545758751101307,0.03663892743023984,0.03193421431766426,0.061110213202477046,0.04253466062981556,0.09172622126858773,0.12138659672331234,0.05431328799384482,0.0384732448656927
neuron_2629_count,0.2711260817227058,0.5542286505365802,0.03662174392662648,0.03454217786265831,0.08894405974754382,0.02870447147798438,0.0928479326126957,0.05982144263496478,0.04484707902510375,0.07579945403753865
neuron_2630_count,0.30257920547913675,0.6174014880292579,0.051304103089551384,0.05685472780948246,0.11089793448095822,0.024723480307420352,0.10246106459702062,0.06748546355498103,0.044731076699505816,0.0657153529481376
neuron_2631_count,0.4100405689664789,0.47122075181714285,0.03351924254664999,0.027257163373772167,0.057687910925697264,0.02573649181711874,0.10571321084106478,0.1725998117604891,0.04201302448626712,0.033351611485871846
neuron_2632_count,0.28872945049740495,0.481785480579517,0.011822747482858477,0.04278668111064382,0.09177645488015493,0.029653039415728003,0.08654826699674376,0.09882097844037435,0.036587588916060315,0.055875136651608676
neuron_2633_count,0.2848687409938772,0.37196645282064444,0.01822896788694676,0.029516562506631122,0.047899685859622745,0.014786055389860345,0.09616675920386185,0.1623814611978313,0.04049952273012226,0.04479177762892418
neuron_2634_count,0.4627861944414272,0.6550984581652196,0.03939733193572806,0.05198263927181079,0.06475783324874793,0.03555197299649706,0.1597672845291906,0.2010837592412021,0.059503264547199314,0.05703852447908134
neuron_2635_count,0.3773706778627004,0.40207055154876675,0.026757860108264604,0.00964230664851378,0.023385701753230057,0.030723582269624655,0.09809157280242999,0.19672661972355016,0.049595522619756915,0.04199080727355084
neuron_2636_count,0.29940925105894395,0.4184401702886948,0.045767727698134045,0.019833500421603284,0.029902752957892867,0.02647184180266611,0.15274807537067348,0.24112566719457365,0.041698177091304245,0.03090815918993521
neuron_2637_count,0.272198897980889,0.4872201436875743,0.00881021325814472,0.03867795864978646,0.07717871884026495,0.023273511830956023,0.13091123071491345,0.2227400297191005,0.029832824289449437,0.030228399586218348
neuron_2638_count,0.3810448380826702,0.5944746447981477,0.010498719663425138,0.026649360143082862,0.050636392880971264,0.04014821197793217,0.09999859662515644,0.11229124948103339,0.05176969305451516,0.04650947119299623
neuron_2639_count,0.24958170157394816,0.6797664595890474,0.008337724285370229,0.04385481897497753,0.09908629090587823,0.02484927365299354,0.12751893336481163,0.13978204596263558,0.05239891794940277,0.04862793043894612
neuron_2640_count,0.43475560731648605,0.6949836127737777,0.036706248843898906,0.02565576094550369,0.06989614094039777,0.05301047097859374,0.16219586113441678,0.2533768809915462,0.05355087099391241,0.043856336021278
neuron_2641_count,0.10116793874525612,0.27820962957737183,0.037977276290657364,0.010611337486778644,0.03527610687787924,0.04192584500796426,0.16493228877988286,0.3403734637762523,0.07229505663097374,0.02237150479772229
neuron_2642_count,0.07399907903097455,0.25698272648049153,0.02156517779560896,0.017205607881639162,0.022615382050833972,0.026080734774600628,0.1271632030644412,0.2728527114023872,0.06972822383926996,0.014739628385558009
neuron_2643_count,0.02979376599754341,0.19274897450046283,0.02658629979516895,0.02179838569289788,0.03838692359085793,0.029120481004440507,0.17306328859814285,0.284710125842104,0.04593003293969687,0.013086525658339933
neuron_2644_count,0.07596864967509187,0.30049758500799534,0.015042212947819687,0.029388410881767815,0.04896758327650656,0.014391455419525395,0.17588453885718366,0.22305309909010798,0.05135336390243629,0.021947612281144894
neuron_2645_count,0.14190357961659653,0.29677753850016475,0.028899298803264098,0.010985052812922405,0.024951677188520743,0.04889294378765077,0.13658710976427366,0.24077150123627397,0.08379311308964936,0.02311500917982573
neuron_2646_count,0.11762718049478132,0.18812740879592213,0.05868329847294407,0.00458052822887943,0.015350016155796418,0.031340600610118834,0.07771236004422163,0.25517191758819546,0.08700607398245877,0.0371886179320564
neuron_2647_count,0.03806468531705123,0.17006410823532686,0.01352369537114008,0.006649223840408697,0.014143741474372876,0.023995129336056742,0.11778225610612222,0.2136117797337298,0.04929385302419079,0.014277988345517096
neuron_2648_count,0.016734342103926617,0.20682369427863898,0.014542851889382338,0.007393772063122146,0.018616143838564275,0.04018221279344997,0.16764537490133147,0.2417881392809006,0.08497986041953126,0.010351445908131269
neuron_2649_count,0.037086219218695274,0.34193639387146924,0.016823293001706638,0.005891437061947044,0.034820174165701614,0.03803894068655325,0.1426115060764406,0.13216183234372664,0.056518117342640756,0.02933138663606419
neuron_2650_count,0.009541851409884644,0.11226562929999512,0.025994972746423525,0.006240186724062138,0.008280472497425518,0.018516375363445498,0.1347631140382152,0.19407498861153696,0.06803558403902629,0.007575219529612572
neuron_2651_count,0.005426070515665585,0.17871962759619983,0.00452789866034322,0.004660253544744128,0.013744393286465553,0.018907800722716965,0.1241487138544704,0.15449067572119046,0.0784824155880689,0.015238921059922764
neuron_2652_count,0.0110534577322412,0.16018414472652404,0.0062125965453797664,0.007888865590997392,0.023504846988596395,0.017506110534771177,0.13296165000779786,0.15027720181296483,0.0521063347173379,0.007562855946342484
neuron_2653_count,0.020644015033902383,0.08807345622194485,0.011100974806914733,0.007141697701746212,0.030618718833782838,0.009045414088075049,0.12052486451833558,0.13802681084969293,0.046800842982332794,0.012564405932429377
neuron_2654_count,0.028663505453348045,0.05128379028310917,0.011026146431032644,0.004450034926609564,0.0039645130908762885,0.008624195863192276,0.14249301427972494,0.12244838328931879,0.05764169080163764,0.005287179080900949
neuron_2655_count,0.054967567552048624,0.08245339762821427,0.011890434532492795,0.004528927329585382,0.014885839092430582,0.008700315154222489,0.10585271689984654,0.09180987065663791,0.049383302287092534,0.021505699079445287
neuron_2656_count,0.009963600331988523,0.08474186375460974,0.013710627707731987,0.0002711574449168197,0.0029102602449087335,0.0056964012057744914,0.08156173602412636,0.11297551512539555,0.08554134848359274,0.008715521817239419
neuron_2657_count,0.1056106223366706,0.000555499576266032,0.011219634768663167,0.00533879329747149,0.0024288834986371383,0.0008976299459137731,0.05841631303990363,0.06824372277133095,0.06503800295183976,0.004473694917920129
neuron_2658_count,0.01937560391241437,0.016257070633761556,0.0045290620347640115,0.0005180799388863552,0.0021231000168347447,0.002921646698934098,0.04595069454598735,0.05128701756881213,0.05387514140918026,0.0019242822832428183
neuron_2659_count,0.11782470356969968,0.00025546226571645115,0.004512052763509881,0.009249697372239116,0.006680436569162502,0.0003577427299489913,0.06129119815059733,0.03188878900756356,0.03377099596104406,0.006639913353713712
neuron_2660_count,0.14072806823658351,0.0008942991201319368,0.011837296066975221,0.017131787523370898,0.007812181132036732,0.002984083070694128,0.03163535621187774,0.04385320311391799,0.043811069454215604,0.010899594390482274
neuron_2661_count,0.05892728616823997,0.0004969727087869105,0.015674919974410687,0.0005333017308402355,0.003802288641286705,0.0009706493034611768,0.026700886796614656,0.0452365581291263,0.053244101144370226,0.0027440962125766413
neuron_2662_count,0.07714875169298614,0.07645557039351508,0.011792394513307852,0.01747792933175045,0.0032437516662195366,0.0003761897611555022,0.038133625221579565,0.009017536150817823,0.04413283471117152,0.0018853394089300719
neuron_2663_count,0.0630760429913913,0.04575858709891942,0.004684201010446358,0.013868957350968492,0.0036049369673219617,0.003635288514495655,0.01739548995050165,0.003949583694734686,0.020266233903151673,0.005240563407609984
neuron_2664_count,0.09794290544837864,0.009192373774680837,0.005721871187531827,0.013321726370071486,0.01324532408253365,0.0003160624071814888,0.02549740705373242,0.0006859575699613089,0.04643814726873058,0.0018983969032051497
neuron_2665_count,0.15047706799940344,0.004114841461063896,0.011429814630832376,0.010261961012380166,0.0035397304502797766,0.007577791938289523,0.033378148035049016,0.0016219957764679466,0.02207243076419879,0.0012627182021933726
neuron_2666_count,0.18888167569776132,0.006777474598295002,0.0014152474774242196,0.011574368363416826,0.006342656167905213,2.1068873704588017e-05,0.0053726236198191404,0.0051264662460695255,0.040671819421628924,0.015947966327690428
neuron_2667_count,0.1722264954121746,0.05571298044441786,0.007006325435755807,0.01960015477518834,0.011537693556275881,0.003402324249197529,0.028155231989204096,0.004660561625630059,0.024393937046408035,0.017678075740867424
neuron_2668_count,0.052872603093902903,0.02996856311962534,0.0024936265852902872,0.010878052773866706,0.0009400536522788071,4.435216299587786e-06,0.012960173646123258,0.0002040897061226731,0.024655385483723605,0.003272335232826295
neuron_2669_count,0.07184720335668804,0.10057601141561612,0.004080058199409171,0.01859607290445396,0.005867872484421565,0.0018799475840890686,0.015555463553537444,0.005612806489867367,0.018241819763869613,0.007833689499371358
neuron_2670_count,0.030974642804351332,0.10566761173393585,0.005978332857056304,0.009385150329003902,0.006684181608996643,0.019098897619797578,0.021179301120510086,0.008281922955277313,0.03375722227497044,0.009279999021956385
neuron_2671_count,0.03855731981523443,0.24530828846950575,0.0007492638473804419,0.03973951474791415,0.011276772954107575,0.0020753034998481426,0.03455169919529441,0.0133552834473918,0.0022225787032418634,0.015062104886179213
neuron_2672_count,0.1811865509095158,0.07615330662611258,0.01639181609032178,0.013295469287636114,0.008871610144841148,0.018935789436211894,0.003156536477763691,0.028856857398322486,0.02864427161817483,0.014021480108386872
neuron_2673_count,0.04653757378609728,0.009476590411402752,0.0001671793965402177,0.010920935322074818,0.00886484541839165,0.012002401925741903,0.0163687364869447,0.028874357401279763,0.004477728125054543,0.008191264410117746
neuron_2674_count,0.21485199140528946,0.06772462586855274,0.0067624935947383155,0.012932525438295164,0.007618071992639891,0.010237983369527887,0.011604312727323415,0.02475766527035815,0.02294623484382656,0.017490239814718783
neuron_2675_count,0.0117689627419406,0.4000651970523632,0.020974554288957684,0.044077753309314516,0.025499269935000346,0.021637482918437825,0.0638227991457645,0.003919392078633491,0.007175669108600905,0.016881459641940506
neuron_2676_count,0.021099082044658407,0.36885096083840263,0.03129510906550341,0.033662532320377775,0.03130006861111827,0.03851290007551447,0.008230974315430711,0.019417621858514533,0.03656302920224805,0.018170933190400612
neuron_2677_count,0.05288925472222087,0.09704871108383803,0.0024049825858964077,0.016435323625685866,0.012756609253332551,0.007752521958522426,0.006286876493578168,0.009899505456714981,0.007204204352323447,0.005662070687607263
neuron_2678_count,0.03278389904800614,0.04406243793248929,0.0013905658177256822,0.00922886377791532,0.011305494158492344,0.002776188738822065,0.01053952030459418,0.0037725928265060563,0.002608400515379538,0.0027018134792080838
neuron_2679_count,0.06654400203035236,0.008624208733215176,0.0005555497063821496,0.0029111925105749824,0.0030018135630621367,0.0035713657542892543,0.015511597611344859,0.013802677979758274,0.00771984283812319,0.003095184258674397
neuron_2680_count,0.0574223162082165,0.4402684389092638,0.010227595331134681,0.016891713117176507,0.024326058644324994,0.005880271486580539,0.046121340324175086,0.00292153482729781,0.0013531441090916807,0.006013384198207728
neuron_2681_count,0.020250065162532,0.326671241901796,0.0066818941891953545,0.031367520402084154,0.015498956669453473,0.008893898220884412,0.06792632043770361,0.0019141054073113957,0.003781919834529149,0.0027383530577848904
neuron_2682_count,0.03003620944594032,0.2078254784490745,0.005241700140838752,0.013762859918198866,0.020544172762149288,0.014892055476352181,0.07035051424124214,0.0010637322430760397,0.0047547713978242714,0.006386684971960183
neuron_2683_count,0.10923754665582866,0.41937672338414694,0.01805348682623413,0.02064758780931991,0.015568697281430191,0.007588810903022242,0.07431089522718062,0.011076949512256587,0.02023236619479621,0.006965569107833747
neuron_2684_count,0.07411100222759343,0.5040486031411269,0.010820901760049462,0.048225203937549505,0.012336171779923924,0.008694035058184113,0.09428343609517231,0.015146529184441815,0.0018919856660771055,0.004974208021111114
neuron_2685_count,0.1779384240627644,0.5421358952440748,0.008638009940424032,0.019676023489578864,0.0178751118459137,0.020073620818269897,0.07222871775433837,0.008770626525448008,0.01664303143537628,0.0046642949275233474
neuron_2686_count,0.22854249702945761,0.40369892995038437,0.006530551998830479,0.003547523065851486,0.01717683130744159,0.048013051186902134,0.06531904691551571,0.007455271933166887,0.0038366092768996954,0.005294768094020928
neuron_2687_count,0.09734029876656916,0.35552027723776247,0.004109726219477534,0.023319874204948417,0.01168287500003122,0.003922469541647607,0.07381206658427364,0.00899283969814238,0.024961135988140537,0.001538863685972506
neuron_2688_count,0.3856661986029995,0.5520885248932101,0.027657742394172014,0.011743825758863222,0.02961571508013049,0.04880557725300552,0.039109697933433885,0.08766148229815995,0.04808545661398268,0.01999795810037365
neuron_2689_count,0.44216299470887616,0.7060734229488996,0.027671105231850866,0.08192717938787698,0.13419231974574589,0.033162275099388565,0.10917736593859635,0.08270315757109055,0.07599035832853626,0.05034572834579294
neuron_2690_count,0.23599448485939667,0.5835491784146866,0.04480472035088142,0.025650718824332813,0.08106160577147681,0.016212519612656125,0.10195774760567947,0.056235949036227736,0.037531341743510895,0.060847313585920486
neuron_2691_count,0.3297259305587033,0.7274338675915862,0.08530990759851148,0.06866046609763954,0.14989146896744301,0.015580320592439748,0.11079837232196302,0.05226785584138435,0.044311136094658365,0.12880497371599464
neuron_2692_count,0.36901901189290653,0.7263193401431206,0.05925155685083877,0.04601143724932602,0.08771244119650476,0.02298596639822188,0.0950221912226081,0.05346223569745731,0.02553622017128592,0.06606720576585648
neuron_2693_count,0.23777449204254608,0.4231061602023775,0.027508709820593676,0.02675756952046919,0.05287810801541409,0.009717750315718119,0.0682878187731213,0.06231482325409968,0.02678471417705494,0.034892244884047026
neuron_2694_count,0.2443225673425342,0.42440585766823735,0.019440658484013884,0.03583289134059536,0.06145887862799872,0.010559830288073918,0.09619598254481732,0.12829855209590488,0.02622405119701337,0.02794482146367734
neuron_2695_count,0.5447961466018716,0.7766014898671505,0.04809977537583453,0.0584262727093352,0.09428899935075019,0.029227224367748376,0.1518481163062043,0.23693712285687307,0.038719496413628096,0.020347123790825965
neuron_2696_count,0.24865621835539897,0.3466482406943606,0.009237834475581514,0.03915884020389683,0.04398231487782536,0.007015101827460303,0.06274765428483434,0.09497644494730847,0.01665750177172663,0.04267373051888847
neuron_2697_count,0.4778404779507563,0.5450694465669783,0.044449508714888473,0.07120969115947301,0.07973117264300965,0.02380345564679176,0.11577728901881144,0.13435792991712472,0.05006475719524609,0.05559517114713904
neuron_2698_count,0.38731662173773396,0.411158040810962,0.018561320996741026,0.06385281307276092,0.05859559797355548,0.012691587032530408,0.16125274234781062,0.2026908779158851,0.044934606493080814,0.043120433628320166
neuron_2699_count,0.2826446468246288,0.3646062459765683,0.03794617911992376,0.011198373406715229,0.03148504565535254,0.017814242336662192,0.12793808051789668,0.22633960024953534,0.04339282792766324,0.03229728194662275
neuron_2700_count,0.34927267404339946,0.6540374225080229,0.018739436576091596,0.034142781813120276,0.09852864689320392,0.04507915243920584,0.12923146361025528,0.11750096884281586,0.05089446643314521,0.05924525974445996
neuron_2701_count,0.23696889547062272,0.2421451707244936,0.0732680347628813,0.03183747631851094,0.02508396069906568,0.016724699569295898,0.13445353608218352,0.24586626713330192,0.06014009295531514,0.040774394652861756
neuron_2702_count,0.38616658294037026,0.5596167207904688,0.01762798266673183,0.05184562055191652,0.07392845611056299,0.021756883972651554,0.1332678624591667,0.1670157131571987,0.04861328993380436,0.044977379418906595
neuron_2703_count,0.3618040512474944,0.5085844465897573,0.024898711820708207,0.026339901967114318,0.04400808262168038,0.047417718103168166,0.12318115936090573,0.23292305770195992,0.056290819616120286,0.044807533189701286
neuron_2704_count,0.35167076074525916,0.5446265603619264,0.022656531125083153,0.03401867617014341,0.06150256678047812,0.022355388707441675,0.11309421828087497,0.12898054255174735,0.057873170614839556,0.05077244105373207
neuron_2705_count,0.18182983556795806,0.24414209111356355,0.040490683398505437,0.013455684936554593,0.01290663693293367,0.018851166634296465,0.10264557828555829,0.22602428598691404,0.07543632843120468,0.030607661131992397
neuron_2706_count,0.14767857561095632,0.2928114162983466,0.02105052633266454,0.004942055456643564,0.01237231056346122,0.0596214948420712,0.08783065200306686,0.1448721609463329,0.06998670789914976,0.016302712272832268
neuron_2707_count,0.1659352644511757,0.3107599951779496,0.02251030020142533,0.00984182478882313,0.020194766218775955,0.04930612875137244,0.11127655366261763,0.21520225521378647,0.07707364665923207,0.021503695680635898
neuron_2708_count,0.1462814814593545,0.26941114831646273,0.07697296212039681,0.010675058817361222,0.021299222006856154,0.03033674838987821,0.12579693449789323,0.23650838887457004,0.07390653597576138,0.043470110876367624
neuron_2709_count,0.05659854887566165,0.23531356912425222,0.016124421615449438,0.012752536274450277,0.028947722926906172,0.038009813744463355,0.1800708055976492,0.2836216795662112,0.057884133924742176,0.01558638419781283
neuron_2710_count,0.09662305281306202,0.3591210841198887,0.013195461718803106,0.026974320145256928,0.02878417038914309,0.02293763196144097,0.16539118272490275,0.1700302197284924,0.04096821645342348,0.013793578612363806
neuron_2711_count,0.036389067090531954,0.10504792816497882,0.04230941342089341,0.005360045130021409,0.006224288366277739,0.03858199252447575,0.11761189236989122,0.26800977494138767,0.07792888429831657,0.034198020483786534
neuron_2712_count,0.02404389217338629,0.18498731882893854,0.015293287694669928,0.008240888937168837,0.02094204325539209,0.032390311797801385,0.0935258204571951,0.20028711562313212,0.053855384992493455,0.020374087827130814
neuron_2713_count,0.015797612274952685,0.11888463497167095,0.019300671033242137,0.0029703159652492844,0.005607257653558393,0.014831813431903762,0.1310898817725169,0.19786513321906024,0.054771091544175005,0.0047856866990591065
neuron_2714_count,0.06993202625388606,0.22766841873974436,0.008102775106829815,0.004307534248703317,0.018078281750345447,0.0334832844081034,0.11228811982867859,0.1772304638976574,0.07253200175572935,0.012405874405802503
neuron_2715_count,0.04087380998649422,0.08734683381579789,0.016617727312620907,0.008112647900809462,0.028179166165824956,0.009345774743931556,0.1347702055341437,0.09979460990750573,0.031626640913438586,0.028509871750741503
neuron_2716_count,0.008778835802422183,0.04138109920922278,0.013712061590586189,0.004707517246752495,0.004928564327198589,0.007748009965368938,0.09658078459854044,0.15130324061151232,0.06885329292519177,0.0055380701108259
neuron_2717_count,0.003993670104852416,0.20577513232118394,0.009295379011130086,0.007565667024058614,0.03368272322068022,0.012211618370994881,0.15101513563084554,0.2217729974680154,0.09459262055881071,0.027533043437315788
neuron_2718_count,0.016305521582873045,0.06374706333084625,0.005953452408480936,0.010542314623789052,0.01069403590875415,0.01806005106890788,0.1454685037873088,0.15897956967681914,0.05088935433460101,0.0061164207163965645
neuron_2719_count,0.019677184198703415,0.02445782894787188,0.0164996337526723,0.0023841334821104038,0.010863078723523462,0.00449968289056616,0.09739664689436772,0.11858257240584527,0.060379976063390906,0.0026069702004821796
neuron_2720_count,0.10285099314416057,0.021988206439199368,0.008963410064916334,0.012633037009516103,0.0067986077247321475,0.003474031574965707,0.120677063660378,0.05195792058665004,0.0472532088348622,0.015821610782634374
neuron_2721_count,0.046537036897117134,0.02919567381764665,0.012696781789540389,0.0018342515826377248,0.00819479850613812,0.002042992970752208,0.12480075158672194,0.11659505667197495,0.06216348195741986,0.005754245867680009
neuron_2722_count,0.07956461339595869,0.0024773078384835445,0.0003098045190644584,0.003940737596423612,0.0040996949148708745,0.0003307020692033067,0.06577676682571484,0.016274300154831847,0.02611367380410816,0.003649174423101172
neuron_2723_count,0.13252404545119284,0.005746540868888222,0.008914825931522971,0.014076844156925006,0.010973268791717412,0.00656336991311795,0.03892280160770463,0.04972523737432216,0.0428768861867781,0.006471310769227371
neuron_2724_count,0.09897092036701494,0.0021748591859393554,0.00464701645417177,0.009486555510656202,0.0037026822713766075,0.000604715332656785,0.06768645116190644,0.042736585488531126,0.06190685084558886,0.004382913092048829
neuron_2725_count,0.12704182186089294,0.020865050298113544,0.02347262012422039,0.019503808242548205,0.008035864663496223,0.0042060937429301,0.09709392179564608,0.06101949268050845,0.05459323159647151,0.005972850879641391
neuron_2726_count,0.010618398093085096,0.04038085643327059,0.029127966643373582,0.008041667824344859,0.008814983497451898,0.002272175540394352,0.05813483963099314,0.06959115020557297,0.06370722746614232,0.01268654346324656
neuron_2727_count,0.1405835314535164,0.006608354726992671,0.0062768435635980405,0.006111326351949088,0.004587689445990813,0.0005169557372818132,0.04967895135256867,0.02579745764126555,0.030380479019498446,0.010170920912723553
neuron_2728_count,0.10159667668131445,0.01293320585198833,0.019408379585153665,0.010226541849531985,0.001557347023425476,0.0024790746118631343,0.0357236000657349,0.008907182165991678,0.03242125417920022,0.007530974157443351
neuron_2729_count,0.15843552154064214,0.00023624520851474795,0.008504473730261398,0.0025961865459428485,0.0029374769434000435,0.013533671923083704,0.007453113177087689,0.0022001677849884335,0.042246331513176597,0.011966247527944673
neuron_2730_count,0.08880017506508667,0.029288596489235347,0.01797641897945354,0.010040677680782609,0.00012676398423492122,0.0027457117627245134,0.03544554631378506,0.0033887820572344185,0.042099164465279504,0.008492300153817557
neuron_2731_count,0.15077308754328517,0.02332675288666411,0.00954208499403085,0.030137151481038932,0.005376900196982308,0.0007730016897587039,0.017704800571861523,0.0023857644682379834,0.02549438915771693,0.007524140566448966
neuron_2732_count,0.05974608450866549,0.09219032815813397,0.001019639590860339,0.024519636400937114,0.0063239287360729035,0.0006407845482237044,0.019367270323375818,0.009258479456209875,0.0224803680279895,0.007763828171602564
neuron_2733_count,0.020778164638890012,0.16795334510082235,0.0001954359668005605,0.02926942018245847,0.004910461250039532,0.003596857133478286,0.03908453695198963,0.008632044664206764,0.01673687061853947,0.020907018365185208
neuron_2734_count,0.11978788656297396,0.05297766943653384,0.014137678759610847,0.007799628114414939,0.002786934308036575,0.003639711733691056,0.019669876673447426,0.0036288295512376945,0.024903508762610257,0.007860525071216401
neuron_2735_count,0.19481859251340994,0.009789201147535053,0.00519993649411719,0.022836164577974008,0.006400088146482964,0.006371181948925234,0.0031464812454570605,0.018027268562672935,0.016192094574617483,0.01173921834482327
neuron_2736_count,0.1816704481599171,0.07744879271291641,0.0060884694762436175,0.033791604379187046,0.013970590682354865,0.0043528741664631,0.005140383947516244,0.025770233916155197,0.022463609784304797,0.022938284989374752
neuron_2737_count,0.17939360793245848,0.0653521957463549,0.003369159365630141,0.027422869090212354,0.012949937032165806,0.0094097122624478,0.003243966540142671,0.028222024176807428,0.013365494090535793,0.0141828830593691
neuron_2738_count,0.06021184410072841,0.17724769946019325,0.006888665462955072,0.014913765622225211,0.021013626235711916,0.03128353769187725,0.027618963628614865,0.024309631552654823,0.013854926677258628,0.026827354471890427
neuron_2739_count,0.2410330687952964,0.0767833911986486,0.011581597907658767,0.022982583612069174,0.015745375033370382,0.007513278055627834,0.00312096631492316,0.02368502678800967,0.0256447317202802,0.015042161005852546
neuron_2740_count,0.01274235816001447,0.5386636154614506,0.01635115535169604,0.05428164880819186,0.007894496123454359,0.0012398968891927757,0.054852331914013785,0.0006581097416960939,0.01180103351434713,0.0018880187671602554
neuron_2741_count,0.028053411183242286,0.19493085295719642,0.006060677958526051,0.02222508039030116,0.008551372297539168,0.002384931990237066,0.03089317880884375,0.0006837299130346601,0.004488750007971953,0.005668872975919923
neuron_2742_count,0.06410251561746722,0.024482232246060956,0.0025385193412567463,0.0033809613209898684,0.019985130581547467,0.01459360345655386,0.0006004431056534356,0.027191997509751223,0.006617883202137218,0.0007582775560829435
neuron_2743_count,0.0552214485807094,0.011551728242482472,0.005797985993724532,0.007446036077708617,0.014252569362921286,0.003217994707143417,0.038403315199560584,0.03254749086269468,0.002401531834352667,0.014407196946179222
neuron_2744_count,0.01783675235965182,0.022783495750048004,0.0067195137533288055,0.0014892451230365173,0.0009347506086773808,0.005798234188325127,0.01662818032538277,0.003948954891687898,0.0012611603480865933,0.0021455303855916555
neuron_2745_count,0.030772712542837748,0.1885909196239672,0.01610648347673295,0.011205365630790234,0.027511364409837993,0.030828144652696732,0.015284218136307468,0.003782685805302482,0.002582281221264353,0.0056938378757434085
neuron_2746_count,0.1914400901618701,0.6550694627494114,0.02294886370215453,0.045367827329212046,0.013051589271108922,0.015657386471560106,0.13141163844576703,0.011716567777511191,0.022768011842932645,0.011349806036534266
neuron_2747_count,0.0785193804144293,0.6308372984532801,0.023688606881982086,0.020267057168249378,0.05090133941435633,0.0344999533016421,0.08711249812725114,0.0026372383551578043,0.012083120542946614,0.008835432387236782
neuron_2748_count,0.12478771360598392,0.44200973892639706,0.010913304217426409,0.036635297772347974,0.003885797535337708,0.001435422957188414,0.16861067132471075,0.020351195280068374,0.026484903876068805,0.011504007507231032
neuron_2749_count,0.09770567717259282,0.2790850564247465,0.001780220612545201,0.008720348834123128,0.010700708646108115,0.01834735630791115,0.10508391316999552,0.001893029317921447,0.015827616143679946,0.006298041427040588
neuron_2750_count,0.29004539786913663,0.6332898564168283,0.02780850319838518,0.03884480789447226,0.021632685474196056,0.021973285045409588,0.15873958314697437,0.028323789369541677,0.027762470412042647,0.011692977143512258
neuron_2751_count,0.288118879279315,0.44825257904873145,0.010167667036259959,0.009414975675061707,0.009520581754490755,0.015093972684309148,0.07413381173157318,0.013405994485702552,0.010239659220021388,0.010710079377692028
neuron_2752_count,0.20569989093240465,0.6488533830612538,0.05157252871742729,0.04129208500172257,0.10147876242869217,0.019790048165878173,0.07786908299807864,0.01099400137845892,0.03261192491062935,0.0718758927477327
neuron_2753_count,0.4904396216893691,0.6660673656267219,0.014667407550279718,0.07564576404934008,0.10714021804446619,0.0402542133282771,0.0863622836864435,0.04181460870056504,0.06647678621065753,0.048727787370442435
neuron_2754_count,0.4259331226445211,0.7558387566949021,0.018697005153328634,0.023464227961718577,0.059282574142055636,0.06260010331914859,0.08789164650283388,0.07501294623293983,0.040212804052762965,0.04573302097399655
neuron_2755_count,0.17494742780294348,0.6032617626314737,0.08287275925875413,0.042884898568023425,0.11062910376777312,0.02011979546702998,0.1034095296587414,0.018110732874763537,0.04424775557005475,0.1265625095043731
neuron_2756_count,0.5159059521956159,0.9025332178059084,0.020461054442706607,0.03647665991317635,0.12435931129115543,0.05199022220255506,0.09706987022433286,0.15973781901997436,0.027416680726380434,0.025280337326162
neuron_2757_count,0.45182314377475535,0.66241499648295,0.023330175418479072,0.058004983501023816,0.08065212597394963,0.02561021791480427,0.08624524714722112,0.10172882108364953,0.04527248466468442,0.025184271158568423
neuron_2758_count,0.290889300281474,0.3755297861898418,0.030493065347447338,0.022546983175435686,0.057105272962545514,0.014377659849232283,0.1027914657584225,0.15179967233736713,0.04026831175162062,0.0245773983467291
neuron_2759_count,0.1041985447829816,0.23165367738936543,0.019669253035352743,0.011487075763603402,0.03359782965444812,0.014850561572422288,0.08464004328208061,0.21271849699968776,0.03705728037726353,0.026312426392441506
neuron_2760_count,0.4671429369950312,0.4378783297494736,0.04700962215708089,0.03953444704230699,0.04819209235659709,0.021664637541580645,0.12568077692134655,0.23710282365213387,0.03751090966817701,0.03140269609790878
neuron_2761_count,0.39119468958567605,0.44825168110544944,0.031424199677325654,0.026520157548251287,0.05890022140123969,0.013597086223202166,0.08975272573667153,0.1419803099063076,0.04718789418786204,0.05825132784022065
neuron_2762_count,0.2865351462704391,0.31622223307765757,0.016866767513105452,0.013107542147282457,0.0206303115969526,0.0199417827738665,0.0833411642523703,0.17225759611934327,0.04011456991226264,0.036254561310070745
neuron_2763_count,0.3987947989356606,0.4953284316434229,0.05439600071284689,0.023572040499646438,0.03873261423394806,0.04281474316099643,0.15021118774589903,0.2544290598545509,0.0507374934645059,0.05411140429902642
neuron_2764_count,0.3437141595278934,0.3306121446302899,0.05006361388917527,0.0033361761145862395,0.02963469983061128,0.05538184694183525,0.12756985610637686,0.3124983229389283,0.06233958727561364,0.06033737870649125
neuron_2765_count,0.31176279090140124,0.45145420131335523,0.04244070532906598,0.016216324985018002,0.04269993902613304,0.03334267815818029,0.1298058862534066,0.20524523913302495,0.0656197472806005,0.06278677148770638
neuron_2766_count,0.3291422823920576,0.29913063799406947,0.04414187748099818,0.010606516169342065,0.025947547090367694,0.019666263550242084,0.11696367743640426,0.2806980329283756,0.06465927490646296,0.058673630505494304
neuron_2767_count,0.19922336916228506,0.19820681126938636,0.07263573544099525,0.01621530200133693,0.020282407720417055,0.023430559390212193,0.09494344530286578,0.2800122975275048,0.0743874439725811,0.05891740040253071
neuron_2768_count,0.43486707872463604,0.5112178768903113,0.04229619931299334,0.012365969488112263,0.04732476630808578,0.07052089499028293,0.1122304524296808,0.221754607649408,0.055865815580988715,0.09303893212391207
neuron_2769_count,0.15698205443596994,0.29133649020686836,0.033983898254154946,0.04464142920427355,0.0289010199695124,0.01948996314102682,0.10111021954216606,0.22926626307303655,0.06133746178718966,0.025060172362842355
neuron_2770_count,0.21472700953272572,0.2688169700605766,0.06847087310082306,0.01570352667682727,0.021401760229991476,0.035651842082989625,0.10230621101523185,0.24785898696443195,0.06772352897737502,0.047151965416269204
neuron_2771_count,0.04582312926840146,0.17860397131205796,0.03021892822243747,0.008093544328730662,0.01159114501869105,0.03128085927915204,0.11772782525274275,0.22932457464550363,0.07377287216923156,0.013288214226943769
neuron_2772_count,0.09387056969340657,0.25018967456337404,0.03296666489604163,0.022821402655854223,0.030682105798951694,0.0294893515465319,0.16550324223588836,0.2512414534563149,0.06795384286964568,0.008680444244968681
neuron_2773_count,0.07760808423512267,0.21430395236050984,0.03263357596910858,0.005221207988700363,0.018980843866260748,0.03417046443661652,0.09273090945392312,0.2500564549023384,0.0472624439522937,0.029165730228490797
neuron_2774_count,0.022524319559357166,0.15467966461612814,0.026504897978435145,0.01114562071625385,0.021254932795330327,0.01878919099407839,0.12775348383665816,0.21622149201104937,0.050768919143276206,0.009801113613773612
neuron_2775_count,0.02954531821151267,0.10057353393232846,0.03662441916698077,0.006850023329692985,0.01172391116662726,0.02376334489506253,0.10874381129775482,0.28207325030573704,0.08247233085839017,0.010430238919229756
neuron_2776_count,0.012982304874932914,0.10764539589603825,0.04458772922482768,0.007698625886308395,0.02167979920447546,0.019484807783637148,0.14949695591703271,0.3041970140377862,0.10831655044593624,0.015670547785883372
neuron_2777_count,0.01170095899215861,0.14798202715527345,0.02000284461655781,0.017613743409947674,0.01688669449559696,0.01810512233364473,0.20909901153083627,0.2106894689258568,0.049812767982886,0.008992410984097596
neuron_2778_count,0.0026751220617636743,0.1417893629167788,0.01525730054820702,0.00583267710293732,0.019555900190260593,0.019031128695484713,0.18332002323271135,0.2506630286510561,0.052912768014052286,0.010920756053544308
neuron_2779_count,0.008509775370083718,0.04843119569017746,0.0115648442722622,0.01119056149818265,0.0017311689853724659,0.018586963292436587,0.11416101519052799,0.13898869351614004,0.02811544309030268,0.0045219081984527905
neuron_2780_count,0.0014341989495797493,0.09641258444819999,0.011877694231267014,0.005118494596015516,0.010521367384575306,0.009218004116219414,0.10392791932916354,0.13630671657019566,0.04239307218126459,0.00575335790705633
neuron_2781_count,0.0029939791692055948,0.06777618909565872,0.04703986122076667,0.00023704153244701954,0.012333910786167773,0.005153604873346523,0.07665825831681836,0.11698737977387758,0.08744068354957088,0.023774645625696575
neuron_2782_count,0.016532958126614455,0.037023031670529505,0.011668614462552993,0.0035447558091281153,0.009659548471165614,0.0032454051055976207,0.09926975010306205,0.13781544567804427,0.04261899054886205,0.005447679831965961
neuron_2783_count,0.032362473850975654,0.021225933983619882,0.012541157857015865,0.006093800639267018,0.007679986705840129,0.003966372845624424,0.13070658980576566,0.18399616910170716,0.1026527214863997,0.004915793990019304
neuron_2784_count,0.008240476185180548,0.0031985253121577933,0.01049601585257999,0.012684931358014004,0.04890192387881953,0.011296217150720433,0.04991642690780071,0.05353529335189394,0.08075407030907192,0.03413643835787572
neuron_2785_count,0.06308605942428012,0.007419468680902673,0.012850745302823305,0.015306828122221394,0.0044699087734759585,0.00016586268829919685,0.10542421212266578,0.04682053978687879,0.027703819353228937,0.004633868444416064
neuron_2786_count,0.012941321995607546,0.012899582085900543,0.034991251134410914,0.003230491724610471,0.011140742896703484,0.004133524609358253,0.03943023280918806,0.06730132242097023,0.050398945222431046,0.01196254624311692
neuron_2787_count,0.1616978318773022,0.002464308095537311,0.014610250129063862,0.007715899092648509,0.006686213385014017,0.015849655663303028,0.08786567382806712,0.01271805465198933,0.033137835786442166,0.000383437533079645
neuron_2788_count,0.03701675397994782,0.01611085987429084,0.01640095948785808,0.008445761677466745,0.0091526125419652,0.00014437673989681904,0.053311857943190544,0.01798313427844453,0.03555257883986765,0.009625670258597674
neuron_2789_count,0.18456455570780933,0.016529510581441226,0.010234502923198267,0.00668300933100289,0.0026357415858420594,0.0039016310549081154,0.04534335649887307,0.011253308051677069,0.032892432570623256,0.00170358769965054
neuron_2790_count,0.139904016089323,0.0025705623233756147,0.02925419150212584,0.01004490934037069,0.014613392393303865,0.0031989137656013925,0.07559016699728235,0.014372535994596328,0.05011951534916137,0.005600278987433829
neuron_2791_count,0.17055816664590337,0.004553795119153409,0.02200628484030008,0.0021724306325838078,0.0034674954975071172,0.009189270484604134,0.10249414946023824,0.015919159363153537,0.03350843017860958,0.008318148413367761
neuron_2792_count,0.06051455275230144,0.007832821614079846,0.016818597292877338,0.00582364675750268,0.00934847263448306,0.003518630728889728,0.04516848057254633,0.003803337769900536,0.046904362807500766,0.015697858932990708
neuron_2793_count,0.08178743758958312,0.02109954027622571,0.0067315518180360995,0.013996311984955809,0.0032883384726145708,0.0002504923265583286,0.029269089948808807,0.0075452827491138685,0.055872144331175794,0.009038349146916189
neuron_2794_count,0.12740758297488983,0.01907034506156581,0.01524148581314215,0.01692292346200415,0.006996078301445684,0.000501338613537395,0.03224861488888853,0.004750930363858458,0.03461011628386375,0.008258441825382927
neuron_2795_count,0.1575763144853286,0.02322956750054523,0.00906213979293359,0.006727847964033674,0.008689196356507806,0.019663483023980174,0.024356850330115434,0.00348193737279575,0.0437081610279631,0.01787295842630616
neuron_2796_count,0.03639609374038415,0.049124180390490796,0.0046494244066642085,0.03323377104026923,0.011260904871991315,0.001468879989106886,0.02520006484965523,0.007832547241421864,0.011551889014032507,0.006083113990714192
neuron_2797_count,0.25210551525252595,0.01012080237761849,0.0064221898236799455,0.009212445764067455,0.013395573955924257,0.012746684877716206,0.014842957099010255,0.005467127544583131,0.024059235550723063,0.021506582213070613
neuron_2798_count,0.09442024507306587,0.012691367918459706,0.007339395688980677,0.010135775738455546,0.011836415656897394,0.0011161723831860232,0.06224432916592218,0.0006715370806737765,0.015360989700374111,0.002579030643398766
neuron_2799_count,0.1952352182366933,0.05053464262009094,0.009087456426086805,0.015148758022412348,0.008417741339894654,0.011826591861494068,0.023044418820409793,0.008268746014836993,0.012712325122938961,0.017881377716733073
neuron_2800_count,0.019756658984670133,0.1989090040156366,0.001581213718893807,0.04263570932305247,0.006038357864086347,0.0019068405313725917,0.045701981385986384,0.007246450920071222,0.007879693703087456,0.008005357866654919
neuron_2801_count,0.026909168832831884,0.48536188936925995,0.003926591664534185,0.05975573065618889,0.009922782495352847,0.006342286509528068,0.07173568322313806,0.0051078617413427944,0.0037644813956763737,0.002566318630753194
neuron_2802_count,0.08856611380606201,0.14073252093417707,0.005897438284215448,0.024016895221506518,0.014472479792518422,0.015892610417167455,0.03133808861939874,0.008919734686369148,0.017009299585161036,0.007075886505902164
neuron_2803_count,0.03159068531393619,0.3017479255514052,0.0013000342093643681,0.02838944376829053,0.02381214162598695,0.01046526881765189,0.04639061486145482,0.008588512377458488,0.005133561277959009,0.013417669590153211
neuron_2804_count,0.04314247237284324,0.23974892302569709,0.0037032635329988725,0.01967372331794931,0.03151978871507677,0.0064634082088104935,0.021721496435832863,0.00913283573997866,0.004457292536041282,0.0232036203442682
neuron_2805_count,0.03327400330885425,0.006262502336319253,0.003990884451435674,0.0024324607388260646,0.018071708958851018,0.0032155048754736806,0.0006063417034005113,0.020703902684754333,0.0014894470563811425,0.001269336800320535
neuron_2806_count,0.02899945187216329,0.07844900112067027,0.006470056469822773,0.008660359339163537,0.013832463795565554,0.0015799162917673436,0.023999581836560188,0.014639521097076849,0.011162602289449888,0.004912118516594177
neuron_2807_count,0.03611392708115482,0.002150907959933784,0.003869765126449702,0.010927248641206963,3.291374785911261e-05,0.006945146854178186,0.0017461893074287712,0.0018563187605080897,0.0035948267230944807,0.000642534518482743
neuron_2808_count,0.02320988794891235,0.5312115296327367,0.005591181930523485,0.03418232193722602,0.03654948544004272,0.030815737892135764,0.11524182231913827,0.0051638143771055856,0.009991048762767143,0.008870356679572575
neuron_2809_count,0.07885153502179393,0.1727444244899022,0.028195991754049726,0.010064348642266168,0.0007498255139238081,0.0014392446619231306,0.055000131317265055,0.01630050052657347,0.0013539364736298984,0.0024789232457200945
neuron_2810_count,0.12136474485685118,0.6320722488883841,0.05484769178880939,0.07980434283630586,0.0029900738482991768,0.006257432846837475,0.1806683756340323,0.017649738605273413,0.011670875352648706,0.004380128100110674
neuron_2811_count,0.11327763772100904,0.7140098538168649,0.045324708454906035,0.07506057993645532,0.019983297917223603,0.006758967207841089,0.21342628218014628,0.02418621318348954,0.016728158512852365,0.009725672261010024
neuron_2812_count,0.09416155603691814,0.3001388091214683,0.003344441320728024,0.012336984294239628,0.014053153181839348,0.012951067026647028,0.062030960757036124,0.0032938931624993985,0.013016132091215049,0.007470775123628259
neuron_2813_count,0.08836607146875664,0.4030945330954552,0.008968769242236024,0.005064064536479829,0.03818249530083387,0.02705705864848862,0.08154366673961627,0.002261055064717181,0.023534598798777423,0.006170495954934704
neuron_2814_count,0.07094436106818841,0.3460510946208878,0.0034344008281389955,0.01008032139692,0.028156142003738963,0.018281730154206532,0.09897956888267054,0.007492977093492104,0.024244323667594977,0.010819358621073376
neuron_2815_count,0.039847842744402034,0.33147286941561077,0.00821102178465222,0.03127448432574287,0.013308708815600437,0.0023190163751445354,0.15393933271134458,0.015640154988542654,0.025815543157801157,0.010879923569307878
neuron_2816_count,0.1576501773886028,0.5773636928591079,0.03908044702087243,0.03703434117388049,0.0995372501553705,0.013423049166670958,0.05410462919065128,0.0024816620859051293,0.0208748341460023,0.0729258516135832
neuron_2817_count,0.17017038933870549,0.6086462421533585,0.038319326523287754,0.03256664208489252,0.12491491881605639,0.02099165414593289,0.10568713445032932,0.04071632739942526,0.05130093498114452,0.09366438670054167
neuron_2818_count,0.07548072232096231,0.3483676830101361,0.030127023393518818,0.03715751135218213,0.090716215148019,0.002832687836550503,0.07022540057410676,0.014445927900188525,0.022302676297908806,0.08550066626020568
neuron_2819_count,0.5904438593791604,0.6373544461080366,0.02021252498775298,0.07163614563386377,0.05823172933537319,0.027306101454475585,0.09519504325320849,0.10285519967030965,0.051697273246942704,0.03344298456505182
neuron_2820_count,0.225825657615589,0.41268644804679083,0.028561469525101378,0.01059362479323852,0.05207394452384098,0.01330946641388528,0.07178695303804744,0.06595539353049197,0.03835262429906629,0.021931571614015117
neuron_2821_count,0.42718945335989716,0.5954373490228174,0.03553672582242734,0.055979136861626894,0.07500514788442995,0.01843601180008815,0.1044478644943537,0.13924017232414235,0.04173906657748111,0.027357230313262683
neuron_2822_count,0.04028917568955096,0.356468315696441,0.04655080116714373,0.011956245801056593,0.08084577180794134,0.003309237998245328,0.07419435802441109,0.03705635309382937,0.02710850527772138,0.1305355205104699
neuron_2823_count,0.22033002976845156,0.36390466673897487,0.01378247640779217,0.028698239757286997,0.07761965541684052,0.019118149979895232,0.07138297379644526,0.0871562229366855,0.04375483718499625,0.06433798355001033
neuron_2824_count,0.36580952460058225,0.35931202046140315,0.035683916056463955,0.03421983825875996,0.027875434434687735,0.012579360835012883,0.11802814240411788,0.19982747737898215,0.027625207721536364,0.029789427342796958
neuron_2825_count,0.46553076011592126,0.4348744809642319,0.0730672610473494,0.006153534528265642,0.023142103630901776,0.06355717638818772,0.09645588696729662,0.2580746919048277,0.02317845726140215,0.04488887149791124
neuron_2826_count,0.5335952730883782,0.5079500689889611,0.052995274732454675,0.03347923835551371,0.050077437897835524,0.02748351220471315,0.19037879671440514,0.28391889924846775,0.049938200030690987,0.05098779691850733
neuron_2827_count,0.43498440796967613,0.340264996140052,0.07159641538524936,0.016473960046379882,0.04800743302192428,0.022233743684324195,0.1452927979010431,0.28875579585848843,0.06135726226458678,0.07091125978946572
neuron_2828_count,0.37542923525933897,0.29250031902131846,0.07133960303355244,0.02526420017555929,0.033650872389068644,0.009378332078933356,0.13778276305903453,0.31552017551948064,0.054073774834844296,0.06651372339534861
neuron_2829_count,0.4243471887848049,0.5226902824235637,0.05072871012504025,0.03300356178848046,0.04446296639201846,0.03605407469435454,0.1429536942651311,0.22177547048836513,0.055572392759892675,0.04035806767925236
neuron_2830_count,0.3076710027657605,0.4183119025531976,0.04292997918671902,0.015266737033413719,0.032624546609252514,0.057219966296978626,0.1210437199957825,0.251392614171537,0.06919097382225338,0.07165319538465678
neuron_2831_count,0.12276809098623817,0.1549901971153246,0.06644449181641326,0.013036122506250455,0.014232388275010936,0.018327888665617798,0.11408149866327202,0.28011723344869893,0.08128926680159929,0.02806900856832173
neuron_2832_count,0.25985364365461916,0.3494331699217511,0.04471154273534511,0.021301325303662202,0.03402289441344023,0.02193852836962678,0.12806684111970404,0.24520753119881317,0.07052171992961326,0.06054008679337018
neuron_2833_count,0.21261321257413404,0.31227535062134737,0.06430740746578983,0.03561966209399414,0.030897125711465988,0.029496684724297482,0.13002647152840807,0.3071542822730263,0.09414523515089906,0.043738118634857645
neuron_2834_count,0.17087031278403983,0.2622699521872311,0.0701396769543828,0.009458804781453549,0.028577671558132872,0.03597241689389122,0.10091575340070186,0.28010169754856507,0.0776491699882501,0.04573281853352884
neuron_2835_count,0.07840452952085492,0.1965003508870978,0.042069891097762144,0.008172225071556086,0.012474634935342656,0.019505284059459255,0.11518003591285922,0.21682727715292455,0.054827593047277856,0.02314022890486775
neuron_2836_count,0.16481022095003975,0.2391773880094028,0.02127270578068674,0.010329520384326482,0.01833468967217923,0.05343287472339717,0.10103055765805502,0.23650613862152275,0.07344199898074052,0.04869738580498102
neuron_2837_count,0.13508038722826454,0.1983277372085297,0.061229579111797744,0.012762841350951876,0.018888975743973253,0.019817775719663734,0.09345124976831351,0.24757630989581145,0.06452718463466924,0.03310137469082511
neuron_2838_count,0.09035204582085396,0.31946063659811774,0.016666790303430046,0.008837992392204778,0.04227989533503863,0.05645286828266487,0.15346057264342203,0.26012199292559157,0.05683352412325009,0.021124961234472387
neuron_2839_count,0.06301987396232427,0.24465065820395124,0.016031851851556735,0.010108198736396873,0.040822331553476816,0.032576040116480395,0.13112195385107567,0.2828823497371309,0.05495576381333596,0.015380556610327976
neuron_2840_count,0.04291346809698475,0.2239793335296168,0.021314684496875333,0.012259607725775105,0.02958348662231343,0.024655564252067705,0.16186070815955622,0.21351261674648714,0.04613291203490988,0.010308946630957452
neuron_2841_count,0.022427881717875395,0.12507658318352738,0.01540919609381218,0.0011533628582653666,0.006235473735114772,0.023288960329597486,0.10706279439993854,0.21820771789225393,0.057635967789519627,0.008221651678426957
neuron_2842_count,0.020701553204611048,0.07473958004666229,0.03830531563450164,0.001395336337856521,0.006354488045467309,0.018131331984813634,0.09828998849985782,0.2652436661478246,0.07361929455482338,0.027823292354662008
neuron_2843_count,0.0012734760075317035,0.10697719957966942,0.012913800277955384,0.00120015897211952,0.007339425746398863,0.011797828320284559,0.10436925723636609,0.1439341949432962,0.04508968080902265,0.008946743160481968
neuron_2844_count,0.010350964142994516,0.03002643903761018,0.015498493215338277,0.00964800265482469,0.004099870667159434,0.011154656500981696,0.08823023345232159,0.1639590618957592,0.0487842847231051,0.006326753268738987
neuron_2845_count,0.003329064673103989,0.07390834604654725,0.004612934407136782,0.0014789782840151401,0.002182592246886444,0.006013891566588048,0.10012706848499722,0.09888668549791893,0.061307929709233405,0.0017885967110584725
neuron_2846_count,0.07965619170557373,0.0011177777730335867,0.007697975892056297,0.009460391029961254,0.012010347483004509,0.0030446536499289106,0.10488717792308475,0.07929269301969388,0.06243634519804803,0.0016142150637024864
neuron_2847_count,0.06755368686790993,0.0035684858006500286,0.007004627939596757,0.014808628384794159,0.00421536113113319,0.0019234249825262548,0.10689902633871595,0.08007502163254362,0.05761838366900618,0.0007999427218182175
neuron_2848_count,0.07207547799208638,0.003041462697216085,0.014923371030504062,0.00314858639650434,0.020681796362433114,0.004201889107344446,0.09051302662525151,0.09919481974266217,0.10471914883952915,0.00350781825174714
neuron_2849_count,0.01940283518519162,0.006009733172095903,0.030684494983351338,0.0018090646140969924,0.015254316096353075,0.0023540564746806422,0.0848001245152015,0.14306731674506915,0.0806212186702859,0.007457704083516863
neuron_2850_count,0.10094336751841376,0.03678464261244815,0.009605736005722437,0.01918103686237428,0.01667702609527777,0.005125564817124589,0.06895044440639739,0.02555728968697902,0.03288078844423968,0.01862002579642763
neuron_2851_count,0.051870369265025806,0.0013256185052074529,0.026177105218918945,0.0072972456681509035,0.007020611060079257,0.0004707036459442645,0.0408458918707468,0.042904315649504476,0.0539509293384213,0.014776572437724067
neuron_2852_count,0.12809270749535168,0.001276577093244297,0.023051682373985243,0.01792096114111305,0.012153815115991711,0.008107605740000405,0.06875616181861713,0.06312396058714957,0.04504570064561279,0.005918318118499487
neuron_2853_count,0.019081526712874608,0.013876422391588511,0.030303452485774,0.002427639867834841,0.00343362939576234,0.0008973617368443626,0.04977711490571651,0.07524861713373604,0.06582702565831236,0.008842233856340212
neuron_2854_count,0.12566090031710678,0.0031881333913356645,0.011517907511246685,0.01511054984454689,0.008718965882814591,0.000952073824618988,0.045336993934619096,0.027790131709712916,0.030095840463274362,0.002089776269116301
neuron_2855_count,0.05931109351616576,0.006884066866605872,0.00970457688021592,0.00976175725538693,0.015077509932536162,0.0010797351727202566,0.02732701312822823,0.009179213935355535,0.029826739659740198,0.0064962717780926715
neuron_2856_count,0.0880534993850138,0.020968885512027885,0.022698976389623995,0.008108171968212619,0.0018335288450117308,0.0009284330231771852,0.04811528168114987,0.019889610011465483,0.04789007234633441,0.005414465696951738
neuron_2857_count,0.035952417013315516,0.04386603090289928,0.010583946981322478,0.015760444232539,0.0012920081206636495,4.8803934754833474e-05,0.04363434162807461,0.022836037461305678,0.0360835335354627,0.010605386307662994
neuron_2858_count,0.12690615295128882,0.005790013787843495,0.004396117045528301,0.028369303912494953,0.03490263152913363,0.0009332784939876763,0.0675777704527416,0.001898817289324669,0.048533037270047236,0.009949837345663737
neuron_2859_count,0.15605043700066995,0.0014498098698948149,0.033998128799204275,0.000590547690969067,0.009444960740452805,0.0052019284382034195,0.014964391847060401,0.0016082318025331492,0.04012774928997423,0.004854109032362289
neuron_2860_count,0.09976451008732434,0.03372595670851586,0.00980359868918737,0.007675600966079374,0.0015947221428159256,0.0029985667741814423,0.023230844377667967,1.7009567470751934e-05,0.0489458038224497,0.007798171869312559
neuron_2861_count,0.1398944716007641,0.013560526577492918,0.010243187232406033,0.002642411542505878,0.012214051566467779,0.010765660446767938,0.009220398288536366,0.006689606378245165,0.018978664570149767,0.0058724381240305365
neuron_2862_count,0.15446979211111414,0.04641426186147249,0.010352669698923787,0.010403484382584191,0.009726705778280005,0.0060842564626762685,0.014828130029066314,0.01365884452616338,0.025766795598909376,0.008673581191395614
neuron_2863_count,0.07238376773532815,0.04611014324392679,0.008146142348239349,0.02600202962854467,0.0055320169778741365,0.004723291813207187,0.03971137768223207,0.002768502086713018,0.022967479727422108,0.0013425673053941642
neuron_2864_count,0.09388145221397431,0.06054876611847984,0.006495135840210602,0.025911022137815473,0.003246365476052126,0.0015232713725280463,0.025865347018315693,0.00465553297145279,0.015663407680834268,0.009489207156891246
neuron_2865_count,0.0014658877848773358,0.34326357641824823,0.004504182680549737,0.039332478124632184,0.01577438363963464,0.008970997195214124,0.04626752932981157,0.010188916900078733,0.005200877954962234,0.010416048271442213
neuron_2866_count,0.020513398562486594,0.17587329934378465,0.0011412386722436905,0.02419953728843814,0.007894589668545077,0.009016373220757753,0.05118636164091625,0.009809947630531467,0.0029448461561666014,0.011785935756664985
neuron_2867_count,0.010693757786344363,0.3245337087678077,0.011296899772173935,0.04975975313966713,0.0032782223636741194,0.00758257178075844,0.06925976216759552,0.0064324056550085894,0.007783714469162949,0.013127879922967677
neuron_2868_count,0.04675678223045867,0.10441850114324111,0.0005281393033735177,0.006568829589278194,0.02487969155138718,0.015703045635566,0.020118988169057467,0.010778861166227921,0.007997476900832157,0.004841414537285663
neuron_2869_count,0.02588601094462105,0.0980825680422488,0.0002951862823560034,0.013906500905139077,0.018096379698725865,0.006053310095412483,0.02105703608232684,0.006823444112121324,0.0027984646706322785,0.00549786963266722
neuron_2870_count,0.027538886596770465,0.41170156830324056,0.0071294209165746955,0.05915075122188562,0.006267705153048753,0.0003328148350866308,0.11967423324719415,0.01127600616290697,0.0027035731425302887,0.007993107701862956
neuron_2871_count,0.04483133187484481,0.3071781706666743,0.003347585661805534,0.031355761840217405,0.011947260055788056,0.003417583154444917,0.0336725337224755,0.0012309473958214516,0.002230647053149737,0.00349404156238115
neuron_2872_count,0.06245000009513495,0.21107325217569892,0.003552190146096118,0.010239593263519808,0.015110630554059042,0.03078106998158893,0.022012239126124586,0.007105712294249764,0.006118708773871048,0.013967078511066676
neuron_2873_count,0.01707767735172107,0.41178203079330766,0.0051679719649629086,0.04453238043584659,0.02309446900276231,0.016818119902607606,0.06467945310342242,0.002853056168060962,0.006968729621024742,0.01260333326756103
neuron_2874_count,0.0974643273820664,0.7210569011636987,0.03004318186158072,0.0700547654407298,0.02686273485776901,0.008862989130654093,0.1779261801777027,0.007001308926955316,0.015575759175157904,0.013411631911025537
neuron_2875_count,0.07860798412598566,0.6067037696875509,0.01903304196730375,0.06338257852587184,0.009287204132832572,0.0011017230325585936,0.10714356244692691,0.01569659489751983,0.0019837946816230884,0.006635653203284977
neuron_2876_count,0.08553561954713365,0.6936497031305452,0.00990820157234057,0.05872018303174856,0.020655044709187928,0.010748311737257987,0.12488486573616137,0.0038110391892924034,0.014444759802005158,0.005518528867499359
neuron_2877_count,0.0230635234376938,0.007077229377616526,0.004780535350416025,0.004033849839824142,0.007920065459028208,0.010476015249173094,0.021530395485379744,0.004583803218364286,0.015329559210855326,0.010416151605132776
neuron_2878_count,0.02964630117242506,0.1445662199879627,0.0003348480346373915,0.011785539603279965,0.022910294020457314,0.003321337811936678,0.07169936943719149,0.004957587380611365,0.030579656131638128,0.0018888697424210288
neuron_2879_count,0.12039857625655062,0.22494416482404075,0.0025852686485585835,0.008717057949308368,0.008783045932957062,0.005655283728761548,0.0766514165484064,0.01604509552267752,0.012265335113387607,0.01638085513962287
neuron_2880_count,0.28550502590193444,0.4946359641899717,0.01148710742969198,0.007567932448286276,0.0222321329783969,0.04883606011889946,0.02354133620031644,0.051035641581913746,0.03849503168703379,0.008781699301785493
neuron_2881_count,0.650364133348767,0.7450388860275151,0.08208251953563314,0.025271174013811737,0.05882909074170879,0.09017781385989357,0.11353658732760287,0.22500582717517853,0.06914038867575806,0.0855085755992358
neuron_2882_count,0.4802416930338082,0.6122441018399732,0.03784324802037656,0.024179072749793196,0.06559126543478908,0.05728557715909348,0.08590594418648087,0.13319488336060528,0.05011276967660869,0.03787934600255606
neuron_2883_count,0.47371534781169433,0.6376030457224366,0.027206193126246617,0.06664032877555368,0.08898644451583633,0.025978126466177438,0.12393145825375113,0.11415491901874159,0.07425042859612337,0.029406879536331622
neuron_2884_count,0.3505178190916034,0.6494123507049631,0.044953205702483595,0.04132745713222673,0.09441446919116198,0.017158163320538142,0.09242165712169972,0.06492531439781948,0.05225803790320126,0.06298534902180429
neuron_2885_count,0.3008694060173291,0.4307395622031738,0.0268482642787833,0.02203008226583493,0.016454972606453018,0.019091781241837864,0.10322543422438321,0.17025493814131004,0.01400002725656214,0.01422971460212495
neuron_2886_count,0.471562192819955,0.6582119915036139,0.02145645912617771,0.08386554117038214,0.12212841898145332,0.01589771945364177,0.11304826448249572,0.10917082554604601,0.04871961310722821,0.06094624942953527
neuron_2887_count,0.27402856218223903,0.29438922526044403,0.021383016868799606,0.023021430836125678,0.02529211835349983,0.017215957545184762,0.0973415562609702,0.16747708022300722,0.033798059896327934,0.026979324573597613
neuron_2888_count,0.3767799351239262,0.5132568127150346,0.019768899484272393,0.04138609646779315,0.07242033239591562,0.010658937492170086,0.1359655133078698,0.13471121631910662,0.030996387281235115,0.04982817883873789
neuron_2889_count,0.45068116733868424,0.45169238084608343,0.05145844124771115,0.040031925714896596,0.044889290623945956,0.014805666467513363,0.13349940926915477,0.23812605565748984,0.03584923216492212,0.035864717413946604
neuron_2890_count,0.5293740720255815,0.5563518985575246,0.03867141511184624,0.046264775087415375,0.06797931204075339,0.028097756763820893,0.1725125544772943,0.2645840919008192,0.06904639430939795,0.058342742078286255
neuron_2891_count,0.4072552919290987,0.4763153360423773,0.050686052505966535,0.01123580247259498,0.053122219701409394,0.05526492349843305,0.13697230811871677,0.24028058539570082,0.049001508318218076,0.07539619918390941
neuron_2892_count,0.28336483926019296,0.26644788344704606,0.05119910804849183,0.001312969210880045,0.030134888861633194,0.03406457327477997,0.09046112705259085,0.23711909726579233,0.030544132212844462,0.018506686725596494
neuron_2893_count,0.34945240346794765,0.42710068583828137,0.04750850769662808,0.02785228088516814,0.044470491958920604,0.026420404087534148,0.1324530389432645,0.3067716191003801,0.05539022608255242,0.025727275888161934
neuron_2894_count,0.4267165549547797,0.461059309845175,0.048687593369020024,0.019453307585028987,0.027366547610973017,0.021994796720382584,0.11137736961594091,0.20028414150521748,0.04231054203608322,0.03878511149595357
neuron_2895_count,0.38153717074941573,0.5492641963701597,0.03249070106617305,0.05345278939960277,0.06935699974796286,0.029461427421445807,0.14656191446502828,0.251659558130511,0.052138452176824376,0.017189174004117853
neuron_2896_count,0.24174293961455018,0.27881888795008225,0.047194686622031995,0.014583167259674304,0.035766759240092635,0.03104047302042824,0.09647553171792791,0.31568772782668275,0.04690850947172359,0.03745077700091334
neuron_2897_count,0.18096379501377743,0.27187150440872904,0.07206141875033456,0.017690457734720846,0.028105865497819113,0.04607317854495019,0.0823716133650248,0.25338608199886126,0.08854465229939856,0.04841562253206452
neuron_2898_count,0.3203101972569083,0.197887711568565,0.07787592322905956,0.004809881677817082,0.02933399861231334,0.024090215843671763,0.07866090624646199,0.2915973165779277,0.05027003292639881,0.05973708246495213
neuron_2899_count,0.1773753756829953,0.16295544431423303,0.06812723307922403,0.008153984988124348,0.03342599511036766,0.045274364583634374,0.08770338840085273,0.24565372138957395,0.05492664823478993,0.08006117363880852
neuron_2900_count,0.08673014688198447,0.17123727987819334,0.050820733463369364,0.02401676259827122,0.02164575183229146,0.028559511579810227,0.12291476178322841,0.2970847017287622,0.07239998327313141,0.026483852007709613
neuron_2901_count,0.08445299537142303,0.21955710608716728,0.012941974336861421,0.01721973102700572,0.023317093384718775,0.029122884204951613,0.12771017877541171,0.207205236742509,0.033511497908230506,0.009288838014664132
neuron_2902_count,0.13733264353320315,0.07725046434487162,0.09382745251547647,0.004735136589855391,0.0404502080471654,0.03007932790366362,0.08517069363601643,0.289567540637076,0.09698474017623232,0.08820553499614103
neuron_2903_count,0.05958412140044708,0.12338382868411932,0.04649075089086245,0.0064793957221891355,0.023175064926026875,0.05182102991571083,0.09305839543572325,0.3433840797284251,0.098825990140442,0.04758912469567245
neuron_2904_count,0.005420981840731417,0.110455073744157,0.030463946893450874,0.0011123871570358629,0.015459843329521245,0.018002764793345297,0.1411232694404667,0.2730116370017671,0.04134527377021363,0.009078652823038044
neuron_2905_count,0.010207150226826415,0.09145593535704774,0.021965123619633837,0.010079434357475905,0.0019356539268276206,0.024528508526527264,0.18259853722268926,0.26633931770023345,0.047374757434436074,0.01361037812306816
neuron_2906_count,0.010229783664157457,0.06073848941626939,0.01574179666947976,0.005713973532638826,0.011144029190812234,0.013382795295259112,0.11217451002839018,0.18004686554976207,0.05098762479961569,0.0033321700324137104
neuron_2907_count,0.018880744111735223,0.0064178447542691044,0.018397821334819715,0.002418296613280045,0.005895470094004075,0.0003196093568534125,0.11961242143843787,0.14790942784286357,0.03586057195735923,0.004366060410263873
neuron_2908_count,0.02320188533957661,0.012141819149598082,0.02837795207691854,0.01060312004282793,0.010622923694916908,0.002641757550679205,0.13865250265389706,0.15551179878511148,0.07910429670277244,0.008428392986749932
neuron_2909_count,0.004926358004238067,0.061917417084662,0.03660697822544369,0.002793977633084886,0.02187383927759365,0.013665564093711807,0.13190470110151126,0.1618044948271509,0.09831982788375895,0.012204042660816969
neuron_2910_count,0.0009581751363077723,0.041632075992022496,0.031165928806236073,0.007065932743028724,0.005841308747129903,0.02428142668094206,0.08914274630226934,0.2113512324962291,0.06378973356626463,0.017989173349977544
neuron_2911_count,0.0444046725357794,0.02305989876807045,0.021485967063422595,0.0004317994368709145,0.0030664221556217924,0.001319647849121735,0.14685986042786323,0.10938471773303313,0.07339163537167942,0.008243876949381689
neuron_2912_count,0.04962700465631681,0.028938433473930936,0.02399479524673738,0.004400640363739616,0.006345251694796161,0.0037593519757718324,0.12012164545942353,0.13226733197158436,0.06496774521767495,0.0013189346217670316
neuron_2913_count,0.02482167973694223,0.01174790636564818,0.006857826868452821,0.004073820575485755,0.003680929571063009,0.006513050454290348,0.07157470909899288,0.08665762877005731,0.05569242873162794,0.008569374572076453
neuron_2914_count,0.03322850308998741,0.005705860203998908,0.04763509338974481,0.0021830742786709337,0.01197494518701886,0.003381586695564324,0.08122525220172674,0.07376752951395513,0.05950417464658031,0.011649337039119759
neuron_2915_count,0.05606555212028275,0.01257603412380394,0.019706195923523614,0.005383961386931216,0.004228319122833224,0.001649271871209515,0.10741112393223823,0.0701905582140778,0.049573340727767784,0.0017371310884246316
neuron_2916_count,0.0084893646565769,0.0511279950321952,0.014680444100900053,0.016484937187900908,0.022572023472696268,0.0035791865191569447,0.044458650661660576,0.01033334237751829,0.05201632087441674,0.022241131198018668
neuron_2917_count,0.03410030031710899,0.01787837672266676,0.020528513510728125,0.019838654527776264,0.030904261686361345,0.002591344313960374,0.039408813696010375,0.00761203828666418,0.036261363228952403,0.026356334014314434
neuron_2918_count,0.049978429792262205,0.07660086741547983,0.0038976877771909196,0.012064660878713052,0.0021735901236945177,0.0020555392352670926,0.0462537572990957,0.0028627173677500395,0.022440279092136528,0.0053246699282505534
neuron_2919_count,0.13050097153003004,0.002752194493604622,0.01590296093123364,0.007293555728043272,0.007396339139140409,0.003957922338288865,0.046007483789781645,0.0008217060404574102,0.02836912882650748,0.00755273655233743
neuron_2920_count,0.03650154419859117,0.009065390857982775,0.00862888488603504,0.023044873599915472,0.005638342245865853,0.0001961681656875748,0.026790254625842974,0.023590301793582888,0.050367747163263116,0.007778982729887557
neuron_2921_count,0.032097302672347644,0.03265963120488316,0.021830368591377505,0.0070870776556948775,0.006884829137859164,0.0017362218001012227,0.053186246698752104,0.010001461889108693,0.03901189883872336,0.00975364740926872
neuron_2922_count,0.03709571385131755,0.009011835444530047,0.005726141160868829,0.01223668476115887,0.021086278584312737,0.0007702379058339356,0.0660125112978924,0.0008417646609491132,0.023257665267448754,0.009594288364037848
neuron_2923_count,0.07323923995919376,0.02012845885526776,0.018402399433507285,0.010932905008377458,0.0014349977992036342,0.00017634659801855565,0.02798721124554429,0.011819275113075303,0.048122305632160384,0.007736073412547832
neuron_2924_count,0.10397489226292495,0.04487505733289754,0.024135199663524926,0.008129368978688302,0.009850283275031138,0.0056313535399167974,0.03516783324625086,4.912862784127751e-05,0.03289715427131158,0.004226183948240616
neuron_2925_count,0.10695532697924875,0.01884022279204385,0.005019333354409013,0.009358232677170356,0.007125354400789957,0.002392247647917345,0.013525065883762372,0.0021394591185105345,0.03297224718089112,0.003736828288699837
neuron_2926_count,0.21647570820328582,0.013739780628147104,0.00987682540535944,0.008820423678563373,0.01272504124255129,0.007485015019213878,0.005788247422890349,1.5809680307678122e-05,0.035072623051023794,0.008280856648902808
neuron_2927_count,0.058618320621579234,0.023774522720558827,0.005487205698954001,0.011490633596903721,0.01831842654900258,0.0007015167211504372,0.03475425630806328,0.0003923328771788994,0.02585501020817481,0.004517132266869769
neuron_2928_count,0.00034666389053658424,0.28480778026759046,0.009001446984066339,0.029251957792081867,0.013345861006928179,0.008054604303599368,0.034302455656433375,0.0036165604753126603,0.018766761239186497,0.005550482897141919
neuron_2929_count,0.021261116427117956,0.23100415446212477,0.00296775891260858,0.033411060687460525,0.008071056743506241,0.002999134544911221,0.05094159728971917,0.002372454056040805,0.004844719075379311,0.005791884971220631
neuron_2930_count,0.05493218229874028,0.17300088812862507,0.0009500718218095928,0.03555987020250381,0.006158282911400123,0.004405278737351935,0.05077068934698256,0.0023213649798449493,0.01856237220729913,0.00874457924509136
neuron_2931_count,0.07368217229092629,0.17595599120270303,0.00011124055653187167,0.024315998259899593,0.025003672381661166,0.007047516864581646,0.0334141384635569,0.013694925584107412,0.006398848452564752,0.01960275602661668
neuron_2932_count,0.04579968034307563,0.17564595148789397,0.0028803209543974626,0.006734010521941808,0.021008345169644102,0.006791508614471947,0.032504354021516135,0.019793792744494262,0.006785011444718704,0.004605434902762266
neuron_2933_count,0.0144925107444185,0.21681509119485531,0.0010707082918812744,0.02818445673081313,0.01043340874080513,0.0027244879868375503,0.09911919099027808,0.0022135119433093,0.000623549269616509,0.0014466492131975754
neuron_2934_count,0.008993711727959347,0.5092274925789417,0.002748871385293776,0.06965202756082378,0.015035622874485594,0.0020973641638780266,0.07055239999899016,0.0026767504066526563,0.004334989449288708,0.007648895947213644
neuron_2935_count,0.01597473996810238,0.20431455575196228,0.0009255131233848503,0.04026651161411493,0.0044145337262033665,0.005232783753781292,0.0738617515143355,0.0006224776819713541,0.00041644180571151837,0.002309520516120711
neuron_2936_count,0.04247568798152068,0.3257716231431786,0.000426067482412475,0.038267317575374465,0.0040297598796154195,0.0025081841907429805,0.13362405750770853,0.016366332934774033,0.011331125461126551,0.0049728310169918424
neuron_2937_count,0.009596369203261804,0.5391761196054438,0.0017314744910183894,0.026410459219498195,0.035678899231404756,0.026131200804246094,0.07753605536274824,0.023348198662934777,0.008464115627386838,0.035425778436687025
neuron_2938_count,0.06443501086551537,0.3354859709418093,0.003439229229725109,0.016682187457111447,0.005446453544441284,0.006519060610184653,0.09434373386053926,0.0052482715901033886,0.00867470579558078,0.0015039239052516279
neuron_2939_count,0.054093317845177596,0.228625395946987,0.004734374357322914,0.040094723986851266,0.0022551405691802334,0.004044774500813614,0.09779014320880333,0.024077334002535172,0.021864808504507643,0.016251790793602797
neuron_2940_count,0.07528394043786546,0.4634936567925181,0.004867555632371373,0.01917165713076667,0.029012988627694095,0.012160564874775556,0.06294097197825155,0.002042038995386585,0.004076725477035199,0.0033892022216745503
neuron_2941_count,0.08011199622970566,0.1979645884544795,0.002007615040505676,0.007234822043650516,0.009422708860678156,0.006780817964411177,0.09512239551571253,0.011106158024221255,0.027600582922585534,0.008545225164046641
neuron_2942_count,0.1206823377625677,0.5593236119568923,0.029937490873556502,0.0719042436210103,0.0011157219226678046,0.0010517871076610348,0.2053708510419035,0.05484716942538351,0.012140771019398686,0.02405392862354605
neuron_2943_count,0.07661687073291731,0.3160610498065723,0.005002063166307573,0.018592893901838003,0.014168124397309696,0.011836201326804241,0.17327262481946004,0.011783643199755292,0.023315505308544843,0.011983148046326449
neuron_2944_count,0.07131349355509872,0.391051430401338,0.056178835201964886,0.054135105643906195,0.14148642473445494,0.004209701741614901,0.08736259202233149,0.01268615232167275,0.017337009125159467,0.17238186561074234
neuron_2945_count,0.5261606749113602,0.5468085561497673,0.07198122587424444,0.02560079708069536,0.030917216212427923,0.04490887347404149,0.09198792602299741,0.21092574504532993,0.06793645186110125,0.02826791753792751
neuron_2946_count,0.39767975897637553,0.5388271631397072,0.031273727991789464,0.011871259496493605,0.07194713101324349,0.05301618645549751,0.06696733840386848,0.11974768663954613,0.05054727514325212,0.04679968082055263
neuron_2947_count,0.4708882117947152,0.5783978228306634,0.03343926933188576,0.020036709148331472,0.043081724226020225,0.05633828316373082,0.06864262583825319,0.15397957575522087,0.048417767401003106,0.03439731239402612
neuron_2948_count,0.43881521876960694,0.5553311620370106,0.05875075129916117,0.015286644950960611,0.03910309129989564,0.0797803843135785,0.04483039345027383,0.1552012064679586,0.0424194725856423,0.0684439938272835
neuron_2949_count,0.20054305309893872,0.40466219916903506,0.03061610515588771,0.03200948451891164,0.06350018594061346,0.004807867663428493,0.06781400812629117,0.035277432065458775,0.026637463999290532,0.05867174885928092
neuron_2950_count,0.20488400771327195,0.5961315759801407,0.0439514325534134,0.04418394328466939,0.10178253808505472,0.019951195459964537,0.09488414057440625,0.017001359455135874,0.04288464826517559,0.0929344802785443
neuron_2951_count,0.129284606154521,0.24716734110014174,0.014578061101364108,0.001546008482927388,0.005893732508392854,0.018640825551525166,0.07311784465911889,0.11579789261522111,0.0204883121112176,0.0018237317995009744
neuron_2952_count,0.5587219274842073,0.5792811845829199,0.045616625299921526,0.04525783649822379,0.050660173009391254,0.030322438086024285,0.15910512847007088,0.20990655129670466,0.03498619655171732,0.03699817644400526
neuron_2953_count,0.27228108805978407,0.22887442171600933,0.04020772174624374,0.012599253695880233,0.020836103078606054,0.00864109701084079,0.08800070426034487,0.18938584139401216,0.02993024134165101,0.024356029576957566
neuron_2954_count,0.3624300528934521,0.3159040629531825,0.0964271853083016,0.017122153126866338,0.042720624515872455,0.028732518801886126,0.14341581799523911,0.2675369629419083,0.047914779799001966,0.07460736391811976
neuron_2955_count,0.43190651024942944,0.3208031351011434,0.021563722861081783,0.020186743768830243,0.01421909976478463,0.013951705634743565,0.09788181973130777,0.173911463192919,0.01647892761028298,0.04630223940455508
neuron_2956_count,0.41419742282419286,0.40331458843003065,0.035114870579482524,0.012395614082823136,0.05109946758333944,0.023930559769980545,0.11986329022862291,0.23872688907968578,0.04127497422842663,0.05164097772558483
neuron_2957_count,0.34930067815738164,0.2822243539682815,0.09659738286744188,0.017625364048037065,0.01674386292882817,0.026650706926808085,0.1480247245749944,0.362152913674425,0.04116016852218711,0.06993439024392603
neuron_2958_count,0.4077378039053205,0.3808604143778952,0.06807886138314465,0.008298714295971274,0.030746376593441704,0.03975156689814957,0.1439035927068589,0.2997655029747933,0.05535186735212935,0.06393248531314491
neuron_2959_count,0.31572469511761886,0.26269023937248887,0.0830746413851573,0.01042127109971814,0.027344012462902703,0.039817217590533,0.09837085298015133,0.25689931379585135,0.04436905322727154,0.07341776712692383
neuron_2960_count,0.30056370693659,0.25301594878138284,0.05283913048718561,0.014354612754880744,0.01282553814419677,0.036533702901757795,0.0823235057046933,0.21834058313233923,0.044731214896191335,0.08071324446824482
neuron_2961_count,0.18165726320063988,0.1348708230222407,0.10131467469398467,0.0026100839552010008,0.028510801719581202,0.034925011660596764,0.10309578400808822,0.29795476767737966,0.07514248724930428,0.07235241878246249
neuron_2962_count,0.1753031136091409,0.20168168570251177,0.01705875254358398,0.010569979920827768,0.018513717871101117,0.04507984024144135,0.07943823289972424,0.21471606077580244,0.05069484123681345,0.02028553977714327
neuron_2963_count,0.16585902261021263,0.15322670868249263,0.0695261731850132,0.0031190809310312102,0.030780216676415714,0.0232710936286296,0.09344096182894249,0.2331548052332546,0.07832056122076256,0.06996032050716189
neuron_2964_count,0.1166933504757462,0.21324512379421193,0.05147759821416628,0.009152460421111869,0.016830253133050622,0.02488475423931794,0.08934740492195012,0.21822269115828064,0.08015543709987971,0.018229989679031736
neuron_2965_count,0.12647867976182725,0.16827267946114044,0.09394334551173011,0.020721530116307715,0.01626477583507107,0.01802903712759337,0.16115665571361074,0.32208788495004376,0.07245128850931834,0.022819733185112073
neuron_2966_count,0.10675044602906411,0.061971076831308425,0.12627872114964403,0.004680394473287063,0.04045419040833283,0.011752534863142143,0.059008588931405995,0.28850011632848854,0.08191474561549192,0.0689231491688101
neuron_2967_count,0.004629903229332516,0.11007750856162407,0.026025642250624578,0.0013368268740046431,0.010545250677799059,0.03689952522851378,0.12710745796528392,0.2652015218038456,0.061170064201687246,0.009281804155957377
neuron_2968_count,0.08023757115222807,0.09487055667123925,0.07248474226818466,0.008598870794546026,0.019094922106308088,0.0392085800304261,0.06427998052387121,0.3060166747217696,0.0818544045759243,0.08422444754202457
neuron_2969_count,0.011112039487028519,0.058658684691196006,0.029584773308552317,0.012990803932624403,0.010242710654434134,0.018048904565251274,0.19303188052696674,0.29487818545581623,0.04896789678867064,0.02516470368081819
neuron_2970_count,0.026623286089300133,0.1367127353760182,0.03430320645590562,0.0124052800294681,0.019520763162955323,0.006656285366996917,0.13244404556492773,0.2622417836875528,0.05946958955041551,0.021504580764673282
neuron_2971_count,0.05112677667226051,0.097078173800423,0.04503487960213971,0.00498079986815814,0.014751442732891085,0.014096840735780172,0.08833371884966093,0.1914933734395228,0.07795373560051502,0.0445519807313023
neuron_2972_count,0.03967465060314018,0.07253041503402305,0.018600583010656827,0.008610465819045135,0.018616993418989092,0.014396761239516234,0.08445081323167622,0.1724715153775983,0.07708298139050354,0.023942818058393003
neuron_2973_count,0.028800944482531773,0.12163173884951606,0.04365039714350058,0.008067963851150231,0.01644419021463764,0.02225827862436118,0.08186807091786005,0.17815644074095285,0.07571771058595461,0.025546297088371486
neuron_2974_count,0.004046121033024097,0.0035084168553462594,0.056931738174923585,0.00926446895000414,0.04104544510432678,0.02167286306230584,0.07875462297293156,0.23565880305474235,0.09736610128055015,0.06658512431414612
neuron_2975_count,0.01014193709200252,0.028520561125802854,0.032185354560597804,0.001156999270347031,0.01401154834931001,0.0005834119009761243,0.1058414090852483,0.12210398907684089,0.0805505089047634,0.00584018280478206
neuron_2976_count,0.0012888181165098926,0.00662144464849336,0.04901386816951703,0.007404592153276469,0.025558730492297455,0.00877046772938992,0.07585503264175805,0.16643356971653347,0.09240795763188328,0.056241058020535306
neuron_2977_count,0.051874550468892944,0.002178180551063901,0.031565704828110025,0.007369774078412147,0.007693333547509569,0.0024252213604332613,0.08159305105859593,0.12373582902413571,0.07355563018850417,0.005756646894099278
neuron_2978_count,0.031835435888620534,0.009526454498403614,0.03204597101980543,0.0021655414672187255,0.012729957694035163,0.0030578875535156383,0.09610982039964697,0.12219098918916954,0.07213594183999153,0.011794850376228946
neuron_2979_count,0.034848542448534636,0.009207570457083716,0.0533671640269395,0.011579813367209799,0.01156352002674814,0.002852663194221474,0.0791050870506736,0.10406767228332567,0.0634799431267846,0.01778370114509452
neuron_2980_count,0.011113040857855083,0.012786112881400538,0.02658736146790186,0.01584114462680715,0.02389213049628773,0.0007354993497060425,0.06260637333006347,0.07246186292839743,0.08166274551560482,0.02750466016376106
neuron_2981_count,0.09676417637371174,0.06293234759979527,0.02615507717707058,0.026467526956515774,0.005789226149452063,0.0037895562943092986,0.10065319615595422,0.029069437208777832,0.04095757166102021,0.003064991696074053
neuron_2982_count,0.016729635342600132,0.029120222358645115,0.013438707401855626,0.015887707053466496,0.024455771713589494,0.0044391645649894396,0.035762545726937225,0.027674318559411895,0.040102372466473385,0.02334713893750137
neuron_2983_count,0.024536665229150642,0.003993060859306358,0.032207859633577654,0.0025832056519632177,0.010530871422805316,0.0019624704608786382,0.04483777648676909,0.06991634565927862,0.04917454073199978,0.020708498158671304
neuron_2984_count,0.08221945431687219,0.0006254539475132811,0.012643382502386655,0.006342932272064644,0.015138502742110135,0.0020311052832346632,0.03467735557564916,0.0014582441149993165,0.047538243904283656,0.017479960991250015
neuron_2985_count,0.04198784114315744,0.07328048044648797,0.0172496764449957,0.014782744426051653,0.003622382167292014,0.0005331788952105693,0.06395916012944505,0.014666209511760453,0.04020474477167302,0.004700183910258601
neuron_2986_count,0.1276179643461564,0.015881399496288057,0.004666853327123691,0.014032814061731666,0.004120463031092883,0.0003198138128444848,0.026833219036784317,0.002239952916434605,0.024746707068474913,0.009124742177683179
neuron_2987_count,0.07845603567779805,0.01083699953774852,0.002859962520736073,0.004515118493039795,0.005097749722695751,0.0016398996056699341,0.018144173979773345,0.004533920759941287,0.04349147757803978,0.005818537252828902
neuron_2988_count,0.15092327165507533,0.06287777652487359,0.004355709987994994,0.010568127966168878,0.0150485902523559,0.009418760587967048,0.017743291815511097,0.039039828202845184,0.011301196058297713,0.013365784817118045
neuron_2989_count,0.011010683521079888,0.11745591429494487,0.004947862389537407,0.01645364360523978,0.006610207952371286,0.0010632933667476495,0.07938766718338797,0.0023576603265719753,0.02406088015514972,0.004156347028348467
neuron_2990_count,0.06564609251513498,0.0356750105107968,0.008540935761444365,0.011033064980514873,0.0038315300570110553,0.0028036829863123877,0.028518722843548144,0.004308662420703584,0.020708996623391318,0.00377555224617789
neuron_2991_count,0.018061684008479642,0.12207341402025426,0.0006139486858636016,0.03340359014408206,0.0070063812861240506,0.0016635059150553987,0.022157756053047234,0.0018684483841117086,0.011658998465034605,0.008144005997194115
neuron_2992_count,0.1561626604977783,0.030828477407653238,0.007082619531234326,0.011015845611308778,0.006906478647428344,0.010301597936471403,0.04199974379297566,0.0076602582686124965,0.018317537676590542,0.010771931654819274
neuron_2993_count,0.13571879866271397,0.0043808394565911755,0.0005517145614058414,0.00470179556945724,0.006446308438069953,0.005822121459854827,0.02100993049172635,0.000871258569900793,0.018286118516022895,0.006957902144321591
neuron_2994_count,0.009975880832287162,0.24703233820076337,0.00485905041634094,0.02585500216156221,0.01621108224803316,0.01205053961429136,0.05203984950101856,0.01734722194424955,0.006384108650461868,0.018463679924917643
neuron_2995_count,0.021205122957129344,0.3324824714978364,0.0030463084562716986,0.05193846998014956,0.012229825376299741,0.002815555527484942,0.06166387137991999,0.005562690160816015,0.00286436268527987,0.011996406171872913
neuron_2996_count,0.027561106935734457,0.23657883538161073,0.0033198780819350786,0.03334628388961619,0.016005531513927536,0.006583446923240727,0.08644160661687939,0.0009197230949680715,0.00852961915693258,0.009764513358973756
neuron_2997_count,0.03899132278385879,0.25047650918753817,0.0020836595044863397,0.01644957233555787,0.03504528342239534,0.015704798539537962,0.04469358099962903,0.008414120587939583,0.004362785157079187,0.01501495935214732
neuron_2998_count,0.026839470612107744,0.07608504798016438,0.004245071752083003,0.013565834183624087,0.002601074664245303,0.0011763129098152818,0.013683814054829865,0.0018820951767086931,0.0019348896072245133,0.003619559573751272
neuron_2999_count,0.04355346138588401,0.2930405267802191,0.002666103496667266,0.03741977003930108,0.002536514936889705,0.0027187534950079972,0.1335395159665451,0.014802417321114258,0.0057440476051104986,0.011370878283650646
neuron_3000_count,0.006189595055948653,0.1475507759092104,0.0015067578249625506,0.030024115065412527,0.0009626817032207507,0.0031995717101284335,0.05387271114176592,5.9052082967979685e-05,0.002376325734018775,0.0022942246192040466
neuron_3001_count,0.10101014166098368,0.49381627282854085,0.010537779074381828,0.05618861022062979,0.008286214799657722,0.00021287770629447754,0.17500547488882126,0.017246311162117,0.022825387482834178,0.006867775000514914
neuron_3002_count,0.08020471672251894,0.2878793763813031,0.0006984046167305517,0.017680811251607635,0.010847777703909947,0.004105390155719854,0.11569672969071484,0.015775729582812162,0.018575507042516703,0.007748985056238389
neuron_3003_count,0.07861890196368682,0.4159225543203791,0.007152919405551452,0.019562305042719996,0.03341453443471122,0.008976769996493071,0.11872335154541525,0.004501949086878544,0.016844503228039903,0.0052741776050407654
neuron_3004_count,0.08721881886763166,0.3261679122170982,0.005578460411580749,0.037307730445734766,0.007195652310633863,0.0052891367127760255,0.12306072961361306,0.02698411153650629,0.021197082332057304,0.008348247673879712
neuron_3005_count,0.053237064421291225,0.05590654863039046,0.003212872399725286,0.003846701003213826,0.020941990381424455,0.008494651795351513,0.037754695405683075,0.0008674913823417791,0.01926405274838694,0.002051222798883555
neuron_3006_count,0.14963877428289135,0.46705129347662555,0.01804279029248161,0.031721809393264355,0.004462265072029591,0.0028205096758133694,0.1404443804173709,0.025087694996256585,0.016273029768762104,0.007455343776469017
neuron_3007_count,0.015870291206748585,0.17832631756420067,0.0036295429646661173,0.048701998882453315,0.00040620622724504493,0.0006002043067565637,0.05894861552580388,0.01808113320278873,0.0017720967099461096,0.003510480190271746
neuron_3008_count,0.16355892793334473,0.3296275716659908,0.020530507621016186,0.022948265645676556,0.038862251998015136,0.007048059520217365,0.0741759383550133,0.08501945891316695,0.03567957091370543,0.014344994020108519
neuron_3009_count,0.30577943808391705,0.49551641814113245,0.01750271404471988,0.011053148732766402,0.036582207585405035,0.044085299796449706,0.05969411630904993,0.0911419191036161,0.057768036460624075,0.031478919235050806
neuron_3010_count,0.14242649269845975,0.36767177766343756,0.036474813817715016,0.01894901502839843,0.04226539006189526,0.011899073219103912,0.06326346781992076,0.03748751665659175,0.023992443203915356,0.043621012280302005
neuron_3011_count,0.3915462741344445,0.43744424420682804,0.09334136958268702,0.01598859102766353,0.0446555687594265,0.07216186809486735,0.04873775008030923,0.2050378890740227,0.0327095222647404,0.061413122551571414
neuron_3012_count,0.014774626960118414,0.2202192750248602,0.021351918474868493,0.023083152559159867,0.09353785878300944,0.0011697717300706897,0.03640905490000623,0.002913998957673917,0.012936599390508622,0.1596384656551077
neuron_3013_count,0.14518482971269728,0.3111673937416569,0.04239678096811343,0.027043156981490235,0.05718757899072912,0.008029124124578322,0.1350991086682137,0.2568000649197214,0.07388888337918922,0.04011456362825321
neuron_3014_count,0.22414844378778662,0.41740798525861456,0.027708217960560777,0.02408470935258221,0.022716075590743318,0.011895816487956236,0.0851172767068015,0.0552060799124187,0.026508379637946354,0.03259680400724199
neuron_3015_count,0.19988567351534464,0.33732918981141524,0.019402885566101362,0.04027298209009676,0.08932729724949465,0.002023828139717113,0.08122286326462293,0.08422489959427178,0.031233698218261594,0.06906212972533382
neuron_3016_count,0.18431189092779807,0.3185597476366559,0.027933251789598434,0.02363343046347717,0.04760574020873081,0.008503865496985574,0.1282609315557529,0.19223112028895706,0.03694501244871084,0.029671768902634635
neuron_3017_count,0.21288263312651678,0.18106332321152327,0.023396072866126272,0.003961017410195548,0.02875537469594458,0.011107330772257343,0.09567170930584382,0.20997867285751223,0.04047643372357004,0.04309046422547291
neuron_3018_count,0.5012769490471415,0.31507600512859457,0.0703496736924907,0.01773473347225063,0.035962877754032854,0.01808295325945361,0.10988049545444864,0.2725652013361561,0.03643679791726181,0.07760846541752717
neuron_3019_count,0.536252401808845,0.5249896867547003,0.052182123693532284,0.05595914583277417,0.05634773040521479,0.01826982284273439,0.14155273538151492,0.22679457943324352,0.04444651015019334,0.03323487683900213
neuron_3020_count,0.3272802169785183,0.15984508581395987,0.0798670069224757,0.013053260345459491,0.01426996394456368,0.008844070911472053,0.0920204054671262,0.33452636535162295,0.02474203113833426,0.04516976474413935
neuron_3021_count,0.4307961421294631,0.4604009036802976,0.06588048952877139,0.037097230237805506,0.024443027683718907,0.02871507673975591,0.1443485899520372,0.23201060667799583,0.03945588133172717,0.04390234626591996
neuron_3022_count,0.40693888864527145,0.29359059428346124,0.11029587557686596,0.006256217754392862,0.038885278577173374,0.02837531005554382,0.11616659250149347,0.3059815525357627,0.04842195690604715,0.11748844328593339
neuron_3023_count,0.34075401538469374,0.29773079672324687,0.06617104585472736,0.008567910355531894,0.03820029927637286,0.028222146573485773,0.14722209514767026,0.3329962348024672,0.050693411837587105,0.08281156349963714
neuron_3024_count,0.23046668711263174,0.13605569413323157,0.03336419789314968,0.010317679102619022,0.03673430694917189,0.04649161899732211,0.06366859054742562,0.2703287900377711,0.06195112700545374,0.041246618601464086
neuron_3025_count,0.2879223748739812,0.16753185518061625,0.1154092756031676,0.01127069049515756,0.03469798253277337,0.02420637156310447,0.09364574576658513,0.2893565548878756,0.06859038097774699,0.09503953577054577
neuron_3026_count,0.2827672846025357,0.12992364891256408,0.12454757335078503,0.013317258444475991,0.057765180548862205,0.03145653229682409,0.062045008443247035,0.3111364359842006,0.07959039207287816,0.14079046301916562
neuron_3027_count,0.2636056621507442,0.1643938035882995,0.10049012854501466,0.009741576608163056,0.028663514073559798,0.03709742512359121,0.105102534931166,0.3292769011841246,0.07366288800770748,0.0959893173382772
neuron_3028_count,0.10509572672523942,0.15889803903129696,0.07177448696003352,0.01456512381401022,0.014811022616798439,0.02676785025097647,0.10134669382166106,0.32361309340334776,0.07700043465759696,0.028452597571777816
neuron_3029_count,0.14946694110113615,0.14039814980147305,0.09794265132559835,0.015769778999044082,0.015809537452443463,0.010784388340925806,0.1062919576281553,0.3252693421273874,0.0774287301748604,0.04358116018585567
neuron_3030_count,0.11464276751293692,0.02442187988408985,0.06525209087975115,0.0125218653049958,0.06891113863088005,0.020571485444866602,0.045758540606222475,0.19440139397395603,0.06412287782008239,0.11275311157919765
neuron_3031_count,0.11942466105774105,0.14017651040607568,0.05003874944555936,0.013596730561602495,0.02063581070552531,0.04089154228323871,0.07811244102591874,0.28672986825771285,0.09221112116230512,0.056978511942700844
neuron_3032_count,0.01392560628152701,0.05790105043649474,0.02796893716092666,0.002812306282793057,0.01732795811443255,0.009268478862578165,0.09405265041651631,0.2501241213385746,0.06049598957543084,0.016230644911985267
neuron_3033_count,0.012274721776547148,0.031761445370116825,0.07578279491985973,0.003527739549084132,0.0308273241607947,0.008857065575115855,0.07574522179717733,0.23375379239073127,0.10229480156057483,0.055343103879802596
neuron_3034_count,0.021920919851226503,0.08552324064460134,0.04492891903945226,0.00031199340863865416,0.006948802108453056,0.006394874445798303,0.08951642085486594,0.17443188406363017,0.09494613931190526,0.03618115616792836
neuron_3035_count,0.0077319601431093885,0.07797652960901541,0.04076336946308115,0.00175951062542044,0.010587500657898125,0.0023614375086851783,0.08173393722861372,0.15538642596557276,0.05614235743471674,0.016306261322370577
neuron_3036_count,0.016718440135941634,0.0640751499917794,0.02384189079287105,0.005545128482454156,0.009952082168772143,0.011185559102923685,0.10334139924674093,0.20010472254785,0.0742397814149065,0.014457908234651429
neuron_3037_count,0.015446924263956885,0.04717059206054297,0.04397253156182296,0.011190915878779281,0.03735495247703999,0.01763749971538328,0.04812303091750034,0.1639810369694788,0.08561680282573272,0.031412220556307435
neuron_3038_count,0.0031222585499821945,0.027200876372555832,0.03145978033490898,0.0068042022306432776,0.02741855189564585,0.009277392544435353,0.07130719039197014,0.12854000545863975,0.08291382546296308,0.04840177153531369
neuron_3039_count,0.006140216135275822,0.012047644000968416,0.05135338080809296,0.011726899435673233,0.025160616760887877,0.015311668429389427,0.061232413316886725,0.21116347249804424,0.10245233779663637,0.032391466158553456
neuron_3040_count,0.06962710625367777,0.0032585863026796183,0.02927923570173048,0.013942941251230693,0.01330147225266741,0.004781145654599892,0.12808268133198475,0.14865618720052215,0.07877674634934487,0.005508607408172793
neuron_3041_count,0.008562144289577925,0.01585148703263138,0.029500052334079985,0.009986690737888444,0.01791919896215828,0.003544002427309602,0.05542125778949292,0.09525693916897834,0.07205525839290522,0.009330006677463337
neuron_3042_count,0.11408545902928438,0.008768661250812111,0.07333654915521806,0.006119107530390196,0.002894555377716386,0.0009208666792126299,0.10273138175900604,0.11109335001232501,0.09226094808735205,0.004409366850553369
neuron_3043_count,0.006695652336582522,0.017819333812592444,0.04761051629969906,0.009605569106728433,0.012195544302674097,0.0003477743080133478,0.06917571657235588,0.10302391091689,0.07592572563636615,0.025891662291371895
neuron_3044_count,0.07483168310321037,0.006637645686787281,0.012733285183137965,0.010921166125523345,0.0019725559906501287,0.0030019414454512177,0.09693774128687696,0.08176260432503121,0.024740508019672362,0.00243675626002246
neuron_3045_count,0.008939697829293235,0.016936746922963444,0.017681567403459886,0.017840626154425,0.030161364656262513,0.0053628833491959765,0.04718072382673233,0.03640679216390155,0.050075623493931076,0.04364904802870448
neuron_3046_count,0.06319093917562538,0.00517733619856104,0.018179890114604316,0.007225648843853551,0.0009754047554790847,0.0005398390126641016,0.07039178128862306,0.0516692802333856,0.041956336090372,0.005209665544345085
neuron_3047_count,0.06584796442236299,0.03768463928856752,0.0503057210142866,0.016589406464535328,0.023848014282246394,0.004144010194171498,0.10906616411239128,0.04185919796184752,0.056372793115463116,0.0099487612013585
neuron_3048_count,0.04882104192789369,0.00028245198440139153,0.011504246078868213,0.021184113661204318,0.036798060195092824,0.0041344093339192416,0.06875226726983646,0.027709410856929198,0.029558149428232927,0.015465035191167376
neuron_3049_count,0.07126747163354452,0.015476892621602095,0.010885089808603754,0.017400010911352,0.013624277848588467,0.0002463854705902716,0.03147514601290752,0.0065338411263419355,0.04790194230388933,0.009590989684361721
neuron_3050_count,0.011338560073386437,0.12725872495754925,0.0016490673870679581,0.04072270092664246,0.0049100231377067274,0.0011944141082786928,0.03799628443155123,0.002939642564648612,0.02709247590289235,0.005122034600698364
neuron_3051_count,0.04946206265962848,0.10262746520220306,0.004590334592069714,0.025092260274747882,0.004255553750281158,0.0015549823571672007,0.03839537795747361,0.0006105720300870823,0.01963402478355332,0.009385434126134587
neuron_3052_count,0.0788459612616868,0.0912622292922276,0.009984929823105601,0.011722902673383787,0.004492823021154297,0.011439722995962548,0.02761967231268926,0.006195619425410422,0.022856080261865516,0.008051645598718425
neuron_3053_count,0.03041220496627571,0.18923214202557817,0.0184986806912161,0.028897258947500892,0.01396218351701282,0.004977878235902317,0.11095870903738561,0.0035182216092809505,0.015917335108439748,0.0020526890582028574
neuron_3054_count,0.015703069023667453,0.14658509584377302,0.001496431714605239,0.026611295048460507,0.0017010266905740125,0.0022619305503407128,0.03445912536586951,0.0012632184624624416,0.0175701225701215,0.008849198548533464
neuron_3055_count,0.004639455324161358,0.36344290192537065,0.0034233296779137903,0.05662170526037433,0.013994345323057582,0.0010153199377013027,0.09848685891308942,0.0049889939847056475,0.00201320136503029,0.0046180330908325825
neuron_3056_count,0.17227436548925043,0.026138263227300673,0.008326696505093822,0.006633676870043813,0.009093979698986756,0.010305544146861412,0.015263622520823833,0.011723355122311943,0.016515564497443166,0.01608157104639711
neuron_3057_count,0.11663424440275194,0.08257678782168995,0.0014268915492621354,0.007515536729163094,0.00801641991640726,0.003886896490219935,0.018863330797796687,0.005872472077457884,0.01693511219135231,0.011436586142106062
neuron_3058_count,0.0585864635659641,0.1062480422467752,0.0012059623159310605,0.02048321988951078,0.005652503500079137,0.0034937811297019936,0.028184350695978286,0.0180270112872538,0.008067425786338761,0.007888626051672107
neuron_3059_count,0.04155959382091616,0.1260070025024816,0.004757151288284328,0.022260641125079403,0.008833171381477236,0.007118131036905506,0.05107559609262935,0.006125662738972068,0.009449054824500105,0.003273472898174739
neuron_3060_count,0.01895547582701204,0.4524697858082612,0.018371767144412087,0.0921705550331762,0.014547499750313561,0.013427849178618747,0.14019736456892556,0.012255743708487143,0.002095071545339039,0.0031387492913964414
neuron_3061_count,0.0076302589566782045,0.1223266502190774,0.006274942644167988,0.008608262157949895,0.01158744401581055,0.0004992763912178566,0.04140680545185496,0.005810916902740701,0.002368886943250881,0.006286521842434861
neuron_3062_count,0.012433692780711755,0.0948097986592413,0.003359253077132536,0.007429619026097969,0.004894900117234285,7.238616068218698e-06,0.026634298783003968,0.004320633361388583,0.0032567937660785175,0.0055042253995877186
neuron_3063_count,0.015901204040217276,0.035264189212871916,0.0024592951733423346,0.004054201565310417,0.0005194861366011185,0.0008366700499699044,0.00507492204051771,0.00364055267574441,0.000934061757553107,0.0035209655075576045
neuron_3064_count,0.023788374192211525,0.15433986338445985,0.0014560588749584977,0.01505159547227966,0.007136485594900811,0.000670091995041075,0.04239928251182731,0.0005646545715479404,0.002454232408751318,0.009882339487134538
neuron_3065_count,0.013672658353045947,0.0004911759243868188,0.0005239278961816345,5.563619932403641e-05,0.0016125116669815677,0.0005032991509845721,0.0017081030362707268,0.00294751487978211,0.0031301700242766933,0.0011851900829904088
neuron_3066_count,0.05646679279115607,0.31789095276776247,0.0034039610948720933,0.05693673853077533,0.00014892263773180666,0.0002706486884302252,0.1758832476286059,0.023262230884739887,0.005555520542160186,0.013496920365417012
neuron_3067_count,0.04160723575045189,0.24512659290656624,0.0015669238376857034,0.013113369081734355,0.023702467454541687,0.0006293670972803648,0.08042316890634679,0.005822693012446735,0.0091566895059609,0.0057569597198762895
neuron_3068_count,0.0723578943726958,0.23089567910788658,0.00689360366276829,0.011990116732893824,0.016813276779727646,0.013704481274360705,0.05901097560374127,0.006052592688973946,0.018282084155602937,0.0010866599803395598
neuron_3069_count,0.02910827721417321,0.24558992579679886,0.00038792745768997765,0.023697621747612377,0.016400258475716814,0.0037177955306592625,0.08614314364870918,0.0040319654169667235,0.020423336301214692,0.0012720887652629444
neuron_3070_count,0.1837853253826344,0.6575370027625975,0.030414281300055815,0.09121889454584772,0.01690771702032701,0.0038536858218632675,0.2804234565255431,0.0559107364599154,0.035858484890010506,0.025865474131453972
neuron_3071_count,0.10063262085706323,0.2764340794006509,0.0026550798230154035,0.010522549043678137,0.02768145344041187,0.0015692401109524586,0.08384672993849548,0.007159397440419782,0.0549770386206406,0.004970313060756841
neuron_3072_count,0.18011283763067498,0.5417268067420792,0.042014902712692564,0.07639930139681339,0.1511838644485131,0.01653153496696991,0.060232118309990854,0.014024796407572038,0.043619228110880176,0.10834483230570685
neuron_3073_count,0.26878767957314187,0.601210368571288,0.031067103532502992,0.0647453966280375,0.08043464847507509,0.018460728903832803,0.09640580202469126,0.07513253703440384,0.05081650385273197,0.07602332338069584
neuron_3074_count,0.43419657813185003,0.52487296186793,0.03553260117844591,0.0454196127608419,0.07002936956356243,0.011447624458939001,0.09868389974336458,0.12300565769072913,0.052503569448144743,0.025211912808404097
neuron_3075_count,0.4489340090283277,0.47810925937945603,0.05020868548289571,0.011199749091741922,0.0555382747045811,0.04656430591893522,0.05316387054766149,0.1421640902113018,0.046558416803449076,0.04408608532949247
neuron_3076_count,0.020038565662063634,0.1273254175349416,0.017597664531583474,0.037283087081695906,0.07404788459862205,0.0030913030444706807,0.047767076981521245,0.008625313161699514,0.0162036498261649,0.12328068257811836
neuron_3077_count,0.12960022249063236,0.3780350986282377,0.026954872309717152,0.035671637744324566,0.06843415096655298,0.008720476119257916,0.1280871340156455,0.14424516130673143,0.04045178914689711,0.06642171145640496
neuron_3078_count,0.16679585899456634,0.32260359825754076,0.013135186729983636,0.013486683026197446,0.02412431944479005,0.009842965599638959,0.09496266880455712,0.09861432683052339,0.027035329064470807,0.01620740126025598
neuron_3079_count,0.18452373023154434,0.2516197481140746,0.022648931277439457,0.006874147732100919,0.015904835417921745,0.008265535220557785,0.10365300570555935,0.16140396854818376,0.026596555737447132,0.011555135869024642
neuron_3080_count,0.2846793341695084,0.4308625638341512,0.010321084730535272,0.05201760119793364,0.08738060429584715,0.0015808719785633763,0.11017124531880136,0.13225778520190443,0.03413316011931876,0.04762073957009627
neuron_3081_count,0.2064221083790349,0.35745782323394604,0.015237173332070413,0.03443322784198874,0.0687609054833042,0.006344319499960265,0.09470653016825142,0.12311998012498368,0.024334911996136063,0.04852256164279002
neuron_3082_count,0.37504187597632604,0.39145518728662587,0.03764944724606367,0.045187255850471175,0.040478636973719846,0.009165388688012449,0.12225026883527043,0.15590710671175595,0.02631548994189702,0.019302800324547474
neuron_3083_count,0.30798303593322696,0.25595679857645137,0.04707237862838605,0.03514559303306136,0.02565273384889395,0.0031101052465112617,0.12215269379545515,0.21151343110011525,0.028818593881288553,0.046612470263771036
neuron_3084_count,0.4381556132460191,0.23654070461716767,0.07282375868387098,0.01881507940431769,0.018772560316022216,0.012404081211320389,0.12069101326434165,0.28527428787697295,0.04429651967111569,0.08033018249570517
neuron_3085_count,0.3413243181312952,0.15050567976916207,0.11726252503657478,0.0032511565314708724,0.05308481475446952,0.030081543442093378,0.07650641104732764,0.260813201961433,0.03202555331438112,0.15703631812948127
neuron_3086_count,0.3935009784935794,0.3247230472921321,0.04396916014519808,0.010729510113204735,0.03747130221269303,0.020998719658757686,0.1137365753594409,0.26978273713661266,0.030477178250082525,0.03087239517575696
neuron_3087_count,0.2557001582688277,0.2885326650815755,0.06372093871614817,0.020558130595729654,0.04142262127013656,0.036442349827838325,0.1334726633586049,0.27532033038356357,0.060965017427814586,0.0466731242131839
neuron_3088_count,0.22311648172087334,0.11185053762117658,0.09744715915478697,0.006242843065116497,0.045404608381436534,0.01963606863210595,0.07267930756138866,0.307126326985166,0.0617347233306863,0.09707667945144305
neuron_3089_count,0.1678052741271231,0.11800659874148306,0.07744922380398137,0.0030749411997390494,0.024463828143333102,0.01977674629519782,0.0788250366497501,0.29656195981030453,0.07547473245781908,0.06002466216989699
neuron_3090_count,0.19295669770500448,0.10308497745460593,0.09613618093351825,0.006042034426332058,0.03927755889010645,0.030939281386081804,0.07546745513104738,0.3146577401433712,0.097061487535129,0.07718042544590806
neuron_3091_count,0.1453622763759422,0.07534409874895379,0.10260532119346355,0.010744670047389139,0.039936191193441356,0.025108256368907886,0.09554341184284926,0.2752327043903885,0.0794010207626776,0.08064195490096251
neuron_3092_count,0.24135827727237869,0.16922905523802895,0.10752417142629819,0.01891888823231963,0.03023296231174133,0.010450203621546621,0.11610869954767286,0.30544468616347387,0.06627623322756197,0.04300149735319553
neuron_3093_count,0.12221525968188574,0.05087798011150754,0.10916241919387087,0.0070170794897619,0.0490373622345914,0.02858837133650652,0.06987370164038412,0.25533804312585856,0.09757914234715626,0.11650352502807076
neuron_3094_count,0.16395407305379942,0.1637372451885206,0.08112794459880285,0.0054702253187980596,0.02067885450972727,0.020182039117466757,0.12031963543364999,0.35111134816715633,0.07527672812339398,0.06351883590633231
neuron_3095_count,0.049963799953879756,0.04709554075315378,0.08497405708298716,0.00807206735334418,0.026112001735575235,0.030488003767771832,0.07616138621796484,0.32264646514674156,0.08144187258649345,0.05609727931524319
neuron_3096_count,0.014768805219076246,0.05617523219510959,0.0379356442693895,0.004198548549612158,0.003240621230745514,0.026067697594915354,0.12461512420329318,0.21446093782370093,0.05730251167868619,0.04222606367127847
neuron_3097_count,0.0484661173034176,0.07673696260225504,0.044218102509592294,0.0010185746036229897,0.024834786751146226,0.01804271216856901,0.07922118301107908,0.20907624700284363,0.06356359133456543,0.03826682388372074
neuron_3098_count,0.027993903727929478,0.019602382364171583,0.06907302087649193,0.022533114323269016,0.017390356644988503,0.01609556261453504,0.09945972857083163,0.2518773130753228,0.10600213426353255,0.06133134894862052
neuron_3099_count,0.04463212485395393,0.020333704187077667,0.06932624389648748,0.004936438953121566,0.0515379559553823,0.013187097489303981,0.07497197856831431,0.23122005646617683,0.12507199114660847,0.10108510843548332
neuron_3100_count,0.0056131673581393295,0.012775216693185681,0.08912661662569335,0.007202165038113502,0.07145308412848536,0.017931817243669615,0.10029003806045489,0.20659650792179785,0.1258799017643754,0.0649953429301594
neuron_3101_count,0.01664684795062356,0.0344673370343897,0.06520843577258065,0.009126237958160673,0.03415296582207347,0.0104478745115123,0.05432178203208568,0.18938060023090503,0.10377305676361612,0.05699020436404453
neuron_3102_count,0.0044151263017834785,0.040318427150497466,0.05194412858024658,0.010674172426798231,0.02218597950281727,0.019649108338962884,0.09291192242710086,0.20758156498423586,0.09461489059382003,0.03616278672229564
neuron_3103_count,0.006802839295718677,0.004786597989653668,0.04348573509500342,0.0006825203119302549,0.013765832350652,0.002995142532314362,0.05147692320601219,0.07292297497463632,0.06161799990732658,0.040706497648321294
neuron_3104_count,0.019411585444724225,0.01643613785579641,0.05075468006307504,0.006486042696131324,0.036443863789957204,0.006455698100011779,0.11035932718239327,0.1639587550998643,0.11276558283400367,0.046252066950666304
neuron_3105_count,0.015085944776552326,0.028835362157713124,0.07403217859647376,0.01197071549133738,0.03503112417541204,0.014881394079532137,0.10921679457107347,0.11199586322946642,0.08751222595138991,0.029226666813995356
neuron_3106_count,0.003199141407725453,0.009741179976912873,0.02714001093563813,0.012360623452048511,0.036370115630050354,0.006626576246992283,0.06501486464084083,0.1164707067935003,0.099271390976369,0.0768214415776361
neuron_3107_count,0.03632766773435475,0.008860435698559835,0.024043738535403536,0.008768710331491687,0.011117439786067204,0.00033504948442435525,0.033272138926877096,0.04235857375652485,0.06739875690806543,0.010831606555299828
neuron_3108_count,0.02467442364881757,0.004327634595752725,0.030789571328902587,0.006665830734839333,0.035853414414039775,0.00034819055175787893,0.04500479507315838,0.05016914580434623,0.06498405622041026,0.025723354966416506
neuron_3109_count,0.017947118817046026,0.0028330210198407244,0.021574224757004226,0.01756379117233417,0.038462520842406756,0.00019800431387815513,0.08024962345240569,0.03352110308997561,0.044118403941257406,0.03323974013441297
neuron_3110_count,0.013391572186647716,0.0024072084766249714,0.01332907079851671,0.04008313105655906,0.04649850871817052,0.004898233733899818,0.04316187537701979,0.044843808817844444,0.06012055175673667,0.06050991705721637
neuron_3111_count,0.047613363473553605,0.005583988623950119,0.01852787004079047,0.0026295787473633106,0.012437603583541831,0.0032476426202473416,0.034748133917775995,0.021732336597090673,0.03375572814491573,0.01241489476629487
neuron_3112_count,0.04917844459954862,0.004841873506265297,0.030901151982976105,0.010651405371718492,0.01635042229588725,0.00023683149519001124,0.04709758286621191,0.018478635185560477,0.04554847398601622,0.03153853735851957
neuron_3113_count,0.08285280483519414,0.007019046412194814,0.016006165833186606,0.0072110893288614,0.01003085049531624,0.0005248425575701335,0.018586861958455478,0.007343204983015952,0.04736910037948455,0.009564228325275134
neuron_3114_count,0.07716970659954656,0.030987832861707962,0.02710406607611915,0.009475963824480002,0.004439019834694476,0.00104875559882079,0.06467704468859709,0.03024137857890853,0.06191192575993992,0.014641686633047143
neuron_3115_count,0.02208930376438159,0.005358412564096159,0.023466550590984472,0.01833269650044081,0.027291011356459616,0.0007309123793844286,0.04389196234608858,0.03269865145460185,0.08455245788427593,0.03742749052232386
neuron_3116_count,0.018066597752345495,0.11673348215720608,0.01023753821464404,0.027234505839270992,0.0057330970105366336,0.0012752148553885657,0.07675154851844543,0.006942892360939257,0.013205782081488551,0.010415422791206472
neuron_3117_count,0.0065345170048639566,0.17256434030688994,0.0050986578514660985,0.054509858103417935,0.006699314423259776,0.0005176262879238482,0.047729200625296314,0.0027247434909193416,0.010810115489947966,0.0027841273418184754
neuron_3118_count,0.013039570681503104,0.12193873834024943,0.0017567438103473047,0.027122149242978302,0.0032002063710611685,0.0015156530985710685,0.07040865585566186,0.0018934538040026247,0.012233888916770061,0.013704063813342634
neuron_3119_count,0.00744151451872431,0.3094367742944941,0.02036871131268276,0.043519534710701385,0.01926774234585074,0.005371825165352461,0.08668134795836879,0.0012872697021777697,0.013043164616560899,0.0015004869221111094
neuron_3120_count,0.18928189606553214,0.035552285012368734,0.008175214604041768,0.001262432928988642,0.012279990518934171,0.017064850057373446,0.01832937772359146,0.03156375440281685,0.018021521882747304,0.02117131199187333
neuron_3121_count,0.010953764044344429,0.3872883791345374,0.017728949612207084,0.04216044461869903,0.020625357350537443,0.00351063687454628,0.12166247080918097,0.0050016856716356,0.005250489365982839,0.011395807213508871
neuron_3122_count,0.0919475666358717,0.004745163824816151,0.00543284835670544,0.00032334731589188197,0.008946458259325517,0.01299841502483405,0.02462271532944743,0.020676040078000793,0.003750188315264598,0.004310263413019502
neuron_3123_count,0.08134621475228354,0.16484551374450454,0.0005858779292259447,0.007663380071873088,0.015552091697721829,0.021734559218772875,0.07318692875743948,0.0294575043291537,0.012948769830653822,0.028499279321375276
neuron_3124_count,0.01689381032654498,0.13428143021160396,0.0007051571788850705,0.0036412909692505116,0.021338614018055604,0.0057223529468724485,0.07992192176381346,0.001303047853095457,0.0025014030549296573,0.007175953037836507
neuron_3125_count,0.03749584193104877,0.21361957871528822,0.0008363562125210701,0.006168886611861886,0.014223014276593365,0.007769132314004085,0.05039709912923282,0.005666345639149438,0.008295673094451374,0.006710480606856857
neuron_3126_count,0.01677681851882739,0.12049276618338303,0.0038976903439632855,0.0035562924535513726,0.00733717237540113,0.0023099120613295637,0.06187189093008738,0.0017108988730884303,0.004990986248141302,0.007523156025308866
neuron_3127_count,0.03129698036641421,0.32747734964349384,0.00035203340818618437,0.04097130750621314,0.013186966835213879,0.0011139962978387458,0.08566573658892235,0.005210947142663784,0.0018433088398597808,0.004517981618982359
neuron_3128_count,0.10543083158759778,0.6441437145711617,0.02712166418188664,0.07526604128286465,0.032288700488320735,0.0022360700640855664,0.20590180347983256,0.016935223939377006,0.017193272284892647,0.011639462648156365
neuron_3129_count,0.11356693662809034,0.489661864775515,0.0005973119069057967,0.04285724193744313,0.012055651694322211,0.003587602723046514,0.13710019339236498,0.006161273421859702,0.023065853266160757,0.009544350501152599
neuron_3130_count,0.08256150268370399,0.4424951470656122,0.010639864880088036,0.04563364703707534,0.004797182169896306,0.0009095835144500748,0.15669388221941533,0.021452292243077667,0.013915752738775225,0.007265654618929564
neuron_3131_count,0.09509633260519074,0.376889568873297,0.0074355571766749895,0.03456337996495433,0.004241382558026637,0.0038672596521790864,0.1775749177620422,0.015298354603192538,0.030236837508148373,0.00648620366442592
neuron_3132_count,0.10549950005117809,0.42358798116062657,0.008829949818767988,0.02909148297087391,0.012203569035166006,0.00050852935690366,0.1760654872572341,0.03115438235332485,0.04565210751998483,0.016326647668307742
neuron_3133_count,0.12928236137060342,0.37041248215284545,0.027050246952284723,0.02868902775839184,0.0031732626798992025,7.245324530678714e-05,0.16969623687964264,0.057764337164500495,0.029080716653089797,0.02079692383927116
neuron_3134_count,0.21041425794724672,0.5029424368046206,0.032160669667494396,0.05338357829122979,0.00381525114832249,0.0004834177868540037,0.24514135403571713,0.05953545204225835,0.03185306658801654,0.0272760284649496
neuron_3135_count,0.13838581423729446,0.23031685228209783,0.0036741915240647164,0.00890349027045487,0.01709803325855966,0.010585774101988889,0.13835467472652824,0.015210624216607557,0.042178279507320546,0.01652368366352175
neuron_3136_count,0.026271669243340776,0.18626336607467486,0.013232473641315134,0.011080093508371004,0.056362995754119405,0.003073933119291345,0.02344651734413858,0.013957701102554551,0.01036053777613525,0.11453908942779834
neuron_3137_count,0.5627269865357348,0.6405498010268742,0.05863915569318354,0.017152412541138237,0.037967648580043235,0.08027644765266995,0.0780507675495848,0.21398184169893253,0.058269947429442054,0.07656800302881751
neuron_3138_count,0.058559855126542756,0.3572812765404425,0.028666043810625798,0.01270565369975618,0.03985401120560564,0.006752545415739511,0.0783030032118838,0.07202136654631813,0.026135861669133773,0.03993919741244657
neuron_3139_count,0.21270473971103918,0.361372382342339,0.028482492382857813,0.010782655162521373,0.0233634764122344,0.01999455362759936,0.07271126115811125,0.11210684756429454,0.03942028162483467,0.00535886680006897
neuron_3140_count,0.050178080783417484,0.3012922553356254,0.017478766983761204,0.014691780525324868,0.05089825390751995,0.0018070410228845438,0.0697708387748407,0.03629280851076325,0.017724385529422945,0.05826037056016095
neuron_3141_count,0.375922826868728,0.23844782533873932,0.16061758394702838,0.00985716948916568,0.04076708396172629,0.02909685441508225,0.10657666976608465,0.3053145007896051,0.028375236439210787,0.08759001422701437
neuron_3142_count,0.1548411492609658,0.27303773400505005,0.018641312945994908,0.00762635164087818,0.010133770596464642,0.035396566817023675,0.03973255219074928,0.10312836200584487,0.03919470871468296,0.005734497896055672
neuron_3143_count,0.0401851091798088,0.04514781498801522,0.01628161958076741,0.028813329517418468,0.030791078230664223,0.028869968252230344,0.042826241480483085,0.15236129313741256,0.026056672134804656,0.007892081426259967
neuron_3144_count,0.1389733694971472,0.21893067984665943,0.017042775202371508,0.009984655366397963,0.020303076707020515,0.0034233151884542033,0.05546604263205107,0.1376404003818774,0.019484709104649594,0.017445756723810615
neuron_3145_count,0.39006612851676004,0.22052202921768047,0.07439372832914978,0.02041935835876363,0.030673757515608857,0.017402436590046505,0.11551323066568381,0.25100749219876944,0.03631477610581971,0.08065508250082223
neuron_3146_count,0.17092451074721898,0.15060994316800153,0.020834772434185606,0.007879937946251456,0.010341893265718029,0.00681839687781265,0.08491852275248787,0.2093408225797984,0.023640448421149738,0.003875983615696188
neuron_3147_count,0.2609826548324679,0.13888803434478958,0.10694792030514255,0.009415181594471252,0.04952082575270843,0.01709814230055269,0.08947263783161077,0.3037431801493708,0.0427668199830279,0.05590620112465773
neuron_3148_count,0.19778686705908338,0.16184338281114408,0.06214675020288797,0.012893152761476984,0.026005403836855207,0.002164347721469303,0.12040226460190928,0.30767993699967766,0.05423838593100238,0.014858780978187693
neuron_3149_count,0.30224242862675343,0.17535312682665466,0.11260567144433609,0.003283458811118606,0.03262305794297744,0.018767105425698195,0.07676200402747059,0.2767279329830887,0.04085434394333641,0.09031575688425031
neuron_3150_count,0.372327149791649,0.36122819675420614,0.066640288877482,0.0033498023957032035,0.0366093210747616,0.029106508697327477,0.1234064579601058,0.27505347788738205,0.03667723487716543,0.047825513883324594
neuron_3151_count,0.22161346227615253,0.12365498552253146,0.08528421478775436,0.0005078280770752855,0.029840860386247864,0.02060701229469125,0.09803465896579203,0.2739090115902208,0.03269316147023907,0.06649501652863452
neuron_3152_count,0.26930666527199304,0.1245025286781031,0.0777418717312636,0.014579432009324433,0.06210188852869722,0.047480969284709296,0.03841213721519146,0.25597932506906873,0.043524833654946526,0.09959439109189167
neuron_3153_count,0.1313820230481124,0.021369586581811956,0.12094494162739469,0.007449366504759636,0.06881752692547918,0.01298448577069402,0.04617720270314851,0.27326961302071595,0.07924745474165604,0.1288615587971978
neuron_3154_count,0.18063308682087653,0.06116501400632712,0.11128670002150476,0.01300107975384882,0.05483760841332139,0.025786917265778794,0.05380005785929293,0.28438812708375627,0.06072343971373294,0.12597777085136097
neuron_3155_count,0.16469405078108945,0.1459515841816405,0.1218426402431734,0.00988238869645669,0.011945675973445334,0.013880570402602016,0.11952204378415435,0.2904913282317758,0.07456424743501233,0.0613348585082949
neuron_3156_count,0.18274677554062638,0.08506155169189894,0.122303601015465,0.003004458081970404,0.04370924686382022,0.015234916521702654,0.07783372564877042,0.24091344549015775,0.0637477706849463,0.09468579412162953
neuron_3157_count,0.19050525588527417,0.07600080179177066,0.10967612839672447,0.008424696892812897,0.06888130770464002,0.029208148521844432,0.08125216893875631,0.2434963680634764,0.059122300784198695,0.1339968845138395
neuron_3158_count,0.12851150969210876,0.03423709769567691,0.10388895165439116,0.00449876292059447,0.07327130164154691,0.02995168562284234,0.05693854368441584,0.22757489475328868,0.05949758047080417,0.10359091389125347
neuron_3159_count,0.0651604012648086,0.09455850503366589,0.07632840857947526,0.006093818934467072,0.026979622488949695,0.036841818665565795,0.07340599384630977,0.2884625203782317,0.08178578779752,0.07840608317298794
neuron_3160_count,0.043295235363221996,0.097348831023369,0.04617206060307616,0.004119973057800604,0.017634829086184266,0.004715794738025268,0.09995054334577069,0.298711115091687,0.05670223237439481,0.03428218157591262
neuron_3161_count,0.00969551139198506,0.024277705308355935,0.04754117344674702,0.009793682595006431,0.03881184566482418,0.01496814165019076,0.05828138295773144,0.1764297932759918,0.11527454877027207,0.06118947294399782
neuron_3162_count,0.09396089307892458,0.011893357328873033,0.10570097199835674,0.032564293437789785,0.12935351626730424,0.041015543263484486,0.031134722909603625,0.1806073871541882,0.0767499044704979,0.19557536837616946
neuron_3163_count,0.05778079198773839,0.028404915919532453,0.04391930066564462,0.049511020985616716,0.15228111500089647,0.03999559708603345,0.04599914745595021,0.11755795449557954,0.09589003338541566,0.14846815445614978
neuron_3164_count,0.026752753485288563,0.027461523905396537,0.077766291064954,0.012818627275349284,0.05354673484218908,0.02081903735981175,0.06497352081780855,0.19526041536153688,0.10041932907857523,0.10126979645295753
neuron_3165_count,0.030290839986160473,0.04013682208844728,0.06176942222960752,0.0024621646266616767,0.02658506961926138,0.007293082444583966,0.054582314318699116,0.1846887888806826,0.061013293082058356,0.0685141491496174
neuron_3166_count,0.05161459147790001,0.07539788223885555,0.047869452871671575,0.0036895787590245366,0.04694860765558492,0.015805768591340558,0.08314610733116398,0.19094975438872147,0.10673461005259469,0.059758676701960944
neuron_3167_count,0.0025435554146591016,0.040562160813945425,0.038889020052144646,0.003099071579576663,0.010892273188341198,0.004281855951987573,0.07986243837071047,0.12555439347799163,0.08984212271870606,0.019335353667432498
neuron_3168_count,0.013941594179333897,0.047019193042025814,0.051818347673868476,0.006007460895625018,0.030579154419466015,0.006147237343525583,0.08309365230602858,0.13744616099484155,0.07836387296899752,0.051668474738260695
neuron_3169_count,0.0011404694531432572,0.005374329323857632,0.035215025449520265,0.00855143242261882,0.03206416557634709,0.002860874086414049,0.0620726944221002,0.11630023614187898,0.09087212206607195,0.05682300323715453
neuron_3170_count,0.0030085901896423003,0.02303359149564163,0.04177566645221889,0.009691002571393846,0.0208806998769325,0.003853528288749854,0.06333752183400276,0.10764031885188388,0.07626876194177634,0.044619320762727815
neuron_3171_count,0.0003445175680700987,0.021913681052155146,0.018254534292513086,0.03358646089641916,0.04556061801656447,0.013166235406873075,0.052577927420491305,0.07063162547614699,0.07964362098582839,0.06835670098790136
neuron_3172_count,0.011234279942680225,0.007762699922841992,0.039391754144204566,0.002381422124022918,0.02654375372334279,0.0006326403299288415,0.04633931499034838,0.08275062306420622,0.06657484902954547,0.03449740977430954
neuron_3173_count,0.019338596980452247,0.003328951524710126,0.0073684470077396425,0.020513202530597657,0.03517253519813193,0.004405025282574547,0.08447336498423308,0.039592588816100255,0.04084111352210293,0.037269763501550646
neuron_3174_count,0.0008985724984737261,0.050741990403185694,0.006373670417119996,0.04007706454273062,0.027653071381438077,0.007515242801796808,0.07556208424305746,0.029792477545549062,0.03910678132722176,0.034194914211138544
neuron_3175_count,0.04604053865790378,0.0025872120727468417,0.012274496542735283,0.01936978707087028,0.02198756292128258,0.0006527958608902734,0.05299624984318896,0.021388022766222148,0.04540695138326545,0.026232534011833605
neuron_3176_count,0.04587461290359715,0.018943438717869063,0.012771252948875988,0.011707171367307145,0.016987689771352885,0.0008084874194677419,0.05410732100039978,0.007411602185270566,0.028740105421537238,0.02778359070331933
neuron_3177_count,0.12079626834604115,0.010335417894679386,0.002608813544472923,0.0006033253154486863,0.009012459364231534,0.005390329394571597,0.014836567793561004,0.0004841589814139815,0.048779895604212586,0.00665463424427085
neuron_3178_count,0.07951815069853962,0.02195789224415226,0.01044332154098751,0.00811573380960054,0.005663188780027521,8.185319441027673e-05,0.045649787437443634,0.006866436335872514,0.028702680672966788,0.01373662723431842
neuron_3179_count,0.047871515751431365,0.10267686835237963,0.011556554477686332,0.018955030874236375,0.0008324558986624354,0.0011222373720476304,0.06988091042117917,0.0005288732888598657,0.019140757607474815,0.004839250630296057
neuron_3180_count,0.029026281275750423,0.04867733330325555,0.0018851599062356637,0.017455055888137616,0.004022566469134882,0.0012814945366230856,0.01665186872725294,0.0012393681620075786,0.01586782776879725,0.003410031666768662
neuron_3181_count,0.020278333747959967,0.19139820232737015,0.0059173105897364076,0.016700104075831473,0.012068871050695006,0.0012768254144232133,0.04519860973334397,0.00011869008732771653,0.012679792662480455,0.015958434773255006
neuron_3182_count,0.09387879242899713,0.015565985857746947,0.004778238165729136,0.00405573389609782,0.010791710224170362,0.0009056856598683057,0.033888943746186284,0.00780649526540915,0.008421186697061045,0.0023587290704434674
neuron_3183_count,0.015379573206623712,0.371403766683283,0.00022839976444137024,0.035503419154871735,0.01814934013715864,0.0019625214512952946,0.0885691078278566,0.0016153594919772578,0.003362300265677607,0.008200063805055155
neuron_3184_count,0.007150228598722438,0.261011839637432,0.011229643521690244,0.034204692892162505,0.006480542285573387,0.0005921783244033233,0.09096449824343386,0.006425161547391936,0.00434971994043196,0.008964299942829851
neuron_3185_count,0.0071496971383751984,0.20969178553850923,0.0005956677668935307,0.03710197050994561,0.0052977126630165475,0.006048418271125497,0.06262087261008445,0.0010818266324862796,0.0038413838707550135,0.00011908929264769792
neuron_3186_count,0.018830331182346977,0.5156586365250957,0.004699233072911903,0.06305083365780437,0.010950540301354172,0.0006600053988279828,0.1688807381082236,0.0033886253513476794,0.0032036705561848677,0.006696913987183448
neuron_3187_count,0.02496805479803746,0.06148434975060703,0.0001472932403907192,0.0023548946846331164,0.01023811308590429,0.002629204741817291,0.07042240060691768,0.0020041359757561102,0.027252350551660615,0.004889145157585456
neuron_3188_count,0.03200419483817269,0.1564623677376885,0.00032813601577679104,0.0009670007739250863,0.037968769672538386,0.015801019047276793,0.013336429500231464,0.017386301840337473,0.0024677253662974633,0.020466054340255085
neuron_3189_count,0.009131917956551251,0.09659387751643074,0.0020209242372021263,0.008812903388462426,0.0023939978330352087,0.002111855021409245,0.047776336236548395,0.005359482806159818,0.004316024673844426,0.007318109491218104
neuron_3190_count,0.0275849361443634,0.13612263018324905,0.004114058728082785,0.00186418533547901,0.011324875135762594,0.0018014453738378275,0.028866709581167493,0.0007997817914120013,0.0020047402744717002,0.0056682666753434165
neuron_3191_count,0.036122264684729316,0.34066723677032934,7.959848455126473e-05,0.033687571020669105,0.016469951459068058,0.004054344994161595,0.07585389264963496,0.0003985605845773718,0.007165216398534471,0.005680326839813031
neuron_3192_count,0.04036206359284758,0.15792719334660316,0.0023353988366056917,0.007331996319581022,0.012711932451858074,0.0019274475831248458,0.08821341619323714,0.0019058162375603337,0.020794668145434736,0.005269039318417483
neuron_3193_count,0.11351369959281171,0.3334245608401029,0.008572001049671058,0.0398083129498738,0.0035006405324064724,0.0030087753285639555,0.14302337969623435,0.03654752397880602,0.016246289163877575,0.02180725211637015
neuron_3194_count,0.05735218132250189,0.4784204658558122,0.03341058715235548,0.08944499998811342,0.011499572301556155,0.0013590025387516316,0.17122257360609924,0.021107281557481622,0.0036815851116152043,0.00497102327354608
neuron_3195_count,0.07850663845604408,0.22371867692900538,0.006332367012957363,0.011350810833767572,0.010736891395023984,0.0014005379706909342,0.09232902299038237,0.014030441173431635,0.034319910078282764,0.013236770006708157
neuron_3196_count,0.10712642642513487,0.4154816008778346,0.013309269436913226,0.053646005658458104,0.0016315858949222965,0.0007052666379736006,0.21258629415439956,0.039087275776943015,0.025456928212817517,0.01726427559978913
neuron_3197_count,0.00994180355682088,0.22971330323086578,0.0013845641372699606,0.022302238690159695,0.02468427416686772,0.0018158795995844475,0.08219127487208477,0.002678751298794489,0.007447467344150242,0.004556316493339638
neuron_3198_count,0.13854951957746953,0.34808494518650124,0.02482278269037977,0.03411512154280508,0.0006267356634044804,0.003516371995075075,0.2238911917621918,0.05053477382436514,0.041418321531307645,0.024662470944270584
neuron_3199_count,0.019128183465713725,0.14995057717078542,0.004185311846195656,0.022974665189879673,0.0064287373405384,0.00236876047195656,0.10466363265297651,0.009264071367760383,0.029471377789125952,0.015656655902381647
neuron_3200_count,0.37633665646349235,0.4018854332241189,0.12218884589665455,0.014250881427828316,0.04245186888517531,0.0810823952879837,0.03200005987276647,0.23309780174069175,0.03799934227913304,0.08533539003973842
neuron_3201_count,0.6003353067372788,0.5607806324341815,0.07416047447292964,0.015221322804181321,0.032552269575330056,0.05611251085619649,0.07182293535010473,0.22385282794630848,0.04314055387237441,0.08402612946275148
neuron_3202_count,0.2788806884296964,0.39903239181884265,0.0404911286671545,0.013034083326379807,0.02367537277779075,0.05876583065694377,0.048282825917073155,0.15264137355383395,0.041150798705402704,0.023413423387892734
neuron_3203_count,0.34307892287885244,0.41010391562123033,0.060994475776038296,0.015753466720558322,0.04478583608223623,0.051606630122654804,0.06384023584382377,0.1802638122891353,0.0443054116067184,0.04065853917087643
neuron_3204_count,0.16711405936012527,0.27736442390088745,0.02746378110899856,0.008887890214365916,0.005727056597277545,0.024150176342319557,0.08431001877362651,0.16648487081098387,0.03158597578006498,0.010895024853616733
neuron_3205_count,0.02380665144732456,0.12344550301926385,0.019741805658298923,0.002496043961475441,0.009382090946714092,0.005050116623344157,0.07514993452340776,0.11416426019223291,0.03671127756467308,0.007435192152591266
neuron_3206_count,0.1464556642554502,0.26740065266941204,0.02577551738373442,0.01160948883187271,0.023709756315743277,0.006452826464519759,0.10911509230610031,0.16963986017923355,0.04251523314939066,0.013956944392771939
neuron_3207_count,0.028982889698890485,0.2862629361892922,0.05282586872542368,0.03836049944164664,0.16083695249707985,0.0028396823999544164,0.05183848946239232,0.03010722690937715,0.029339871089891896,0.2635283122254424
neuron_3208_count,0.17818073404867293,0.18693616289495316,0.026269385399773054,0.010394476234123963,0.0091949692007129,0.0011657072398910213,0.07871137367895781,0.15033248244325986,0.017591139768341497,0.0012963542554851794
neuron_3209_count,0.15033531517642001,0.08582031791738515,0.08415009034770227,0.006968235091261911,0.03114292056243989,0.003421067136363919,0.08233071896666963,0.2615495438165475,0.05376997511469431,0.0499461194324263
neuron_3210_count,0.4538876282024814,0.20056575825452588,0.14379286972183294,0.017022346818608522,0.04610160879920662,0.01680918173796517,0.1006217735732186,0.3368418982425911,0.0409881789854271,0.08380542952424924
neuron_3211_count,0.13022595376172372,0.11306266807379162,0.03802302451119091,0.004082298513603207,0.01384232068003291,0.002695153311240414,0.06690872113196217,0.14424183658632583,0.00905412475846628,0.010253872205701474
neuron_3212_count,0.4065489484796395,0.17149523826326432,0.13548264461993884,0.013460776295898397,0.06302445143265314,0.050125468136669266,0.06029977613269469,0.31056091145368525,0.0362384952819468,0.198054642720324
neuron_3213_count,0.2883193323927695,0.1100048818011399,0.12720035299024599,0.01909473886445774,0.06832201281268532,0.053804538914386815,0.06267622143561367,0.35348015939623934,0.04376028178028611,0.14521068316325622
neuron_3214_count,0.35730912257148445,0.19041024433950549,0.08806203174994834,0.02193614824306453,0.06724604747482982,0.036907086574764464,0.03128664412890905,0.25408982485100134,0.016560045461292083,0.10034638098203758
neuron_3215_count,0.23549535689876994,0.15161016809127234,0.08878914904913321,0.004815702309982,0.028673691504892837,0.02721323040649764,0.09070337605365983,0.3573867305915842,0.05265082220398011,0.0814029199492704
neuron_3216_count,0.10639488404021191,0.08657991965613675,0.006779674842361416,0.0075819363664067635,0.003511645631448181,0.0018484309987833493,0.017175879241753872,0.07077586446035905,0.021448451044731573,0.0063272211181855595
neuron_3217_count,0.26359984230927874,0.14140901093338765,0.08503640098629323,0.0062526659067524,0.03702001778799166,0.01881417966414877,0.10089330008144148,0.3169839724581008,0.06525342556300397,0.08048435218723887
neuron_3218_count,0.17827463661878745,0.0704386640688125,0.12522670580605927,0.009877461259641507,0.03881535157118429,0.006755100252045322,0.057510272638617355,0.21411195713075384,0.04381924783570121,0.10554575088389034
neuron_3219_count,0.27049753948991484,0.1468415165853121,0.11321789173071864,0.008816744675577831,0.039377548512109145,0.01633972914009632,0.10834406237508848,0.3117676827158135,0.06945373688123815,0.09700392024580354
neuron_3220_count,0.15312910593685558,0.09953696436182277,0.11117057030993396,0.01160996902573496,0.02366934343722049,0.027056259935313715,0.08874931658905996,0.29740411224671615,0.06227844586174702,0.09155894856383406
neuron_3221_count,0.18040576083013327,0.10237214052512367,0.11073758370556011,0.0072998368978225425,0.03307418890832829,0.015472854405744453,0.0950975547916881,0.3174752458230773,0.05467470860955355,0.06304487921840515
neuron_3222_count,0.1561464309227171,0.06945718490902184,0.09384396957127811,0.007913256272371908,0.06571696558631632,0.032543103854712374,0.0782027080414606,0.2644961840714484,0.06707556101966727,0.11772365372436855
neuron_3223_count,0.09072461126488471,0.04420729709722186,0.11258735816294962,0.008159067547560283,0.0474197723038005,0.010916988198380433,0.06356894512117034,0.26666841267083835,0.06896721628390093,0.08763952101439915
neuron_3224_count,0.10460721325884753,0.039318677382486955,0.09868346044537121,0.01634003475426013,0.07684979538098527,0.032056707578528146,0.05341458237989671,0.1871693692962066,0.08345012272517516,0.15046262520397585
neuron_3225_count,0.05507565246691856,0.02061722525509123,0.1099179223906801,0.003291388585129635,0.03846269281805821,0.011059284230228547,0.05857648867616454,0.24034083780157012,0.07590878582758276,0.09343327447934222
neuron_3226_count,0.025054389533839067,0.03497085436734293,0.06259093399639695,0.0034441182924387845,0.03317983774492869,0.015685263830612597,0.08944836495560504,0.21830284343610817,0.11945662544091795,0.07323810543088669
neuron_3227_count,0.0007233905585859769,0.009001168922399688,0.06011014060255346,0.007746987920996165,0.043463218769267065,0.013123107135411132,0.057302388257180314,0.1271064360684456,0.08104176897778792,0.062291829625832934
neuron_3228_count,0.046338956601189335,0.03945428549236349,0.07985541285898251,0.007223558804604291,0.047867135913644554,0.010832304717272666,0.07597192153008833,0.19953789113210063,0.06595434801813202,0.08677308944548051
neuron_3229_count,0.008913744053630643,0.03554515172992165,0.06208207038869673,0.018600542247087667,0.06201339051106572,0.012473249363541397,0.07416549801579109,0.16754942297764241,0.10154478516279783,0.09305832356966343
neuron_3230_count,0.012363001688454146,0.06753788489607951,0.06690284928423218,0.005031232994638243,0.02120501442591781,0.013659411939059063,0.09222434595655588,0.23127758942152035,0.0783581166385715,0.038721493601936774
neuron_3231_count,0.001176744102849906,0.05548008330449783,0.05904187063127775,0.006578532712545576,0.01760164559167271,0.004890856853784445,0.07242925394927324,0.14232920788390466,0.06656280169329723,0.02695034412942189
neuron_3232_count,0.022311837946205282,0.02955510727965055,0.027958424940620827,0.025545072339732758,0.05422833577457589,0.01293817790062654,0.05303894512648891,0.11308751574859646,0.08776328411953915,0.08025940719449451
neuron_3233_count,4.3821489308496376e-05,0.011184730736999354,0.05369669047320039,0.02493399437515112,0.03197658047190102,0.006102092924064148,0.05695669846825602,0.14990031716192076,0.0764801425159426,0.05919625317918201
neuron_3234_count,0.0012129137526951956,0.03447720798208534,0.026685750493073826,0.02888879922932154,0.04139617825713837,0.007434540914595906,0.0654918636181305,0.06390265545848192,0.0551750562402645,0.03751578772572958
neuron_3235_count,0.0066309618325935266,0.016365260166837092,0.00855688278536225,0.03551337315840464,0.054352789308739435,0.010944125077635633,0.037265850774582554,0.057929382181980515,0.0513877734554756,0.06291320297056377
neuron_3236_count,0.003951337143578308,0.001786004839108732,0.033599408107883644,0.00344598105520557,0.03402536480213755,0.0039776253007930765,0.025940201630363105,0.04356979907703519,0.052739408212505445,0.05326086908997532
neuron_3237_count,0.029358424996078325,0.004585675500351757,0.010303895778029981,0.005032209022283386,0.036406674615639734,0.0026730700412654768,0.03324161837147796,0.011206781822422976,0.04828722715320766,0.033821051175833644
neuron_3238_count,0.025065511879192454,0.01558103411699556,0.0025004605752284442,0.01064985214326801,0.016445477943633158,0.0002824352701045118,0.03244925289962376,0.002502048661170035,0.0257759688856994,0.014231648870388011
neuron_3239_count,0.08097621450632711,0.015233406909681335,0.01951559399693463,0.007571105573592564,0.009178568979091362,0.002652132319408404,0.03978635895774839,0.005247759753071235,0.027071871970611977,0.010344647623912642
neuron_3240_count,0.02958096301774002,0.015092308910630875,0.019810884511640273,0.0037929557743075046,0.04271816252526883,0.0006205769147384634,0.0348835158473258,0.022858043539155534,0.046924502076318514,0.03390965951298894
neuron_3241_count,0.05600584190087228,0.006924447631055375,0.002026009419487676,0.002370553287403078,0.012704915177652737,0.0004861812536298034,0.022114825504567184,3.6770758489966787e-07,0.03862652473604017,0.0175700764350899
neuron_3242_count,0.07303905732631599,0.009619921706247838,0.002382083886168923,0.00944057867955865,0.0055352545388005076,0.00024457281725344393,0.014133293217148027,0.0019409793720761136,0.02527463549997365,0.011357193159903217
neuron_3243_count,0.049205360089695296,0.00804836387279817,0.002429037215621394,0.007736678189021934,0.01888790701497077,0.0011492345414732472,0.03693570857838255,0.0003773395348103444,0.01588152004740244,0.00362977972884191
neuron_3244_count,0.003338709500923704,0.08579084347221769,0.007043966219550654,0.042510542211202734,0.02688784165949623,0.006717036939460172,0.07391701423170347,0.023650357735908137,0.03473247894425295,0.02262298616441598
neuron_3245_count,0.024976520538556358,0.1469850703491581,7.348716063181569e-05,0.027587587739688876,0.009610508050034512,0.0016785162038977213,0.031148814666345795,6.166130922129285e-05,0.00638767833345695,0.006346497170961413
neuron_3246_count,0.027811227131085102,0.011114919427924974,0.00023895904424279212,0.0007266254921364929,0.0026158786238376554,0.0014751463703779437,0.020811801221849516,0.005977758954105766,0.0010034414990149083,0.005173820241689296
neuron_3247_count,0.12409046711668528,0.03313468631682323,0.0027548757843067623,0.0064223528308289465,0.01835012527684772,0.005656645843190228,0.03833210248624705,0.0023760262685070116,0.005846224435766288,0.011530774832715321
neuron_3248_count,0.0023932862466130855,0.314951290644905,0.0073867113574726875,0.05221333513143539,0.008675611751803168,0.006573456227234632,0.09924609925483455,0.0037762376877983755,0.00457201304667192,0.0030607646142122875
neuron_3249_count,0.010414144068095023,0.2789162815582476,0.003997288053886258,0.05151202100561719,0.004406795887756254,0.004395828662559609,0.1315554076332834,0.0028640222773942126,0.004548804482932163,0.006785309686407306
neuron_3250_count,0.008062555952757622,0.2354102569904137,0.00330508853167652,0.016184813643821475,0.014733409120782387,0.0018460418788135563,0.09599065247672628,0.0057343872664587375,0.008728379218255172,0.008598563299944108
neuron_3251_count,0.010310537509789414,0.00932912499289934,6.1063198813072865e-06,0.0004148461477976161,0.002056639898026652,0.003846056500221644,0.012871031486438561,0.001215085320533351,0.0046369658457922555,0.0054608800547386455
neuron_3252_count,0.024808631158864988,0.18679172790884377,0.001918991605751208,0.014804785319960115,0.0066447037743142395,0.0024951115841579663,0.0400026710331155,0.00020618422675042908,0.003791971544155552,0.0057912042026130595
neuron_3253_count,0.05035781315902482,0.3456194219128005,0.0050350577896015256,0.029185827131181882,0.01754163756347249,0.0003749161888015008,0.1530950363828004,0.015694058873154865,0.0035376238478604174,0.011231187887060803
neuron_3254_count,0.03885324817572369,0.43212137880191365,0.003034181783767999,0.03819587954630066,0.013530593714114789,0.0036938596974314675,0.12570199845503058,0.012187651500579141,0.0022344835860196,0.005678686737073418
neuron_3255_count,0.017207473253690604,0.061409574818655305,0.012790341504154652,0.03478240558560988,0.029542212301475676,0.0037739954617220725,0.0031491007337966746,0.024069174945532984,0.017174471811652783,0.0023887791039440866
neuron_3256_count,0.0299970692580777,0.35866871981173015,0.007108403617240591,0.0662568307773038,0.003480933990381057,0.002441359446640576,0.1357784482631586,0.02572522711389355,0.0007309322942095024,0.007008269455190716
neuron_3257_count,0.036474629049856405,0.29812764227303656,0.013283891091217165,0.059765692046091,0.0022560291433425562,0.012119094148901138,0.15429219521603238,0.048817686185657405,0.004139099560632582,0.03185358765775782
neuron_3258_count,0.05684071448056843,0.16712522567723884,0.02027448232793591,0.03430809585834821,0.0011078676716725563,0.00852603072972509,0.10376133641534391,0.05722425791332872,0.0018153414115422706,0.03030762875854534
neuron_3259_count,0.047812144788205335,0.2581936502324823,0.011823386619986664,0.05196235669241275,0.00020062604921225295,0.011309435893231995,0.12969211279365156,0.04884978323364034,0.007921898786493436,0.029673937843715387
neuron_3260_count,0.1494993581146266,0.7566086577893749,0.06770314498640102,0.1463082302105937,0.030005077305651585,0.0007862865164074209,0.2861793188525974,0.04311806036822806,0.022417253987197447,0.02517408551166181
neuron_3261_count,0.03866355947550612,0.15216637670944022,0.015805225307640697,0.028360696829899862,0.000920847698556538,0.010671746960779424,0.08996819596183328,0.05368861148464357,0.0161022619789625,0.0363456749243372
neuron_3262_count,0.14134826252128077,0.5880972964821604,0.03452979505908231,0.09722407270186736,0.012975591305394711,0.0058790544389603835,0.2663764388854251,0.08532031169314841,0.026066450283301706,0.02660185933705858
neuron_3263_count,0.03953091631109115,0.09096284535961727,0.002293903778426341,0.0034451298923968226,0.03008670233793094,0.0044864115066226215,0.046674367717830845,0.009623473152715702,0.033699152074282396,0.005590365453175962
neuron_3264_count,0.27428578399243064,0.33632092301112687,0.07491945476187839,0.025041209433713102,0.049290480769289644,0.06854069989185653,0.023784080407359756,0.17703378590871463,0.03822072690045744,0.06685674084890346
neuron_3265_count,0.5439470892042373,0.46228645467030305,0.14239407809567117,0.005563620675967575,0.039836596082559045,0.06259879539921714,0.07299106303630618,0.2775644851238207,0.05089661574604429,0.10602970734593692
neuron_3266_count,0.29499247684505936,0.3672199767613796,0.08833002890580743,0.01002480077649053,0.04572620329345682,0.060124567231746154,0.056966683817779355,0.15955876328525173,0.04432830490983334,0.04576334766172928
neuron_3267_count,0.07899687819289805,0.317653226666727,0.02106373400235844,0.020419388977631153,0.07660436617087685,0.001192832891658717,0.09063772335943207,0.06719991713186249,0.01583144695646256,0.048001454769703716
neuron_3268_count,0.03813274339200337,0.07643063751629142,0.02535346099090436,0.03016325922136993,0.02597779990571876,0.0010286324296473904,0.09335283679947057,0.18080888970944936,0.028264065428175847,0.0133788739654844
neuron_3269_count,0.5419233602901204,0.48925292780835755,0.15607643589900436,0.01223431512486146,0.06923377591917479,0.09284004383196834,0.06732831856886955,0.28344255630117965,0.06322597269722585,0.12700543830712255
neuron_3270_count,0.14786225267855269,0.22734096486075692,0.02309005448013417,0.003368637637721314,0.027129035903597682,0.018667216750633056,0.10840779486771698,0.20263889155174894,0.027773092489856346,0.012341139384284855
neuron_3271_count,0.3057399730672188,0.2583645285263856,0.06721109404095832,0.008181689486940147,0.018979037573512998,0.0292069696734195,0.10330662617020814,0.2782252564160327,0.023098417390202707,0.03884140204366819
neuron_3272_count,0.291035327241217,0.2565349788588645,0.062159960471526,0.008570723772837435,0.03253810423865941,0.020932395799155692,0.10108394082664297,0.24515176780220527,0.04672401565954639,0.026388944223523864
neuron_3273_count,0.09401826646135214,0.08791443792002572,0.044979604773334875,0.010405022080150907,0.012312761841931044,0.006368390434746778,0.04989490569151357,0.2157146766430923,0.0577810740707468,0.00297664378077301
neuron_3274_count,0.14955724261577324,0.12267289770036463,0.056737130161136906,0.013139223756496649,0.016560782310940672,0.008424791099928306,0.1150684909295487,0.30617508944720223,0.05527378755037892,0.005201153465103706
neuron_3275_count,0.07296548587048743,0.059937981627787254,0.021756349430085753,0.005750589459489357,0.00460295342431816,0.0009705172329880583,0.06193094554832673,0.1686720657115152,0.05180342418838956,0.00040797601577900224
neuron_3276_count,0.1677843225173854,0.1156001629965613,0.0388291868162758,0.005629949783196673,0.013403379639789208,0.0018352245139889797,0.09094248446917097,0.18085654278861577,0.022941717045547247,0.02494082194731287
neuron_3277_count,0.30785911329996857,0.14027734951020174,0.1281674781306573,0.01116741800485662,0.03822599973904403,0.025353153962206894,0.09624055285852814,0.28712994439208334,0.07137295026840179,0.11748314803163995
neuron_3278_count,0.3307503245534329,0.19440770469740531,0.10280631280420549,0.008864222463999719,0.03541094885456782,0.013436809828657355,0.11534998137267913,0.33326318558141454,0.029834979170677206,0.07313090057025995
neuron_3279_count,0.20191859557519526,0.06546865807538513,0.12966019191391834,0.009319364903075864,0.11050142715751873,0.031179252283341008,0.07469740457835672,0.27120983938316207,0.06908004601820167,0.13912419408699528
neuron_3280_count,0.34973547512110076,0.2119952859218593,0.09861781157694363,0.002898042637143581,0.049569972574465146,0.026567604470597642,0.11088615023455317,0.3537350838190397,0.05313083195991586,0.1176088491615461
neuron_3281_count,0.09393800046329412,0.060491525418063075,0.09917016993057808,0.007163459410477158,0.0633700403712542,0.02019319649932271,0.06476226156652842,0.2096545184037465,0.08078613998095548,0.09404547245465997
neuron_3282_count,0.20043359174742814,0.1275821192227805,0.019882458144727805,0.005673761389415367,0.01226056380810861,0.006293436049628724,0.07619654517323872,0.19337753664471014,0.011523726340608897,0.029357974771926143
neuron_3283_count,0.1440205487412537,0.031825096089500654,0.15104361867866367,0.014462018890950883,0.12799432147675405,0.039586421730589225,0.05247414765556421,0.23624376746295722,0.10667993409126672,0.2244923328903185
neuron_3284_count,0.08599505085807174,0.042876302793402044,0.11321477373431552,0.00923125911391776,0.08299807224187936,0.025263035053814636,0.05516645099951664,0.26858624174135304,0.10813110972860135,0.11034196897096848
neuron_3285_count,0.17524977306093678,0.06419105782187237,0.13208776965867602,0.00582821491857189,0.06122567161240797,0.01698170152388337,0.07098659017895198,0.31030584819422596,0.08052373940723076,0.12288712995767315
neuron_3286_count,0.13631772284846386,0.059411469694521546,0.1332666011080717,0.0016453805077203745,0.07707987796151605,0.0225845109430622,0.05950044958627662,0.23336903027985714,0.0633924540774978,0.13823711506607445
neuron_3287_count,0.08651315128566381,0.06136979750320207,0.06833471449919964,0.0038394581871172492,0.044443033068862076,0.01606015994888134,0.0634042985924089,0.20469413384339322,0.11175720006594186,0.08417706257703511
neuron_3288_count,0.04379134662962403,0.03265589374874778,0.11698458608672985,0.0041849888266785595,0.0407955559494802,0.0005363589066172819,0.07611244561681446,0.21765209782729494,0.07629718348641348,0.07647961256249955
neuron_3289_count,0.08103134296549327,0.03175224890686243,0.09184986922707594,0.017152641660326123,0.07064218454469492,0.025580951146799882,0.06795250188082075,0.2557374051369705,0.12754160514609042,0.1289566982619323
neuron_3290_count,0.13542650095750497,0.042984837531793746,0.12923062962767778,0.021339876479357946,0.0726525622155787,0.02355297365381645,0.06942355351201432,0.2773621513197802,0.09039247259939795,0.16332498245834523
neuron_3291_count,0.03532452997104607,0.022104420491250082,0.10134678071485825,0.00904273347773761,0.06618481455315864,0.01577451608922599,0.05721081418318605,0.16233074346385845,0.05694770249949385,0.11185625455564702
neuron_3292_count,0.034107977111419135,0.010660051944421725,0.05769459414138514,0.006514502682241904,0.05714862892661912,0.026501408775062407,0.04527784280613241,0.17114225707926345,0.11774798517664489,0.131309134569059
neuron_3293_count,0.053095913173307835,1.7205134156758357e-05,0.0346454508177704,0.03873410069440429,0.129782323133989,0.02845883960340896,0.03893750758104603,0.13180920814551564,0.11722644840205379,0.16816514831583854
neuron_3294_count,0.031111478943609897,0.017724344491079763,0.06112405253008707,0.024412040479489985,0.0954431188878436,0.012154337982368743,0.04912096985475836,0.13390541622524355,0.07971412651171061,0.0935749452689488
neuron_3295_count,0.016684614520058094,0.056365462337537225,0.04279858790334845,0.018766171519788155,0.04335111135312408,0.011332852164738325,0.05214089301823391,0.09556356563619145,0.06444498451346276,0.0712700710578088
neuron_3296_count,0.0007303605812897639,0.020767299518310606,0.028891710793716677,0.013193373084232088,0.0358759424454774,0.008544203056308736,0.06506238153900615,0.055192744923575454,0.06421000808774399,0.0427386771503645
neuron_3297_count,0.018237156473030924,0.0468954027285757,0.029819312480474716,0.06417167090696696,0.06846294913375092,0.020257400645715462,0.06059015430347725,0.10390392429782927,0.0632952769260709,0.0703870535780754
neuron_3298_count,0.013095967550506321,0.02607518421454401,0.03737594403622427,0.011289345281941726,0.06234607357272276,0.00770082675841291,0.019685214639733717,0.044484312166590365,0.07813530551944056,0.08170385562758714
neuron_3299_count,0.002532136070479151,0.003993772050193266,0.028682599174583698,0.0275115934719167,0.06182276765198769,0.005737262918501164,0.023602994147053274,0.033574378938370744,0.049146330002727195,0.06401836730510607
neuron_3300_count,0.05218055453611922,0.012544577518015063,0.02370860166230998,0.0027613215632880106,0.006659552322831899,0.00015293310801842326,0.031983109341481644,0.01638539527987265,0.04139578152036083,0.010723066854904983
neuron_3301_count,0.011799306291052844,0.0016600720546249993,0.014060047832349876,0.020508607521556796,0.0396972585767536,0.00585502239518898,0.0381033819718188,0.03998983621312416,0.056234918285471086,0.05979200433998971
neuron_3302_count,0.009696930249776192,0.009951591247039204,0.008484850451368278,0.023653962392698652,0.07436852228111593,0.015230954598206184,0.02714036284274607,0.03877938380768686,0.05476937372878124,0.076701376041545
neuron_3303_count,0.005300072140572931,0.060203878795720395,0.016813024350929975,0.023001596257522308,0.034647769624181216,0.0032691794678549324,0.06949626286842042,0.02290663121822671,0.03249645565400924,0.05233680908535246
neuron_3304_count,0.002776494425995653,0.023352323195651753,0.005159851619482986,0.02839220445967855,0.04534160051678529,0.008035246056671455,0.015636098685988795,0.004596231075111319,0.02847841512786778,0.0360124892164153
neuron_3305_count,0.014794496171828838,0.04870241951893983,0.009388738831942425,0.021427053680561803,0.020364080272825838,0.0013369679367876107,0.02576287201636046,0.002468549551173281,0.02931234515917802,0.023401755997770002
neuron_3306_count,0.0006606897275898199,0.05869637686021875,0.006244018610307454,0.026464400948499084,0.02098695015738218,0.003050544279198125,0.052969449278475855,0.010657828337370126,0.0252378292243087,0.02925272550995467
neuron_3307_count,0.01412596600502293,0.20868744426861782,0.005225315444141197,0.06156657925830264,0.024984718451581206,0.00604964102261403,0.10027175195505444,0.015552668669563827,0.021015990467882904,0.025695838376700003
neuron_3308_count,0.026123858763853272,0.17779784334795906,0.0013982340423593746,0.023205355008396475,0.008845240318827712,0.002790116014900375,0.05792117655617757,0.0035820385860991823,0.011506247448414803,0.0034683604428130473
neuron_3309_count,0.00967800115428332,0.03505105093149327,0.003201589514558331,0.03492771754810575,0.02986176221021486,0.009250978355879014,0.043129357142589475,0.016153067394498177,0.031250906015982904,0.02400995049148677
neuron_3310_count,0.009711794225723113,0.19484068256662104,0.0023698232802875905,0.04211777890751636,0.0076976616944305284,0.0017871472261480614,0.13135301825746973,0.006896068205384992,0.0014766104417590874,0.007287335683352013
neuron_3311_count,0.09579350909591028,0.006904193342916389,0.004074672527390029,0.00847241070196264,0.01178574043566255,0.0001549175970885345,0.012746266560653113,0.0025755982698522084,0.016016490538540873,0.003611836547780089
neuron_3312_count,0.003505034504179008,0.004029619179352635,0.0013968323453220875,0.006335856314541463,0.010496396963013507,0.0014452431924206754,0.045027245494051626,0.002514538984102279,0.01352960608276886,0.026231954298861007
neuron_3313_count,0.013271870333412143,0.16472767541495217,0.0024562183794777995,0.026858203810271444,0.002273586384410886,0.00013818039589016083,0.06508243969386354,0.0012256523754258014,0.003578261156062609,0.005449764225726461
neuron_3314_count,0.011934578545194726,0.11198516766758135,0.0016681259270426817,0.012126842643267105,0.006661339035287782,0.0007072517574920403,0.049560084517696584,0.0015387385343458432,8.606051876016135e-05,0.0008833166556382198
neuron_3315_count,0.09638966806593308,0.007019528236607867,0.00122431018752351,0.0028192091731588376,0.00679006611911415,0.00029997689340467525,0.0008147730949853533,0.026610551169999705,0.001285280494387385,0.008816569998953916
neuron_3316_count,0.025924946491030623,0.08383528330519832,0.016668483312026153,0.013452277741973648,0.002486569361992562,0.0031432165309831575,0.05237055109417582,0.03054690877840137,0.001490163544310797,0.010464846536826514
neuron_3317_count,0.009465199541956432,0.10070065299262757,0.008205047218186136,0.016576182562805478,0.00034032391899457143,0.003339045941300002,0.0636057853423054,0.0023602027494675666,0.005188968378578934,0.007461413226661717
neuron_3318_count,0.01929272168361372,0.058349461226847504,0.006579389282393183,0.005005021254373659,0.003279809145573208,0.0007170628308118338,0.03323300449607172,0.0007299757710831009,0.0007406309810543618,0.006681177110739019
neuron_3319_count,0.007981626351105685,0.03946167016892188,0.0015630465737397105,0.020133360770334605,0.010158584696920797,0.018985985946400476,0.05669340191089109,0.021198743657620082,0.00187603395129287,0.01946841092276211
neuron_3320_count,0.0166098173537306,0.17556974496264371,0.005497693085263142,0.025531349123756417,0.0018858088908321018,0.005271802095569281,0.08150734755181926,0.018827139292502612,0.001417868854309924,0.0129623746897429
neuron_3321_count,0.0042957671737707745,0.10714770037484711,0.00894438775447283,0.04331337462051349,4.965912440688938e-05,0.014831900246083204,0.04105290717476323,0.01270127114778366,0.013099941552094096,0.0006408296625332408
neuron_3322_count,0.07006389880260541,0.305305630571504,0.022780460342080533,0.06948601682453229,0.0008050313197350938,0.01643481412114141,0.11316074046775068,0.06542485369580234,0.00791955881093341,0.03643212840668003
neuron_3323_count,0.013624044530170007,0.037774884545495574,0.0002677387024702018,0.0053737153020043775,0.021399429534481693,0.0035176210757571977,0.04171879872743042,0.005710113663952333,0.027084554644185535,0.003719449261325218
neuron_3324_count,0.057746833314270524,0.33971765307171836,0.009223509748458425,0.05736165127149384,0.005656691602976504,0.014403932384622578,0.14751153997182204,0.046607364439676585,0.0031895912063886617,0.02864746243307055
neuron_3325_count,0.008548696797369318,0.07607074649133586,0.00020973918603587553,0.013937033169235377,0.004942394306946055,0.013386244206456219,0.04931503097388318,0.01757210098318024,0.0019678488734816008,0.022460927529607627
neuron_3326_count,0.05194349918775161,0.24404065205455316,0.016456519676369144,0.07703424554331043,0.001718072679163702,0.012658931037085513,0.21339041284735727,0.08668595605478326,0.016921929674312636,0.051432198691390416
neuron_3327_count,0.03884426510652955,0.12368510455592222,0.02267347030224183,0.02738854577156552,0.0009564835799834685,0.006231890070380136,0.10958977380287532,0.05349351441745345,0.02150261153120195,0.03424221055108556
neuron_3328_count,0.48292149791778394,0.40677450865881626,0.1525677622984115,0.01293779912179443,0.03984601932504274,0.05947442615113968,0.04404595629475762,0.29644860536999973,0.05031642486173851,0.12655542265272374
neuron_3329_count,0.48646004758035805,0.49450553938986347,0.14598560266238053,0.014462789049531218,0.053478977305531764,0.06460699558568159,0.05723576394448121,0.24413428833571832,0.04263268405096768,0.10931252730159904
neuron_3330_count,0.20070738939230037,0.40466844077453046,0.029608187985812155,0.030508068716955827,0.08240546956339553,0.006487260706609821,0.09905058969208183,0.1520971135067413,0.040137394108057944,0.05136546401300149
neuron_3331_count,0.32837603274353355,0.2840700618407462,0.09134753517323799,0.01658920427931604,0.05148651818810197,0.08231971377653186,0.01999843960028339,0.21260695785752054,0.029899793183695095,0.08911538224457251
neuron_3332_count,0.4997421096714182,0.4049915274727145,0.10188007818799114,0.018175313304572754,0.051856874157664434,0.0704437268499064,0.09747824499191471,0.2725933935472371,0.046145798780469274,0.12343029711203002
neuron_3333_count,0.07896532999879519,0.18705170328488857,0.021639005924292236,0.0060330088266858485,0.00569567534289683,0.012346535517828855,0.07253490677872831,0.19301233706201174,0.039280866412925705,0.006003322759317385
neuron_3334_count,0.05021894877132027,0.16688842400544412,0.017233361552238702,0.0041741477791656725,0.012363781751800008,0.0129039685213925,0.06540408558105079,0.1231482211984036,0.012285846486704645,0.025350625005335317
neuron_3335_count,0.2564463659539203,0.25336359827676697,0.09755673229082923,0.011059205818933895,0.037027297968128606,0.03194674405131971,0.11851004335166032,0.31869432067424963,0.044958351159713174,0.03727023049577334
neuron_3336_count,0.23660504226973378,0.21931564642085588,0.06838443001196592,0.0024358778492622,0.029195549683082175,0.028148906570818505,0.0761576756870116,0.2913983882101668,0.04469363188878323,0.015038760525705117
neuron_3337_count,0.3411359255321671,0.2455310724015576,0.08149820885482029,0.008647442987425785,0.03326397691479782,0.028009094424932043,0.11793818821338203,0.32575548891186795,0.05265250963945598,0.06091453068601643
neuron_3338_count,0.07450432592601636,0.12366095850908536,0.008510228148439663,0.005745300043799827,0.013294705369867689,0.015227662782466702,0.06515261628575486,0.15802256268473047,0.03161261426025258,0.0044319715596289055
neuron_3339_count,0.25209331304608645,0.11708990447572656,0.10229903638661028,0.00964808305665368,0.07790067645948598,0.03480245291211577,0.0763584362922422,0.25398574369423504,0.023347328609350182,0.0999790328817457
neuron_3340_count,0.3807530250562966,0.11155624447756826,0.1817284452256851,0.002962078313933559,0.08289650956247097,0.038637296561452594,0.08798917075373155,0.3942863207782922,0.05774844548688768,0.2216299818391283
neuron_3341_count,0.2653957476896932,0.13353917816150015,0.10341105313076085,0.0032455107427657864,0.06646979184367827,0.026308393708240896,0.1005697731091697,0.28865291939114945,0.033951968171988416,0.11680624052066349
neuron_3342_count,0.12102910218825386,0.03381221249685459,0.05422860742889214,0.005389017582487648,0.04814944605689943,0.013662184130099286,0.046017069340069786,0.14166646860304188,0.010681355281687439,0.061132422997976985
neuron_3343_count,0.3426209404827716,0.18577358357097734,0.11124653922159997,0.008409702003879013,0.0329447204189504,0.024985098646300212,0.11334840191446613,0.31390864780071465,0.035695918623155375,0.1282810709256681
neuron_3344_count,0.22731637444082098,0.05178674501081035,0.09224669765407684,0.014489732722912763,0.10567431832228447,0.02482121716968201,0.0551190112583794,0.2271940820807367,0.05521639836742728,0.17632257070296142
neuron_3345_count,0.17560719727338822,0.1004500731798603,0.2001832389819127,0.0018979523972513061,0.08128122591583245,0.014434887815156956,0.06943754428478027,0.3563363588386813,0.07614226013862868,0.13678142484493966
neuron_3346_count,0.2055174272031512,0.07969306129100684,0.1524020734628521,0.004311755488343488,0.05005079572375268,0.017787856290425647,0.05910081137632631,0.32522771715431076,0.0667047480075546,0.12102683091036931
neuron_3347_count,0.16845688355870136,0.06465075100522708,0.13915286287154513,0.0032788183903999474,0.07995820434265574,0.020829655584713155,0.09063468103630395,0.26463113402717053,0.07157835525155795,0.15961830499482355
neuron_3348_count,0.12162149078163642,0.039446987042565274,0.1242516750974971,0.014332895203419377,0.08962780992812111,0.02115267289544122,0.062458729522385126,0.24632759653496408,0.05713815304286328,0.13646908075677947
neuron_3349_count,0.15993061011012033,0.04847132745725177,0.11273114640439555,0.008045857002283533,0.07888937832159626,0.017878958927952937,0.05795838221458868,0.2569534499857124,0.06584106161019446,0.1268600959853038
neuron_3350_count,0.16824142805653755,0.05147102044805732,0.1265803939006629,0.005251548197512869,0.09723129449675186,0.036156794257912905,0.05205487559360206,0.2535548411580727,0.07929353568647377,0.1722258326414608
neuron_3351_count,0.15214017771795801,0.03885820239897164,0.16430413595514667,0.008986070364522643,0.10568875198671485,0.012253541824949074,0.07230300351825059,0.26409824410366745,0.0738023040478187,0.16259329424925636
neuron_3352_count,0.05564301502565036,0.02214930448124823,0.04844186293360353,0.011077399482148254,0.07778113374751866,0.014295376036381022,0.04470911418263199,0.13145827167315052,0.05823939032195238,0.10543465170877897
neuron_3353_count,0.09886732719608338,0.009456466528099505,0.0714008787678988,0.029992742385756138,0.15296763518668477,0.03121999278909146,0.02931413057158261,0.15505274315928774,0.11119988341885739,0.19998120805766564
neuron_3354_count,0.09493999529854444,0.02076017108935964,0.05463465302083251,0.03364242772104298,0.1319641689019417,0.039544910158002655,0.04962712115948743,0.15431168685948315,0.10474595092606478,0.20094532486829075
neuron_3355_count,0.008538116118323521,0.002761124612424816,0.04301079367549879,0.007790494798713077,0.042842536490110966,0.020013587024615753,0.06650637910207657,0.2127503161241001,0.11719255739014589,0.07601142652813467
neuron_3356_count,0.010709685045580883,0.015393068989830408,0.050346709117786936,0.001448897740381417,0.044840919670191604,0.007517058046158431,0.04877727358823358,0.10998348557638937,0.07466983457042753,0.07369244972726444
neuron_3357_count,0.07221992911148717,0.03946434122942594,0.07942214180983886,0.012580134486271863,0.08882617544688681,0.02271123614126208,0.05970423622468628,0.13820155465266082,0.08559984170888338,0.14775162122929747
neuron_3358_count,0.017196046663936662,0.016943640406559074,0.05305169179263587,0.03045240315353491,0.048385488524163744,0.010875286052353328,0.06395763207460617,0.16165346332778596,0.07717183154209828,0.08688601257913997
neuron_3359_count,0.028519698869176657,0.0803634031819378,0.056972468368424234,0.005248456073161101,0.03133129272261642,0.0034509619781192963,0.07715753827865443,0.12490759725853601,0.07517615562721627,0.04842168901255467
neuron_3360_count,0.02486915262840758,0.009822044005052294,0.05351866298245461,0.021327496864164838,0.10236052951829147,0.016766387163410945,0.04192131237341387,0.0704412714016279,0.05789467254354269,0.11537877011677608
neuron_3361_count,0.0024051079477438175,0.009276713709263654,0.03789544947845738,0.01558567641017776,0.058702197980357834,0.007726356217677116,0.053617220675021504,0.06553804868368318,0.06241034536044801,0.08425607738680022
neuron_3362_count,0.005085248959513122,0.04785856034967581,0.023397951149953272,0.057447508003552084,0.03983383462724949,0.009843214195377162,0.04063056644353062,0.09621225456040888,0.07118923630082813,0.05840111201139661
neuron_3363_count,0.018017723394676347,0.0031744211594022173,0.020103534371076245,0.046896747819169804,0.1249012663710013,0.019141847729851155,0.03864664449519892,0.08120856477965241,0.07864572777887197,0.12051290883651003
neuron_3364_count,0.007861967592448366,0.0104141187541128,0.00022214034552270855,0.03289629599671487,0.08293469773031126,0.010115698990268276,0.02766146508828919,0.029133328265531097,0.05661337039638589,0.05837270956044535
neuron_3365_count,0.0033185654606728582,0.014007586352856052,0.0037087578371894914,0.020593775120271607,0.029446841426594705,0.004418124766160152,0.02157926693917807,0.012729269894001138,0.045282515237605125,0.04103488244630826
neuron_3366_count,0.017426803494001823,0.01895629042125506,0.010531562667852386,0.016237350503786774,0.036290275823827864,0.008536414070271406,0.024932092666865455,0.009504254735578775,0.03228471534316851,0.031327777244750804
neuron_3367_count,0.00691088744302374,0.04620774811617279,0.006837330574425322,0.03546761730861692,0.038463150236169585,0.009680118456277115,0.03316671325202583,0.012009712985353999,0.04142520631626709,0.045234562706149395
neuron_3368_count,0.003279436307053768,0.015043142402341267,0.004853305604292826,0.028422536053946693,0.06524789006350817,0.01589410126086664,0.01885623535364092,0.010912596825060655,0.030818928235488346,0.05131561655087602
neuron_3369_count,0.03426090545276686,0.03149017033373719,0.008873166628936127,0.013943055367100207,0.010852036599655474,0.0022071551568049984,0.07159002780248469,0.004762347241183247,0.01258377143425847,0.016051797835089393
neuron_3370_count,0.038905593190944825,0.021923003589496323,0.013349639608360955,0.004081378039853152,0.007713325624986597,0.0004968118168570245,0.02838323663432335,0.0003307027474767441,0.020398786854594717,0.025911890376888805
neuron_3371_count,0.03245081148570915,0.02462633098100557,0.0068427572218402455,0.005835930547962921,0.0048406761492170575,0.0013757005147953943,0.02982971886616201,0.00033668913867017196,0.016664278759948137,0.014496207988655585
neuron_3372_count,0.0007640872136601001,0.04666354876268053,0.006100095226169104,0.022493972249052308,0.03323562299804139,0.005748165144192477,0.0584054589201452,0.010990932560678401,0.04544876920473717,0.03730197781908334
neuron_3373_count,0.01763525919769828,0.11713698128268685,0.0004498495327326518,0.01347190057258553,0.00856694924126093,0.0005640080804476741,0.07129489478049675,0.0069490423004799455,0.00400136019815682,0.004922949159455042
neuron_3374_count,0.03836806422191656,0.005534424910517047,0.002067065649818643,0.0037963584223256602,0.001519715734798168,0.0007930162813846245,0.026756594096937564,0.006564116585458676,0.010465404493915365,0.006877668964332381
neuron_3375_count,0.01863820172010275,0.23835105182199795,0.002027170783021833,0.042249384323658434,0.0058958728418372665,0.004705298445564839,0.07645133665436746,0.005887660414540245,0.0010794408013905965,0.0054115330921001015
neuron_3376_count,0.009812109996492895,0.05282761632259503,0.006041334352027611,0.01986625968123122,0.00423299427245314,0.003096100611611842,0.05435831398432256,0.003107873907797855,0.004387742047148736,0.002376594763632653
neuron_3377_count,0.0023470348759588935,0.17950003051612987,0.0035051157090223856,0.03159331768114207,0.004335867510166808,0.003468196370853757,0.08034266312503957,0.0022931612373145865,0.0019104376115301157,0.009101141141512274
neuron_3378_count,0.02622039230830117,0.3467141488732006,0.00016110160261129862,0.039947728012427214,0.0069994860281923504,0.0016999825904540806,0.1208738265080383,0.005096904406197318,0.0033414992643059083,0.0042831671696772
neuron_3379_count,0.01765637736254263,0.1823896737966354,0.0064238166873401975,0.01685508109471001,0.008455988241353532,0.0007661093057977613,0.0518911339553432,0.00670419757989256,0.004051910074144537,0.007720913288315356
neuron_3380_count,0.011929307223995732,0.1581711586344794,0.005495229603151887,0.0335723161940471,0.001996434944771152,0.0024245395465417856,0.06661777853899828,0.01012504778517287,0.0026597757732114303,0.003744656698249589
neuron_3381_count,0.014097252458988074,0.3842382399137668,0.00029250002341462376,0.04204313157080397,0.008916319728891169,0.0008556416816881494,0.12062220036997856,0.0033976481893456135,0.004471052118325061,0.008907806292922605
neuron_3382_count,0.004828781859729285,0.06795698302513126,0.0015688701442501014,0.02480800184162514,0.004334939024297199,0.009547046798101269,0.0459541252656985,0.009002165914694327,0.0024630427345196364,0.0045821261303543165
neuron_3383_count,0.010361636208649161,0.2834991301079283,0.004550042716115714,0.05380135210649917,0.002947023849263583,0.01065201182927658,0.17628051571030884,0.017039787909525483,0.0020046890974726485,0.014077808331363309
neuron_3384_count,0.04263303430923801,0.28073094774947743,0.00349799188408814,0.08124189512852958,0.00812113650461592,0.023073636245473525,0.07188898288010426,0.056091536881873905,0.007798017816290397,0.01606423089359342
neuron_3385_count,0.01676466603698265,0.07692622859229753,0.005742908520030621,0.012854001004744015,0.0035978477074689527,0.005657756233680554,0.10827178379956737,0.0027970784735175044,0.010035692741896848,0.009605291929541807
neuron_3386_count,0.02008094462236927,0.09986810768153717,0.006219489284248935,0.006808861168539453,0.005924782562183532,0.0024274680962091365,0.037664395335509526,0.004145007326966661,0.005421139550176875,0.005248164161000914
neuron_3387_count,0.006885440962662949,0.04131438958459445,0.000187033746683865,0.011102686701150999,0.0010318242291390643,0.004340425837325461,0.036905382758446514,0.011465326532564324,0.002650602972808464,0.008041144353292513
neuron_3388_count,0.060337294887142706,0.3298676914767593,0.018422378386752397,0.059630765105653016,0.00786804296132318,0.020060045138959204,0.12152456384789942,0.07374830872851809,0.002608395190880848,0.03144891722200424
neuron_3389_count,0.026930266064433814,0.09983436158950304,0.005132696594107693,0.03887767334735884,0.0023571679375996215,0.016927747839882656,0.0727691752336356,0.06831847641088615,0.0072045112970662226,0.03890910353351837
neuron_3390_count,0.1262028479503902,0.3941994366239697,0.02270484258961991,0.0643377124226486,0.0011252792143766769,0.003195527349089858,0.1843765151649454,0.0800501878907717,0.017105175086778043,0.03876945079050585
neuron_3391_count,0.05796511243552993,0.15198401012547144,0.008867413625821857,0.01260138119402926,0.006746661971567966,0.00010680408204374967,0.11710637589325723,0.038551507503303814,0.015796209992407828,0.024677217747812605
neuron_3392_count,0.34034809220002715,0.38544265208325285,0.14366105067139426,0.02138149054123417,0.0753977363553095,0.0818921946744993,0.03939492044520104,0.18274207514319957,0.04267220459790868,0.09807518441390345
neuron_3393_count,0.3837531753665816,0.36351246172788393,0.12057049086593002,0.005217419397713016,0.05635701798086118,0.07816397973899109,0.05240997341827723,0.27138843801627116,0.02901627095755816,0.10279900263861176
neuron_3394_count,0.15285061485545537,0.19428227997068606,0.024529009832128322,0.005378858054166227,0.009048926301953933,0.013715964040194484,0.058506270612925834,0.1366264788854771,0.032549517723275107,0.005140417797981557
neuron_3395_count,0.02775015061696885,0.08572395705431188,0.015492759468857385,0.017155734868656257,0.018751783490598473,0.0016541441973911477,0.12956236144770772,0.1789182456412886,0.028516656757112343,0.007266710095350765
neuron_3396_count,0.005242770545945012,0.10241310407121362,0.010519586164020378,0.003055184874510203,0.015588219322069094,0.009479426768494503,0.022166513855697553,0.05789575076987373,0.03698982927171532,0.03626797759842609
neuron_3397_count,0.027375411260869457,0.0255668298398737,0.025615013158259717,0.008830881605136788,0.019848057699183488,0.0037546947393744213,0.03497507369122888,0.005310871650563883,0.04045646453105832,0.023827071480603396
neuron_3398_count,0.17605772551223928,0.1650171044463423,0.047153617813435966,0.0017297130811738635,0.015895420066719367,0.015494871432794086,0.10574651268801598,0.24268283220155099,0.033904943668051545,0.01009142223086934
neuron_3399_count,0.0494947246178942,0.005738047470894143,0.03482655031940314,0.04208463425805968,0.08164977556409714,0.018214804714117044,0.03234996379426508,0.01350977290724168,0.02410645908903205,0.11109635416318106
neuron_3400_count,0.018509292192421742,0.026569845846565937,0.015314448950580387,0.0055627654097393925,0.01459485212743089,0.0017960630546400638,0.033192770941666755,0.06654943002067051,0.02287403881443642,0.03700975717673172
neuron_3401_count,0.09639635667575305,0.1732421723011947,0.025243729810699275,0.011449704411239159,0.012401205325084996,0.011078090732108144,0.10756954574978711,0.2283439760960879,0.05028445996457664,0.009838920733408946
neuron_3402_count,0.07471668651924512,0.06680475145940447,0.02590842348687875,0.003008062348032227,0.003560396488545229,0.007301206539771385,0.04315812829498092,0.1840290928036235,0.018898894576927654,0.0022135124856215056
neuron_3403_count,0.09123417812408019,0.07463719883155609,0.021270956386257263,0.003576088753779803,0.01287946981785467,0.011869694545371005,0.06569962124126441,0.16720160440202275,0.03234942492091751,0.0038293886173034856
neuron_3404_count,0.1647840039964662,0.11425669410388921,0.076534913669534,0.0017346511408631079,0.043543994439075834,0.011009365651365899,0.09788806593800042,0.22316591146591547,0.03910286140619801,0.0474938775214267
neuron_3405_count,0.16385904468145718,0.03066575710155224,0.09601178569206542,0.007614043177064111,0.06354205281596845,0.008914559193646858,0.07213654759122232,0.2682671779502221,0.046270911869617945,0.1517694659108316
neuron_3406_count,0.20697712843276211,0.05542778176498844,0.0915555115020189,0.005525553118566909,0.052813819070857776,0.013121488381442246,0.05460511587469313,0.2061323841625064,0.03998575221819057,0.08714676219055974
neuron_3407_count,0.14291906266679283,0.05922962150199616,0.07128765439790749,0.0016017541195182151,0.045929105486225266,0.018588147602746408,0.07247681184292717,0.19867390635975452,0.024950177864941032,0.081915824636813
neuron_3408_count,0.28203194082711164,0.09501510725393444,0.13792389043498116,0.028234892225856165,0.1014450821724101,0.04996248113230352,0.04692446518157725,0.2846125172440445,0.041501377991176445,0.1818583504192279
neuron_3409_count,0.204025123248335,0.04993956888048104,0.0842756891818576,0.02780106011137949,0.12680181870867802,0.03904699872253914,0.028359317746870227,0.21635185268864612,0.05708978355115146,0.13910826616616812
neuron_3410_count,0.21240822740982318,0.07506143434336565,0.10280264010994772,0.01039902492651672,0.08167159294621551,0.031505929455683895,0.052922146622180005,0.29891543872552956,0.07015944544197009,0.1251530778699946
neuron_3411_count,0.29014586074746174,0.07980255015314144,0.11290936072020788,0.009361472426368277,0.06777873736171702,0.023931236267601172,0.06262901285689662,0.3214698153860456,0.04332090603788402,0.16422839887130997
neuron_3412_count,0.13951338552784429,0.021431883896813726,0.09946450406360317,0.005057566675574984,0.04089826375545276,0.031000929586906867,0.052252844357667666,0.24732312685415697,0.05725799231763166,0.1261003630847944
neuron_3413_count,0.2173341966868354,0.04126992055062359,0.1648172151942358,0.010937008043344068,0.09379753438785635,0.031417677663657946,0.05673606250859571,0.28735042135808875,0.06721903977230007,0.19979790975982448
neuron_3414_count,0.1891968355729724,0.07083722285958619,0.15555667660648512,0.0028097955311802043,0.08647078771617492,0.02372643183366352,0.07750389699145777,0.2817392503705216,0.059258390340579115,0.17219729004699844
neuron_3415_count,0.08819424109624091,0.021924375292873804,0.10017534862845848,0.004359494705435443,0.0777249909340694,0.005061264634143824,0.06326708669964179,0.212575241670433,0.07526571388881054,0.11082017372069178
neuron_3416_count,0.12169222276614908,0.039414215023293786,0.15411023467619256,0.019972650187614627,0.1181059706325841,0.03362090349049128,0.06403507218915552,0.24274530345965178,0.10455497585714499,0.19110494522217025
neuron_3417_count,0.14801502518044782,0.02270906768560195,0.0992484395252517,0.02355587981963736,0.14796029867531932,0.03659622539677765,0.03738910414283912,0.15795349417678473,0.0951680340011491,0.21579742328640744
neuron_3418_count,0.09631970919771551,0.04408407362605876,0.06805607405453326,0.03458576618926,0.13074329845447719,0.043169722018890355,0.04554563097178438,0.155033096013571,0.09796822656068668,0.18082538388644656
neuron_3419_count,0.035738607894459595,0.013895594472639036,0.0779983456735516,0.0053074646401971605,0.06100616918707236,0.010792855989841657,0.05165558934060356,0.14369043432607662,0.09022790252948176,0.11653075121314191
neuron_3420_count,0.024831981997684896,0.058480208211222046,0.08580373576467207,0.0051939846518762565,0.03209265989295,0.010962403743993335,0.064775909491076,0.2989431161336612,0.12111538148890902,0.06263209133173478
neuron_3421_count,0.014292503221785768,0.011614057973404035,0.06533994587174893,0.0069279394938326355,0.061240136281797836,0.017097509483585002,0.06685875855985768,0.13584634166937315,0.0653472310567963,0.09993014175711884
neuron_3422_count,0.06074142582585293,0.04962783310937588,0.07542799839922698,0.014556019781135202,0.08147582828803401,0.03050207410239711,0.05937205966554654,0.15210725991933824,0.09799478540629974,0.133165673342877
neuron_3423_count,0.01327961247485468,0.022229089733026425,0.035962781029473756,0.022014023873209082,0.04924793153511439,0.01529242882408162,0.06183148547892689,0.13735307548719783,0.11351992116909645,0.07633229536521491
neuron_3424_count,0.06715990102070407,0.03085031568234095,0.06304130184284726,0.04823511946293908,0.1789201061512627,0.055217106673624256,0.03633073806083513,0.08571421813362717,0.07071505302242626,0.1677410127916138
neuron_3425_count,0.00984090432035939,0.016433974351725028,0.030147294061413282,0.025329762612224332,0.07544701558274339,0.01373436207510656,0.030944527301609848,0.053528756678172335,0.061798720639719806,0.09293123652059035
neuron_3426_count,0.0049516526968212266,0.003909499877301874,0.020578792437027454,0.029584406025857213,0.09047477400914591,0.010624032963575433,0.05612373428085393,0.049815364712393506,0.06565163414227446,0.09714526837216872
neuron_3427_count,0.0028493124701051732,0.004474631627509251,0.05731100642992748,0.014617570450710674,0.12176251424409784,0.01959134007718978,0.023342022788203985,0.03669324624583595,0.06461652242868393,0.12070985717823682
neuron_3428_count,0.024753698940069,0.045026002135996585,0.025372804281154182,0.06519531180337299,0.11075411003501248,0.02877724891132237,0.060049678478218294,0.11812688955255021,0.08224827007956315,0.1129608449731968
neuron_3429_count,0.0017189858006908254,0.010850554467758816,0.005765493311495687,0.020849570395156378,0.04656797108538546,0.012006595112376228,0.014611839540558974,0.013846700974490325,0.05546094904097432,0.05294236923680079
neuron_3430_count,0.023371264788043467,0.005312286886906754,0.00850033817424288,0.013469134624649312,0.04452728873781309,0.0023617731994230173,0.020627821178559227,0.01079409728024023,0.04336336559214424,0.04484401099324328
neuron_3431_count,0.012755931425411801,0.006979945010270494,0.015203256620019104,0.004382707760285709,0.0897255499501432,0.007222466325964148,0.018027560644560833,0.0102935054677976,0.033150783491429886,0.06894729188243523
neuron_3432_count,0.0006272540897554763,0.0377367423565165,0.0043614642904302725,0.04456540307380433,0.046785865386638925,0.006219360169046111,0.06023778674594024,0.006694187462098572,0.03179193500195249,0.0368931260172278
neuron_3433_count,0.007891507912349053,0.1417426970875513,0.013040508204049117,0.01806096545668713,0.011337122329187682,0.0012494869475248825,0.07864866226015227,0.008189316272951289,0.020283522819270053,0.010170410134770033
neuron_3434_count,0.002803153143502962,0.04017742006233435,0.008025194636097008,0.03761862490622003,0.0594877859135407,0.0019118821543198175,0.07598756907344359,0.0240934533153013,0.04522143719208507,0.04201159955617706
neuron_3435_count,0.004463770179031913,0.11839971424759568,0.0014520656800372372,0.03537199364556032,0.024688917798348975,0.00909257579865351,0.07259875953622799,0.011989075957967957,0.021446638710216695,0.023353698028681702
neuron_3436_count,0.005728000810865105,0.043522721390024346,0.0025154270482272423,0.01463718705722332,0.024501548029817036,0.006423275171828759,0.04423089138318517,0.004741128397427449,0.025733662513757916,0.019766003349851027
neuron_3437_count,0.015410836807158677,0.06142125233984938,0.001957047726523101,0.013072225782646649,0.006388878220498273,0.002698664050693098,0.04088095537945963,0.0020050407897495987,0.019921955615236686,0.0040672783609214565
neuron_3438_count,0.01314297544930118,0.23574932585449612,0.00075582175352433,0.022383863256585854,0.013884739498366487,0.0002986312482760236,0.07619432186578637,0.002628627803573147,0.006596525729069255,0.005792727605208693
neuron_3439_count,0.008211522042511452,0.016012696778427357,0.002223094071288576,0.00901710719524633,0.01434542548339536,0.003065502643578036,0.03899600276072282,0.0021658414073668815,0.025928963745086187,0.007952160774657116
neuron_3440_count,0.022677432896587985,0.04346883056301097,0.00034950543901912656,0.017872191712493685,0.005556194313958568,0.0018238681738637214,0.050794224561606205,0.005515155426970099,0.010309017697651066,0.006338966181915429
neuron_3441_count,0.019831169439410073,0.19847312621393637,0.0028706754008805055,0.026787481048221873,0.01143206411909897,0.0017693771278117143,0.07137285580448299,0.0055959640186282605,0.0006194495583853737,0.00860211983290319
neuron_3442_count,0.032357529266178076,0.1301164996302663,0.003662187614261528,0.026340295966929467,0.001692152941786481,0.001158536360749111,0.0668436685782535,0.0011066567697479018,0.009140398572040596,0.00850953471305771
neuron_3443_count,0.008331570908248584,0.03943730527364733,0.0002394824961593797,0.000990137455775449,0.0035627873684056753,0.004141793130720075,0.007019475980362511,0.00034344111974147573,0.001893250294830253,0.004039513376696106
neuron_3444_count,0.010012524459337549,0.24803866934751084,0.0008459191545163846,0.07690302713204034,0.0033015559935254887,0.01892659213212454,0.10596734976804956,0.02399539565087022,0.006461774065119074,0.02262292831949421
neuron_3445_count,0.0029132130716132184,0.01471315449370788,0.0029035178172467455,0.0015965737679428972,0.0011402558696549017,0.0033984916714515714,0.008949408046655463,1.1527490851318169e-05,0.0009474007328020492,0.001772634343552723
neuron_3446_count,0.02642852968312409,0.1418447260462139,0.0014376529547983907,0.021483106174776848,0.000338448229568542,0.014537444726833937,0.08971567379863282,0.01596554820551835,0.005254047150144624,0.024595980967361653
neuron_3447_count,0.02159105142320987,0.15827312608876903,0.004375583770672299,0.013584749168907534,0.003925670694737895,0.0035873865343190904,0.04617410744523473,0.007050045627015895,0.007396094712734037,0.005961467009882433
neuron_3448_count,0.012046203595746346,0.18910739900350781,0.001519718237766348,0.030735074876243426,0.0011879707228465621,0.005956258654823736,0.14125019050727725,0.004275944153071434,0.015605677724167502,0.005395303915605193
neuron_3449_count,0.04060770972398067,0.1588088427729995,0.0010868909158433804,0.016411135371441593,0.009821203351461076,0.0009183888694561443,0.0493971548170153,0.013398847719161264,0.00877488480023983,0.011048986433007522
neuron_3450_count,0.00910244072978203,0.1878160880670003,0.005191076776994166,0.07452411006117673,0.0027114336166441516,0.01970128688455411,0.059162682511547965,0.04107447153102245,0.003826082193546035,0.01630188900296388
neuron_3451_count,0.03228432716997175,0.22776637516525172,0.011991782148068349,0.02986395366656705,0.004032029426575955,0.011342254754264043,0.06313706723540452,0.03637442293483999,0.00365069079428329,0.02049355912454874
neuron_3452_count,0.005456533996923391,0.009488293559482192,0.0006479186100140089,0.01718351421625676,0.012666959208832748,0.022361469463309913,0.02579121070452689,0.046432952828385804,0.0026748274462935553,0.01747460193636724
neuron_3453_count,0.0008325536260830879,0.0015390295017511345,0.007048490611160599,0.011651807588629728,0.013401823036851626,0.002194603776353256,0.023961368761105453,0.008023497980581822,0.012225327243346282,0.0011176439991360133
neuron_3454_count,0.009510540624530118,0.10968411140257919,0.009453530842193643,0.0458476716192661,0.0016569847382698275,0.012687144190302577,0.09878528054799307,0.05487755206699478,0.006576045122676254,0.02085080035324975
neuron_3455_count,0.09650887691316623,0.31786217265661165,0.02953288837146001,0.07432460950088968,0.0011667955340012477,0.007376587590488579,0.24306922688779625,0.059686291367463964,0.04245664094102508,0.035712205359788154
neuron_3456_count,0.31230869513695736,0.34799229775220136,0.05667816442166715,0.00735420286686814,0.042639758985985786,0.050116094857205834,0.027613352186127156,0.11429459771535143,0.03483721185591105,0.050081497801973594
neuron_3457_count,0.3126306339521703,0.34651624461438923,0.12712163670836366,0.013834971315199212,0.06326051296067552,0.08526319029569025,0.06345951310800596,0.24326978987970455,0.04643782139946352,0.11657910314827734
neuron_3458_count,0.37918868172609654,0.3416963288747581,0.1028592601355914,0.009261517444443227,0.04862043911958436,0.05409861816028903,0.06101888257802954,0.23144816743465124,0.04092541787826024,0.10149015165451926
neuron_3459_count,0.28660068816328166,0.25551418943869486,0.08083648860329733,0.012113695953095638,0.03488146120396455,0.050174787529873394,0.04095075447484573,0.18796167296615982,0.04324080166608274,0.07355515595151543
neuron_3460_count,0.4170028447986778,0.25703295750125044,0.16410455003451302,0.037232092848304116,0.10488951230777269,0.11855217392459999,0.043944513648401136,0.3104489713741393,0.03792612216727022,0.20530455156726696
neuron_3461_count,0.11527072565579488,0.1745440385803685,0.05077324849272319,0.000513509485547587,0.019515572975690437,0.006315950351371766,0.10440851875023432,0.24958730696324255,0.052358776821892855,0.008692922586099626
neuron_3462_count,0.19559298004324976,0.14773014814228316,0.07708214439907546,0.02254479234066674,0.05866680923836437,0.08108777189298577,0.058162548639369954,0.27697801311100945,0.026148235643957636,0.06462062666490206
neuron_3463_count,0.031406225959746084,0.0953842719570113,0.009946979430724768,0.015553581777367445,0.026846433350687676,0.0023614470266641006,0.09069880895065888,0.1516215298829404,0.021051924132567425,0.029357421464036665
neuron_3464_count,0.3310375769090183,0.25095951653424353,0.11441158673081858,0.009583812497975148,0.03716194737123063,0.03182781415736424,0.06548624889174876,0.267561971356332,0.025210799940968087,0.048149805093459716
neuron_3465_count,0.41829101493934534,0.19091580425677634,0.14472973869656847,0.018048543081601788,0.10075302885325166,0.061692273577901885,0.05778586553149881,0.31264829514020553,0.02175295165990447,0.20463581778527035
neuron_3466_count,0.0461907850571635,0.1208997190888414,0.019625965806233856,0.007685311788217103,0.019755489682029975,0.0009419651264407419,0.09825492383766275,0.13204578636881598,0.02261621465071804,0.009381279431509196
neuron_3467_count,0.23225046227477447,0.09996004546154799,0.10783860205309567,0.00011440952062101092,0.07233407782701429,0.027350670915797695,0.08463925907092451,0.25922192549770484,0.025127230303258356,0.10732056749257435
neuron_3468_count,0.33088031283929376,0.1187437845176326,0.157319042234,0.007651775919858009,0.08144065742770568,0.02948640298155003,0.07521917721276675,0.35401831420295815,0.03837300559097401,0.1578073030438518
neuron_3469_count,0.24984931998061755,0.08038396976115544,0.19023461998062946,0.005137694316332039,0.08494108737607997,0.018494509707274384,0.08582157873686871,0.3258388974299342,0.05038885163252683,0.16893880558941915
neuron_3470_count,0.1044192367790748,0.04733969495712523,0.08894442368505653,0.005027940080030824,0.04321543151203806,0.0012815843432920151,0.09533006338097777,0.18023315646940638,0.04307545062178145,0.06642214041662517
neuron_3471_count,0.3382101162496306,0.13266684982038315,0.17697669220531528,0.009766727996015492,0.06039587897233545,0.03058612999448901,0.09482021964292242,0.30740918383308424,0.051013941561178,0.21175298582707497
neuron_3472_count,0.2325778127570069,0.12066154117255237,0.09958161150176928,0.01163944939688262,0.03439279574761117,0.007129034800626266,0.13111561754751827,0.263272215972193,0.04838676493377858,0.0944429159612021
neuron_3473_count,0.1670770421515923,0.03450432474956673,0.17311312258836087,0.020327477303337657,0.13522410466371537,0.027817306169049566,0.08099669583784944,0.3062644800504448,0.05940027761132197,0.19765744734547627
neuron_3474_count,0.27059633881318956,0.04897581268653797,0.11105342001518484,0.05392507830179982,0.14268778944195357,0.07928118099541351,0.026042771153674288,0.2664867131405607,0.050013366178215765,0.23060496296917307
neuron_3475_count,0.2160429520492976,0.07067100902254872,0.13842865935244347,0.007118617237561992,0.05824058690775927,0.03922560750246046,0.09196433510135185,0.33081702703492866,0.05104694945634228,0.13608779893916345
neuron_3476_count,0.1676051863903599,0.07817337998082169,0.06063302533621531,0.011749280829283833,0.04349501075841139,0.02733007185160176,0.05225227589763749,0.20883319744616166,0.045528715810035016,0.08566635774759547
neuron_3477_count,0.10288531980184196,0.04548189011427206,0.13004680376953143,0.006091612634799596,0.07198767957318974,0.004954797229919337,0.09781755194794131,0.2792096140129028,0.0760550006770439,0.11983997097280821
neuron_3478_count,0.14023407594620438,0.022434977556948205,0.15311869356470423,0.003345137748221854,0.1008917583439028,0.029568467827706113,0.06479635091679023,0.2559401918933141,0.0909272118889192,0.17016904921410056
neuron_3479_count,0.1027800893370463,0.031208465392140713,0.14208107365112335,0.002199721116991599,0.06905061594646308,0.0044079277855053455,0.07109656747559967,0.21881698698084978,0.05114634222231647,0.12627066983179788
neuron_3480_count,0.07344976121388075,0.02864221502380465,0.09302512700169568,0.003262328103491724,0.0640870443892525,0.004021861014262669,0.05309642373904597,0.20551647800010978,0.08126024979291888,0.09190259145957375
neuron_3481_count,0.09726138787530028,0.03542791782195989,0.10290128588369998,0.015091553325623688,0.1051498186468863,0.024553348533931388,0.05072509931678858,0.19803179176163518,0.05969282776249896,0.147220529841213
neuron_3482_count,0.06852701884928594,0.0046603158472348985,0.07129798773976478,0.02671464855523567,0.13261977979217318,0.029785312317320067,0.03305923433389624,0.1265318442702779,0.06396516697181098,0.14171146079410302
neuron_3483_count,0.01765898562027271,0.014615339988971063,0.045031707853833536,0.017182155633060414,0.06969747102289314,0.030842002097782567,0.030186192275750284,0.10892241838270689,0.07637936410154,0.10007235843836895
neuron_3484_count,0.09707528984994068,0.046287883732470864,0.09558454875703301,0.01393187883174786,0.06703500095440984,0.019031593353932466,0.040559411571450835,0.2333581196431762,0.11586902580033867,0.14566521392830553
neuron_3485_count,0.031031371561345653,0.0384888550762168,0.09174135043891282,0.00814323765494656,0.0438321445301125,0.006167710752037821,0.07511857943618877,0.1921716129722545,0.09181226090518033,0.0850747552696427
neuron_3486_count,0.0299810241622116,0.00844901866258687,0.06684552319578502,0.007244245764752445,0.09522432427331462,0.0073719515916775835,0.05519878245076151,0.15963416220654814,0.12214410611531859,0.12135682762539515
neuron_3487_count,0.03269140533309772,0.01805675740711607,0.046930244263564264,0.01524887748936761,0.09395958719464234,0.019540729277932753,0.052734839878001816,0.09361918414963713,0.06369089989671034,0.1281738656987838
neuron_3488_count,0.08048081122550399,0.08577765929604406,0.048531168897193305,0.034619503354414286,0.10709706919771012,0.02422478216062947,0.04795053617133409,0.08416741800547137,0.05612388339851379,0.12369521978778283
neuron_3489_count,0.0216117136749647,0.014693610843050493,0.032774036683801605,0.01866326646216364,0.10978920257602537,0.014705916688888307,0.016651591029102977,0.0341929895548715,0.040030203853543236,0.08791944521526032
neuron_3490_count,0.0053613948605327685,0.022512767331304792,0.01483003156693466,0.015046886054730174,0.031350691785173274,0.0013436881716625167,0.0413417809848548,0.04482291963715551,0.04008402000401781,0.027049775838991846
neuron_3491_count,0.0205787575667134,0.032339615356419854,0.04412894787499316,0.012492236798243794,0.06512097119253163,0.013595705501451394,0.06683262658711767,0.09174945747321842,0.07725674898444501,0.1281129786046217
neuron_3492_count,0.031011226660084587,0.04259870549982783,0.010775225179991965,0.028151311869761553,0.07395674188891166,0.028165948536660546,0.03223872762823489,0.04643969040285463,0.036147335894185784,0.08289879791729701
neuron_3493_count,0.004760141145059703,0.020206416712817504,0.02670887438155485,0.018702324353430028,0.059892907078059804,0.005431095397353654,0.04948219319183303,0.06259989948071734,0.07011353177471313,0.04602107866772234
neuron_3494_count,0.005112112062500888,0.010726442345955739,0.009517483511165437,0.026527448078453364,0.0818068098893667,0.020914282118841748,0.021277788118417282,0.03218211744939593,0.05163962093651042,0.07508805666372764
neuron_3495_count,0.017598374967210825,0.07002828428995744,0.010703330767084504,0.05652667297933506,0.05475372554985028,0.008014926066966604,0.06851471116450303,0.038713255331840085,0.05502772547101148,0.062170095590251356
neuron_3496_count,0.0028657031189786505,0.025826319350490873,0.009263616265792113,0.017146113017036252,0.04746104947151639,0.00569763887485597,0.08160313428574065,0.02275051740146139,0.04103072506554811,0.05194139913253659
neuron_3497_count,0.005544381271365299,0.12538165824603506,0.01308414691316187,0.018225355089246068,0.010809521534842118,0.004262591448373265,0.08338628129872491,0.015203887724064391,0.024235500554943265,0.02130220631142861
neuron_3498_count,0.0025584000289802372,0.062383335377218435,0.003536906011585038,0.02008879654034315,0.02026297191679624,0.008838049031250628,0.04545601898912259,0.016097588212524605,0.017598262906720327,0.02764625654830513
neuron_3499_count,0.003448375659056601,0.048622989689473595,0.004377525500640293,0.01572768083819759,0.016678995803399238,0.0054360488251999,0.03149714124005818,0.008898354501565509,0.009926855937773954,0.013255841083053027
neuron_3500_count,0.009584986601391315,0.09517223499645475,0.003501632215303953,0.052236269723715284,0.0258258129444799,0.006516919935397991,0.03986892358901764,0.01370074525306049,0.012455008836745565,0.02541378953374962
neuron_3501_count,0.001682879904986282,0.1423101858797481,0.0058516518863042655,0.01713773410723058,0.004790315541408442,0.0028588022102289234,0.07973051828481581,0.005331031240622314,0.00154137781588632,0.010311904774958074
neuron_3502_count,0.015996706215584883,0.005989707858228471,0.006210039739659126,0.0023327053456955425,0.013093983797365705,0.0021238031943899387,0.004331412142895043,0.005286753714171744,0.005875859372712566,0.010360441858380406
neuron_3503_count,0.025482298752721205,0.2684654376370157,0.0012943690487684238,0.06559014605686744,0.00757633361960551,0.006981659747396708,0.11006114427112557,0.0230544700457727,0.0005367348432272533,0.007193201303751423
neuron_3504_count,0.005073886435667776,0.0034283128968095114,0.016501842021565752,0.005919562741867515,0.005653995469592728,0.0036499077485566203,0.02771518344930178,0.005617466919389753,0.00531492677292867,0.009939289344124663
neuron_3505_count,0.009002909212343556,0.08777672892291971,0.010659632798921119,0.028353032314847926,0.006749723024497896,0.0033391397090698632,0.06188602706549423,0.001317210799071232,0.0015526673326347103,0.0053767823053345945
neuron_3506_count,0.031218697553105787,0.06662497883233898,0.001955506218672201,0.00019162250661547767,0.008231222419359488,0.002238741245703008,0.042975967580230756,0.01666737207128445,0.0072541031714057624,0.005510810889128172
neuron_3507_count,0.027298135534017637,0.1938965163570057,0.0007990130528178468,0.021752613347314417,0.0019416918990746812,0.007487650464217135,0.10090713014198716,0.0015587371678885513,0.011611193475470877,0.014784851880097288
neuron_3508_count,0.02680295759378229,0.18312712666022157,0.0006490577300514323,0.022794167183744496,0.0018622949290783355,0.005910806409490155,0.09493746985572821,0.0010689958628122796,0.001927088568014653,0.006571526358709945
neuron_3509_count,0.04166008218052428,0.2831257937235783,0.004862416077474507,0.048194805592514295,0.0024447832063142216,0.005155460019971178,0.09720428792898078,0.02797641990726335,0.0010760873467135289,0.011342906174963197
neuron_3510_count,0.0006330152233367213,0.004376401205143932,0.0035927447533068077,0.0026693399886556224,0.0016661070833187547,0.004995529061440136,0.02094404733772709,0.004014532035910644,0.004114467640653548,0.015937129790279864
neuron_3511_count,0.06755421874841011,0.14866272083825693,0.07318252769585946,0.05171481681721472,0.016383722345727623,0.008936755294182468,0.024756433484255515,0.05361560674752695,0.00011252477607736353,0.013906285510081894
neuron_3512_count,0.018437633948256704,0.12833226268913575,0.0018394396522131602,0.042428657340778025,0.006468007996413318,0.00943792508639249,0.11667288673379017,0.05073827312889363,0.0022165229542639997,0.03310307557310027
neuron_3513_count,0.028286234377577435,0.1452887611664672,0.019307110220241563,0.1027341479792675,0.00934053263910884,0.02218424999563265,0.03573505088686052,0.11009904613206639,0.007199692293291066,0.05802091238148395
neuron_3514_count,0.04674267132282117,0.18194429284854177,0.0026815435732579383,0.016349339680233346,0.0018190431556357398,0.0009015631169045114,0.06976178177221407,0.007428577285325519,0.004949474161297707,0.008208440249874133
neuron_3515_count,0.011658099098571711,0.10095732063120295,0.00811788573262242,0.018126445793750584,0.00518191258781907,0.013336165296471098,0.05986143314275903,0.018680803659342216,0.0048570949371520514,0.021939716616687643
neuron_3516_count,0.031380994452760325,0.07501490254347373,0.00020599606698518992,0.015246992482519622,0.0018969254812792533,0.006162961221916133,0.07357284919156315,0.014573718057435223,0.006628828493321151,0.021718504058848592
neuron_3517_count,0.0016134108101046665,0.00021444742797009642,0.001711766923480025,0.003758172903384406,0.0031581357133773635,0.011294054293671273,0.05338568746965655,0.02124093160389768,0.0011409247073355944,0.019153276685817268
neuron_3518_count,0.026021417658545376,0.22752048878020922,0.031008878023712508,0.05911037623198419,0.008602778751468323,0.018733037751354722,0.1305213797523033,0.08238871024392186,0.00031179957197327406,0.03371341107706141
neuron_3519_count,0.014191449098061332,0.14624648257253026,0.014596580726494501,0.047588051320633123,0.0002486891893060798,0.01373234933649201,0.09369238464176433,0.06955407567031904,0.004612556010598786,0.0370167803554709
neuron_3520_count,0.3687440339682873,0.40536730608734495,0.13743372674782772,0.04620599574109928,0.10094515927480745,0.09534489152231711,0.05544594079763654,0.21813207335895,0.03566161695883501,0.11036741143033471
neuron_3521_count,0.17460893017519555,0.18947538967499192,0.03593403141572252,0.021259924806473415,0.042182169032473904,0.045643872441062855,0.00644187615414334,0.12164934985914137,0.0202221464596128,0.05938600664947116
neuron_3522_count,0.19868561773461973,0.2026312170169769,0.03493887157301585,0.011665097715547978,0.03132430710699541,0.05663623191208324,0.015623368253858648,0.16474246244225693,0.017144946221140604,0.021052255072154455
neuron_3523_count,0.055391190309498586,0.25353206614447826,0.024455917684284553,0.0124193785224148,0.0658493368920383,0.0013780511098654092,0.10856444108983054,0.10639562410077409,0.019005985328910187,0.03981110546795873
neuron_3524_count,0.035875355660203584,0.10295433098531623,0.014710881653951097,0.002648962233171244,0.0165379925156576,0.003369827204220889,0.06182351733842234,0.10147038755580143,0.007694725307182099,0.01174679347784334
neuron_3525_count,0.0008501961773043935,0.0016123390243782745,0.005618888200326499,0.00619322090274713,0.004810723884851392,0.0010624969675356363,0.03523621696583915,0.12907603785449423,0.06588513061833376,0.00015515251205132537
neuron_3526_count,0.02153182304974105,0.032964594554327126,0.01875256285645496,0.00561313579848443,1.1597098614128491e-05,0.01169039074231705,0.08588995581717923,0.17916572385632296,0.05043440607238976,0.00028484064122255397
neuron_3527_count,0.03845960109301169,0.051169154836127675,0.015331180281940783,0.003341380790359432,0.0004786571589156779,0.0038200434836807087,0.04300854282161262,0.1618704118171327,0.03203761046010789,0.0010742890943184341
neuron_3528_count,0.23474696170842807,0.10088591073620107,0.15113932400956354,0.048425515638928635,0.09737309188603999,0.11073235811254775,0.03410282894166664,0.3914461853305609,0.04131432241703102,0.15312452914545313
neuron_3529_count,0.07311768675787705,0.08223693966149515,0.019117314247861596,0.00458697089564742,0.010546295182565876,0.015977270643592445,0.0794480308914963,0.21241989175834117,0.04550773740423854,0.006339196852820056
neuron_3530_count,0.023086629303424734,0.06821855275418524,0.01315065493398835,0.0012764521715031146,0.004794474626479141,0.000349345774209282,0.05935440672023023,0.12209696500446782,0.014627786836316936,0.0040402064241201185
neuron_3531_count,0.020010003334509186,0.07065472456596875,0.004478590828411155,0.010820976882584335,0.04074106539332351,0.0042608732399255465,0.07762935678787494,0.12968366563324543,0.013706662309545516,0.038110239796817075
neuron_3532_count,0.34225919359611756,0.18067591669459476,0.16596689161815298,0.034501102638156936,0.12158381638547809,0.0831950847445582,0.04039710686306555,0.2701824954744888,0.04924506140346313,0.1995135064658365
neuron_3533_count,0.21440172212556474,0.038212526790747756,0.11455168281292458,0.027612693935240448,0.12650532634363731,0.04756693280582214,0.04246360940055939,0.2841814898188693,0.030723507988715495,0.18923255085404098
neuron_3534_count,0.031245478446332298,0.031338641056035885,0.017037939788629004,0.007328037344543244,0.00022742817443857454,0.0010500076366330643,0.05689594374093586,0.12408698328139571,0.022741367768443762,0.0058424898100470565
neuron_3535_count,0.31266886592509574,0.16050657506023464,0.14419052161585683,0.008096823888944879,0.06726771743251736,0.024030439180628554,0.09510231349674342,0.3133680468470423,0.03523992456908594,0.13669776233152628
neuron_3536_count,0.14643549143955722,0.1272533235414256,0.04784783712430113,0.0020611499488034264,0.02941575321341497,0.01800683162942439,0.06517931256705156,0.18660300654798134,0.024991714710762423,0.013947689711052105
neuron_3537_count,0.0636210269100839,0.01841525230881689,0.021729212587236202,0.006029366765732787,0.03368101680605047,0.011470628694796862,0.03234957280653758,0.08497584009702984,0.005786781599254307,0.03079595874189349
neuron_3538_count,0.2472665356952004,0.07606346916284909,0.12349899629863148,0.03283439709793928,0.13000711815795488,0.05903269830810501,0.032556807141475325,0.252666291596067,0.035748072469990816,0.19415775328419121
neuron_3539_count,0.1393251556216653,0.07700276710984327,0.11452576204926473,0.007412412054715385,0.06192814162367935,0.019125957272885727,0.06430536960712353,0.24721009247873663,0.05754934270959029,0.15486811054623292
neuron_3540_count,0.25693383254945,0.039462065205609895,0.1349976078013306,0.04251308932950956,0.1493199127147165,0.05703388662782863,0.0336428153216269,0.2343469769628445,0.06354020025403055,0.2912104700264367
neuron_3541_count,0.1768536720783884,0.027473724626133678,0.1819339094953581,0.013619115624752785,0.13507420144636792,0.020386423852274738,0.06939376609063735,0.28000404030109305,0.08420962431430504,0.25867547305647354
neuron_3542_count,0.12593327663997378,0.018536461483849687,0.08714430442439841,0.02242852299835718,0.10408955581708479,0.029000153032611234,0.03624528186919185,0.1801969884798027,0.043161194900923947,0.1638905982731853
neuron_3543_count,0.1554069197174154,0.017280004504179283,0.09064146969418282,0.054460226177016485,0.1811203357837655,0.05664426339564571,0.028579870443216512,0.1718888442333158,0.05201468202687207,0.20800884206191278
neuron_3544_count,0.08917542517665006,0.06054557857640275,0.0686259903684153,0.006831656847601494,0.06101868178795877,0.016287876680663733,0.050506167995001294,0.12841128530862064,0.028117450070877157,0.0695226855431437
neuron_3545_count,0.10359032983662453,0.024512134320369333,0.08127733355565642,0.016771507981526712,0.12120980364496076,0.01627372203285861,0.048153216432145984,0.10502622905102735,0.033939580963277594,0.151890754579205
neuron_3546_count,0.1002604736629353,0.01074497041061781,0.12129085992777588,0.02118804424763321,0.17261868959780835,0.029916361404086128,0.06434890292178608,0.15135743734913742,0.05574300888873813,0.21628753304101553
neuron_3547_count,0.12238509739021086,0.04351324021482261,0.11996708869785572,0.03547364456309987,0.1679024660131093,0.06595481661756825,0.042753463735575495,0.1682863130318829,0.09197895275405835,0.23066465066042674
neuron_3548_count,0.10369317605786962,0.026928107358280107,0.07795859988679102,0.050713350560523646,0.16833129196790886,0.05830157912393888,0.03654989449675575,0.14016906891292968,0.07961713892299638,0.21869329410306718
neuron_3549_count,0.03604383246608246,0.0009770019088220071,0.0196250239082902,0.02816588427070843,0.09755910689983245,0.012095432131970785,0.009543077716301088,0.044157132628251675,0.027822413176310068,0.09657853949350419
neuron_3550_count,0.05575033469869484,0.02512519049658446,0.03993863022653879,0.03789889146920286,0.17845174989571727,0.033646028582290155,0.04990654409047035,0.07677811066604087,0.06936082631918927,0.1345990594557609
neuron_3551_count,0.01790129738177633,0.009270046832889046,0.04267744611785576,0.014707026123500389,0.09289264728120444,0.018084930894722115,0.032563009018524866,0.07412519783375468,0.050709391943755705,0.12405817735246041
neuron_3552_count,0.03387650209693539,0.01103737001402659,0.026938082428589916,0.025938203681175317,0.11671792497776706,0.0268402283782834,0.029002238362626484,0.06129313771348616,0.043949956673695625,0.10662884911531337
neuron_3553_count,0.006874931527499031,0.003143659605049788,0.005192952400539283,0.013845009778524417,0.03794731581285299,0.007691181105115588,0.02333477541954146,0.025309012859094412,0.032749444176231435,0.04653420095314281
neuron_3554_count,0.02422537453047416,0.011976727384542696,0.03710821187371907,0.027360410172781693,0.118393045720798,0.030333209037236866,0.03812381402178326,0.09421373069490627,0.06231197576397668,0.12074820644683681
neuron_3555_count,0.040505071202270315,0.03989997272783888,0.030727084722770165,0.04406516469234442,0.09149481772131673,0.013228685666395082,0.041164629435262404,0.08414388867770109,0.048176541239585424,0.09521459075932898
neuron_3556_count,0.00010311237172121613,0.0018411452271624787,0.02188351735922399,0.012624798788180527,0.07106350076155146,0.014120485844994507,0.058720393084028016,0.034674161220771854,0.04235005835779887,0.08181153563390045
neuron_3557_count,0.024674128295867417,0.010671965092549182,0.013618362754280411,0.020985992835767478,0.09352531028194694,0.025914729639525222,0.01916933138983383,0.041085277458172975,0.056271695674093486,0.10177869200346926
neuron_3558_count,0.00888737663768353,0.025466433892408935,0.009340025004687405,0.011894216436808117,0.03627407287547135,0.005709861116124718,0.04079324033116022,0.009755269732763347,0.024325286619419767,0.032636440197447575
neuron_3559_count,0.0032805158257401233,0.01761150844429142,0.011113183080548067,0.011146121499442635,0.0654904633861577,0.00986171208064679,0.0206131802852441,0.0035310490213344425,0.0167441016396659,0.02976146326718347
neuron_3560_count,0.028631100311162713,0.08611220284729679,0.007618186470613464,0.025146853227467014,0.0415323692374452,0.02348541431322347,0.030892700670607023,0.025927052843015552,0.022074333376721655,0.054953986605816504
neuron_3561_count,0.007093872587218261,0.016164914526307014,0.009738069925653813,0.019406335737397126,0.049119107107741006,0.007115529507695791,0.06119349207161995,0.013180882725647283,0.03725973950736622,0.05039765473277988
neuron_3562_count,0.00185633662736852,0.01951550877874554,0.004696314886752664,0.013349609229437731,0.043206135897255527,0.006588352146668017,0.04244922683064284,0.016538649154359777,0.043316350922752433,0.036537854033529715
neuron_3563_count,0.0010715444144178306,0.13009932185319342,0.005604741770107689,0.02799468457241573,0.010685211617128043,0.007972818962162606,0.07202665473561651,0.0139052678493531,0.009793943994444096,0.01073730917264154
neuron_3564_count,0.013730037424750402,0.1238357978988949,0.008193907719588785,0.05855776203069182,0.03170758355912842,0.0112564188228991,0.08732816967177617,0.022832175737794766,0.012183864284011428,0.03323650090372046
neuron_3565_count,0.025868319960642497,0.01067693397190439,0.0011935034402323075,0.010033551899314652,0.008513813046316668,0.0013864916504503569,0.03225515861488207,0.0023318613116885918,0.014796069419407254,0.001861138005185843
neuron_3566_count,3.597443602192368e-05,0.012556779879195186,0.0012068535894233633,0.00993156145706997,0.03561581655622953,0.01693595980634298,0.042689082764649194,0.010812184158391976,0.011539449049023348,0.04435168649590927
neuron_3567_count,0.008231832275822396,0.06435838447902362,0.0011075410486073873,0.010131493437520941,0.004564616419247956,0.003212176675273702,0.07121324806220888,0.0034710038260521367,0.00196449578503961,0.007813457083271753
neuron_3568_count,0.011039881352831503,0.16533290623085803,0.0014046000989142125,0.05464084861862012,0.0017530973860183305,0.0009774280226457583,0.09921754242515649,0.008048828985852782,0.006454684929036884,0.005094447664000343
neuron_3569_count,0.012665204717638073,0.008985785067709608,0.0023445493095658764,0.0037485124785543045,0.014160991874395828,0.0015695407452862627,0.0012189226701936982,0.004131571103720661,1.7475542801131846e-05,0.004963033344889065
neuron_3570_count,0.003936302009475676,0.002984103058790079,0.0003796397707940928,0.012810962489366036,0.00204085449763804,0.0002925719958224455,0.009874500007300311,3.6539633259458255e-05,0.0019999482063589834,0.0037661199203508616
neuron_3571_count,0.014343884782477875,0.13187240246412696,0.0005406110579573246,0.03380262815870114,0.0034626269073276955,0.014368111478026052,0.08024734700867509,0.018010213987979473,0.003579831120009404,0.012714735782899333
neuron_3572_count,0.0674761335451259,0.26057718789662965,0.04935362273438411,0.11710551084549095,0.01076037223864831,0.01872027000555042,0.043767670818209176,0.050591331646746604,0.0004039918478693661,0.0058895599753592855
neuron_3573_count,0.011644584658734372,0.055672013529230374,0.007873026861359017,0.007873832530911493,0.005605079229029163,0.018941870690359103,0.04827616554665612,0.02276185857903644,0.003436104426051953,0.018701018276033127
neuron_3574_count,0.05926306829179814,0.33785659278206837,0.008168962548257525,0.05609834311992962,0.000990421204414933,0.00921277832795888,0.18727382171658818,0.042702897288589836,0.010501068602650099,0.01918482412319175
neuron_3575_count,0.004010614065639375,0.01756444743091827,0.0014974903091318353,0.0034245152409229547,0.0017031267176213375,0.003191828422296275,0.02006422073564109,0.007055118795150445,0.0003643115831851347,0.00799788346210073
neuron_3576_count,0.0855309631373426,0.4019733824311249,0.01228643706041449,0.06415891494252848,0.003600462441091838,0.0025911789722884646,0.15791313514450278,0.040043364283737864,0.011342774369967334,0.015842548770695963
neuron_3577_count,0.04229680291499116,0.16789083735029914,0.04565771060040734,0.03274238255367158,7.392693255073995e-05,0.002824721047335721,0.028803096972810804,0.01470541263068724,0.0009477816915319957,0.002464698821574133
neuron_3578_count,0.011501883734544131,0.16347307824759869,0.011263248622672806,0.06930563648611665,0.0022284363578487787,0.028503042813930055,0.023097119456969253,0.05448015300423893,0.00637619835521526,0.024607602917676996
neuron_3579_count,0.010185917727731156,0.12986560806420855,0.0020399323417437283,0.03835820637562504,0.002308439690052011,0.012806527411908297,0.12097466778963245,0.02535538762105076,0.02066131430335484,0.024706873538421686
neuron_3580_count,0.12131702864306526,0.4626473853203241,0.014879617932451128,0.06625501404110037,0.003031026195224721,0.007302771246084486,0.17153205713696484,0.05658785527915852,0.0057419433610294765,0.027505373261405286
neuron_3581_count,0.12493464516260797,0.15069027728453852,0.029309509999601205,0.04835933032263037,0.008273809085545362,0.004793538415061117,0.027744578579870144,0.027125033234464108,0.0033916912555130817,0.004140100092896538
neuron_3582_count,0.056311650137310515,0.4548564123164856,0.05789158103849393,0.0990384424477724,0.0016350325880421788,0.008318470384769586,0.13678499881720974,0.10066206940831823,0.009252842841283831,0.030551303485550144
neuron_3583_count,0.0073000681058212405,0.10451217948522162,0.02181587423100409,0.0227337330330991,0.0021629102673301065,0.016796018760718442,0.03532953074743683,0.04319166858680884,0.0005624410401344586,0.031102555286146236
neuron_3584_count,0.2191995604380107,0.24638931149900617,0.038222837868812254,0.013522017351819529,0.02310877697627614,0.04858991285555758,0.014914229794219212,0.16173187157239832,0.017686716927707416,0.03678504295527471
neuron_3585_count,0.2128947325153645,0.208982259155341,0.06680070043989139,0.040684929151193344,0.051245435049721705,0.08180447499459895,0.014445738726831692,0.19741100413655202,0.011715859177872094,0.09250886849674947
neuron_3586_count,0.41823890646440287,0.3345338146372832,0.11781333917540757,0.012118699920534104,0.04712566945234786,0.10439646725979454,0.023114466909669323,0.24475958131114006,0.0389506059258244,0.14515695323969502
neuron_3587_count,0.25932661285250663,0.228017184804496,0.053330497694235285,0.017844183381500137,0.038375801203342025,0.06744229773218863,0.025353238156367884,0.1921160613352673,0.015185194054144237,0.06374152352883132
neuron_3588_count,0.06259565181336291,0.12483016022537621,0.005325227047428525,0.010377691168659955,0.003820997217977795,0.02721475380066203,0.017352690661304127,0.09110344479671054,0.025862905581235232,0.00014959478892319703
neuron_3589_count,0.24245489194486447,0.1547965588075352,0.07456117570859347,0.011073631444523533,0.04458712344059319,0.06114073825031957,0.02412750184004997,0.217085295540155,0.02873967817093282,0.08821881065800058
neuron_3590_count,0.0015372793836813982,0.04216331096168074,0.004890861958491689,0.0026944917629504843,0.001968058661678502,0.004335419942881761,0.04865892627076916,0.09164370442031314,0.03350903985527655,0.0025822438682532173
neuron_3591_count,0.08366771262550085,0.06293673886700671,0.025991498443909078,0.011506570532266322,0.025448374924739087,0.036208339398346015,0.04683151654521055,0.1635486768778669,0.01797581258085526,0.037440194017023795
neuron_3592_count,0.11372446133553277,0.07765657383431851,0.03140127140480936,0.002399071294280984,0.03084117072435269,0.021441873280969526,0.07922277001779551,0.16858636372485314,0.017121905187628003,0.044854567875717836
neuron_3593_count,0.2835023007593581,0.16796904930131648,0.09723247282600925,0.0004239724007033697,0.038724248760805824,0.017936274819483997,0.11651022586143853,0.30245463780401516,0.03537793589377073,0.07626215506150853
neuron_3594_count,0.3255985835792984,0.10586708797913605,0.1463223006464489,0.01905706990845453,0.10493225905823314,0.05484929394402299,0.03322071522713864,0.28517273931531195,0.020474744515151036,0.17168007508110303
neuron_3595_count,0.27558962053845837,0.07395735484147728,0.14910399926627538,0.002834403844216987,0.08654264426337366,0.031727455615792065,0.07455099989288486,0.30746955311135316,0.03594530934528598,0.1459780885316943
neuron_3596_count,0.2602257239166236,0.08666237830552968,0.06414010016331254,0.0007725474910009675,0.0615453919697557,0.03711978699602407,0.05261258130981529,0.23518629223987725,0.031195380778555326,0.1062584816641951
neuron_3597_count,0.35184449181034655,0.10454232398799823,0.11916787722433556,0.04581513840848461,0.11467321698064567,0.08731854328483102,0.033057131281945804,0.2950934477456005,0.0336308379626227,0.2534227265565683
neuron_3598_count,0.23180257135603988,0.07836826050822214,0.09481657640503552,0.010394212769300689,0.06872275000141695,0.040965533591773656,0.04297370343240425,0.25845284288149656,0.011937649921626832,0.07377935057661913
neuron_3599_count,0.3859546577740006,0.1431849545187768,0.16144063591997432,0.04034880959997644,0.13039360976027922,0.08565735206586306,0.027229285313693813,0.2643392670811463,0.0247945860016592,0.2557329948963597
neuron_3600_count,0.12952674065359707,0.019792699475551477,0.07037180641352747,0.024896309453219564,0.10007657919911099,0.03166344088619902,0.031169557968687124,0.16247501328895086,0.038507044544036806,0.12025280213385738
neuron_3601_count,0.23130745874347697,0.07675843905726248,0.08453320625775179,0.00798195665072258,0.08817336088730751,0.03316286499911833,0.06490724785022328,0.20004959554673446,0.030884288082870817,0.12009644996926816
neuron_3602_count,0.19206692349883153,0.0194285703316687,0.1410197317783406,0.010151275732267671,0.10911398131088973,0.036163722895947645,0.041385630135839735,0.22314507188340996,0.03961523035069331,0.19021019399717423
neuron_3603_count,0.17992043112561606,0.04751861302744689,0.13074697477828112,0.00885623013326689,0.12635423851081717,0.019570745725869906,0.06725485382855187,0.28224857347011645,0.05352548228769427,0.17814854937025038
neuron_3604_count,0.12427906356432405,0.011574845137019618,0.09469551437952176,0.023290495833891867,0.1327527768884324,0.027794359841123106,0.027161258654615897,0.1811114377049683,0.09019480587788467,0.22255554667673783
neuron_3605_count,0.13744421773501864,0.027760033381908245,0.16247028631594124,0.019733949683333328,0.11229273668390563,0.028376566929855906,0.05695429840609337,0.2332882669269189,0.06042735909132205,0.188348066676473
neuron_3606_count,0.08759098727053635,0.009138064932429746,0.13683420545395256,0.0010326692073446848,0.11186232630476978,0.02280948658544002,0.07023507495696499,0.16892988255490743,0.0634457387233584,0.19870272747080364
neuron_3607_count,0.15255338719822825,0.034941025006401755,0.09992110354191816,0.013206442632339804,0.11443930069191621,0.03043577362271982,0.04239582048467866,0.19717238213751187,0.08816541744682671,0.18418646356711516
neuron_3608_count,0.1291863917591216,0.022163120616188817,0.07874403530048246,0.01802179789975092,0.0927312601228879,0.021522685151427134,0.03513280779674141,0.16366452299486248,0.029490135245279936,0.15567819053206822
neuron_3609_count,0.16655323522182344,0.03907254683529032,0.11734596584253612,0.027727698555036276,0.16907659241749592,0.057938099965540224,0.032816211371356,0.1991420729715075,0.10164611107533639,0.23445534732290096
neuron_3610_count,0.11175920019563382,0.035925200774090615,0.12246819434415193,0.0159039216643094,0.11431278322407082,0.02227709534870255,0.06915934117816222,0.17925289895093516,0.06861148875887513,0.19098216519930772
neuron_3611_count,0.08254320925303238,0.016270467903935215,0.07230477161297658,0.04203164680930119,0.14112766750761863,0.04435229448974584,0.031112840741439593,0.210861576507882,0.14803301532904561,0.2214876003108975
neuron_3612_count,0.051610249937392744,0.007297527582241628,0.07456282645470014,0.014146034952993242,0.14905462167791192,0.022967122506347484,0.05019458023176612,0.10891917821202007,0.10179601577912045,0.18969720010807523
neuron_3613_count,0.04993796265895642,0.012311187150365874,0.0704256117333161,0.01742715626394155,0.12033523810817698,0.02130744602463365,0.04455480993614751,0.12704349919598582,0.07351797525083703,0.1420941167592243
neuron_3614_count,0.02695809639239098,0.006944736777165105,0.027804000095338288,0.018368797941149262,0.12104502500556541,0.01218399759527937,0.03044496939927574,0.050918748792817436,0.06470207865123073,0.12474526354110968
neuron_3615_count,0.013677817256383597,0.0030678624680226096,0.06291976880413175,0.009870216041704676,0.10015178495168761,0.01915827345223657,0.025762009124003393,0.06365162809465955,0.06480333724823689,0.1472895812362975
neuron_3616_count,0.006502617541788658,0.002554589976958635,0.028206852276626893,0.016349401282793982,0.07441825563123897,0.013406513215781332,0.035837047124802096,0.06384557470715735,0.05874069711530458,0.10258331052845782
neuron_3617_count,0.011580715653201804,0.003552145680913117,0.04605894128489035,0.002044135968538703,0.07563054889502285,0.014331052800834881,0.030039173617858725,0.06182685555776851,0.06645128868908465,0.11535763221988357
neuron_3618_count,0.015258033085603556,0.004627348624298963,0.07002161648924657,0.005602544954860126,0.089733750018308,0.011875922521230056,0.04931733502694101,0.12363150424501376,0.07645842904988376,0.09925364478020465
neuron_3619_count,0.010251580865943397,0.007964966455717058,0.04682812352669935,0.011456350431768111,0.09034164845236012,0.008002345654994192,0.027725767200688547,0.03283104239273836,0.04037011674001721,0.07491415284474472
neuron_3620_count,0.010669917703584511,0.04621328646365552,0.00465272823562797,0.028393695538766917,0.04794744183500363,0.010465982769168394,0.05971039044499046,0.0254327216898831,0.03855469683704729,0.05852891404350202
neuron_3621_count,0.04701962993932782,0.06414918870992509,0.01447381424279516,0.06810240357288619,0.11508293142613249,0.029198000708922422,0.05679217120210303,0.05406821940765952,0.05420868747736282,0.10735560461145968
neuron_3622_count,0.022004093103283745,0.04965476432904091,0.00958315549960452,0.07399400432475028,0.08583198012499502,0.025122804592087503,0.037828424199647534,0.038649491429422325,0.032267244470789186,0.07719602788514254
neuron_3623_count,0.027379766825352356,0.08536251570100611,0.007490704475491661,0.06532758352281287,0.09131454334650277,0.025108519314577277,0.057091439197123894,0.04771929225182678,0.03669663485702479,0.06667220898022316
neuron_3624_count,0.0030014444220533495,0.009330406083450787,0.005228850725789047,0.029290230704738712,0.07269078600516582,0.007525919888271823,0.01705064690764002,0.011607799044212677,0.03771622780997877,0.05910247405318472
neuron_3625_count,0.016334808613264695,0.03747954033941696,0.0014995605280257087,0.014978162043876656,0.03748742308811798,0.009977534295258356,0.050445479871372656,0.007555221588668809,0.008168906919062961,0.0377066312894271
neuron_3626_count,0.0031174475844522355,0.033056685289265336,0.00154226127906619,0.008199269911629233,0.02934780890936546,0.010339818386170471,0.04104721158617555,0.0015043323377442255,0.01803519634583104,0.02587388118230105
neuron_3627_count,0.003628433449927089,0.05426514320159273,0.017954142152662236,0.02687377802756767,0.05572597431075657,0.012128726226077385,0.07741458394234421,0.0303228625297767,0.03577094389038338,0.04436524751076229
neuron_3628_count,0.0076475620788659035,0.05796762322717092,0.0004552100383304024,0.03961889828614007,0.01097098607610937,0.006033887501379613,0.032703773328863234,0.009022990146653698,0.01354280149961927,0.022063053800382135
neuron_3629_count,0.024160788673515537,0.09793278743482278,0.0011973875473249504,0.05385041368744281,0.02970552956137046,0.017253051305558154,0.03875493314586523,0.022573568322081586,0.014847428785606881,0.03727901208114598
neuron_3630_count,0.00518615588540958,0.04596209386229852,0.0002766079580807561,0.02402756745455721,0.01647995352329662,0.006007860113602333,0.06629184892057108,0.004200704916995677,0.0009292755889880495,0.01766981904318332
neuron_3631_count,0.016253981556271883,0.08954657072188274,0.00033419225381922657,0.03375068004256557,0.01383435751729252,0.0009797217438974742,0.07170112887935007,0.005465348363359351,0.010600834315917157,0.01673862911912692
neuron_3632_count,0.013456711376492576,0.02547824066187481,0.0026371034302791665,0.009148462625278367,0.011126154663390793,0.005376351702693041,0.018586881580291568,0.007929786008972005,0.002131977239168673,0.010622682013599762
neuron_3633_count,0.007346001060748522,0.14845007335164825,0.0019702976614615585,0.01675591648147684,0.0009980132504670875,0.005919616748104976,0.13965635176880573,0.006233258935111355,0.004086755103269564,0.013904644168314204
neuron_3634_count,0.055192483232434475,0.3125451133825007,0.00015057758462486397,0.041389790666456955,0.004891923085811621,0.002692377037164906,0.12862346471951092,0.004892262585083226,0.0023527033782270584,0.018021168347257532
neuron_3635_count,0.035586016329458,0.050601636594790694,0.0008812289700598471,0.0032095461909668905,0.0005319006556152154,0.003331054103936505,0.04488968415776562,0.008749297853702757,0.008216756954847512,0.01114027562345625
neuron_3636_count,0.006469620129503979,0.09382761835077948,0.0008828264395337945,0.05760795626606244,0.011666421682045347,0.019901226844190587,0.014190748478381934,0.025947290833758838,0.026402134393299775,0.01580592986917216
neuron_3637_count,0.001245781000994769,0.005115346472580724,0.0015465163765411884,0.0132163987896428,0.007132635241206827,0.0053140034177272645,0.009997902180266222,0.004651847419415947,0.0014351750073078144,0.002572617699400953
neuron_3638_count,0.011939824149516665,0.07660976070614373,0.002337544869632155,0.04938986162134179,0.02142416725608262,0.01288284916251653,0.07542529382777369,0.018095587006558514,0.006784721091943561,0.02157728852662534
neuron_3639_count,0.008887843883938047,0.00918881004112776,0.0013428244471269217,0.0010557071368713228,0.000869569816238684,0.0018409556386768978,0.004301349575978358,0.0008434692652864988,0.001998585674914056,0.007727882077958187
neuron_3640_count,0.0019349366026757682,0.00021957149726930993,0.0005807008854783937,0.0070755986062606135,0.0032412433147001735,0.001289459852586508,0.003232647823942423,0.0018383583130229912,0.0018979280034313248,0.002235040836371785
neuron_3641_count,0.009850800893797612,0.013417015241974348,0.005094048684744522,0.013519823398232433,0.005607939782970091,0.0011710534637633212,0.0068085586452665894,0.0015139881139251514,0.0003771416511166182,0.001594668431995296
neuron_3642_count,0.012531098398883223,0.094641745018028,0.0018741080041692684,0.03564499835100382,0.0027216120272657834,0.01051988935514267,0.12347238177385408,0.0367899300573996,0.011401658821492883,0.03737696286446093
neuron_3643_count,0.0035995978736917816,0.03957929680926299,0.0025417223666356487,0.0028587902509786666,2.909486523241557e-06,0.005412110199273066,0.06623122423603267,0.009213240890597621,0.002650455696747416,0.019481287683573947
neuron_3644_count,0.14593428166704336,0.6347065120405861,0.0639912896270708,0.24017036063734257,0.024076899128433263,0.043178948790985605,0.19224404768093128,0.146438830188402,0.005775662638800749,0.05963868401689443
neuron_3645_count,0.04558345532166358,0.1191940756082541,0.01471074009128999,0.031886111872618,0.0027172221472927457,0.011435054679300755,0.08371388637077307,0.07054555029311133,0.0031295850469167524,0.04560613802587814
neuron_3646_count,0.05831037335554566,0.22625580652040578,0.044711726368706725,0.06970173506965417,0.0032075247173590175,0.007426113980650517,0.12626859641351645,0.08568978470282809,0.018198625346918657,0.047990796385734044
neuron_3647_count,0.0005158956554890109,0.08699092590148755,0.0321689820611404,0.02330348134429605,0.0012719686350977644,0.009852259709550476,0.020369443770763968,0.035308602352217375,0.006615800967959197,0.015340733698690566
neuron_3648_count,0.0783092376659392,0.2077562513609973,0.036185424104917846,0.020272584088686776,0.01214058859008571,0.04616901159039752,0.012609992518153618,0.13854783554682035,0.011426266491280833,0.006623288898957448
neuron_3649_count,0.2575475611426016,0.18293511935803017,0.08255223376041376,0.017520974322974753,0.05595737109974924,0.06025108729932402,0.005403387056812431,0.1856917958669108,0.03613235327186952,0.093300207368129
neuron_3650_count,0.12088672614830762,0.11271415944425549,0.038459014082084644,0.0232900045513693,0.045967851501120316,0.07264462185911166,0.01808115453417549,0.09924520117329025,0.021640576915909714,0.049030668742300956
neuron_3651_count,0.12600388550107122,0.13727742853325842,0.009113248550361455,0.0006021988881908125,0.010828451802023277,0.017068799087920673,0.03143634904926486,0.09117759853013373,0.012570628583435741,0.0152217349612946
neuron_3652_count,0.08326680221783184,0.1419645515307967,0.009753182514083733,0.002724719508200444,0.007712511941453573,0.03777029690787938,0.020779362068528776,0.10872114197367996,0.018513581853593974,0.007822903096409997
neuron_3653_count,0.04817003134306247,0.07801504564458565,0.02219451590216044,0.027755748254682744,0.02394750214710431,0.04821612712917042,0.016721232854600004,0.1513022556826094,0.03620102637722929,0.02113119111506144
neuron_3654_count,0.02251778139554865,0.09868054568005649,0.010624796937791198,0.001979017232614934,0.005262910496213892,0.004596361579764695,0.046590214912818645,0.06277434326448314,0.022916079022976515,0.0034872563536762838
neuron_3655_count,0.017243451841367247,0.06261386752654853,0.011034368739097286,0.005183095270328733,0.0070892338296639,0.009655499403489413,0.038145025652103245,0.08926585357315284,0.025087013287773345,0.0018388221679285638
neuron_3656_count,0.11190234218934372,0.10317222772272566,0.07152620006410709,0.003050587240216524,0.011483888943595852,0.0014532522216331167,0.15002187270295247,0.2856471293478651,0.06567862821357431,0.021488515704494837
neuron_3657_count,0.2123258789161177,0.09435437413605699,0.09277810616650739,0.0021065292044824824,0.043633941109433416,0.014045053960980644,0.08296183650107472,0.278623631918706,0.03009950585656844,0.06707351354678007
neuron_3658_count,0.21496411001395743,0.11329830652903505,0.06616809216095737,0.0011899707560169767,0.03316885431393021,0.03550617091638339,0.046754695491084436,0.21377250147463206,0.019632586393747833,0.06389558215069929
neuron_3659_count,0.33583715067105296,0.11644625971093711,0.19354306475690308,0.030862075344502124,0.12094911101518824,0.07851576068173612,0.08102538144206999,0.3847969175956448,0.06191483010025906,0.23029219883239266
neuron_3660_count,0.2215851158664019,0.05706944589408733,0.09252560533923412,0.013830046972105187,0.09350379747017182,0.04284642138904288,0.0770037409428074,0.30013054251834664,0.03278318499943973,0.16620566930394742
neuron_3661_count,0.2964908216319172,0.06014094088346955,0.1311526738198054,0.03241236596298008,0.13535726425642083,0.07542412226692075,0.03127643111024594,0.3037161339751584,0.029264550212417098,0.21970846673986694
neuron_3662_count,0.2990732339856123,0.09861591376703469,0.11593789285405531,0.044282394265839214,0.1241236364909025,0.09006702131270497,0.036786601555438114,0.29290240360165953,0.02683260128970957,0.20577429235663314
neuron_3663_count,0.2593593307252702,0.04500319106769626,0.1481912988800471,0.034949451097031486,0.1504522734450412,0.0602676477307498,0.04099754311866688,0.2510777476630142,0.04781851026503339,0.27411185599187754
neuron_3664_count,0.20715145743386282,0.03691778088353896,0.13904486124832338,0.02805516070261907,0.11599953755327189,0.04236510030656185,0.05743145389015178,0.2386179260969237,0.03932698783316599,0.19106566722007237
neuron_3665_count,0.170670026430757,0.02433194946036385,0.13532843262982502,0.04757692785051722,0.203203164437276,0.0662511149344282,0.050535804949695076,0.20819586976648713,0.06919145313094893,0.28367247333856116
neuron_3666_count,0.20868844429070177,0.057766402025342445,0.10361401911313481,0.009023060890812298,0.09211966717740454,0.02810072896248514,0.07654853693140955,0.2222929600615547,0.06305633790179475,0.16007214433070438
neuron_3667_count,0.1779349198287595,0.03072186011112238,0.0935574789429256,0.05868569722064908,0.19030411139951628,0.05804066257988355,0.0806044476531278,0.1984479175802025,0.06356338373681604,0.24876017512814358
neuron_3668_count,0.07343270102720775,0.0202384314220711,0.10676338061543056,0.01938786333776249,0.11323548470966566,0.02480970870764604,0.05225147878354305,0.1586368960647263,0.06362103651184844,0.13834531856132676
neuron_3669_count,0.15844975577998818,0.04263515061812645,0.1325032674633349,0.01639187557041119,0.12410636761374505,0.03726249521621158,0.06223885353775495,0.23169583420917533,0.08158472107582845,0.22536403132078692
neuron_3670_count,0.12468983009699247,0.0091571298730325,0.11771367445733838,0.02967231801598505,0.13178226328465115,0.03085657495603647,0.02888804351454933,0.19630353597546285,0.04944416356497447,0.19479693686456506
neuron_3671_count,0.10942036030185934,0.015599014829665997,0.09519427263436847,0.018484215872912962,0.14996630209405531,0.0360536435206327,0.02757243395601129,0.15802671762836604,0.07919196656634034,0.19232455603379228
neuron_3672_count,0.11870444713306078,0.019041948458996705,0.12485364387341394,0.013127074296301972,0.13511957529987476,0.030045736465093842,0.04592835977316416,0.190733646160105,0.06860862722151022,0.1809444251981117
neuron_3673_count,0.04531699686385743,0.028222863742199705,0.1377689171116647,0.011530696284108799,0.1046810349298535,0.020293584378736282,0.0730330523098186,0.19526697918126248,0.11853828374057279,0.18507798396818334
neuron_3674_count,0.061975735810877175,0.009570738182098089,0.09824972918641825,0.014779161702680725,0.09989300466080439,0.014702196696102413,0.03930498412517738,0.12387373056679313,0.04783784768546234,0.13653721319976778
neuron_3675_count,0.06945232645939824,0.0036422643837357993,0.0889078268181181,0.03796956288080307,0.18269232997820323,0.03510075119810965,0.04828329983287609,0.10123252866617768,0.08193947979158764,0.18656053996933794
neuron_3676_count,0.06274990439256986,0.0016607445247872055,0.06116044939378297,0.029618610183599126,0.13538575851290785,0.028370929628234995,0.022718644715018783,0.08691570188913285,0.05283353388074993,0.15158757919239635
neuron_3677_count,0.05802653166937381,0.0015799366593825248,0.062001821498244625,0.03624216341522836,0.145880880613632,0.03905567964719129,0.03269014521669184,0.08986404601662829,0.057925032174818675,0.14558126161988988
neuron_3678_count,0.060376788547978205,0.016090811678610525,0.06412615883628697,0.036289888296407,0.1716559200084275,0.037504065834994535,0.04857130585150572,0.11607295667179657,0.08505624867886141,0.18016323329499442
neuron_3679_count,0.0662819028350529,0.010153326660158862,0.06438042599837462,0.03653283531370964,0.1752389314113125,0.04916712202468404,0.0404507154863631,0.1351961824959876,0.09963957224151535,0.1960914694683468
neuron_3680_count,0.031281547039359814,0.010898783870469456,0.02177342631717047,0.06147487449781952,0.14988748893410334,0.047387605152527074,0.0218936272479573,0.0672333025242596,0.06142222025778735,0.1490301489330919
neuron_3681_count,0.03567524987409906,0.010831898105058177,0.03375119679242092,0.023169732804930315,0.12711078414420393,0.02146581900258651,0.03390774808194333,0.0556822774876696,0.03290784147946217,0.11437512758365426
neuron_3682_count,0.013884439721149111,0.008215565811677837,0.019961589325911105,0.03146341866089469,0.10339701938782839,0.019194583815927604,0.01565809201079324,0.038164710831961546,0.03915095382435543,0.08137986455580984
neuron_3683_count,0.010633787142622891,0.014692304310173127,0.010358076341753966,0.01744044161007849,0.06770921451352468,0.020948768486719477,0.03690838793310239,0.030141707759959127,0.035284865908237595,0.05986646271782714
neuron_3684_count,0.01913682429411566,0.022537547622071483,0.027262780532597716,0.021801861113089446,0.10564158242637628,0.01402979025818861,0.05138284510704311,0.059018840394108596,0.06068914524398891,0.09570596420270958
neuron_3685_count,0.032699413179086076,0.008754683692700688,0.04065694068868744,0.034490357940005836,0.17636263750335643,0.03171196401684069,0.0331249425382052,0.058771341832759255,0.09025870224006141,0.16501104460698307
neuron_3686_count,0.02799487147263621,0.011070118801647079,0.024257504190389093,0.026740792407066782,0.10026271420688343,0.011952561521897928,0.03228580048131278,0.02002755653115324,0.039562290835393435,0.09805691773728578
neuron_3687_count,0.029434363914528916,0.07059254976677598,0.008754599444370792,0.09569086113096226,0.10136671181426327,0.02527708651753685,0.031668978864191566,0.028160969747377446,0.038770211346973796,0.08014670912762453
neuron_3688_count,0.010162241476557171,0.058567718901075205,0.009778087183026196,0.06802876799963126,0.06662752788844384,0.025628818541748644,0.01846811145871878,0.036450581868505,0.02755602016063184,0.038384796048465605
neuron_3689_count,0.017951978670452534,0.07242877630085495,0.013638613850371066,0.04232102292960274,0.029667177119411706,0.011458961959635236,0.022312117845804835,0.011382329289971835,0.01469431176879167,0.019766459075856613
neuron_3690_count,0.014159735849824898,0.1039737641154555,0.00201210501050373,0.03391931972070106,0.03053839850212886,0.0108665730609145,0.070903725886036,0.01613909505163892,0.015944658671192116,0.028439429101681776
neuron_3691_count,0.04989459626086626,0.1567801332838537,0.012131901962037478,0.057248316323975035,0.030211774036893416,0.01785207544765291,0.0471128749078826,0.032331816321157544,0.006436375900969009,0.040223755597273786
neuron_3692_count,0.04594701412192287,0.21523908478220324,0.0010388644515451247,0.07117267265370694,0.024248646697277484,0.01655297004980527,0.07114683921187223,0.043510219190574656,0.009337051050774384,0.01726933296048172
neuron_3693_count,0.0553118492749915,0.19816082412659064,0.00034673844724684207,0.12041188489803983,0.029886402679313778,0.026963916554649095,0.0837905915857125,0.05114994412968471,0.013019779607913617,0.03887707370897725
neuron_3694_count,0.046439871919495335,0.21062469511496792,0.0030065376748614862,0.08240900479654789,0.025315484196896706,0.011236576081120442,0.06524485766284593,0.02749338727928853,0.005088937961309936,0.04660620446617056
neuron_3695_count,0.004635896486566288,0.03667552527448856,0.009301580854986717,0.0404955433307006,0.03472739317039018,0.01349524096596004,0.02562189278610945,0.01301878539967092,0.010841430501281259,0.020554518237565225
neuron_3696_count,0.014758329199780748,0.048757802131983274,0.003677997966367708,0.01656414119918463,0.011373053941141346,0.008394385808047466,0.06401222252857733,0.004404462538218676,0.00519583965825221,0.017634417123509022
neuron_3697_count,0.036010799534972576,0.1554200961322684,0.003231243918449613,0.034755070648086,0.010855597090908803,0.011816885762166551,0.06834309373942596,0.01519103687937827,0.0051243227854854065,0.02950973180384804
neuron_3698_count,0.016523420011601023,0.04664585190195267,0.002550711509106315,0.008376762730323936,0.008896421197624411,0.008601471800784341,0.008350896786106156,0.010104221995013509,0.0002603716483019873,0.005026014069259257
neuron_3699_count,0.03857116837982777,0.14974556716965118,0.0028839536616949366,0.08175275447958366,0.012922454647149001,0.015525754146561946,0.03503699569971433,0.03316174154434026,0.02805908007536509,0.022559332102695576
neuron_3700_count,0.009355521034781378,0.015900596852855692,0.005423461069921316,7.029423744308889e-05,0.0012675425576835382,0.0008895445611416079,0.028713421869379543,0.0026745984970535062,0.002000020481699878,0.013034124295374351
neuron_3701_count,0.015263255511079932,0.10409196748867489,0.00038929080892517384,0.03306755618279833,0.022782830033521898,0.013465935964179193,0.09030391169081764,0.017591455098149064,0.006344718450959769,0.015506260919784035
neuron_3702_count,0.07667744674616084,0.444756477612734,0.0132456494472291,0.11626953541373175,0.004458394796841653,0.019219521374352747,0.1460907113888822,0.10417663055109078,0.004454429875674491,0.02536418291851525
neuron_3703_count,0.06549862879856572,0.4571767742324186,0.014565811170224244,0.1267837493202015,0.004795685959015156,0.006791057158746491,0.15828681206498735,0.07249866478799688,0.008759121921673434,0.027022616597597207
neuron_3704_count,0.01598495407505926,0.1094520666344039,0.0008038115697488989,0.03289811530431909,0.0010570872289119813,0.013554578544444376,0.054077589572984475,0.01607547813082197,0.0005521888083190761,0.0165539720701008
neuron_3705_count,0.02881646483928993,0.21076278217247993,0.001325903393972018,0.13860105752383875,0.017164406320066883,0.031972184774316584,0.06622746217675102,0.08995716063167336,0.02600623755718895,0.04406159024410854
neuron_3706_count,0.018843932318755516,0.23353332915874414,0.0008270871242447245,0.1683369373026561,0.025756098971204094,0.04413431932911602,0.10309874797816973,0.0889781320644133,0.020168719772395288,0.03514132658507686
neuron_3707_count,0.02946436078166033,0.22810878340513616,0.013249054363111398,0.1306875702911009,0.011827531487073717,0.03403975773248563,0.07988268891394817,0.1213781789830626,0.011986196285460382,0.06159934609793244
neuron_3708_count,0.003730704582700674,0.11166476449207913,0.004204199040343089,0.050157709592556166,0.0010545347617447343,0.016037601343329058,0.04984840785869389,0.04555889901458682,0.0048857978622543746,0.028522469782124422
neuron_3709_count,0.0011842085247509154,0.045007939989191004,0.005428621974755694,0.059457672940300355,0.008968444488207675,0.02813363978801066,0.006410938799904398,0.04246236419951707,0.011270041892721683,0.030804503265886907
neuron_3710_count,0.016012549038270013,0.1556376623570015,0.030899604655849885,0.04551170879964933,0.0005557236867456076,0.006836304396020336,0.07590188572871034,0.05893449615535061,0.01237898210446265,0.02884276028369323
neuron_3711_count,0.009640135847298698,0.01752678341254614,0.00016711133480366847,0.0006022144801869495,0.004780984533825083,0.013953449486000823,0.0010700861469512962,0.006811600055120007,0.005509905193143337,0.010016601738152948
neuron_3712_count,0.06241964761189073,0.08663131857935912,0.020695585358920965,0.0041077942544179465,0.010967139116839324,0.03834872650700272,0.0010352443612977082,0.0982548381376865,0.01747947578412773,0.0030715724872486007
neuron_3713_count,0.2791298405669053,0.23064789097043845,0.12933620463060921,0.028083418163366264,0.08562919352127712,0.07280995465884882,0.024252980824984446,0.19471825175536228,0.03855553775754235,0.12166518021545439
neuron_3714_count,0.29332652236105616,0.2247210592549265,0.12104424563358909,0.08903334225927637,0.12146080979812067,0.1385539258994072,0.01929637303273539,0.2660919034823215,0.02466659213314521,0.20330557363076396
neuron_3715_count,0.14589461556783803,0.17037331916044518,0.02252301687492804,0.007662350874907679,0.015514364092061153,0.021931568651961567,0.027276902489308225,0.148724277360473,0.007853323986975077,0.012670822798465035
neuron_3716_count,0.08864202614823743,0.12183087039376612,0.03321352417132936,0.0042908023984499395,0.014247907380613642,0.03872565479524169,0.002666479011944046,0.06510513449692165,0.01737277461792648,0.03154806997762335
neuron_3717_count,0.08531757440658261,0.1138857527521136,0.01698246193031394,0.0026610163742636474,0.005537853568694448,0.00932728015974768,0.041110706644943235,0.1554559483230534,0.03389238674774142,0.002068902678145232
neuron_3718_count,0.04492687928644404,0.08152041863766078,0.00741939215135054,0.003429422653883553,0.010588848129424192,0.03144218614760155,0.03655190321568064,0.13708912386271377,0.018811307612543175,0.0055214002301725296
neuron_3719_count,0.31745616613252214,0.10721100834039722,0.057582763245448115,0.02681417025190322,0.05099782052877072,0.04959573474829866,0.016802844879034814,0.2145007367567754,0.026340131018403705,0.11899121507281338
neuron_3720_count,0.20260447920734354,0.061617088276795906,0.09753321015697339,0.013148682282205178,0.0578559151621284,0.03468004371584167,0.05645667109516919,0.3052143136718243,0.018596916429866002,0.11013611704215723
neuron_3721_count,0.04071325976024037,0.029255333740250286,0.01386438570265884,0.0022806352665098277,0.008137607050174855,0.005440479048497961,0.08613734422937722,0.17273953676861206,0.027654873266041047,0.01238097075758239
neuron_3722_count,0.20362173696814662,0.061574233030615655,0.10462275869918045,0.09855291532380298,0.1474588000618139,0.1150223818618128,0.026683165148492664,0.2315769755774047,0.038328648636085566,0.16718685061567265
neuron_3723_count,0.2097808123888878,0.08818654691438832,0.10496434212240693,0.0041363558102240575,0.049232393702506885,0.01672839417394356,0.1256485726344368,0.3252404885359096,0.058606706127530425,0.10020652080011941
neuron_3724_count,0.2611512919022126,0.07213801534596961,0.17419858888794523,0.018038012592397595,0.13904387658638045,0.06509836380534637,0.09319493573291804,0.33590157245171604,0.06342800561958749,0.2830034491042792
neuron_3725_count,0.14665008382331232,0.05959759819708926,0.08500737484985688,0.006743754332514491,0.0618343786450748,0.06046066962239863,0.03679790506739324,0.2389135098537221,0.046175085771770936,0.09435099361200433
neuron_3726_count,0.27179022619845467,0.06980723320617621,0.18692841240075064,0.02720348949084196,0.11993971442473614,0.06202991969431995,0.05679754978814977,0.3356154725781003,0.04825766470200149,0.2913840487865825
neuron_3727_count,0.20652683230142393,0.025203331332799922,0.11188578842826585,0.087630531454824,0.16266076163936743,0.07966813081096091,0.027792077168384763,0.2264264343454339,0.03174018833733845,0.27837691926182206
neuron_3728_count,0.24576573477911134,0.044267491195221914,0.1335443786903053,0.05109390845940312,0.1782621825522905,0.07639716276902009,0.04216948871975526,0.24852984304248088,0.05164352194443321,0.24766914945810026
neuron_3729_count,0.21155555774856105,0.04399650265860472,0.12889350853170162,0.03261168074258784,0.1617287120566437,0.05298620101966556,0.03962869614708135,0.24796811768448387,0.056618875340530256,0.24769144595081463
neuron_3730_count,0.22545145433192743,0.03512104962860575,0.10163747937679435,0.08572928794588333,0.18712214830309146,0.09250294085351701,0.019265192643956996,0.2300693405531963,0.04328452280594973,0.27190471370198954
neuron_3731_count,0.2523246883854215,0.0348128263165588,0.11886505888452428,0.049148615904404835,0.15736696382470253,0.07450129555240592,0.025728482558185786,0.23826412173121925,0.04441083847063447,0.26389888875569795
neuron_3732_count,0.08693454134257206,0.022168089001580155,0.10690776812000247,0.025214580012963728,0.12351880216165248,0.027310389554037875,0.0457040762950605,0.15203494272357954,0.06129630499095416,0.1631202314281267
neuron_3733_count,0.2095687931168238,0.023179532020099328,0.1808638288995461,0.030752275509058735,0.18958662399249698,0.0571016221636714,0.04519419404685987,0.26984468283148133,0.08485747133972707,0.31174375082953076
neuron_3734_count,0.22077001033904106,0.02236813045716199,0.11729223000578176,0.06397128855228981,0.19530095956622473,0.07986908431330267,0.026437207677382744,0.20608298390208474,0.061565153884691526,0.31353695201411735
neuron_3735_count,0.13223643931599166,0.011900510637511935,0.0738906618597572,0.05470120441948198,0.17883718639243107,0.057993880757580996,0.023358726581504008,0.13138894344742366,0.045037234512303695,0.2317056881124371
neuron_3736_count,0.15523036291706768,0.024975491882850615,0.09698955259321212,0.07238380935277158,0.17055062758210476,0.07002279515580753,0.023172338166062664,0.14526920384558908,0.06827150199953858,0.25011416517740026
neuron_3737_count,0.09981905548074885,0.014100608118530311,0.09205685513122963,0.038670203674514764,0.19759502159736667,0.03418106067168224,0.04123539931422457,0.15986436263832232,0.10972983282467147,0.19762430617089177
neuron_3738_count,0.11707993192235835,0.023385542972378368,0.10030787732420926,0.057475418396304295,0.1712918984206508,0.04737050847366636,0.04732578653972185,0.19633800100627097,0.11573658493822889,0.21210092540516431
neuron_3739_count,0.06764080069267933,0.025219398066837415,0.061851042370508535,0.025524366989525593,0.1618629057499691,0.04158131232222709,0.04133923866837513,0.1050938510606767,0.06319018282022204,0.17151149427525503
neuron_3740_count,0.08665608654301987,0.023588616788069894,0.07075190656568164,0.028754069174150992,0.18346567965073587,0.05872952348492616,0.03947066841760266,0.1388750057175047,0.11376693466273755,0.22113035378457424
neuron_3741_count,0.04013451664051494,0.0032361065569380815,0.05284621482187901,0.02115134159429806,0.1442249400451911,0.027906316736385176,0.0362626933412549,0.11355726719066728,0.1006317732856252,0.15544438770507668
neuron_3742_count,0.05773626559223363,0.01621604735944454,0.05674322109875052,0.0978169846961579,0.23009415954866586,0.06401688788914697,0.006012397872555305,0.1350941403348902,0.1315581269015069,0.21839857840715
neuron_3743_count,0.027873778180054404,0.00415352418067156,0.03862349232389681,0.04048346337832984,0.1678414158603,0.03898140770985345,0.0489875127222085,0.11148209485695035,0.10019672715572078,0.17773795795748962
neuron_3744_count,0.06091124286997343,0.005170709766026529,0.033688262219286835,0.06325188273490798,0.20160866516377984,0.04597556766755681,0.022844609666983276,0.09920507527237993,0.09830145104016422,0.1891768784429761
neuron_3745_count,0.02307333174102394,0.0038262437208069567,0.02282694050164258,0.02952233743938487,0.1430498521547663,0.025425595454950156,0.035961568263236154,0.05608744019051817,0.09107130522185625,0.1672283084881841
neuron_3746_count,0.03983460394315079,0.015513399792198818,0.02706078659426961,0.05580326626908802,0.15155148864130036,0.028027681019854367,0.03094676144556456,0.05813523776192908,0.08668647703615157,0.1440203477378268
neuron_3747_count,0.0021451677064314983,0.0054366007934653834,0.013200841133340371,0.0019528821299101412,0.03261360476877241,0.0049109008514878,0.04051847618964033,0.029457862562106876,0.035811750879414045,0.035421499400580134
neuron_3748_count,0.031557352479660565,0.0019328764176376988,0.029271932212814225,0.020280195500914693,0.13017181272225825,0.016663602722828103,0.02702960452017116,0.04456231515038647,0.05623959952257998,0.1292811564014596
neuron_3749_count,0.031206062347717,0.036809978555151085,0.019303322080432173,0.11416538833012468,0.11755260087901931,0.03972358131729614,0.013612989090229594,0.04529482066085708,0.05962401242479923,0.09024097116147659
neuron_3750_count,0.049654846906584116,0.029553926349577972,0.022466220371419682,0.07102158773370798,0.1488620429568617,0.030861533740859898,0.03145139967113017,0.06754618177235547,0.04841860462365258,0.13439436572391159
neuron_3751_count,0.07358512196039174,0.06665433813182498,0.004271179003579692,0.1153431119991748,0.1487068080314159,0.049580965638223784,0.026948989575146395,0.04783342736244592,0.04790644814395412,0.10939719089927832
neuron_3752_count,0.03138578363119865,0.10662926340431916,0.0034068066471838188,0.08481476251929512,0.06220082595216539,0.020214911161846927,0.050085540224714425,0.03510171283857515,0.020371854175543033,0.06024410786310022
neuron_3753_count,0.0763452602891915,0.12852134809204036,0.00028770131770981984,0.09381893802002783,0.07286313997393387,0.02881072001357876,0.057145663246423645,0.03925890718840919,0.027257886953935315,0.05419475907203192
neuron_3754_count,0.024799256619014665,0.0972673177440121,0.003232877944903824,0.054181413618861224,0.03061300296800723,0.006419631048906874,0.045647789318496834,0.016593154181440667,0.006009976004031227,0.03142883393017551
neuron_3755_count,0.03042198069766805,0.18285296153579605,0.004817333555109118,0.058204653527044875,0.034370061086289413,0.020420224940440712,0.059204767997703384,0.03229682958739871,0.006831393592922216,0.029100097122566157
neuron_3756_count,0.05091695158614379,0.22540329361842795,0.0002821038058202687,0.09856654604507892,0.03544821100151935,0.020792105368888397,0.09584773944804373,0.045743568062584256,0.0102596407464519,0.045663039239287426
neuron_3757_count,0.06340814255167068,0.35687808611527433,0.004188425406158654,0.11416409111627093,0.027201729943737984,0.014631030959911973,0.15516208366311765,0.05423005496312616,0.005886754627979718,0.015459344035710754
neuron_3758_count,0.014114645367064457,0.22877165904167646,0.0007991386750359451,0.07702249253937998,0.03301017446999939,0.01645555295569849,0.10310593291132247,0.025685235268617282,0.016607527374959685,0.024749081032709425
neuron_3759_count,0.012515145678993575,0.1103240845446167,0.0031082442849814894,0.056502172442916054,0.031414764653107274,0.013135967572398016,0.0508186102860078,0.023386282978490658,0.010051560329311586,0.022136362903719883
neuron_3760_count,0.025784134614214818,0.3324837327500121,0.0032804232204729153,0.08610513340280068,0.012754431345831263,0.019576890479945222,0.11432574490368616,0.028893977767930595,0.005198409958345071,0.024930010657911644
neuron_3761_count,0.036940950829509434,0.15779888820789562,0.002036132470285416,0.11712983495987306,0.038980220482028566,0.02443368722256467,0.032806384593214534,0.029626833861500626,0.016389858973520743,0.02926443662462408
neuron_3762_count,0.0747424725111932,0.24541675277634445,0.0034246514167816863,0.0842323335601719,0.02936271269314729,0.015529218392823022,0.10044874231815829,0.059637427697273176,0.010757916715545782,0.036785770013644914
neuron_3763_count,0.05372434594910372,0.24605005287839365,0.004070709945616244,0.08774343986713429,0.025726123805471887,0.02419459481484003,0.09222576351557321,0.05540876893443186,0.012622365269294514,0.03047825219067926
neuron_3764_count,0.03196248854982922,0.3106642166244076,0.0031114713270946753,0.06359432404431212,0.003971653896735199,0.01012359852890142,0.09565776466925732,0.02586759962475861,0.0022520442728886127,0.014039857637635725
neuron_3765_count,0.0018728514795507412,0.0056515126188452156,0.002000035689405476,0.0011477958398752354,0.0008521257778734762,0.0037711697012841744,0.008112451615712099,0.00046813767284389213,0.00531064480208602,0.0026541417922773813
neuron_3766_count,0.024949301880537234,0.17720508095824664,0.0002476736912107344,0.01750425733426479,0.0008964401897231349,0.015096054593806946,0.04976283105120946,0.010569056503689049,0.0067650603432269744,0.012827761641741764
neuron_3767_count,0.028654496841894084,0.11862141470448093,0.0012514314016783198,0.02016690357634135,0.0016684733745514074,0.015567252356734243,0.0518519809050246,0.02988297620951695,0.0026184849613073644,0.009120970295609016
neuron_3768_count,0.07603398336790879,0.337141543971484,0.014506042726509752,0.06702109059878719,0.01041299972331021,0.024919308692378822,0.14705029021966515,0.07220935548324156,0.0013544375272690713,0.03499395722430261
neuron_3769_count,0.016390805983557605,0.15450429111554367,0.006282884086275524,0.07937425526622979,0.013976998212846883,0.03295094229633788,0.04646013451919698,0.07875007932293979,0.018224794472654418,0.02308274026079654
neuron_3770_count,0.022164306214143545,0.17549273759173328,0.01594602708181407,0.07592225909538622,0.010742916080175802,0.03279831752045548,0.029424865852457988,0.08898115240504886,0.005923320172938472,0.02107214993609581
neuron_3771_count,0.010078914836572098,0.11306363280374093,0.006483474290407451,0.048216129862112905,0.024300977272316393,0.04201754970447791,0.09591874834742478,0.07670384871378787,0.005272126743749127,0.038370582365787234
neuron_3772_count,0.03367797784771538,0.253020206481957,0.03316724052194811,0.0933936767051742,0.016212199889863763,0.026112340397078174,0.05488965512743402,0.11094150107802803,0.010647700756523826,0.04456311327280009
neuron_3773_count,7.76709685207681e-06,0.010019398727844034,0.0077099328009303525,0.017414323793638317,0.0007915131005049487,0.01670516040157556,0.0187256189255669,0.037299149144457144,0.0017512481485762801,0.03200470183257871
neuron_3774_count,0.009696023571022637,0.097551146881631,0.03401556303630979,0.026446520410042668,0.002493701335565833,0.013265775451756869,0.036958463201966316,0.050500155379523085,0.005015172193202168,0.02505550885562255
neuron_3775_count,0.012860606828138443,0.08197088838852823,0.06551320231620944,0.011297584243632197,0.0010651219401534174,0.004199376803339115,0.02708108445810356,0.058539934069824356,0.0028528402160664986,0.03727051842705917
neuron_3776_count,0.2973969365458072,0.3126445502485955,0.08611341358562657,0.012185746866929574,0.06311838170512528,0.049352119717938625,0.01857753167882096,0.20087016341665992,0.03305446193926813,0.07238788038496093
neuron_3777_count,0.23716411846712288,0.19352010728986785,0.11682076868359786,0.06330767688068548,0.10598354672333857,0.11609424926991019,0.012477217135909581,0.18937058284177805,0.019758390073699707,0.1536305964525173
neuron_3778_count,0.2790582141715289,0.1611611081369024,0.11385552225946535,0.05248539311539005,0.145168322667531,0.10600026047426131,0.01755742200520715,0.24312029032058763,0.015067135390499711,0.15581556640242156
neuron_3779_count,0.16518895782463805,0.1615717652745132,0.09737851032895786,0.060436177562638194,0.10210910464209366,0.10273761444559966,0.01937204849657427,0.17600736742491632,0.05512014706862394,0.10721125670915146
neuron_3780_count,0.06815919000803078,0.11171740590709327,0.011299390894285343,0.001796501193877708,0.011458458109260682,0.023886491536114968,0.022010223363805856,0.11070341349124513,0.014282857980431274,0.008868538187142914
neuron_3781_count,0.05897637884572046,0.061976210690102854,0.03487440226287323,0.01428533381363098,0.0358548088309244,0.03349871931663219,0.030080370635421377,0.1654217814356597,0.05716291482145852,0.042343669829381175
neuron_3782_count,0.20325340527760066,0.09833946533885948,0.09682111354473455,0.017393430700185182,0.071924359521877,0.06819667009983062,0.019943664565367475,0.2106155805631056,0.036414808057789974,0.111873096654056
neuron_3783_count,0.1703879782039539,0.13287288841923142,0.03186538574568984,0.024964350690687066,0.03521652570604922,0.040217377073303764,0.016923685308124242,0.1702352764240423,0.01705641256783239,0.06939745257221829
neuron_3784_count,0.12938589052426253,0.04342888441873083,0.05794545471063624,0.035771924552474764,0.08494546409316406,0.08567745784601861,0.010206509019963977,0.15229930402326997,0.02653449025303819,0.09432419563230444
neuron_3785_count,0.4177041372477214,0.14032238549571613,0.14391574054122283,0.1153959044697111,0.18192756359390408,0.1932558383819838,0.01585413840401971,0.26974973271373837,0.018649360401117792,0.27176246210113053
neuron_3786_count,0.33134327176900397,0.09006899771747681,0.11489960576830091,0.06819406766979458,0.1315131562908992,0.10505126910566903,0.006408445731197176,0.2651959987379966,0.009259102399662142,0.2283370077910304
neuron_3787_count,0.260056978496717,0.076956685859503,0.12136521595471597,0.026831934300510563,0.09428911944648756,0.061830503388216634,0.04168001077696441,0.3141443712275556,0.0387046243634649,0.15014281518151812
neuron_3788_count,0.13981901214795675,0.05878863668388733,0.0795910494732748,0.0017899796529423223,0.027230048015602915,0.001687284127890265,0.12092367081871945,0.2538554964208007,0.047398049281047065,0.0569570443401734
neuron_3789_count,0.2587610045122114,0.05856051534322915,0.13523001711827812,0.08738665665055487,0.19317933670374182,0.11790964319062741,0.011424713879468064,0.25466844000393746,0.021232548859623966,0.30199644200142495
neuron_3790_count,0.16853801178371525,0.05518402872517261,0.12168050985431036,0.030709757791840403,0.08934466822509347,0.06889536426816734,0.026579761736217282,0.2949924887008176,0.0411844068464142,0.13419997335268358
neuron_3791_count,0.3229262977491933,0.045737523710464995,0.12123946778982345,0.07912362479855362,0.16496897446268846,0.09592377713313763,0.024996029133264024,0.2543784651451307,0.0336548163752208,0.28798766026854106
neuron_3792_count,0.23726602304580985,0.06990585208096647,0.1512517626790203,0.05227516246625871,0.16562037754710596,0.058858751964040334,0.027782660640058014,0.24996324562323605,0.036365003549044796,0.2287847138840658
neuron_3793_count,0.2605598967107521,0.07667630248250731,0.14307853654894284,0.041646703173290375,0.1335160581098978,0.06906442085000875,0.04087159668360806,0.2975883927906761,0.04248538445099831,0.25248568640662783
neuron_3794_count,0.1002021836328234,0.004472446725298767,0.04539281405171172,0.07937824968351831,0.14995050281042613,0.06787452882405184,0.027259233296801938,0.11950431936945832,0.06870430508264753,0.18120879053280575
neuron_3795_count,0.1527203335576775,0.0010688847994844847,0.07831841194182329,0.06141712500988314,0.20641527987223776,0.07392276860110664,0.013054215918742002,0.15423912062029516,0.07543112154767695,0.3091602720831384
neuron_3796_count,0.18055370018055528,0.012919734917483376,0.14302891465080064,0.0733368673251015,0.23361326568253468,0.08933477896455061,0.02833248663033333,0.22279090316321437,0.11927484303555946,0.34664834452984516
neuron_3797_count,0.21423982670370034,0.023718341098654797,0.1253568152584093,0.07083162452701744,0.25667312184206204,0.0886982501310962,0.041417135870531946,0.22860581971396926,0.13166031497974637,0.3575947275332362
neuron_3798_count,0.1312943113849891,0.020903192639040488,0.09287206431655481,0.06502039806497381,0.16241710654855374,0.06771673650762669,0.027430412862789848,0.17170481445615532,0.048583071012467255,0.2017481610085749
neuron_3799_count,0.09790151745530437,0.009843211398834345,0.09628778635567312,0.06217554639651898,0.20135868695362064,0.06401466740840861,0.06180948130800581,0.14874158236589585,0.09798731192171153,0.24982357715379971
neuron_3800_count,0.1400107449443728,0.0155918064990712,0.11969935137476845,0.0463965085850781,0.19624120967560757,0.052094165256241776,0.026668759719753188,0.19032566204938345,0.08309837694886424,0.26855054347182217
neuron_3801_count,0.07879351243976226,0.010043543711999822,0.08177714378931716,0.04347974750676516,0.16259554973119103,0.04588603894674592,0.0536112929531552,0.1090920892889013,0.05132709176437403,0.2236484980139871
neuron_3802_count,0.12120760544049705,0.0014070834626803107,0.05443232366003867,0.06464621039384544,0.17915997558436256,0.06965002691685926,0.02401794523211813,0.11643296887271845,0.07064325247010515,0.2136843146433479
neuron_3803_count,0.06960800849661232,0.004473876681164467,0.0534502695680516,0.06348043573847659,0.22708576795636812,0.06385540706473625,0.025445767060480337,0.07241249497374186,0.06947224208166294,0.1908688640762728
neuron_3804_count,0.07292133314282082,0.011838746107157988,0.05450197682448063,0.07707300259972286,0.23726076521842954,0.07203485275360372,0.041190327116274544,0.09076797907272266,0.07835051378541355,0.2000600171937373
neuron_3805_count,0.0735934443539143,0.011053292483490448,0.030312547223430103,0.06894980081427793,0.20590990426126698,0.050102860649220426,0.033427067103183536,0.0843474043800217,0.09017586744739078,0.21724268640596966
neuron_3806_count,0.10161730731451352,0.02991798127480695,0.038793119298333595,0.053666684069735876,0.20114443527787607,0.04447568384372319,0.042375881744338664,0.11422036761470156,0.07254867285689792,0.17149572139274843
neuron_3807_count,0.039279611317944024,0.014823529292365842,0.02380486712459076,0.03325985651026003,0.1426268611057527,0.03413482440247856,0.01393669743278458,0.039081228758947595,0.062178825668695425,0.1160999451039739
neuron_3808_count,0.04643381513284178,0.02615929271914122,0.014755664809088381,0.05561098421394722,0.19902374694291966,0.044905025648041,0.05224387880386702,0.07189012811471318,0.09927664463450364,0.15844889091499986
neuron_3809_count,0.03425130304535243,0.027167721035271084,0.024517957666289253,0.04636178429557014,0.14163883805693847,0.03354119226727406,0.04674037658517627,0.07710040022488485,0.07850510309299064,0.12868881446000943
neuron_3810_count,0.016152159622975115,0.006387144008767658,0.015573405901433718,0.023154906286220522,0.11295606059103726,0.01017434346725074,0.0254180607146669,0.0454685166753572,0.054772074258219505,0.0951702508531434
neuron_3811_count,0.01303920225478894,0.0012039381086681525,0.002794397654987797,0.04621395182933627,0.09019740846107882,0.024696682832139494,0.018129637026131185,0.05172550316829172,0.051465314118906924,0.08634966914092249
neuron_3812_count,0.051578850094561784,0.030623701366075465,0.008967622700924258,0.1366838216202955,0.17562803559857407,0.04524719106092137,0.02203928786349836,0.0738340381186258,0.06444768101763171,0.1304012460698722
neuron_3813_count,0.04590562424557118,0.07403031626131792,0.023899112550905058,0.08104799987108655,0.14699777111312007,0.03884795865034946,0.05807388575645814,0.09753199151268965,0.11206712369805158,0.1208849008893208
neuron_3814_count,0.03103133437456239,0.016518292838795398,0.00552940580313422,0.057627505132763046,0.1331514585854722,0.021413312300157056,0.026164579227769727,0.054327813850685996,0.050857301974331026,0.07832981654154314
neuron_3815_count,0.0630456746198565,0.03266970455236433,0.016296254843117988,0.09068888389600283,0.17516098639387778,0.027907423695051017,0.03166882394743335,0.06070440781544559,0.05257830105893149,0.11708805063389952
neuron_3816_count,0.041781034277078355,0.06931347785901826,0.010519360104717837,0.10628753037750888,0.11590693045738312,0.03272225425003497,0.03392312490482616,0.0419092953973933,0.026912523962767235,0.07779081428097157
neuron_3817_count,0.04469825359413174,0.2387312626379212,0.0011067994451098937,0.11720356184892741,0.05595913985422227,0.03241126073185241,0.15774744558247344,0.07332260524342635,0.020439730356217392,0.040084885140646814
neuron_3818_count,0.03316233404255639,0.07004557958428659,0.004637759052613488,0.03479401382774516,0.05418870930785072,0.012105406600673954,0.0353769517371752,0.0361517952026922,0.023113070069855024,0.0352636389833612
neuron_3819_count,0.032339225178184355,0.07379804071732642,0.02477416673471565,0.07309813835269552,0.06186494239764552,0.025232143580636468,0.0235866838478698,0.026950632462711843,0.03542248877032153,0.03712647111758363
neuron_3820_count,0.018821583980996592,0.10163262634062266,0.007866935739272704,0.05204555617953588,0.03785102455193032,0.01450330240635779,0.03207477976366763,0.025600686608459503,0.018114561143586214,0.031693615376943346
neuron_3821_count,0.015753850978619754,0.09045995256083646,0.004938516380506713,0.07395923791827905,0.019836862957157385,0.01082103392314835,0.009694851248764125,0.019616600725416974,0.011354223576059634,0.026744467061403862
neuron_3822_count,0.04693452966548042,0.18899180401641844,0.002769970535148464,0.12233636419270605,0.053380285033515676,0.026933546693097873,0.041524881007279496,0.0528917376763328,0.028968259385236825,0.05556462152230991
neuron_3823_count,0.022402747608627233,0.18713809836034018,0.0016668546942555894,0.05205473870094937,0.01659786912997839,0.011693700956114578,0.07358355677480966,0.016580289975551166,0.013159240398166128,0.008425344972581586
neuron_3824_count,0.04327290635023773,0.2184934339080867,0.002219854088411466,0.09271724777027118,0.032521588000501075,0.0236537108065438,0.05796680477866187,0.04436693511813218,0.012506661724778642,0.028865042931353557
neuron_3825_count,0.0366760472310063,0.19935091179273676,0.0013940150798532266,0.04763718017673979,0.012046923383660896,0.011956857161377982,0.08832177447871445,0.02817984698139632,0.003671256659280281,0.030195670610492942
neuron_3826_count,0.018066025733742525,0.12784677561788838,0.00834084121679595,0.02104903740537792,0.01875515070330054,0.005599243268796787,0.05689500080873325,0.013760318268063287,0.012639672240394105,0.01965978795165141
neuron_3827_count,0.016350440083005027,0.08738185121380282,0.004584033597833635,0.0674290845074387,0.02764960177182396,0.0163792735636914,0.02763651131593975,0.04382279268118694,0.03465458596622667,0.03076958402246284
neuron_3828_count,0.02249231604273172,0.18186506259643437,7.928152534557916e-05,0.033870660678989126,0.0032405426125224485,0.014535185975419584,0.07283676455764032,0.033708669339909944,0.0036213424119900597,0.018739089444114496
neuron_3829_count,0.00870452926727161,0.06453972810165862,0.0005064898443981476,0.010908757723811724,0.0011009529075224171,0.014154343363232652,0.011825213600495113,0.008872983120947357,0.009959303493837848,0.009902028274531752
neuron_3830_count,0.024095235525608175,0.15939554586055468,0.018322118264808646,0.022296395412355716,0.003028525464624735,0.000773172080852022,0.04034929613853837,0.007057763308749819,0.008868893251940013,0.0017036108102799251
neuron_3831_count,0.020729350721363102,0.11299683858964701,0.0017583729048170037,0.008503380759295506,0.0012305377798669075,0.011939597962216459,0.05186448119887366,0.02263586227346396,0.0063799837705808445,0.010833510844415535
neuron_3832_count,0.05236225772688237,0.3283030635003602,0.012089567572360023,0.15920311369345944,0.023352720422708806,0.03937432251800138,0.12992071832603586,0.09231511521207686,0.017512620962073372,0.05508034405753526
neuron_3833_count,0.02884176613183273,0.12763116695846327,0.006716256766020251,0.10048192803070466,0.00952450504064882,0.0324862333092652,0.005448106968697013,0.08590660132817052,0.01728815465113452,0.03935286633416897
neuron_3834_count,0.024906573111589354,0.23434232538828115,0.0052725108140261115,0.138312260475513,0.004666632287285637,0.03570320215228795,0.052590200003785004,0.09680506538929345,0.016684327797760662,0.026849653656426845
neuron_3835_count,0.009089722484140327,0.09981377969443872,0.015662304799480747,0.04270617405596881,0.008358589229568385,0.026465837518369475,0.04487466721645181,0.06315400361915693,0.0022769925667497012,0.030250984911128986
neuron_3836_count,0.009228652341870022,0.12057566244946584,0.014858198743510492,0.0676463791884111,0.006593615481522347,0.02509202590885551,0.026837727091839056,0.06728935401231519,0.005934933028890171,0.0320772262884242
neuron_3837_count,0.01461713578298503,0.11258006119105987,0.01665869475239335,0.06206120793892901,0.00244530830319235,0.015483847405557048,0.03555021649298151,0.05426066948956902,0.000502531267007604,0.015241034226835565
neuron_3838_count,0.07690657569867793,0.3978590199423398,0.06736470118870083,0.11821544506185824,0.007883732880994046,0.023630889491894624,0.13661611316383346,0.12352529240465326,0.012039205486532263,0.035806181151923216
neuron_3839_count,0.017789109726625882,0.18401341350128114,0.02932059176364954,0.09595151879129435,0.002378182715961824,0.017167010800536245,0.016969605131650092,0.09053751526870932,0.008096663993186141,0.018484198248918726
neuron_3840_count,0.1431296252789626,0.16439442590652392,0.022731054866469036,0.01951324673740709,0.027210394074364694,0.047201383459569174,0.00576559048660405,0.146139549783156,0.0120471486367714,0.011254598605484903
neuron_3841_count,0.3811674293684669,0.30572601471721145,0.1172866239296291,0.06118457265600641,0.12314043010370293,0.13543902272071034,0.02613195192897016,0.2643548901951053,0.030708166650706997,0.15595228745574538
neuron_3842_count,0.3872618328995827,0.24844886151254603,0.15647461414164174,0.06260581770198526,0.15436471924855225,0.13074767818285277,0.02061284365485662,0.26131241358606433,0.018012760711104456,0.22446930522347835
neuron_3843_count,0.3035602852145953,0.17515110093079084,0.15260932443346828,0.08621054900433056,0.17131177712939105,0.12520217705690134,0.04644751360172493,0.23651137263332248,0.04982980319998013,0.1674621685518963
neuron_3844_count,0.08710100253758568,0.1136720274568443,0.03387616060769369,0.012757696428721564,0.033518359116378835,0.05551654844200772,0.00953922438335169,0.17695344000049526,0.027407286703429314,0.018130793941422474
neuron_3845_count,0.2583656569166933,0.19519748284851335,0.08156049987096031,0.027804735159895858,0.07849116414163068,0.07457665960704947,0.016568581788197763,0.20119762749024697,0.024644881301531165,0.11916593581823183
neuron_3846_count,0.21776097534254285,0.12091281162978668,0.06227784959558706,0.03920790235979574,0.0810111964905403,0.07341079581642497,0.005607433090308395,0.17054292341740068,0.016038211145689225,0.10805574466236094
neuron_3847_count,0.26678955070869775,0.11392142313555896,0.12901795990044918,0.10768898806500446,0.16308896894434632,0.11561581964565595,0.035621764019696536,0.275995318450311,0.026545992349092825,0.20662967656678297
neuron_3848_count,0.2374815019143245,0.0729459616188454,0.08522119274882659,0.02933108009591036,0.07554642909760453,0.06124482874966175,0.007540055760971914,0.2275147875416071,0.008134180181086276,0.16682778769758455
neuron_3849_count,0.14229333364945854,0.024261009220058583,0.0580029361607336,0.008292820907785659,0.05873492928434024,0.012913470161400091,0.054523353106535,0.2434822474658193,0.06278264973083025,0.12004504218704815
neuron_3850_count,0.2872923096367406,0.04952482130644373,0.10855952655464385,0.14610039632166985,0.19448041216902082,0.14835829630758574,0.024884587931597354,0.2220726324589315,0.019759836718600765,0.288216782243115
neuron_3851_count,0.2768728588745229,0.16613836513692026,0.1070923731844553,0.020762146494417738,0.05995330373359549,0.0453591548297191,0.03399791976396126,0.26611745608008014,0.01909093281154038,0.1224316651029308
neuron_3852_count,0.31572238901809674,0.06476021911332971,0.141968511061163,0.06130864972791203,0.1582044250137335,0.08947479445344789,0.035373852747158256,0.3171590275834858,0.027708496714200948,0.2978352470630429
neuron_3853_count,0.27138317797909206,0.03739495806298246,0.1954929151651415,0.09789809422664258,0.24521753766737242,0.16003264791082814,0.01727250261365028,0.2207014449238901,0.039868785116332434,0.41358529260260907
neuron_3854_count,0.20088353457094837,0.06635843228320343,0.11534590424747662,0.04772324056433952,0.08129262886531799,0.06873749649110886,0.013988941720678657,0.29236051628431475,0.026073098271815993,0.12996227539923563
neuron_3855_count,0.21901682842865933,0.04313756506136551,0.11209982759808379,0.10114389367676577,0.16841403357399004,0.10256781590402961,0.03992088265539954,0.23446942971426626,0.04734847214043928,0.2839484456664625
neuron_3856_count,0.25581963530714835,0.024551343335286302,0.18795547406243807,0.06969727326575836,0.21681802765921349,0.10406391706058118,0.024248185768844216,0.24077711798683266,0.056119567873280804,0.3788937154187489
neuron_3857_count,0.14036168880673436,0.013952582335470427,0.039938846228244035,0.12566769021840737,0.132658673224009,0.10548649732407447,0.028797277046998415,0.1596162036474828,0.028005783071596683,0.19268703722353223
neuron_3858_count,0.15149642400557428,0.013277088213074772,0.06713600385352977,0.09408543159185684,0.170581210794547,0.0721647847969942,0.009599724606519144,0.17756953440826537,0.05398318357677043,0.25009128110324397
neuron_3859_count,0.2538824500754439,0.010813606899321287,0.1356075714708526,0.07467010450027803,0.248434106511354,0.08946679694489709,0.016519571950533198,0.18813674858716017,0.09313458689518087,0.35583982731608227
neuron_3860_count,0.1790626623469537,0.032626374045219605,0.1065050911901542,0.07141228549176479,0.14864160554714412,0.0647767526163813,0.038562639372964565,0.2140585942258197,0.09172030880211464,0.24767809011767716
neuron_3861_count,0.20403020305626524,0.006291179116228271,0.12145103179010172,0.09560648717655193,0.2510663008593788,0.08637315592854095,0.03352217129977013,0.18287375600676464,0.12405925074928942,0.3646884371703737
neuron_3862_count,0.14972211951428419,0.01787239095661307,0.12095949937554754,0.07303799943077541,0.22936533734303965,0.08103050545982049,0.03671665256480772,0.20127604347839909,0.06560540551157348,0.3007848740083957
neuron_3863_count,0.084648134713011,0.01371809824631319,0.10758875258699416,0.03812689950221736,0.17232777938179794,0.05356419791451189,0.038900332744609405,0.20973652209453636,0.14512820779545815,0.24769657095326433
neuron_3864_count,0.1857759234685399,0.03404887203399222,0.09051382582352024,0.13201735817334592,0.21042926217429717,0.10758298170610148,0.01656701897952199,0.18938759554938875,0.06151360336308058,0.3008325275006105
neuron_3865_count,0.04446211348252416,0.0019282461259197926,0.022111468294453054,0.08894322130165352,0.22062804213667125,0.0637566943067856,0.037189630413371956,0.05523180243647509,0.0807864416986414,0.174708570495687
neuron_3866_count,0.14702496039788873,0.020775320405088574,0.06882257709072592,0.11961186941680352,0.31615800409014966,0.09512988126342056,0.038127875521619004,0.141548477058022,0.12909935164688238,0.32660590840755727
neuron_3867_count,0.06969286321862714,0.023497327469496024,0.07268865092853402,0.033862327702327485,0.17025749726469383,0.032099869532060774,0.06533432514682741,0.11094817975061438,0.07242275395914574,0.179415516192471
neuron_3868_count,0.10061554034183132,0.011347661094184933,0.04020350639924575,0.07870540411279903,0.2338573934817688,0.055252547347491215,0.026399097810310464,0.09908661643223704,0.0915784220502267,0.22320073071841318
neuron_3869_count,0.05131136522877863,0.025583924285962373,0.026955397979333398,0.07157189251622184,0.2212086836223896,0.04500149545629831,0.03689895796585532,0.07296660281507658,0.14072854857945202,0.20748578702326687
neuron_3870_count,0.13099051054690586,0.009614075103997533,0.029510579839671786,0.12975520179496092,0.30212926169451393,0.07493211604116681,0.016609261610444237,0.09292172235172336,0.1395528561733328,0.25054212726494096
neuron_3871_count,0.06026350993681209,0.009503727405276108,0.027482928030175865,0.05071468405391502,0.20025334135361328,0.04305939764656813,0.024990884672328954,0.1033446556703708,0.1031403404675301,0.18096006182438318
neuron_3872_count,0.10335235539603033,0.017386281586290353,0.014902090690383618,0.13066973637548085,0.2648584207918708,0.05484081267165053,0.013423883780369732,0.0806896006258905,0.1516442396242284,0.2058793558658623
neuron_3873_count,0.029378374173007607,0.015432590372611799,0.010987954712896889,0.08121553453943664,0.1730387195477884,0.03469691529657294,0.041631707169648535,0.05104752637529841,0.10539662110296183,0.15210574387450698
neuron_3874_count,0.0414332569156618,0.00905312137516022,0.008247662219337815,0.09894329181077552,0.11445718334313762,0.026767433634555415,0.021051395760612754,0.06380171541274784,0.06680148336930544,0.10091994669018345
neuron_3875_count,0.026824584013359284,0.013748294469935932,0.020624728119804703,0.05212781140329034,0.12358664773794095,0.024981300607340134,0.04055497963906976,0.0635400992603625,0.05575358223286425,0.13250411452342006
neuron_3876_count,0.037199260201680406,0.015839667639358873,0.01183978610413601,0.08055300298957674,0.1632146283340085,0.033097460146814,0.02770678117550318,0.04031518891920324,0.10053225578238525,0.14965547877137148
neuron_3877_count,0.06362292606592693,0.03846915476789538,0.01096399508439893,0.13474604651905886,0.16935831646349656,0.04304378398122616,0.045635891432596214,0.038609362558180885,0.07298524009016649,0.1302818304094451
neuron_3878_count,0.04290505156790306,0.04827784569586621,0.0024467582828584453,0.08816673870343852,0.10927131991984135,0.0338305528083922,0.020949746717053457,0.03843659881743161,0.05293974234219653,0.06947425590943948
neuron_3879_count,0.07749500084788724,0.051690202264718405,0.014527874076863984,0.13879732807152398,0.17099953736676418,0.05265446733292761,0.018131328044820497,0.09408256664201464,0.07105685237675011,0.10585022822165663
neuron_3880_count,0.023220203992720206,0.030949086127699088,0.005359344900255553,0.06195161105050742,0.13354549313585412,0.029902823130578196,0.030463748219662967,0.048003536882693154,0.05381383211248189,0.08939246222881395
neuron_3881_count,0.02336450480009583,0.04246073076607329,0.005187454157827488,0.05362873363391901,0.09594713095889382,0.018950011305519793,0.054385174384052354,0.03699761622526243,0.016043894742751322,0.06429758136136121
neuron_3882_count,0.02606931779998861,0.04023647417688679,0.012885130504976923,0.1360933713266626,0.08816503703729922,0.041957551181203895,0.014577860764963146,0.04644253592577477,0.07936070676156329,0.06561123550041617
neuron_3883_count,0.02052776847514981,0.03895506320890131,0.013030110605287857,0.09083577059532302,0.08095423450264441,0.021950227935247313,0.024245443373150558,0.04424736126824448,0.05095277731896419,0.048877512991177485
neuron_3884_count,0.034503430647393724,0.0497358330754446,0.02574178357659529,0.12644865780176945,0.08649235059202048,0.03738859362311381,0.01972684880395767,0.046310835471589484,0.047415968315503265,0.05244609405208317
neuron_3885_count,0.010508725895177817,0.11357290886233132,0.003171141054758615,0.04374135593912215,0.03103994336590979,0.010352964621492655,0.07197247391861297,0.013077865325889282,0.01564454132283321,0.02251599136253836
neuron_3886_count,0.057068924591997416,0.42102007043437606,0.0035977201994717815,0.11877892325910677,0.02418101064690663,0.03015800835956664,0.1264737670750633,0.043745332487576574,0.008986541467899688,0.032739624170362275
neuron_3887_count,0.03763642901059541,0.14784205859598418,0.012461167200847376,0.14297275948104926,0.021930673238276382,0.028200389535927434,0.02898311083737773,0.03682279952927747,0.021258498867151504,0.022932149436611912
neuron_3888_count,0.05496364475786297,0.2840316963285227,0.004810670719362607,0.1750222047335026,0.070879515372164,0.04205239557927637,0.09057024127120192,0.048486288480374035,0.028775681403598374,0.04081801396290083
neuron_3889_count,0.046289397321219145,0.2407818445529909,0.0018149920660639786,0.12286775133033148,0.033509540253612316,0.028486512439053688,0.06113417449880959,0.04524387091621074,0.028507200725583548,0.03759900701744166
neuron_3890_count,0.1049532566741975,0.36899097123264096,0.002770744819127296,0.15192722837378111,0.005723883793480371,0.013801006494094104,0.10392992267807258,0.07919111457456099,0.007604782514344106,0.021725051496595052
neuron_3891_count,0.011678123827106715,0.14278406755555903,0.005714517731631841,0.06926299118485227,0.029307000770727204,0.023480700593859927,0.06779972947581898,0.06302277279768513,0.024581852900544404,0.024648960647247434
neuron_3892_count,0.04077885067623832,0.17230110426398615,0.004143282864864747,0.1290869281610278,0.04397262647938363,0.02909709570511103,0.06129820270003958,0.10014052544985061,0.03989622415950009,0.025711593820826925
neuron_3893_count,0.03948172886971306,0.22165328556244343,0.001484197305269731,0.1587053504279796,0.030169081240965095,0.045312372060335004,0.082993362709357,0.11118186615452713,0.04505064960062721,0.050569481030736746
neuron_3894_count,0.08138195300544615,0.36383644355040934,0.010894602310344219,0.1908354565551959,0.006931113530968765,0.029117984154171273,0.08756170684950526,0.07960454754308802,0.019493203520491775,0.02635440944118181
neuron_3895_count,0.021791509724170044,0.3712231001823648,0.03623378223374735,0.07948328418250461,0.014179608243653899,0.020011647931548415,0.17256463319546578,0.0936010322863009,0.005192067243632435,0.028527963945715412
neuron_3896_count,0.012960220183642832,0.09456979002577562,0.0008699895025904222,0.057697634949223725,0.008297074550020572,0.02603366909728834,0.03305825811263732,0.04562068976148852,0.014002797434437275,0.01847243487085759
neuron_3897_count,0.0017901679500501519,0.1806831119258499,0.012745082799159493,0.07009348269726626,0.002314102990979422,0.031208971483547843,0.04127290289991048,0.05735820568073917,0.0017182129604317968,0.017216027433644407
neuron_3898_count,0.02427907460938014,0.11175083834807861,0.025273324824206814,0.08391780129122975,0.016423002293918257,0.021636579044350665,0.025398080813340468,0.11197822218070304,0.007741434094717371,0.03202459507111857
neuron_3899_count,0.0004900185209380549,0.006504916524460079,0.010392684931168239,0.01094175107764997,0.010110756802302001,0.010096357251916821,0.007058461263339547,0.029487926905475817,0.009050916562326483,0.024158165691339148
neuron_3900_count,0.011432059207684933,0.0630658281029042,0.02325163478697624,0.023242693474013976,0.007595918546321412,0.017092915050587056,0.0064841424106113765,0.044123230147948764,0.004754284351189016,0.0182354287038982
neuron_3901_count,0.02975066639432171,0.18840982211850052,0.0701599324741285,0.06539436951416096,0.00918633543528715,0.017255815492857138,0.04188724074306403,0.1149047399971638,0.006905331998191908,0.02291108030770489
neuron_3902_count,0.03921348461024639,0.12958189116492297,0.17249313940840422,0.013917340138034084,0.011077477590187984,0.007123661631889905,0.0417611819633566,0.10862565588468616,0.006609017421290511,0.056445693028844834
neuron_3903_count,0.15556371133934926,0.5345575260678566,0.13232831847753523,0.10860015023750307,0.008239754322534248,0.008308442810301232,0.09608064985754802,0.059762457332506055,0.010093392557776401,0.013688637747665808
neuron_3904_count,0.4230604209581681,0.21424715279905981,0.2059729874369875,0.07422435827410256,0.17585812001193388,0.14449117988342552,0.006644858397626752,0.30627255644271656,0.011301778558675393,0.23155354307191964
neuron_3905_count,0.35822012746654636,0.2297270153897022,0.17376115405088055,0.06687739808412499,0.16836198364770047,0.1351502861380604,0.0366503269807177,0.21092006451465717,0.03212163285900101,0.18809284960139372
neuron_3906_count,0.32002886339720027,0.2243652367320573,0.12404096279408938,0.07124717105459685,0.09281846827980766,0.12802295000379835,0.009586205372418461,0.2777537005291381,0.015451002168813338,0.12876292022328953
neuron_3907_count,0.3459162780097633,0.20525942774205594,0.13561681024699634,0.0602953798940119,0.15583761022305018,0.1309223482667178,0.023554056582780317,0.24521327003480442,0.03015918211406854,0.20053629302351864
neuron_3908_count,0.15950323412470835,0.14090966902679822,0.03045626015296972,0.034296873246797366,0.06412104641937627,0.08967411242799489,0.002485583753730987,0.13361578949791117,0.020435346047112377,0.04825736641437145
neuron_3909_count,0.16517100981698868,0.09474443902647195,0.019668470489330042,0.03136006576606898,0.076425858692353,0.06366540229569775,0.0038280113501018634,0.1710695056500003,0.026822338447074212,0.04750887529433759
neuron_3910_count,0.349307218553557,0.1415180035239128,0.1746170504566119,0.11499676991539731,0.23129330848235233,0.17199125019335496,0.025821232995073266,0.3413914749510274,0.02760365891650144,0.3071523865306887
neuron_3911_count,0.28407049870498874,0.16434277529413333,0.11466852335689437,0.10773041236685493,0.18547280275558664,0.12954116890986647,0.021361811185138725,0.25052024392657235,0.02104515915903605,0.20104749166624908
neuron_3912_count,0.13891746256731696,0.10926290157160377,0.052649651982085974,0.04002453573846555,0.07272610590323011,0.06466335139506364,0.003894913241286522,0.15779223265792142,0.015724335244358466,0.05442931450582299
neuron_3913_count,0.34757274225410767,0.09953377388766538,0.11303624329075809,0.09016996404153221,0.1572523882488815,0.1366973784638829,0.00894658468135491,0.260171452672321,0.02040135379663862,0.26122066392914206
neuron_3914_count,0.15202725455675764,0.03920892487248093,0.09853885542706148,0.03551035622826759,0.09984081854478928,0.08261268571052437,0.02190625302370488,0.2781322611414157,0.042399217645808354,0.1467442859793755
neuron_3915_count,0.18859631122423604,0.041894286927121896,0.08427857831399649,0.048362617041568384,0.11938546373694683,0.07049771163341909,0.02352698762754595,0.286681452594969,0.03409334599766116,0.16085247825361132
neuron_3916_count,0.19971072533172474,0.0415560947549555,0.09345112219879245,0.03270736321786835,0.09745561785225415,0.05181022837805052,0.02199654802042863,0.25438319836626055,0.030834318210094275,0.1682749182274413
neuron_3917_count,0.2947081610261536,0.01742759195045708,0.11566143609837287,0.18231556761628329,0.2566080227424811,0.13513650552573633,0.049020682577098365,0.14694473225925778,0.03437482157784992,0.3164940429065749
neuron_3918_count,0.2425005106021938,0.02093176281183297,0.10730197275946882,0.06466653870413486,0.1706727604748922,0.0804684074992689,0.018811215241960513,0.2649047856889953,0.024397429779547227,0.23756819137341145
neuron_3919_count,0.19020181499505662,0.02981623075398024,0.09323795495066925,0.0897292576830988,0.13972063708000632,0.08510539420987218,0.03641046058412489,0.20894584567476593,0.025807457188622637,0.2468981207131141
neuron_3920_count,0.12614550711648073,0.03248202104812101,0.07409689762527057,0.0878014017630526,0.1193054920903405,0.09994846492613585,0.01528880521416335,0.21013168453076958,0.04412079008270824,0.14871197604878303
neuron_3921_count,0.22805401213574295,0.036795715841965684,0.11729448037344822,0.07572497237593881,0.18404897091585054,0.07624099969359499,0.009843076762586854,0.23808172806240602,0.05133478922237322,0.30068316089775415
neuron_3922_count,0.23823461488504244,0.029023745557320832,0.09158274495140961,0.1128772839556619,0.17526873614347527,0.11549325914964798,0.03570484986563564,0.17908534022356284,0.027242874550755025,0.2877320965634064
neuron_3923_count,0.1761645743296946,0.020156424168171344,0.07049911561118896,0.07688330964756288,0.13497291978051484,0.07061994477532729,0.035745239018032816,0.22399613683864697,0.05813379070783646,0.23914116708451796
neuron_3924_count,0.12489461610239036,0.016118937610208044,0.08375654965871987,0.0846991473802278,0.16063548667979105,0.07601955437782032,0.030520318630483996,0.1885995564681725,0.04242955406209879,0.23799968680483158
neuron_3925_count,0.18132462141822708,0.04130166506794293,0.07762621397685532,0.08304236874367019,0.16525704891283524,0.06735608015901898,0.01386823264642048,0.17563949981246638,0.05087933506351844,0.22732148761165044
neuron_3926_count,0.14146455018146123,0.015275139240196883,0.07892225961978402,0.10184772206638187,0.2337958287493025,0.07013496537645234,0.014046852149697996,0.12923401470497684,0.15541881813193126,0.2572431855579726
neuron_3927_count,0.0963615405610787,0.0013039688086391409,0.03799321137925184,0.12954816826757998,0.24417792125756652,0.0990857404085192,0.031799420925058594,0.11875636110374907,0.08332244568984215,0.2593344631357365
neuron_3928_count,0.12405196707907251,0.02520322895846415,0.025198532919239458,0.19202444286611697,0.3072395020908006,0.09896069599668139,0.04642875692628069,0.1073743994411829,0.15558023493945394,0.243855747109807
neuron_3929_count,0.09273655050672294,0.002868136378302473,0.09607249066314,0.05078586514354433,0.19889564271870383,0.04621950554607081,0.03622866686307134,0.15659790867080514,0.09853423569229175,0.23831517426737725
neuron_3930_count,0.11086490341634331,0.012121521545466238,0.04620850721979633,0.09726206052081479,0.25359727637695173,0.0746250288169448,0.02461213121165844,0.10788495988769031,0.13161935015142157,0.2554926723583598
neuron_3931_count,0.16923917159559512,0.04187404141605405,0.05990589390132636,0.1372176811628973,0.2734739417746512,0.09685920513444915,0.0310870390115165,0.1690859400993921,0.1642714432771412,0.2877438482407315
neuron_3932_count,0.0800309763314484,0.010038472478781146,0.06532726065296124,0.04182488456502659,0.20461663906384236,0.03482334207128687,0.040904564710717066,0.08280702223044376,0.10211721149773878,0.20681267887034982
neuron_3933_count,0.062262978520122775,0.004982321192537831,0.028132280465759413,0.05968546382438411,0.20324353240640924,0.055032124549134004,0.03285924894868943,0.053764639496378705,0.05175996044892876,0.15084533741495906
neuron_3934_count,0.10049972547918565,0.013295740203919021,0.04866508900619099,0.07789155664167877,0.22795157092685922,0.07077157973125661,0.030185598683619128,0.10438372504042814,0.06785300538509492,0.19809600467828786
neuron_3935_count,0.07108175159761124,0.013148916884015984,0.008743126901359248,0.10662634374943547,0.2893623062884158,0.04827599518496689,0.0328254123448164,0.03834943890423692,0.14641155887069415,0.20301054530540152
neuron_3936_count,0.05236773768174738,0.004448410387502252,0.006844321588148919,0.10642355149939323,0.22416986605098177,0.03983756782918105,0.004166074996018329,0.033839800916570795,0.11601898028307425,0.15603027798390973
neuron_3937_count,0.0681163900621051,0.01230133080127116,0.02166234668890639,0.09505171127089565,0.21760148696523274,0.048923671995150075,0.0175787835016612,0.06170089768463158,0.07006529609828618,0.17779063206584383
neuron_3938_count,0.06271441947395182,0.015862960807338275,0.00587282446608383,0.13007411797079582,0.2177324179582728,0.04331631281832235,0.01691018302858604,0.06578655349075041,0.14068906124663014,0.14216596822187896
neuron_3939_count,0.05019329125210094,0.03476655065182202,0.00842130598490936,0.1213534426928822,0.21144358828769486,0.05921018481618012,0.07044669805027157,0.06306471626164453,0.07712311384934925,0.14446781103614667
neuron_3940_count,0.032878259603089946,0.005507456666141254,0.008063277507754915,0.07649628890587673,0.18420123733703742,0.03144898732320728,0.028414298425123212,0.048299564624163654,0.08393740871180203,0.1399048003391366
neuron_3941_count,0.010645275571223328,0.014114377142267945,0.005667565208222989,0.08060136755408595,0.1429949095172676,0.03112648354212172,0.026007281595882267,0.02784465763112544,0.05928884373945459,0.08722010819030401
neuron_3942_count,0.04038077771058052,0.017646414640461586,0.0036579219608376956,0.06305788984487634,0.12416567345613,0.033240899365843735,0.019494781525660254,0.048432329007841335,0.046113099394440596,0.08902355650016083
neuron_3943_count,0.053077663592346974,0.02349988842259905,0.0076933606462439574,0.09285358469954694,0.1402344877861209,0.0327955455369667,0.019224333251164627,0.050229324768278155,0.07428368681695188,0.089007517993856
neuron_3944_count,0.03883516995375896,0.03329693487742427,0.008649916723750019,0.09913539408020616,0.12643460817278043,0.03315763492864976,0.020489654369306054,0.04818660872123856,0.051503249481534896,0.09887008181163082
neuron_3945_count,0.050986835440253814,0.025607629281350186,0.024847720775636226,0.14928074413665238,0.15069464025771764,0.05599770070278648,0.025070873321256827,0.07104546861881317,0.0648585561641492,0.08202207001905493
neuron_3946_count,0.015049998441155538,0.04042908461113094,0.016124420398987836,0.044636983060674734,0.047125028467973826,0.011403824230270851,0.03404810301229047,0.0436807959824046,0.024884021303777704,0.0356872947716787
neuron_3947_count,0.04469669902529097,0.02462691374694763,0.010744122339083303,0.12057586021787378,0.08966354944286842,0.03773950512170493,0.0038467665622827774,0.0609266940212278,0.04538922580287527,0.08615262780246244
neuron_3948_count,0.014085735815012504,0.05277670799216963,0.013620287046351102,0.10186426480791508,0.0698910273209955,0.021111315301500996,0.02030741520117675,0.04567895554875212,0.05647154800892612,0.04195093356155133
neuron_3949_count,0.050491430337936016,0.05242166959941305,0.0071760903341212484,0.09615935425511998,0.06058979826933081,0.03318240911778329,0.0061790547963588086,0.07287942013213725,0.061315943048877886,0.054748860819916007
neuron_3950_count,0.04007225326018759,0.1478322031861256,0.010017690052874471,0.13462912896497078,0.025100394161790232,0.03802204121831543,0.046598355730169176,0.03318068547187736,0.0535837625988522,0.03695694047814403
neuron_3951_count,0.050700406854053415,0.22049806695170746,0.004272836665840513,0.16505437574549126,0.045024597847006576,0.0330670252099835,0.05551749415245119,0.07445741659604907,0.03314868917486424,0.03320766336529976
neuron_3952_count,0.027766901771877697,0.12332288983420231,0.009092382815524373,0.08631695256275476,0.045951440545324934,0.027305086742361928,0.03230358431682814,0.04280520938461571,0.03198314747367062,0.04073806656849757
neuron_3953_count,0.02708098967555332,0.09889961992738205,0.0041649915933009655,0.10250824048456011,0.03570981340179208,0.03218493349251039,0.019423887631999467,0.0647400720512577,0.03691959733498591,0.04158047117622064
neuron_3954_count,0.03723232218882602,0.05815387212726664,0.01927746523505741,0.16688796385085786,0.08514764445670386,0.046509049976772854,0.03169492409235029,0.06703542268495039,0.06352169089178175,0.06521929703327439
neuron_3955_count,0.010361756948185523,0.09718083321543725,0.00913173772488992,0.09368458874812916,0.01999951054794849,0.027738991777637584,0.00459375793450411,0.027077461433059863,0.04700870841964669,0.025766749796113708
neuron_3956_count,0.03431144336437897,0.23448288591275118,0.004553850336732446,0.08106263149766615,0.03853217537501398,0.019200513675436806,0.09370424360975904,0.07565382331436857,0.03437702085157934,0.026682877505597002
neuron_3957_count,0.04693485663185293,0.32188773734036613,0.012615215972716115,0.11228116175238922,0.02259926645912956,0.020114592140338172,0.10054728993946974,0.09210395975185376,0.014700437650122716,0.028564355639574115
neuron_3958_count,0.015342665007679765,0.035419807626286645,0.012487497232949698,0.0726663539609533,0.019241322664725696,0.02088525300162894,0.0044344343759048985,0.05482638801363565,0.08364000270342525,0.01675038847069918
neuron_3959_count,0.013451121601308486,0.09995466162821606,0.003886954327497926,0.03631790300474122,0.008725544462963211,0.011410579927612421,0.049022282384695,0.04243041854460099,0.019410800081954893,0.014822138008996288
neuron_3960_count,0.02967427035949549,0.2116177809473296,0.01524694997619025,0.09550098149326547,0.03641615478532849,0.03355633237512248,0.06125083309877838,0.09689380056413671,0.030234177450214755,0.04551789109944429
neuron_3961_count,0.008654941573760136,0.19108307299184182,0.003773336268596425,0.10064740872894531,0.006285398705719598,0.034839514799072074,0.012592629844557085,0.08633253830158225,0.04450232271301677,0.011238406823666891
neuron_3962_count,0.0055968418328613476,0.08356331974944257,0.01774081551181389,0.054628119056765734,0.027071152713752343,0.022575052942018045,0.025846356933710415,0.06914428554030591,0.014826694828804901,0.03133682945907423
neuron_3963_count,0.009508477213604205,0.034108446062030964,0.029012686489479883,0.015946126014364084,0.00702429862463904,0.007833601476338985,0.009485095101867999,0.04259195174986288,0.0011806256806751701,0.02411179175437786
neuron_3964_count,0.014958572977235407,0.0499678780296085,0.001997115691492843,0.002451580701020431,0.014679235022773934,0.015502550066913964,0.007377100802988826,0.011390263804190927,0.016278702891746877,0.012324381188071346
neuron_3965_count,0.013037725358659422,0.06164081282557998,0.01521940892890894,0.03927412590327506,0.011461507444878366,0.019398808834016554,0.00952004978996425,0.0827063781522706,0.012077518553083012,0.03100222762519131
neuron_3966_count,0.010754026383245102,0.12100391541677862,0.05778989966979359,0.043785487543402626,0.005493238313120374,0.017846740097575878,0.008672850112306188,0.10082780850437392,0.005866018199079321,0.013412182498791933
neuron_3967_count,0.055038279945162666,0.0927610741165881,0.003154196882818462,0.0034440892681367047,0.001300677108018409,0.0027200836302966602,0.054293545716039227,0.0012410496618654732,0.016090842318921758,0.0002712622926225282
neuron_3968_count,0.008863762317308302,0.05932380343162838,0.0028977851829865113,0.005681724828551947,0.0016204495068167745,0.017058659725075934,0.0029315412603081736,0.08134834865879775,0.02600978767328324,0.011639814149945082
neuron_3969_count,0.15560498860931726,0.09851956914463544,0.06445668645472907,0.10179912199300306,0.1125567111993058,0.07374498132297508,0.03126805747391684,0.1736670588036417,0.02390351099827054,0.05913185724827266
neuron_3970_count,0.3355951146113823,0.1894240453876292,0.19216812340785072,0.12974455399941962,0.2118910085778993,0.14399602795741046,0.0582233405074247,0.2130947135308885,0.03379949858028936,0.24026957941690558
neuron_3971_count,0.1311162161471818,0.11717100544330172,0.027297970853603193,0.02930574477701789,0.03961050779683009,0.04999213637834002,0.009976291462379737,0.19232227483472206,0.024383449880832866,0.02944256911008518
neuron_3972_count,0.3008972081741273,0.07645242150700908,0.13302982708932326,0.1385137017602655,0.2113854182142267,0.12360387482848217,0.085018599910517,0.16485777988292744,0.013048160476807957,0.2147480964638001
neuron_3973_count,0.05040760384025772,0.08435060868052456,0.00678989044005677,0.0008892484794569184,0.0075398678920132675,0.014812206035879592,0.0138370121106446,0.09253546393703158,0.029137201500466114,0.005290454969229544
neuron_3974_count,0.22612302981442284,0.13311915499726812,0.22460656169367998,0.09969923639228806,0.21471426608914518,0.13475353083821223,0.06842344441076151,0.2519030917547336,0.03149559305672632,0.2360757460215715
neuron_3975_count,0.08512301562658714,0.08074032332674408,0.01658956250424498,0.0076161370699056805,0.03460514065119133,0.019079935624827613,0.01750509414554223,0.17721394671542154,0.042780775267919846,0.0146614933548002
neuron_3976_count,0.2676341760803818,0.09712017303168949,0.08812685907562676,0.13660489777164608,0.16078316841481388,0.14207392606035632,0.0809161610583227,0.2205542819961163,0.042498738943892146,0.2137614340127539
neuron_3977_count,0.3002447904372773,0.13879191592548928,0.16720884846962414,0.10183243768267544,0.18202284772161906,0.13759377215452745,0.046573415670608104,0.2566240487837712,0.03929107692927923,0.24224385160051914
neuron_3978_count,0.1857934607146562,0.04590919372797414,0.06683956860436696,0.11435287352867465,0.14925952334265685,0.08338650577032267,0.020957917241227385,0.1872378099908415,0.04855690475608211,0.22182220887518
neuron_3979_count,0.27045503800385234,0.049818427384869135,0.11976695416087019,0.11203124816104751,0.16526926591256735,0.11050557347711906,0.04301725083902286,0.24274240688038776,0.03027706024301845,0.26109992221516914
neuron_3980_count,0.21875788416968012,0.06144767582632857,0.0831213073306698,0.16467447898612575,0.14124609350740816,0.14653489167876182,0.08090136927662317,0.17148866130143492,0.042906504358604665,0.21305402247432617
neuron_3981_count,0.23781559363530463,0.042506355919632914,0.11617035531367198,0.12150747235034831,0.169292611655517,0.12846387902966352,0.059803114782489536,0.2473715568564858,0.038704615671858116,0.2886859637029837
neuron_3982_count,0.3295143712716755,0.027385170243870924,0.13080393724848555,0.18712458216138844,0.24643094819392775,0.13900920272768677,0.03096711575983417,0.2053432040210129,0.028685835059729853,0.32101401909315563
neuron_3983_count,0.23514306349648195,0.03639106516234096,0.11985938235340804,0.11281743183873275,0.22467921207966302,0.13326270491083353,0.03316890314858972,0.21372778913490748,0.03563378064692402,0.3318558188238088
neuron_3984_count,0.18925251872495485,0.011640703228833427,0.05335864552233502,0.1839061667739571,0.258803832039435,0.14175034639761477,0.09040329818127882,0.1217644804617656,0.07219527080305846,0.24029169368192663
neuron_3985_count,0.2555578307741117,0.02001207510146731,0.09418078127921153,0.14957539855080892,0.23395681692062636,0.11878377947901456,0.038228148660016406,0.17404627293429284,0.04718670278268923,0.3226345702505041
neuron_3986_count,0.3177360709756259,0.02034710050234488,0.12183690353427351,0.13208655198964558,0.2059048454250857,0.12249534322694133,0.029437869961836408,0.22141689681068014,0.03919159787660732,0.39219742394156887
neuron_3987_count,0.2720267694564177,0.02828774765342823,0.09862201628883666,0.16075685432237588,0.25073990042554367,0.09368038163374598,0.030284015210608965,0.18504921591665127,0.08509324848402047,0.33689795449308463
neuron_3988_count,0.2141561839067651,0.014360375720100405,0.05637663223406328,0.16602445579830283,0.2715688165107776,0.1289416361849221,0.05293976631466836,0.14531749026410218,0.07288355520499859,0.2741312035672907
neuron_3989_count,0.22320596481255012,0.02334043804217345,0.08733866788433226,0.15614321640852774,0.2400701643884893,0.09465874043683134,0.026884473645835686,0.20379391257020413,0.07985446485907391,0.31814754554079294
neuron_3990_count,0.191753545838299,0.00510777412335893,0.08757379458920614,0.14167448305137686,0.31762479709526675,0.11254957932598189,0.07429230896666719,0.1318229776639842,0.11608839526802539,0.31858910201392276
neuron_3991_count,0.14134368693510552,0.012117717929390877,0.06518660176110705,0.11799684339697572,0.20240364021381174,0.09197538830196758,0.054793379097756556,0.14385772572915845,0.0723692173466251,0.22991423325344706
neuron_3992_count,0.19460093374964904,0.02794949384820712,0.060790375571944666,0.13961318787070212,0.24452041270685831,0.10537754621872417,0.040138302353562916,0.14718570614188475,0.12075803029651933,0.28766418753936224
neuron_3993_count,0.080618626674966,0.014945133076227746,0.027499247925403633,0.08270288449246879,0.23037053951531042,0.07403488550071402,0.049041193184435644,0.08670685926387378,0.08386425459660578,0.18421396953265037
neuron_3994_count,0.13016416595286134,0.01302607936202545,0.03537993582594291,0.14949406894915496,0.23958383373823666,0.06583657631413972,0.008806293921840624,0.12406124893833503,0.18237643220535535,0.22983932486636982
neuron_3995_count,0.11700798841916382,0.022636412299633812,0.0540623351562356,0.09162667755621115,0.25917035908948327,0.07143697073769023,0.04850633743267031,0.11260941429236282,0.13501966788020273,0.25096813767509285
neuron_3996_count,0.10441053844824882,0.02390532529115391,0.05267370319624362,0.11405099623928364,0.31204767526420046,0.07180560377540354,0.03933111824285264,0.08401404758064848,0.1308535701298677,0.2764113481167246
neuron_3997_count,0.09312524994511895,0.018193973992039897,0.004664477114422645,0.15272645690272116,0.21041173178558056,0.06503554517921797,0.04820907093381459,0.08190177157650858,0.13789463163665078,0.16969580439497028
neuron_3998_count,0.07440203693137995,0.01983294687885194,0.015401564103776619,0.09522839756451082,0.2477481453685506,0.06790663755418155,0.01849292557902979,0.10491965788013327,0.12691452288816993,0.19304882789520583
neuron_3999_count,0.11495224814062951,0.04502486438629766,0.030764324726525377,0.17238508222499146,0.25172077994430136,0.09112562923588022,0.012421671264637588,0.1084239788306735,0.15280964328227828,0.2228098530859518
neuron_4000_count,0.08928206191334609,0.014865402342836537,0.008151062729453082,0.12655415701318284,0.245610418496053,0.07165374018478812,0.03218795603513404,0.07489371330721914,0.13199321508251016,0.20977664672149732
neuron_4001_count,0.02895770327639928,0.004676457452045077,0.009014877080501834,0.11922948394519661,0.1628177491636626,0.07279976570104013,0.05457258793635575,0.05494947852294493,0.17161147909010033,0.07855265719548402
neuron_4002_count,0.07782541307064975,0.0474527942590946,0.015641863120392098,0.18775495211179927,0.16025097725397497,0.06314088572935259,0.02167923079616202,0.041654309666408346,0.11291464516445682,0.07501283748734258
neuron_4003_count,0.06111030718379906,0.01253656911965724,0.0035401912199657833,0.1757649994559143,0.250810436997189,0.04961071791585192,0.03998794765804192,0.05634960593814281,0.12047160279969632,0.17890317879934253
neuron_4004_count,0.009142340740340711,0.001200986770563189,0.013517953493991576,0.07193713438367944,0.13046225631220212,0.03889121078642652,0.020637625513604853,0.041808010264052425,0.06620860371055692,0.09765242322093623
neuron_4005_count,0.047103229537194216,0.009377722860937493,0.02456909922183581,0.12918662998334743,0.20541557919928036,0.04393055394412204,0.025702965814468952,0.05340092107288688,0.13271758269136566,0.1566623385975066
neuron_4006_count,0.04400501181145411,0.009176665378232265,0.022464619394511144,0.14866952486569174,0.15658879415944396,0.07078684078289743,0.033387545329375934,0.06937054753340821,0.1439549004762152,0.08122942513613177
neuron_4007_count,0.022671642986918678,0.004630607352460592,0.004288892305162391,0.07775234606774578,0.1761576706916291,0.023790058885311743,0.009086907288807983,0.03471764010136785,0.056088050155172986,0.10077452016239405
neuron_4008_count,0.04006457826678578,0.017414796440515384,0.01747711597251695,0.14882044143987302,0.1812345611096877,0.06529296797574147,0.020863758337139666,0.06414183654981048,0.11923643932716374,0.10160732103824
neuron_4009_count,0.04048187339841622,0.01670570009035928,0.030495724355874308,0.13150842384845982,0.13801202549709582,0.0453511943588443,0.014899863347010364,0.04215808073523408,0.06434448761796543,0.07821594893624684
neuron_4010_count,0.018283778972442113,0.04865992137104411,0.02346232251862282,0.09861604722827966,0.08824058697113155,0.040669874764542036,0.03791620574832846,0.030947972918215175,0.04046340244004887,0.04991157922221534
neuron_4011_count,0.03397546451856778,0.10366581728709512,0.005391401931402182,0.12453774383841418,0.06559126394084919,0.028491576995122475,0.028645151187499565,0.040221398734269276,0.05911926387653246,0.043306100888991284
neuron_4012_count,0.037541988469512406,0.03332049555067654,0.022122427901797935,0.13731167800266547,0.07634318627796699,0.02174978409399371,0.02186922779718792,0.03877240808996899,0.0941804388771989,0.03730852269442092
neuron_4013_count,0.021249897741719235,0.07778801020646997,0.030900141939348008,0.12474715522493254,0.036205061094827684,0.043696607427180706,0.03561126193760708,0.02300590112209558,0.044807578815190124,0.036364764318582016
neuron_4014_count,0.030599856173018736,0.11193171279639419,0.01680137518124717,0.13395009477029107,0.04777259499274153,0.06284379304277735,0.03225760567706836,0.03757559741159666,0.07293525722265837,0.027118957943644675
neuron_4015_count,0.0517270140139405,0.21762034518941545,0.0029174056168743967,0.19577203626046544,0.04532164660313007,0.04074859752415186,0.07611347898530252,0.061646018833133934,0.040308818899462584,0.037055201363350734
neuron_4016_count,0.03737860753714686,0.11720163355304758,0.026639929816336956,0.1860162136905848,0.07089427447947638,0.07529402122873582,0.04139158385362862,0.06964758600448925,0.057437019138748574,0.059494565107689384
neuron_4017_count,0.02684481468596962,0.1336960007534479,0.019456893611877427,0.15111195155707516,0.025240938806668098,0.03573407952099386,0.050873850448209926,0.046836036461105124,0.08509689940737367,0.023307266785399683
neuron_4018_count,0.005475915393768634,0.05419995889828638,0.018424290164833552,0.12309884719642905,0.03866212598169183,0.03201020378860828,0.0038723107272308904,0.04927184959582134,0.046651064696412656,0.03242578456357287
neuron_4019_count,0.017998017440352534,0.1843083344273619,0.0024088747253769027,0.12225290219907434,0.023785846693910012,0.023447248058844364,0.02429690245483704,0.03578297839640979,0.0710982421033095,0.023462200211740725
neuron_4020_count,0.021635694776265063,0.11856371197256549,0.0034552209224388048,0.15699777106787252,0.04816530152159762,0.044388023320354714,0.05485181677060483,0.103872826904116,0.05647728748191139,0.04065735231107989
neuron_4021_count,0.008377827636846892,0.10626744056901417,0.007728299917014604,0.10425696865946546,0.018500804890949296,0.03655207795926685,0.00817612573488305,0.04939308114065041,0.04853500002774569,0.0095725999953791
neuron_4022_count,0.006175583358183918,0.08125237645370091,0.01508491675969062,0.027228056544820273,0.01984841230850498,0.029441258112342883,0.012367761615960607,0.04410126200366522,0.02277256188051821,0.01473010991539244
neuron_4023_count,0.041881320643012324,0.20868378219438957,0.0018170568586884026,0.17314354508181135,0.009222909243146712,0.04756820481839094,0.027445984206224662,0.08598389998486602,0.05580471799550166,0.0315772666948034
neuron_4024_count,0.04637636840644947,0.21470796233398726,0.004281444104728117,0.16507358904945432,0.020036110613579114,0.059271645513999244,0.04220356051753067,0.09451974382175618,0.0499191404496494,0.02994676256607469
neuron_4025_count,0.023509732736682026,0.19469928877498233,0.02541423562796681,0.11702213021625568,0.016867815515819826,0.03266060653716188,0.019887720130835534,0.09726258356416809,0.020433183440331557,0.03191259196269344
neuron_4026_count,0.05517197993389189,0.21259563042970137,0.005748371544272136,0.15619863719784946,0.05784355235032057,0.05318409244373351,0.07353130361419993,0.1131719093270778,0.02830702605035751,0.06040528794945618
neuron_4027_count,0.023511858139065006,0.2442188156619114,0.041968731237379764,0.07869521297711367,0.005739740564080671,0.02108265604730422,0.05700585289506585,0.08877188152758646,0.007916764814237691,0.021177240881337378
neuron_4028_count,0.053406995025405024,0.23911321168958308,0.07507111265341629,0.09137159467412703,0.020860557573863438,0.011736653644527584,0.08893242175216126,0.09555651125295696,0.00622885443817181,0.04904390319391942
neuron_4029_count,0.00591075334261041,0.008485779832363274,0.021044588022302232,0.0034446330360732164,0.0248960202370737,0.005699371076173097,0.008004842108441067,0.030783409960355432,0.00022631704786645708,0.024536691972981486
neuron_4030_count,0.02746129161074934,0.1474821632613299,0.11153133917291702,0.015457931276720668,0.00706961287526886,0.0013064385290194047,0.04197657895676732,0.0778158578493245,0.006906517905279602,0.01816055729849271
neuron_4031_count,1.5135467063364869e-05,0.03680906185171044,0.06383247073396617,0.008207840477847828,0.0060006326001459595,0.0052991990831222635,0.005784664284104932,0.04784624749628191,0.005035859579767037,0.010578538248943413
neuron_4032_count,0.03227396575709529,0.10331821730609861,0.012866511957609801,0.016845162941797318,0.005687682918947369,0.030206082246580945,0.0009433341068362019,0.12585351794214633,0.026113796649660584,0.006483140301858427
neuron_4033_count,0.03444680696004569,0.1158687167661552,0.012320997470648042,0.013852948299045285,0.0014357344726507754,0.027268530196998347,0.0035873637707602313,0.1027612052688966,0.0172657119180714,0.009147355816915233
neuron_4034_count,0.13118422857451448,0.13987174921546314,0.050200691265041036,0.03727124863202111,0.05022575146360839,0.049575502177871766,0.0029486464874904084,0.17697327329558077,0.02909111816908032,0.037688187327026654
neuron_4035_count,0.28168164629515696,0.249477678688892,0.08351644405927935,0.04620774822317029,0.08445666277248173,0.09910763620362083,0.03841115905700826,0.20975513406067908,0.04163576698834979,0.11222916171719638
neuron_4036_count,0.2477248148350924,0.11123143327573837,0.1023375251915124,0.12101092330491592,0.17234515797573122,0.14250540594905758,0.021776853676828946,0.24732718021923522,0.026946450261819976,0.1903790245349018
neuron_4037_count,0.0038155957308916993,0.029458090287415986,0.0037251965794807777,0.00649682915966715,0.003277263357916421,0.01166455800244405,0.000405611476100836,0.06825774915445665,0.03670658248875927,0.005824302108130092
neuron_4038_count,0.23629954164102152,0.15630434417164568,0.11445342523124846,0.06956935999459812,0.15035307559027794,0.11306931389721386,0.012095292707963293,0.24012832212872373,0.028168179994602385,0.1557260583816913
neuron_4039_count,0.33108187779496306,0.18994018251803685,0.10732756165299018,0.05365509663955535,0.0991718661453403,0.08806556708940098,0.025077586770067637,0.20414747368464936,0.0244930792946607,0.17155499257573403
neuron_4040_count,0.22087164744612572,0.0762843651773972,0.09147391978654776,0.13459989793452012,0.15210872649075027,0.12449950950909458,0.07706961990521766,0.14497501702706572,0.03015747656232748,0.1616505313609324
neuron_4041_count,0.3221298694562652,0.11959128482953996,0.12396912274314867,0.06482546642985013,0.13503490494669138,0.08342633042844722,0.02809573340593305,0.2239244335864592,0.01783137372707934,0.18800283922749067
neuron_4042_count,0.03116120492184428,0.01202767760806206,0.017472263519307515,0.01784259501790319,0.04632327987188725,0.02840658757401894,0.0028568401280845805,0.1027113092564769,0.018157802747448576,0.02323471708189284
neuron_4043_count,0.30522015297512617,0.11443970783957533,0.10491330753220443,0.15547379245880694,0.20734558542010434,0.15858766370910785,0.050166732710487494,0.1940216266009802,0.02646905637205142,0.2224009866212926
neuron_4044_count,0.2136065015075165,0.03192291176057209,0.08562517756458063,0.1651663761375345,0.17064539809865215,0.14160296555202365,0.08357735386911298,0.18369101306255348,0.037887523554290065,0.23281003583313825
neuron_4045_count,0.31880543945932543,0.09698651122348567,0.19498612915048752,0.11418744901322322,0.21924881972459218,0.15533731415793708,0.028044887685402996,0.31762076171668124,0.03268546496723715,0.37996661572429513
neuron_4046_count,0.29616054192803265,0.06316719167102056,0.11097424637275582,0.12210679155424078,0.19468812389964618,0.12330235070141052,0.013117508981239208,0.22348820169655967,0.016991951720295863,0.26339778475984527
neuron_4047_count,0.1812881994561823,0.04369058515967396,0.08647019628020006,0.11921966370951095,0.1636702477910188,0.10325998926981633,0.04597198851780638,0.2029947863359826,0.035826864121240226,0.20957828421205263
neuron_4048_count,0.2814883493105705,0.04838625023842272,0.14637842132857745,0.10985665274992626,0.20145247795554974,0.13991015166111825,0.013649084606125041,0.24812686440786735,0.030854702616427324,0.34944892279809514
neuron_4049_count,0.13837993514219504,0.0038225068051424838,0.0559352716213716,0.1559711633199933,0.2441620738364751,0.11092674732589297,0.059105976473757815,0.12053409832295237,0.05839387270447627,0.2510843276166171
neuron_4050_count,0.16933896245152932,0.0026872245120442145,0.041218983848679974,0.1750822615134155,0.2329597974442071,0.11623778262722062,0.10559833790599923,0.11093674600188874,0.08970079685833293,0.25554514000918344
neuron_4051_count,0.16912635285325064,0.012172995594419176,0.04801355736307272,0.1494644382890306,0.2079858703567696,0.09996294547460832,0.07230937097378468,0.1642087286834213,0.07753341282083517,0.26361356270009273
neuron_4052_count,0.16249960327035168,0.01948777896201588,0.07728467556681279,0.1461479576121224,0.2084560942296142,0.10642012505805593,0.041401582942727604,0.20666298589284848,0.051207469331926686,0.25170695018586264
neuron_4053_count,0.17704129256170828,0.01477402725050636,0.07208265152689414,0.07775224619458052,0.20964699570857595,0.08386148992686643,0.029645683528324866,0.17493522527545885,0.06687086140007877,0.2563857254788418
neuron_4054_count,0.2078705835288882,0.02597382392554244,0.13294925520005285,0.06939573732053564,0.22621459866350171,0.09435480724736958,0.017473231105317115,0.2408124117637337,0.08683419435893766,0.35609977063792275
neuron_4055_count,0.1653772331251707,0.003752721081824943,0.06170520151432762,0.08781734286986329,0.20395010879244077,0.07235355075111627,0.02999959675284406,0.17654636808205793,0.11346680815051596,0.33118591785495954
neuron_4056_count,0.12767284149398872,0.01876057177352569,0.03332743668206074,0.12269780605515682,0.26923590211331794,0.08535687843528389,0.05120220918048056,0.12322682926079134,0.12410025398824154,0.2538758218606114
neuron_4057_count,0.2063668472768386,0.042327248795056976,0.11170755092142476,0.1219755077890122,0.2647926557923973,0.09287631655992873,0.02951607019131615,0.20784834510745942,0.12103737635893841,0.30124642187274614
neuron_4058_count,0.13058863381776054,0.0005388426186406538,0.07276313963746797,0.0861589686450456,0.2440725420859087,0.09210947191113222,0.052803197698527225,0.14818782399521993,0.10363572223995397,0.2921239173042923
neuron_4059_count,0.14610827963120804,0.015439814973357502,0.05707565769441025,0.12009495219584074,0.2813835417318607,0.08153029040614918,0.041473120429313184,0.11342974134833236,0.14744686215462302,0.2671838125602709
neuron_4060_count,0.11587595397099867,0.002669845378308073,0.03019443254524702,0.16030701116846802,0.26873689201858153,0.08779222692680069,0.06876341661471588,0.0798035521575719,0.07095014052995727,0.25452144985396263
neuron_4061_count,0.08880612423351436,0.005462664840788695,0.037375549106766576,0.08562830491696641,0.2691842893260117,0.07680217146052623,0.032299406877188214,0.07874853250992678,0.0819288384749022,0.2091397619401474
neuron_4062_count,0.09251052297278876,0.014067490747121075,0.044928499039237096,0.0840758992754827,0.2001684725528154,0.043491564796351107,0.02487338957425947,0.07370431792470336,0.03920891639234904,0.18104014777756317
neuron_4063_count,0.03685692237362492,0.008757738744437416,0.015879493175520162,0.08213910076854797,0.19432001315449524,0.0673837727569924,0.022961794789774698,0.04688389403249921,0.05657396578247831,0.13602676447203438
neuron_4064_count,0.1164506024297362,0.010298534372507787,0.0259825423479961,0.10256470944421192,0.22713829691540255,0.07440037751642209,0.03174977411675102,0.10745795803131436,0.07914947191700793,0.24092250198213158
neuron_4065_count,0.09015945069019869,0.00973035354482666,0.010518496421928702,0.13650563987142586,0.21209369508574422,0.07160086382452463,0.02869668030340486,0.07512544871099486,0.06674906862508276,0.12238284836727684
neuron_4066_count,0.022920365898639078,0.005566638302468521,0.0055313967560536165,0.1021999944001383,0.17592462403004794,0.04873054668923188,0.013485559821924878,0.0744486936311837,0.0993024485473592,0.12298367214201722
neuron_4067_count,0.022983544410237353,0.0036407499236477056,0.003420672148801221,0.0786186056427789,0.15952220892563362,0.033359349375684855,0.018087272246026437,0.06236960310446224,0.08869074295873658,0.10544704146675449
neuron_4068_count,0.08922915966022571,0.018587329057408952,0.0015346086666118038,0.181382002830562,0.2541506489686145,0.06441992068562247,0.018896845435761415,0.08037687710035063,0.12147310420958934,0.15519753433294775
neuron_4069_count,0.07237490188016654,0.011615679789968053,0.008205135542692359,0.17027928156151534,0.21905649316854298,0.05125164548693889,0.01178761306281289,0.07796253290199492,0.18773393212802691,0.1454028567385412
neuron_4070_count,0.03571557892480842,0.01056195224267456,0.011691525705034053,0.037369242023451904,0.12189381968846466,0.013706663557408447,0.021015850839171693,0.033861750094728554,0.04359517788540937,0.07915424466845966
neuron_4071_count,0.08107458467207723,0.019138666957160197,0.02008396893266852,0.21919266735854104,0.21404343610121812,0.06774286172710167,0.017739380175513055,0.05836050448246233,0.1331272800752634,0.11397657422906848
neuron_4072_count,0.05923609704478208,0.022336159603819183,0.013882695945638096,0.1373335027659477,0.15993501990761907,0.04697822532460952,0.005358650823021062,0.0972023042649808,0.058406238899093244,0.11128820262083364
neuron_4073_count,0.0314785641472548,0.008311984446265824,0.017073421833966256,0.1161162046761964,0.187039235375686,0.04744893365336389,0.03224240993295736,0.07410000052409743,0.09944285406042386,0.12406297392918361
neuron_4074_count,0.038408817712561744,0.02803838152726719,0.005205985537395139,0.09066367461469058,0.12220382507900038,0.029381532877938293,0.022304853509524172,0.041566987528379895,0.048251924363803045,0.08650065586692438
neuron_4075_count,0.04242030026500665,0.16028938605931126,0.010474139276721854,0.15268979209440584,0.07623881112048767,0.05298646227805706,0.07149298846175212,0.0559350030190795,0.04141776722642315,0.0567290749846229
neuron_4076_count,0.05381899716534799,0.0605354846087324,0.01612146318595617,0.23967722070374187,0.1438659309657838,0.05555079125512652,0.025138550458322806,0.04392661012552096,0.0728500623372535,0.09036205987812287
neuron_4077_count,0.033227080389616026,0.024126932231662068,0.02934299576486456,0.15633383432412062,0.07823328408926641,0.06765511727572737,0.004956108496529103,0.07278064852181959,0.0654198479157353,0.06593090106979138
neuron_4078_count,0.0185427483585306,0.04543556589198791,0.027606146304465843,0.13527852663594714,0.06722020103986373,0.034337681653771435,0.009665238893701762,0.04560084891305227,0.057577852162188414,0.03616749281140351
neuron_4079_count,0.03338732980290182,0.2675138431440377,0.00852391067771275,0.14713165363495265,0.017285286616882806,0.037761611961669245,0.07315245177561926,0.044626439100733356,0.05085202234279548,0.039926184895503675
neuron_4080_count,0.040245304377060115,0.20893653485633915,0.01844335930374827,0.1375870012193324,0.07737695727110047,0.025822907369863896,0.05013036962639997,0.0615555054114883,0.04022355628501342,0.04672034331141062
neuron_4081_count,0.001657199753651202,0.019137515258782725,0.011086821411845419,0.03856404594566046,0.026262003414511,0.014266918841383938,0.0069228973673104155,0.03439443316057911,0.05025670234179416,0.0135719123659431
neuron_4082_count,0.02483579565145899,0.15390753689280554,0.0019550917112240267,0.10249384261923383,0.0168532129778889,0.03965593200505335,0.028396962666304378,0.06217170210567008,0.05046608886149201,0.028713461857539577
neuron_4083_count,0.021720625740353425,0.12294783844063112,0.0013170204561214378,0.10668680734425512,0.03500676774786632,0.02574893957611067,0.016079589093968574,0.05243182996026423,0.04373140946357704,0.02742496815590932
neuron_4084_count,0.010815195156001794,0.14167194724065457,0.011120333639280403,0.11631482156913961,0.009213734782240954,0.04345180659424938,0.02495692783710725,0.03093271868531494,0.09114810331213552,0.009304306718768605
neuron_4085_count,0.012958820915159722,0.12018106984835311,0.01260278953504161,0.12460840012708174,0.02189618831722108,0.03209125121942849,0.02129298027419886,0.05724152694023242,0.029162847765064476,0.043769534806853055
neuron_4086_count,0.01232462395786181,0.07121968133719922,0.03312271158163069,0.14126457877958448,0.013090499395711927,0.04321611616262869,0.01707640825566469,0.05439546099805073,0.08418830479958372,0.0124713788773428
neuron_4087_count,0.05370233284957182,0.2660984166575629,0.009081722699953783,0.2021245742568909,0.0377806125354804,0.03832217881289829,0.07362003363529421,0.12217766246862419,0.02519240679313925,0.05141453858465034
neuron_4088_count,0.0019914894339675034,0.058246944557911184,0.013297794007025382,0.0015519634533711704,0.0308366578759887,0.006611069264789861,0.001972950114526858,0.0038149884782383986,0.023428833495653972,0.02123826001683471
neuron_4089_count,0.011990922248042483,0.04876606565150314,0.013411906348388777,0.022822875988596322,0.005317621768650457,0.019460257905389647,0.0004616752913912635,0.035538507843389175,0.013421089541632195,0.012319504525496856
neuron_4090_count,0.05305121047300379,0.1700014261493346,0.02349270230142153,0.12076104341228436,0.06361083930314834,0.02730626418921732,0.05349439808587239,0.10733684189632273,0.018238049773259504,0.06466839491136431
neuron_4091_count,0.013336982259307517,0.11384810409674016,0.03427245667857809,0.029980687207495513,0.004338758565021368,0.018929622347690377,0.026050227082811267,0.05854953388768368,0.003842343405468006,0.028397372030728354
neuron_4092_count,0.026634373353186233,0.1899296055341034,0.050772856072351685,0.07871904090503304,0.014827782529044903,0.021148509574943408,0.058785575838352006,0.11413423010865359,0.0023824495025986728,0.036930557439107656
neuron_4093_count,0.025014977295413382,0.11491371924691333,0.04495636086361847,0.013574203534373552,0.000257784131938469,0.0027729737194629508,0.00581507657785026,0.06586665514440287,0.006570977885254375,0.00970192821905725
neuron_4094_count,0.08530472859272364,0.21810933637525814,0.019512189723837933,0.022681505847019515,0.0008169840406596802,0.0036863805264946503,0.04629200299033759,0.012098911259215736,0.010127798626429763,0.00248635172646207
neuron_4095_count,0.018572295940776723,0.08635387280227073,0.07678940680551405,0.00330884980827488,0.001478866057763626,0.0028645987842691387,0.002283332620389789,0.045899024965693355,0.0005616142536154275,0.005133044398564629
