,0
neuron_0_count,0.46005659495262713
neuron_1_count,0.532097811331999
neuron_2_count,0.6272803401205449
neuron_3_count,0.29644243360278677
neuron_4_count,0.319855485996137
neuron_5_count,0.40374191668757325
neuron_6_count,0.3139832839495111
neuron_7_count,0.449474256733985
neuron_8_count,0.7684172154825092
neuron_9_count,0.8117536753382816
neuron_10_count,0.7625596027990107
neuron_11_count,0.7548272009676275
neuron_12_count,0.29874840797168545
neuron_13_count,0.5268529971797419
neuron_14_count,0.5685455577826773
neuron_15_count,0.3766678894642114
neuron_16_count,0.2671085503932779
neuron_17_count,0.20451371447537484
neuron_18_count,0.5424439800469887
neuron_19_count,0.3587481648777
neuron_20_count,0.3714223668611299
neuron_21_count,0.262806589805367
neuron_22_count,0.1958612653797448
neuron_23_count,0.32710470160937627
neuron_24_count,0.23401388253532018
neuron_25_count,0.28077075342857816
neuron_26_count,0.20892118405816357
neuron_27_count,0.2318636210044311
neuron_28_count,0.2286485705217351
neuron_29_count,0.24879483592200002
neuron_30_count,0.3882106647660801
neuron_31_count,0.2407528417432249
neuron_32_count,0.1925337248900288
neuron_33_count,0.35414929532037337
neuron_34_count,0.2975785221053183
neuron_35_count,0.2638301513393886
neuron_36_count,0.21869561084383576
neuron_37_count,0.28771362926963717
neuron_38_count,0.25039406087516874
neuron_39_count,0.39700441871939546
neuron_40_count,0.30573085055702753
neuron_41_count,0.27953785418581206
neuron_42_count,0.25630914451520126
neuron_43_count,0.38639500666407384
neuron_44_count,0.2890912490720132
neuron_45_count,0.2901161787065181
neuron_46_count,0.273726911343915
neuron_47_count,0.09506495142640131
neuron_48_count,0.40359848522786845
neuron_49_count,0.1881508455813625
neuron_50_count,0.3784674737855316
neuron_51_count,0.26935908123533514
neuron_52_count,0.2609974263709896
neuron_53_count,0.10266133142245394
neuron_54_count,0.19075875376993995
neuron_55_count,0.12510286298703577
neuron_56_count,0.1366865137944148
neuron_57_count,0.07593880803638307
neuron_58_count,0.1616280161270894
neuron_59_count,0.057165459438099905
neuron_60_count,0.031640817666639454
neuron_61_count,0.027700206132997077
neuron_62_count,0.048476564667352146
neuron_63_count,0.14814105537808256
neuron_64_count,0.5300442378187257
neuron_65_count,0.47185710241402756
neuron_66_count,0.3465692542449539
neuron_67_count,0.392390574729806
neuron_68_count,0.354347415987483
neuron_69_count,0.4592496682805261
neuron_70_count,0.5834940853169789
neuron_71_count,0.3239853633193571
neuron_72_count,0.47542575346150784
neuron_73_count,1.0049359731883263
neuron_74_count,0.7879199479798885
neuron_75_count,0.7181119856007708
neuron_76_count,0.54546164631645
neuron_77_count,0.3843408502212095
neuron_78_count,0.4261520250856636
neuron_79_count,0.4074947387383985
neuron_80_count,0.7038232157971669
neuron_81_count,0.40813363361112254
neuron_82_count,0.3511432658339543
neuron_83_count,0.31402499515179977
neuron_84_count,0.6070927545595484
neuron_85_count,0.1414357657642466
neuron_86_count,0.25197524575286334
neuron_87_count,0.3338222161647264
neuron_88_count,0.43892611776719936
neuron_89_count,0.3376366152719352
neuron_90_count,0.28671273616420834
neuron_91_count,0.28808263965055075
neuron_92_count,0.27238247205977617
neuron_93_count,0.3410915675773338
neuron_94_count,0.3353821907294387
neuron_95_count,0.4114596649799473
neuron_96_count,0.2516971981827406
neuron_97_count,0.40623766608412565
neuron_98_count,0.19163063910400768
neuron_99_count,0.2363403451790182
neuron_100_count,0.4174659049752586
neuron_101_count,0.36106936311406024
neuron_102_count,0.3228454289229225
neuron_103_count,0.28036399409968915
neuron_104_count,0.3516662831937562
neuron_105_count,0.26900131865655924
neuron_106_count,0.2867349171831146
neuron_107_count,0.15951759134527102
neuron_108_count,0.193180659704149
neuron_109_count,0.3334643975589129
neuron_110_count,0.2919674437628915
neuron_111_count,0.27526560090814767
neuron_112_count,0.2453911484396149
neuron_113_count,0.18896349402887785
neuron_114_count,0.25750477835246066
neuron_115_count,0.09177112979248905
neuron_116_count,0.13436201574463985
neuron_117_count,0.09048603072860183
neuron_118_count,0.12559318621862023
neuron_119_count,0.06069875141280527
neuron_120_count,0.1787540886294267
neuron_121_count,0.08978754453910076
neuron_122_count,0.11674579305893937
neuron_123_count,0.06529935894583691
neuron_124_count,0.11563248612491539
neuron_125_count,0.16995455128964906
neuron_126_count,0.059280898275520716
neuron_127_count,0.12194938191146426
neuron_128_count,0.48212624684660144
neuron_129_count,0.6174143609179372
neuron_130_count,0.5891480605243646
neuron_131_count,0.37143760118993163
neuron_132_count,0.37373079890830885
neuron_133_count,0.8079389959585958
neuron_134_count,0.7979559912069704
neuron_135_count,0.86571854690952
neuron_136_count,0.489069052214175
neuron_137_count,0.7769271816006579
neuron_138_count,0.7050804314213606
neuron_139_count,0.5155379694975821
neuron_140_count,0.5920565510977975
neuron_141_count,0.7344032406555496
neuron_142_count,0.4751131060066617
neuron_143_count,0.514958798576348
neuron_144_count,0.33243157618787145
neuron_145_count,0.4286950441738425
neuron_146_count,0.3421534327559739
neuron_147_count,0.491198479273433
neuron_148_count,0.0835403922507951
neuron_149_count,0.3085048727457715
neuron_150_count,0.3446807709922737
neuron_151_count,0.32596778710869323
neuron_152_count,0.24544373063371078
neuron_153_count,0.2468229201227049
neuron_154_count,0.2839268646078492
neuron_155_count,0.2528784798287368
neuron_156_count,0.2464902908738988
neuron_157_count,0.34475728758518864
neuron_158_count,0.20400565136684665
neuron_159_count,0.434247159205137
neuron_160_count,0.3572747794677354
neuron_161_count,0.20417243084931846
neuron_162_count,0.4043586934693597
neuron_163_count,0.3467737414603
neuron_164_count,0.43117786026093374
neuron_165_count,0.38066462282591584
neuron_166_count,0.18238676577650315
neuron_167_count,0.34612568141875594
neuron_168_count,0.254514797032934
neuron_169_count,0.37043995006489017
neuron_170_count,0.25257711068699495
neuron_171_count,0.2992228682689628
neuron_172_count,0.14796624258089836
neuron_173_count,0.10995989104367992
neuron_174_count,0.17357049943654254
neuron_175_count,0.14661951707969093
neuron_176_count,0.14144686711446486
neuron_177_count,0.0657360875489108
neuron_178_count,0.10860856014219528
neuron_179_count,0.0375592946597712
neuron_180_count,0.1338697363974254
neuron_181_count,0.12464918817613949
neuron_182_count,0.10237438294765788
neuron_183_count,0.0822919208812668
neuron_184_count,0.09261405817978458
neuron_185_count,0.18153380705627375
neuron_186_count,0.17013757947797523
neuron_187_count,0.10713282321101891
neuron_188_count,0.1187137616165091
neuron_189_count,0.044730908846320694
neuron_190_count,0.12075106722855937
neuron_191_count,0.05663949190478666
neuron_192_count,0.6816275651881017
neuron_193_count,0.6929342766884503
neuron_194_count,0.4806028238002254
neuron_195_count,0.4664589099708493
neuron_196_count,0.6089360924013806
neuron_197_count,0.6174295372730643
neuron_198_count,0.45194088444857633
neuron_199_count,0.6211512783600909
neuron_200_count,1.0519802695869793
neuron_201_count,0.8836079906304178
neuron_202_count,0.9838378556254472
neuron_203_count,0.7238372164532114
neuron_204_count,0.5933544960484881
neuron_205_count,0.4586164907239
neuron_206_count,0.6498886284455134
neuron_207_count,0.6940842863451151
neuron_208_count,0.5141670320783194
neuron_209_count,0.708043929555608
neuron_210_count,0.4273585124252234
neuron_211_count,0.6531588197124214
neuron_212_count,0.34781426953230965
neuron_213_count,0.3332605463593653
neuron_214_count,0.511541550232336
neuron_215_count,0.2922976421820588
neuron_216_count,0.26321987122873386
neuron_217_count,0.2023724414840021
neuron_218_count,0.19753000804146395
neuron_219_count,0.24550094459005356
neuron_220_count,0.1999280292158493
neuron_221_count,0.30318021566030556
neuron_222_count,0.3436816563001952
neuron_223_count,0.3418252845277247
neuron_224_count,0.24438412810639548
neuron_225_count,0.38017375274207704
neuron_226_count,0.39022612166972415
neuron_227_count,0.4126672849528659
neuron_228_count,0.29968973230689294
neuron_229_count,0.3376171320611944
neuron_230_count,0.44354834088498646
neuron_231_count,0.35743518032936045
neuron_232_count,0.39137723663934376
neuron_233_count,0.27305385313674524
neuron_234_count,0.2985381450397828
neuron_235_count,0.15700879512160695
neuron_236_count,0.22055690011407636
neuron_237_count,0.17551804164877532
neuron_238_count,0.2713313970618696
neuron_239_count,0.18461921626695796
neuron_240_count,0.2370207630329959
neuron_241_count,0.15013610963422586
neuron_242_count,0.2712346576228732
neuron_243_count,0.2713367427768338
neuron_244_count,0.2507308433008064
neuron_245_count,0.09984990400587351
neuron_246_count,0.17011057086196782
neuron_247_count,0.19271181527362757
neuron_248_count,0.10586699111064196
neuron_249_count,0.06033891254246948
neuron_250_count,0.11839070602791649
neuron_251_count,0.1628710841033166
neuron_252_count,0.1624567904878643
neuron_253_count,0.14014403498011538
neuron_254_count,0.131644728205054
neuron_255_count,0.12645491616272664
neuron_256_count,0.4895968795223929
neuron_257_count,0.4100309088502142
neuron_258_count,0.4176012261253579
neuron_259_count,0.9355405923725879
neuron_260_count,0.4219556370450767
neuron_261_count,0.9538648218633774
neuron_262_count,0.8746429585914318
neuron_263_count,1.0708945907979572
neuron_264_count,0.7491630813241574
neuron_265_count,0.9349812346180879
neuron_266_count,0.8257754823802821
neuron_267_count,0.8156066878026687
neuron_268_count,0.5916790763338752
neuron_269_count,0.24081109612156862
neuron_270_count,0.51063501411589
neuron_271_count,0.5624080447884482
neuron_272_count,0.6774911867978168
neuron_273_count,0.44397049001561184
neuron_274_count,0.6068531861557833
neuron_275_count,0.6404114626734116
neuron_276_count,0.4496474637881578
neuron_277_count,0.35390752532894787
neuron_278_count,0.5508409202088367
neuron_279_count,0.30795059310086326
neuron_280_count,0.3079781509008543
neuron_281_count,0.38895101089337275
neuron_282_count,0.25475795297816517
neuron_283_count,0.3197551142456268
neuron_284_count,0.30067610220527385
neuron_285_count,0.1310074828524606
neuron_286_count,0.35419729696075075
neuron_287_count,0.3594685641784907
neuron_288_count,0.30279305484227936
neuron_289_count,0.27760553200380667
neuron_290_count,0.3757911047673911
neuron_291_count,0.3342148505871607
neuron_292_count,0.31187583862424073
neuron_293_count,0.04722549137196649
neuron_294_count,0.3044530620743864
neuron_295_count,0.35226466872912604
neuron_296_count,0.24874929912195556
neuron_297_count,0.43208120540637834
neuron_298_count,0.19569062097526868
neuron_299_count,0.240193860093125
neuron_300_count,0.2118602268020801
neuron_301_count,0.24164417506224004
neuron_302_count,0.15618913977930374
neuron_303_count,0.08267470654804839
neuron_304_count,0.16528509995226645
neuron_305_count,0.13411343197062528
neuron_306_count,0.15294580565386756
neuron_307_count,0.14162543914670678
neuron_308_count,0.06911242131500964
neuron_309_count,0.10540710958300048
neuron_310_count,0.10070411671934013
neuron_311_count,0.104741127571467
neuron_312_count,0.07025098265694735
neuron_313_count,0.04059557586613209
neuron_314_count,0.12828873981144492
neuron_315_count,0.07469695157340973
neuron_316_count,0.1503644775703308
neuron_317_count,0.16487773400393446
neuron_318_count,0.1441123957580082
neuron_319_count,0.18571374124518783
neuron_320_count,0.44837954617351566
neuron_321_count,0.49834614483261114
neuron_322_count,0.7445392267702087
neuron_323_count,0.5486856125202364
neuron_324_count,0.8009005029541274
neuron_325_count,1.1094090779477315
neuron_326_count,1.0341440116254077
neuron_327_count,0.8917152533496362
neuron_328_count,1.0599212838713397
neuron_329_count,0.8497286310602787
neuron_330_count,0.9489872293959896
neuron_331_count,0.8879390039347452
neuron_332_count,0.852945565819698
neuron_333_count,0.5819402243718759
neuron_334_count,0.6998069987053669
neuron_335_count,0.4668892006270523
neuron_336_count,0.41330411526840677
neuron_337_count,0.6163800757304336
neuron_338_count,0.6913267219470806
neuron_339_count,0.6367450048170713
neuron_340_count,0.604595433464097
neuron_341_count,0.6210737315068016
neuron_342_count,0.4846463000576317
neuron_343_count,0.3148473242863128
neuron_344_count,0.522711681121726
neuron_345_count,0.14594476712704607
neuron_346_count,0.4449434272930765
neuron_347_count,0.4848024677104589
neuron_348_count,0.3213903815725849
neuron_349_count,0.2784198909697446
neuron_350_count,0.21470745496772078
neuron_351_count,0.37049817048828637
neuron_352_count,0.26268974463986766
neuron_353_count,0.379687870761071
neuron_354_count,0.21980542250624852
neuron_355_count,0.29882753334500134
neuron_356_count,0.20483518170690657
neuron_357_count,0.2806325361631349
neuron_358_count,0.34480814604165055
neuron_359_count,0.34797500394651215
neuron_360_count,0.30714341714080784
neuron_361_count,0.2637247541335056
neuron_362_count,0.2110398302414334
neuron_363_count,0.3335932177629799
neuron_364_count,0.1343323145273465
neuron_365_count,0.2494902595487975
neuron_366_count,0.3274128407698968
neuron_367_count,0.24532649338113638
neuron_368_count,0.23357499756015618
neuron_369_count,0.14527523994970853
neuron_370_count,0.15857576090077868
neuron_371_count,0.16868309822516936
neuron_372_count,0.14991812883448535
neuron_373_count,0.1093965550133913
neuron_374_count,0.13604905539107376
neuron_375_count,0.10179231718435072
neuron_376_count,0.17918846335838184
neuron_377_count,0.10783935424941542
neuron_378_count,0.129391364873719
neuron_379_count,0.04998930325371778
neuron_380_count,0.03723670703034064
neuron_381_count,0.09169344494432202
neuron_382_count,0.14481004192391944
neuron_383_count,0.12965475057461717
neuron_384_count,0.5528543177020246
neuron_385_count,0.6988579374679319
neuron_386_count,0.42737396127970667
neuron_387_count,0.9029384249445241
neuron_388_count,0.5714099033815209
neuron_389_count,0.8761904699978575
neuron_390_count,1.0483197384403442
neuron_391_count,0.9687784003402989
neuron_392_count,0.89660800232281
neuron_393_count,0.988597627078331
neuron_394_count,0.6846368604434403
neuron_395_count,0.8756304015253842
neuron_396_count,0.5858090712876926
neuron_397_count,0.4556035266892559
neuron_398_count,0.6819940688773507
neuron_399_count,0.4714308059933619
neuron_400_count,0.619138596146068
neuron_401_count,0.48470048487013806
neuron_402_count,0.6704934301976334
neuron_403_count,0.3625811601374053
neuron_404_count,0.4274341541493626
neuron_405_count,0.36419733078393457
neuron_406_count,0.31681918408923804
neuron_407_count,0.4042676051569016
neuron_408_count,0.2579723170211452
neuron_409_count,0.4804192025668814
neuron_410_count,0.46314210401260336
neuron_411_count,0.3571969917697548
neuron_412_count,0.3667751256262075
neuron_413_count,0.42382982376434447
neuron_414_count,0.30502423866559664
neuron_415_count,0.32075247788228534
neuron_416_count,0.32911533876351484
neuron_417_count,0.3516753786412741
neuron_418_count,0.36133521849385475
neuron_419_count,0.33555614107212595
neuron_420_count,0.21932004339183403
neuron_421_count,0.333107771588411
neuron_422_count,0.2731540375119784
neuron_423_count,0.32009341557354715
neuron_424_count,0.30833592114319847
neuron_425_count,0.3267214087466296
neuron_426_count,0.158679539377442
neuron_427_count,0.4320326087295976
neuron_428_count,0.10252945977195123
neuron_429_count,0.15073121774794665
neuron_430_count,0.23842855792604337
neuron_431_count,0.0631718514208502
neuron_432_count,0.1571960986605876
neuron_433_count,0.14058559231377105
neuron_434_count,0.225617482010246
neuron_435_count,0.09435368284311285
neuron_436_count,0.04810267374098491
neuron_437_count,0.07516479730259902
neuron_438_count,0.11191108889230712
neuron_439_count,0.09112110439261911
neuron_440_count,0.06576389478665964
neuron_441_count,0.06650815852044184
neuron_442_count,0.10999029040795112
neuron_443_count,0.10016071158421408
neuron_444_count,0.14888792351806585
neuron_445_count,0.09780480278791048
neuron_446_count,0.1185812559111141
neuron_447_count,0.06253161283281486
neuron_448_count,0.5216237903589881
neuron_449_count,0.5353949387738743
neuron_450_count,0.7417983709656081
neuron_451_count,1.2431298206333272
neuron_452_count,1.1091957118111493
neuron_453_count,1.2990307042592253
neuron_454_count,0.8120282812799459
neuron_455_count,1.024972152621162
neuron_456_count,1.2828815883998987
neuron_457_count,0.9109294864458377
neuron_458_count,0.6963623074204971
neuron_459_count,0.753829105692368
neuron_460_count,0.7640243547184561
neuron_461_count,0.6516471916336423
neuron_462_count,0.5431343957960816
neuron_463_count,0.7105240535219101
neuron_464_count,0.4742730614781124
neuron_465_count,0.6166870023137458
neuron_466_count,0.5790180234904011
neuron_467_count,0.5263222300697649
neuron_468_count,0.593738753970075
neuron_469_count,0.35711096254912844
neuron_470_count,0.41488654000695446
neuron_471_count,0.2764507641552756
neuron_472_count,0.38994473456051093
neuron_473_count,0.3585813099553402
neuron_474_count,0.278576242128169
neuron_475_count,0.32499596108390844
neuron_476_count,0.3808920184597959
neuron_477_count,0.2958912200766291
neuron_478_count,0.25215343272732016
neuron_479_count,0.3551820419266113
neuron_480_count,0.33736867350444233
neuron_481_count,0.2977137304717168
neuron_482_count,0.2965680310614123
neuron_483_count,0.29379840546701796
neuron_484_count,0.2964210292296889
neuron_485_count,0.43534392591559246
neuron_486_count,0.28570770288604086
neuron_487_count,0.3144269562045976
neuron_488_count,0.31378578760798725
neuron_489_count,0.34873116615263544
neuron_490_count,0.21963597413416786
neuron_491_count,0.4032854964115601
neuron_492_count,0.2300477160218189
neuron_493_count,0.15955938934663544
neuron_494_count,0.2149781793514459
neuron_495_count,0.21738594582075277
neuron_496_count,0.08204087487618535
neuron_497_count,0.12997279941005396
neuron_498_count,0.13702258911557957
neuron_499_count,0.22615765169473664
neuron_500_count,0.08730512136470238
neuron_501_count,0.10813350542819287
neuron_502_count,0.10819274247187372
neuron_503_count,0.09996325994348818
neuron_504_count,0.16777478297002607
neuron_505_count,0.0769242860391736
neuron_506_count,0.08581565509461439
neuron_507_count,0.14451819621896347
neuron_508_count,0.09540018529954211
neuron_509_count,0.07938173805317439
neuron_510_count,0.12567275359296146
neuron_511_count,0.11447528179181932
neuron_512_count,0.38113236279535356
neuron_513_count,0.7750581134899207
neuron_514_count,0.6058463513154251
neuron_515_count,0.7766362453855334
neuron_516_count,0.8491448036681897
neuron_517_count,1.080821124085618
neuron_518_count,0.9882666811126839
neuron_519_count,0.8527396481353933
neuron_520_count,0.608666792237615
neuron_521_count,0.964699223711685
neuron_522_count,0.6952015945939425
neuron_523_count,0.8401355913028027
neuron_524_count,0.9532651908044506
neuron_525_count,0.7776014696153416
neuron_526_count,0.6052977129040008
neuron_527_count,0.7879881545389474
neuron_528_count,0.6030524099542408
neuron_529_count,0.9767638405443418
neuron_530_count,0.6456234030623029
neuron_531_count,0.4486232106479059
neuron_532_count,0.44991768802288035
neuron_533_count,0.7390511372765951
neuron_534_count,0.3925980038877117
neuron_535_count,0.35384280757348346
neuron_536_count,0.674991343249312
neuron_537_count,0.2502762004876286
neuron_538_count,0.26589775557981465
neuron_539_count,0.3699956201101515
neuron_540_count,0.3090682965225822
neuron_541_count,0.2921709794097594
neuron_542_count,0.2820267004360909
neuron_543_count,0.3075482045856479
neuron_544_count,0.36472052863481547
neuron_545_count,0.28282090276290345
neuron_546_count,0.3402784742013021
neuron_547_count,0.2973828874596038
neuron_548_count,0.339102720063005
neuron_549_count,0.2697500698749223
neuron_550_count,0.2761080583612175
neuron_551_count,0.30104952793078776
neuron_552_count,0.29615204008193996
neuron_553_count,0.297861725094072
neuron_554_count,0.3531275546022029
neuron_555_count,0.15773249766673167
neuron_556_count,0.17408318664208966
neuron_557_count,0.1727947359976714
neuron_558_count,0.27385070169990894
neuron_559_count,0.19540249582143251
neuron_560_count,0.20977205190728343
neuron_561_count,0.1990216093854956
neuron_562_count,0.11058258021695394
neuron_563_count,0.16741548431132264
neuron_564_count,0.08955242357039549
neuron_565_count,0.11547833191919864
neuron_566_count,0.17783345266524975
neuron_567_count,0.15689513254910561
neuron_568_count,0.14861487898330059
neuron_569_count,0.05425541628182211
neuron_570_count,0.0700494398118863
neuron_571_count,0.06603392988539841
neuron_572_count,0.18203113082519523
neuron_573_count,0.04981331749588162
neuron_574_count,0.1340594727613148
neuron_575_count,0.14994702526863654
neuron_576_count,0.38529717204475467
neuron_577_count,0.7154763116920082
neuron_578_count,1.2671895083835132
neuron_579_count,0.9046043005156251
neuron_580_count,1.180208760172059
neuron_581_count,1.1838494230296852
neuron_582_count,0.8856699199054618
neuron_583_count,1.1655625908850653
neuron_584_count,0.8409932473229529
neuron_585_count,0.9014138339204292
neuron_586_count,0.6492366834941957
neuron_587_count,0.8576936698415901
neuron_588_count,0.837443234454347
neuron_589_count,0.6815174863059645
neuron_590_count,0.6847978489634726
neuron_591_count,0.9501301815099481
neuron_592_count,0.6887822070763154
neuron_593_count,0.6802479864652259
neuron_594_count,0.7806095348775928
neuron_595_count,0.5764647519044495
neuron_596_count,0.7797314987636641
neuron_597_count,0.6485415314152431
neuron_598_count,0.8754159403986994
neuron_599_count,0.7345934128515532
neuron_600_count,0.338834839654909
neuron_601_count,0.4980839455172629
neuron_602_count,0.37172927664501976
neuron_603_count,0.46980601877033473
neuron_604_count,0.4618243142611247
neuron_605_count,0.302660678215415
neuron_606_count,0.3306875964760987
neuron_607_count,0.3497728821833607
neuron_608_count,0.28951152772038424
neuron_609_count,0.32756907893954407
neuron_610_count,0.3572683161787659
neuron_611_count,0.2834823734954547
neuron_612_count,0.28537180626585745
neuron_613_count,0.3395312138062151
neuron_614_count,0.346007195932944
neuron_615_count,0.18821744272926558
neuron_616_count,0.3059545836243023
neuron_617_count,0.2811679347100979
neuron_618_count,0.22968447053948735
neuron_619_count,0.27218128744620035
neuron_620_count,0.24058205207252373
neuron_621_count,0.10369195581575537
neuron_622_count,0.18349163549145536
neuron_623_count,0.18662339149676566
neuron_624_count,0.14709123361040188
neuron_625_count,0.09735322296928539
neuron_626_count,0.11046089467751465
neuron_627_count,0.13562214058504934
neuron_628_count,0.180654132214384
neuron_629_count,0.171612690818083
neuron_630_count,0.1077004189951461
neuron_631_count,0.10339900536579094
neuron_632_count,0.12600829966314114
neuron_633_count,0.10540616682098589
neuron_634_count,0.13034835586225407
neuron_635_count,0.06857369561150849
neuron_636_count,0.06764403708481073
neuron_637_count,0.08088369523758422
neuron_638_count,0.1853537332828991
neuron_639_count,0.2517001947729273
neuron_640_count,0.6599100821740933
neuron_641_count,0.8824549733604016
neuron_642_count,1.3582248377516235
neuron_643_count,1.0300986337837845
neuron_644_count,1.215297670889909
neuron_645_count,1.1971757603629603
neuron_646_count,1.2839587663496441
neuron_647_count,0.46868321257726575
neuron_648_count,1.2903148285235009
neuron_649_count,0.8986537265431216
neuron_650_count,1.2155663419945713
neuron_651_count,0.7383817820957848
neuron_652_count,1.0596069403618824
neuron_653_count,0.8119559261537551
neuron_654_count,0.8467687027139269
neuron_655_count,0.5575612348048904
neuron_656_count,0.9378100443847581
neuron_657_count,0.7765555207611963
neuron_658_count,0.7140688653507373
neuron_659_count,0.41209748154892556
neuron_660_count,0.6902665994554622
neuron_661_count,0.675702307707538
neuron_662_count,0.44820282023937214
neuron_663_count,0.5264955004069207
neuron_664_count,0.466153948947022
neuron_665_count,0.5831495593935565
neuron_666_count,0.5161182980423105
neuron_667_count,0.31268726492983434
neuron_668_count,0.4042973069854828
neuron_669_count,0.28609171726156635
neuron_670_count,0.4741584169489167
neuron_671_count,0.2288767253732431
neuron_672_count,0.3113946482354153
neuron_673_count,0.4332248580873455
neuron_674_count,0.28701635384965596
neuron_675_count,0.3198845777645178
neuron_676_count,0.28493436373156367
neuron_677_count,0.221137808999323
neuron_678_count,0.35914955357563694
neuron_679_count,0.33332358207024443
neuron_680_count,0.36866418706746235
neuron_681_count,0.34699090902704355
neuron_682_count,0.3302873504864603
neuron_683_count,0.3387200757107574
neuron_684_count,0.2587835325174357
neuron_685_count,0.22477762341764723
neuron_686_count,0.18586821679222948
neuron_687_count,0.16229945633620027
neuron_688_count,0.1026874474599403
neuron_689_count,0.12064394961703676
neuron_690_count,0.10415450969777702
neuron_691_count,0.11684168131878692
neuron_692_count,0.09642236763987094
neuron_693_count,0.09415450663465237
neuron_694_count,0.11671552529444157
neuron_695_count,0.045496600212843824
neuron_696_count,0.030539243143152338
neuron_697_count,0.08507506094787874
neuron_698_count,0.08093692571722846
neuron_699_count,0.12004022817693363
neuron_700_count,0.22065815488224477
neuron_701_count,0.156956156164628
neuron_702_count,0.16671125508415474
neuron_703_count,0.22537079508789304
neuron_704_count,0.556692435127953
neuron_705_count,0.8074378760040846
neuron_706_count,1.229073112977747
neuron_707_count,1.1516494860801907
neuron_708_count,1.235564048376631
neuron_709_count,0.958496451858534
neuron_710_count,1.2038921996430165
neuron_711_count,1.2785555534690232
neuron_712_count,1.073438505480444
neuron_713_count,1.178863388325805
neuron_714_count,1.0801262490454888
neuron_715_count,0.9642275237327081
neuron_716_count,0.9878302873235189
neuron_717_count,0.9611992967237288
neuron_718_count,0.9437361233005309
neuron_719_count,0.8931658235581931
neuron_720_count,0.7428000213247911
neuron_721_count,0.7616666669102135
neuron_722_count,0.7605428513596765
neuron_723_count,0.6032714971010604
neuron_724_count,0.7929343695759912
neuron_725_count,0.7881534069023273
neuron_726_count,0.7418625809916286
neuron_727_count,0.48963970438590965
neuron_728_count,0.5254163871131141
neuron_729_count,0.5238446248136048
neuron_730_count,0.25509389539403915
neuron_731_count,0.43518329125283517
neuron_732_count,0.27588747674747294
neuron_733_count,0.5004475026511718
neuron_734_count,0.3084438836908391
neuron_735_count,0.3261098005777991
neuron_736_count,0.31733961187422455
neuron_737_count,0.298390913138709
neuron_738_count,0.2916834737474759
neuron_739_count,0.26401421354829613
neuron_740_count,0.3601360342679011
neuron_741_count,0.2783377469306935
neuron_742_count,0.2202031909241606
neuron_743_count,0.2816779492824248
neuron_744_count,0.340452531383468
neuron_745_count,0.2634398202097189
neuron_746_count,0.2502256780881811
neuron_747_count,0.26777724183063
neuron_748_count,0.2593475958170649
neuron_749_count,0.29076131992337667
neuron_750_count,0.2171965395379034
neuron_751_count,0.18364302096786558
neuron_752_count,0.1981362061527344
neuron_753_count,0.13775662252776733
neuron_754_count,0.10692064112661451
neuron_755_count,0.08019228533985298
neuron_756_count,0.09212220742916938
neuron_757_count,0.10960757432037213
neuron_758_count,0.11541555228113759
neuron_759_count,0.10667941362612901
neuron_760_count,0.09161685416205062
neuron_761_count,0.17288018729430438
neuron_762_count,0.2632205797717553
neuron_763_count,0.21994558825744728
neuron_764_count,0.06139464822016669
neuron_765_count,0.2164445489395898
neuron_766_count,0.17593164982080822
neuron_767_count,0.057682722121026014
neuron_768_count,0.46619762691375916
neuron_769_count,1.2837308139764987
neuron_770_count,1.222680259623451
neuron_771_count,1.0858045270500722
neuron_772_count,1.3799844716322294
neuron_773_count,1.1090234177115554
neuron_774_count,1.1913226334536147
neuron_775_count,1.0222969754675941
neuron_776_count,1.1032170508627999
neuron_777_count,1.1550959643707086
neuron_778_count,1.1072010685910776
neuron_779_count,0.9527984639604984
neuron_780_count,0.4506584732587182
neuron_781_count,0.9041976871230867
neuron_782_count,1.0383162673329502
neuron_783_count,0.9743487317057362
neuron_784_count,0.7563434371902927
neuron_785_count,0.6342529694722929
neuron_786_count,0.6938961165208208
neuron_787_count,0.7772602522111374
neuron_788_count,0.7313221742618048
neuron_789_count,0.5269821987436479
neuron_790_count,0.6748921558753568
neuron_791_count,0.6288635416703418
neuron_792_count,0.6098516320676419
neuron_793_count,0.3702525933879057
neuron_794_count,0.5275230222566757
neuron_795_count,0.2799635405055342
neuron_796_count,0.2561216310968234
neuron_797_count,0.41404637908272446
neuron_798_count,0.29660244506662264
neuron_799_count,0.3161744765097372
neuron_800_count,0.19938482639016503
neuron_801_count,0.2976900442712347
neuron_802_count,0.2742411825189994
neuron_803_count,0.26611477137152917
neuron_804_count,0.253071320053044
neuron_805_count,0.30136355447539787
neuron_806_count,0.3571969581436737
neuron_807_count,0.27521512315542446
neuron_808_count,0.33835409644114167
neuron_809_count,0.3043949580333728
neuron_810_count,0.30737870426305347
neuron_811_count,0.28785178390858374
neuron_812_count,0.20054833352609439
neuron_813_count,0.18650766687840895
neuron_814_count,0.2208409143119383
neuron_815_count,0.2214487890496386
neuron_816_count,0.14964019312894178
neuron_817_count,0.1353398997266658
neuron_818_count,0.10879930248683704
neuron_819_count,0.14349074830846054
neuron_820_count,0.13367730247385337
neuron_821_count,0.11774291443038643
neuron_822_count,0.08434330824961728
neuron_823_count,0.08737634553084264
neuron_824_count,0.19742146255277268
neuron_825_count,0.40324067229181826
neuron_826_count,0.1994940335216318
neuron_827_count,0.24685663315016207
neuron_828_count,0.23583626455775547
neuron_829_count,0.21698316465982542
neuron_830_count,0.11893664398760048
neuron_831_count,0.18110527463033477
neuron_832_count,0.6431831104563839
neuron_833_count,0.5396991249323025
neuron_834_count,1.4440380316847352
neuron_835_count,1.2394991844131575
neuron_836_count,1.2910449561359907
neuron_837_count,1.428128941243963
neuron_838_count,1.3774144294767519
neuron_839_count,1.1871075023084576
neuron_840_count,1.1307607358544702
neuron_841_count,1.2753996195791393
neuron_842_count,0.7400398545361304
neuron_843_count,1.0954934427510437
neuron_844_count,0.948390996084488
neuron_845_count,1.0955780629657563
neuron_846_count,0.8122372559957641
neuron_847_count,0.6373493601669347
neuron_848_count,0.7214413517759002
neuron_849_count,0.659392891405479
neuron_850_count,0.8244996402338953
neuron_851_count,0.8094695861530958
neuron_852_count,0.637878009681323
neuron_853_count,0.8529103039146108
neuron_854_count,0.7696056089405258
neuron_855_count,0.6076664733977011
neuron_856_count,0.6526018770053097
neuron_857_count,0.7603746702288423
neuron_858_count,0.6013930232539894
neuron_859_count,0.5209924743098205
neuron_860_count,0.484173996179789
neuron_861_count,0.3673873992249617
neuron_862_count,0.3919535876085416
neuron_863_count,0.39337598866510043
neuron_864_count,0.2794645323653949
neuron_865_count,0.27820668840323803
neuron_866_count,0.1966975737405522
neuron_867_count,0.2352288867081373
neuron_868_count,0.3603973980249528
neuron_869_count,0.2315618500117011
neuron_870_count,0.27168281567851366
neuron_871_count,0.25253571077006337
neuron_872_count,0.23121430296301732
neuron_873_count,0.34704746484734195
neuron_874_count,0.38902974196148216
neuron_875_count,0.2562207767260045
neuron_876_count,0.23681131603394479
neuron_877_count,0.20378269647544348
neuron_878_count,0.26024211985865564
neuron_879_count,0.21621410084351572
neuron_880_count,0.2732108388718256
neuron_881_count,0.10299851545120986
neuron_882_count,0.2182898551296067
neuron_883_count,0.06296871021759318
neuron_884_count,0.14850684861454125
neuron_885_count,0.09048373837157853
neuron_886_count,0.11144852809087841
neuron_887_count,0.1453865565460114
neuron_888_count,0.24651774834361645
neuron_889_count,0.2563898092153724
neuron_890_count,0.2575462698745227
neuron_891_count,0.25799743683360343
neuron_892_count,0.20942605765679828
neuron_893_count,0.27694717895996973
neuron_894_count,0.2287974617200541
neuron_895_count,0.09433302876518908
neuron_896_count,0.7887271565970079
neuron_897_count,0.913627669235638
neuron_898_count,0.8197708600510346
neuron_899_count,1.380864325330639
neuron_900_count,1.3482709284453587
neuron_901_count,1.301645065704215
neuron_902_count,1.1373226437278727
neuron_903_count,0.826684554937373
neuron_904_count,1.1761028136561285
neuron_905_count,1.1039979964429039
neuron_906_count,1.199380794016793
neuron_907_count,1.049265035649649
neuron_908_count,0.9364601404364558
neuron_909_count,1.0135061793653384
neuron_910_count,0.9807689223655309
neuron_911_count,0.5566159314938033
neuron_912_count,0.7976846684706279
neuron_913_count,0.7226496946339305
neuron_914_count,0.9379526232512871
neuron_915_count,0.7300281730598537
neuron_916_count,1.0164470490416584
neuron_917_count,0.9368146689419607
neuron_918_count,0.8468598240317935
neuron_919_count,0.7658612821539457
neuron_920_count,0.6392358060524183
neuron_921_count,0.7048133714366223
neuron_922_count,0.6414122939331136
neuron_923_count,0.6452109302685739
neuron_924_count,0.46661914521774356
neuron_925_count,0.4901033914663467
neuron_926_count,0.39327767760670057
neuron_927_count,0.39106814406897406
neuron_928_count,0.2918571209188791
neuron_929_count,0.3365934773396325
neuron_930_count,0.24847621972224213
neuron_931_count,0.2207711118857904
neuron_932_count,0.2692716038463563
neuron_933_count,0.24767762813474906
neuron_934_count,0.2379839220502509
neuron_935_count,0.25579396292048834
neuron_936_count,0.20436915344791562
neuron_937_count,0.3082193219682171
neuron_938_count,0.2614019729478641
neuron_939_count,0.3316188758667852
neuron_940_count,0.18561773756430888
neuron_941_count,0.15722248677003028
neuron_942_count,0.1375710685141394
neuron_943_count,0.15990511918341843
neuron_944_count,0.143907915360265
neuron_945_count,0.15743160161610575
neuron_946_count,0.22749051397731893
neuron_947_count,0.12494228679015917
neuron_948_count,0.21722082572300905
neuron_949_count,0.12165099840080353
neuron_950_count,0.2218136129223582
neuron_951_count,0.09381899885410769
neuron_952_count,0.07745803640765177
neuron_953_count,0.21564787231514046
neuron_954_count,0.25159753255368633
neuron_955_count,0.21004369621907654
neuron_956_count,0.2102052871004823
neuron_957_count,0.19937315713297435
neuron_958_count,0.2442595988037013
neuron_959_count,0.2831985169008965
neuron_960_count,1.3767793046752024
neuron_961_count,0.7304692459517969
neuron_962_count,0.7559372382899405
neuron_963_count,0.6534611740773277
neuron_964_count,1.5249333101288582
neuron_965_count,1.36909272210582
neuron_966_count,1.5094138700185038
neuron_967_count,0.9586273506863481
neuron_968_count,1.031852931334717
neuron_969_count,1.1282169624636795
neuron_970_count,1.469283842563178
neuron_971_count,0.8786405737435353
neuron_972_count,1.1147651537538656
neuron_973_count,0.6062559430514689
neuron_974_count,0.7521480357785272
neuron_975_count,0.5594039679391841
neuron_976_count,0.9116120587444383
neuron_977_count,0.7597982578257477
neuron_978_count,0.7862199838551981
neuron_979_count,0.8693272380953896
neuron_980_count,0.7303465361014285
neuron_981_count,0.9043883436306914
neuron_982_count,0.7185470405461554
neuron_983_count,0.7076358208335181
neuron_984_count,0.6683098802919196
neuron_985_count,0.7493183333055263
neuron_986_count,0.6762067281650874
neuron_987_count,0.44691910482482206
neuron_988_count,0.32373514940576165
neuron_989_count,0.39084581950471897
neuron_990_count,0.4771464925695622
neuron_991_count,0.36923559898047487
neuron_992_count,0.19269119385348898
neuron_993_count,0.2034564375619318
neuron_994_count,0.24485751822130808
neuron_995_count,0.22615756835345413
neuron_996_count,0.21290175483127527
neuron_997_count,0.2700935970710541
neuron_998_count,0.18071487032983446
neuron_999_count,0.20963988744814555
neuron_1000_count,0.21143970987785082
neuron_1001_count,0.22267317009172916
neuron_1002_count,0.2626613417397525
neuron_1003_count,0.18103369451583004
neuron_1004_count,0.2765763465054456
neuron_1005_count,0.15495584783553115
neuron_1006_count,0.19444197300769261
neuron_1007_count,0.1365543076587888
neuron_1008_count,0.1886089921161704
neuron_1009_count,0.13539354928582725
neuron_1010_count,0.14499666623398483
neuron_1011_count,0.1714198671323174
neuron_1012_count,0.22953938360053525
neuron_1013_count,0.15345238838172237
neuron_1014_count,0.11347270504007562
neuron_1015_count,0.14678755899883786
neuron_1016_count,0.4683196762729136
neuron_1017_count,0.02422080319915751
neuron_1018_count,0.3346392171033649
neuron_1019_count,0.33389445209727575
neuron_1020_count,0.34146530770859823
neuron_1021_count,0.14078544107978813
neuron_1022_count,0.27099543826698497
neuron_1023_count,0.2378962812473974
neuron_1024_count,1.2614761924626103
neuron_1025_count,1.6088722847271932
neuron_1026_count,0.8727478344406133
neuron_1027_count,1.437006480832309
neuron_1028_count,1.5297790779454212
neuron_1029_count,1.3831233030156596
neuron_1030_count,1.3040054999796358
neuron_1031_count,0.9991859695358023
neuron_1032_count,0.8499278412106952
neuron_1033_count,1.0514615128233666
neuron_1034_count,1.3473383787655442
neuron_1035_count,1.0962307145308383
neuron_1036_count,1.1874949215825767
neuron_1037_count,0.836899267182016
neuron_1038_count,0.7149520383291716
neuron_1039_count,0.808932468569226
neuron_1040_count,0.8876046777308466
neuron_1041_count,1.040437881455604
neuron_1042_count,0.7720325518449915
neuron_1043_count,1.0605342142394591
neuron_1044_count,0.8514996949757674
neuron_1045_count,0.8396875170363272
neuron_1046_count,0.877635497728372
neuron_1047_count,0.7042127094789956
neuron_1048_count,0.6939773820433033
neuron_1049_count,0.5980993856158092
neuron_1050_count,0.7663730339435253
neuron_1051_count,0.4460568473368702
neuron_1052_count,0.4614712971897933
neuron_1053_count,0.49193919843309486
neuron_1054_count,0.35409942881556367
neuron_1055_count,0.2084797059404483
neuron_1056_count,0.1855053032626572
neuron_1057_count,0.18799515143668735
neuron_1058_count,0.25803287797972224
neuron_1059_count,0.15850157854291383
neuron_1060_count,0.17782894975579122
neuron_1061_count,0.16546844763489155
neuron_1062_count,0.24632557917022285
neuron_1063_count,0.19225619248176667
neuron_1064_count,0.23080551388756745
neuron_1065_count,0.20109692115717487
neuron_1066_count,0.23058015065354176
neuron_1067_count,0.15719485716803858
neuron_1068_count,0.18496619133860026
neuron_1069_count,0.21054867105194022
neuron_1070_count,0.1897073444613658
neuron_1071_count,0.19622372125097973
neuron_1072_count,0.15179501793957234
neuron_1073_count,0.21180672442893722
neuron_1074_count,0.1978486922345755
neuron_1075_count,0.1595309246820059
neuron_1076_count,0.1583763907789566
neuron_1077_count,0.15247324241232735
neuron_1078_count,0.1660032108839177
neuron_1079_count,0.12326689232672303
neuron_1080_count,0.19308935737040958
neuron_1081_count,0.1953577742329017
neuron_1082_count,0.17521210459495368
neuron_1083_count,0.2201810009681932
neuron_1084_count,0.046905805908096565
neuron_1085_count,0.26411625883960355
neuron_1086_count,0.15084528732560049
neuron_1087_count,0.2577261573283388
neuron_1088_count,1.1590095032963297
neuron_1089_count,0.7078808511925168
neuron_1090_count,1.4653641466749512
neuron_1091_count,1.5232889657516455
neuron_1092_count,1.5541648124809435
neuron_1093_count,1.3627519725366506
neuron_1094_count,0.9868166909289439
neuron_1095_count,1.0977369047943688
neuron_1096_count,1.0777327645591068
neuron_1097_count,1.2134629736229332
neuron_1098_count,1.0190812069143653
neuron_1099_count,0.889760294432151
neuron_1100_count,1.0759672033836039
neuron_1101_count,0.9556179282341287
neuron_1102_count,0.9314559344975852
neuron_1103_count,0.7228684283887205
neuron_1104_count,0.7840769343824491
neuron_1105_count,0.5747241609452329
neuron_1106_count,0.9050374975448492
neuron_1107_count,0.883661854200219
neuron_1108_count,0.7236576090070208
neuron_1109_count,0.7716089525093196
neuron_1110_count,0.9094062478515167
neuron_1111_count,0.6170924486848203
neuron_1112_count,0.7410787567123491
neuron_1113_count,0.647983634388972
neuron_1114_count,0.6836984947940747
neuron_1115_count,0.541920572415024
neuron_1116_count,0.5306194075472302
neuron_1117_count,0.37031505551280686
neuron_1118_count,0.3792685975173933
neuron_1119_count,0.26134122235578455
neuron_1120_count,0.22265848430593577
neuron_1121_count,0.12418416246954611
neuron_1122_count,0.27174301825563063
neuron_1123_count,0.16351879503275024
neuron_1124_count,0.20772807698875165
neuron_1125_count,0.1817848130692133
neuron_1126_count,0.17463316733448853
neuron_1127_count,0.14396979411015437
neuron_1128_count,0.18038118282595828
neuron_1129_count,0.10779327404689282
neuron_1130_count,0.10666525617200584
neuron_1131_count,0.1812686191232291
neuron_1132_count,0.13983732434988982
neuron_1133_count,0.23569295633221776
neuron_1134_count,0.14682056409114758
neuron_1135_count,0.12645139179144865
neuron_1136_count,0.1417524014570337
neuron_1137_count,0.19542643432398762
neuron_1138_count,0.17071224932568535
neuron_1139_count,0.2551512801214208
neuron_1140_count,0.17030711541702043
neuron_1141_count,0.1353898917741425
neuron_1142_count,0.1989372367095355
neuron_1143_count,0.16326531915110598
neuron_1144_count,0.33728514685148514
neuron_1145_count,0.09580959457504695
neuron_1146_count,0.299766062767159
neuron_1147_count,0.22231769263417553
neuron_1148_count,0.37341643968882127
neuron_1149_count,0.07106859442703534
neuron_1150_count,0.25413589621097965
neuron_1151_count,0.14015650735037782
neuron_1152_count,1.277692067165051
neuron_1153_count,1.8032572857507627
neuron_1154_count,1.4945396681875722
neuron_1155_count,1.4981805948272293
neuron_1156_count,1.3928413437525962
neuron_1157_count,1.3693862361594662
neuron_1158_count,1.3573661819578324
neuron_1159_count,1.1064819299628939
neuron_1160_count,1.0073277664863993
neuron_1161_count,1.352020469450355
neuron_1162_count,0.8996862919859105
neuron_1163_count,1.1991417314766057
neuron_1164_count,1.1222577027516623
neuron_1165_count,1.0536824846389843
neuron_1166_count,1.0192852886605053
neuron_1167_count,0.9338046798454973
neuron_1168_count,0.7530400501406758
neuron_1169_count,1.0599845172560334
neuron_1170_count,1.0012036169228222
neuron_1171_count,1.0919556350028665
neuron_1172_count,0.9795621049667109
neuron_1173_count,1.0026756142652418
neuron_1174_count,0.920650441177759
neuron_1175_count,0.7816401635656904
neuron_1176_count,0.8673533910018066
neuron_1177_count,0.647459293035166
neuron_1178_count,0.45970289923927476
neuron_1179_count,0.6046531795403294
neuron_1180_count,0.6369460816992132
neuron_1181_count,0.38265839521723694
neuron_1182_count,0.42509895263857855
neuron_1183_count,0.3556337586581382
neuron_1184_count,0.19792134081705437
neuron_1185_count,0.29994996743682034
neuron_1186_count,0.3094693933358828
neuron_1187_count,0.1888071162219415
neuron_1188_count,0.15864238281567555
neuron_1189_count,0.2384187554082594
neuron_1190_count,0.2102459385018572
neuron_1191_count,0.21875611713164875
neuron_1192_count,0.2315846480211179
neuron_1193_count,0.23082658201910403
neuron_1194_count,0.12345719846067824
neuron_1195_count,0.13327646786949088
neuron_1196_count,0.1929471434704288
neuron_1197_count,0.19791743407922646
neuron_1198_count,0.1348920099156063
neuron_1199_count,0.17213081420464305
neuron_1200_count,0.14018336413209853
neuron_1201_count,0.14530298490074378
neuron_1202_count,0.17145555199591855
neuron_1203_count,0.25912204878541706
neuron_1204_count,0.29373609269606593
neuron_1205_count,0.24527433528380896
neuron_1206_count,0.1869576571375683
neuron_1207_count,0.13385413757360487
neuron_1208_count,0.21105898031204023
neuron_1209_count,0.14151755177301256
neuron_1210_count,0.18882887732845183
neuron_1211_count,0.14840541219449627
neuron_1212_count,0.286479531445198
neuron_1213_count,0.21140271467336813
neuron_1214_count,0.14475919044083413
neuron_1215_count,0.21484826478990596
neuron_1216_count,1.517543171457554
neuron_1217_count,1.050188433848051
neuron_1218_count,1.645164455408445
neuron_1219_count,1.399098312956424
neuron_1220_count,1.4738327071670383
neuron_1221_count,1.2624870915172985
neuron_1222_count,1.4589907624500185
neuron_1223_count,0.9806232030183955
neuron_1224_count,1.2310915289655726
neuron_1225_count,1.1791571496824476
neuron_1226_count,1.0688207410434654
neuron_1227_count,0.8024119084104341
neuron_1228_count,1.1418801411037331
neuron_1229_count,1.147963694447086
neuron_1230_count,0.7867954199548423
neuron_1231_count,0.9757471874017801
neuron_1232_count,0.9284399924781408
neuron_1233_count,1.0444181956869178
neuron_1234_count,1.012796264390839
neuron_1235_count,0.9815642068550047
neuron_1236_count,1.0687855105559438
neuron_1237_count,0.8998956981099571
neuron_1238_count,1.1619002846094315
neuron_1239_count,0.9480333923866064
neuron_1240_count,0.8857984372986438
neuron_1241_count,0.575158201825443
neuron_1242_count,0.6688291553245939
neuron_1243_count,0.4997762010801893
neuron_1244_count,0.5881771441464101
neuron_1245_count,0.5476047050815009
neuron_1246_count,0.3256630992636461
neuron_1247_count,0.3859192840814708
neuron_1248_count,0.24488215908664068
neuron_1249_count,0.35359104255105334
neuron_1250_count,0.27387296154908425
neuron_1251_count,0.11365497148069614
neuron_1252_count,0.1791159475588377
neuron_1253_count,0.1394322666966606
neuron_1254_count,0.18280199783577503
neuron_1255_count,0.1926569338574844
neuron_1256_count,0.23691417092848804
neuron_1257_count,0.11808141772302302
neuron_1258_count,0.20414707329235826
neuron_1259_count,0.18307050219584226
neuron_1260_count,0.11900190912848957
neuron_1261_count,0.1405044359975719
neuron_1262_count,0.1573688349493284
neuron_1263_count,0.17764852010885573
neuron_1264_count,0.17652546634358812
neuron_1265_count,0.22578552175913683
neuron_1266_count,0.197213412844891
neuron_1267_count,0.12564510435932785
neuron_1268_count,0.2027977032346114
neuron_1269_count,0.29506459471146596
neuron_1270_count,0.0842366664913001
neuron_1271_count,0.13804151844146212
neuron_1272_count,0.10265694271822426
neuron_1273_count,0.2538746782233374
neuron_1274_count,0.26741431789771786
neuron_1275_count,0.20506141275162137
neuron_1276_count,0.18218984046166437
neuron_1277_count,0.35804871070516253
neuron_1278_count,0.3559427787701792
neuron_1279_count,0.2165333040828784
neuron_1280_count,0.9339672553290256
neuron_1281_count,1.1918474853772458
neuron_1282_count,1.5987415219798489
neuron_1283_count,1.6384516189844849
neuron_1284_count,1.5942072219193992
neuron_1285_count,1.417397007041373
neuron_1286_count,1.3568399004379361
neuron_1287_count,1.2157630327510303
neuron_1288_count,1.1195166367317566
neuron_1289_count,1.066138429266523
neuron_1290_count,0.991226414438113
neuron_1291_count,0.9972929138015842
neuron_1292_count,1.1134212465378555
neuron_1293_count,1.1321962358075368
neuron_1294_count,0.9703603098606551
neuron_1295_count,0.860665392762358
neuron_1296_count,0.9280047764971403
neuron_1297_count,1.3147287861263448
neuron_1298_count,1.0547283224118604
neuron_1299_count,0.9455723645863496
neuron_1300_count,0.7966222609485163
neuron_1301_count,0.8290495155438753
neuron_1302_count,0.7643665688258885
neuron_1303_count,0.9626839745488112
neuron_1304_count,0.9484545103038589
neuron_1305_count,0.6552009841486296
neuron_1306_count,0.6155314969184014
neuron_1307_count,0.6786563641466999
neuron_1308_count,0.629432712773896
neuron_1309_count,0.5254460307807709
neuron_1310_count,0.3225387529363457
neuron_1311_count,0.4323859770971207
neuron_1312_count,0.326001526882825
neuron_1313_count,0.3234048934866658
neuron_1314_count,0.1886698794695066
neuron_1315_count,0.16709808850024863
neuron_1316_count,0.11600023057729669
neuron_1317_count,0.08383314812198689
neuron_1318_count,0.13752204481731556
neuron_1319_count,0.1275517177823125
neuron_1320_count,0.1809176452816027
neuron_1321_count,0.2038206558960546
neuron_1322_count,0.18796572896591693
neuron_1323_count,0.13323124083115534
neuron_1324_count,0.18483080075183594
neuron_1325_count,0.15660234263888095
neuron_1326_count,0.1998565541450681
neuron_1327_count,0.18461020943690987
neuron_1328_count,0.15125472623997416
neuron_1329_count,0.16647061848088338
neuron_1330_count,0.10706067624104768
neuron_1331_count,0.2932241101122627
neuron_1332_count,0.16899656385437667
neuron_1333_count,0.19008075536301053
neuron_1334_count,0.16760540371168112
neuron_1335_count,0.25793846782056695
neuron_1336_count,0.3050273002676759
neuron_1337_count,0.140976649636651
neuron_1338_count,0.11127816532302653
neuron_1339_count,0.11118138753234545
neuron_1340_count,0.25593827869683566
neuron_1341_count,0.2207430871738828
neuron_1342_count,0.2921558419746322
neuron_1343_count,0.16138951433038604
neuron_1344_count,0.8741027860837721
neuron_1345_count,1.6570571539092869
neuron_1346_count,1.5507913802187663
neuron_1347_count,1.3821570170108473
neuron_1348_count,1.4627007057907342
neuron_1349_count,1.2214768569660963
neuron_1350_count,1.1472776670721392
neuron_1351_count,1.3166402642646402
neuron_1352_count,1.0586793201460267
neuron_1353_count,1.2348668658135749
neuron_1354_count,0.8849098073933799
neuron_1355_count,1.0015334035049028
neuron_1356_count,0.6784673877057269
neuron_1357_count,0.8779952810143236
neuron_1358_count,0.938230417578559
neuron_1359_count,1.2689352572941428
neuron_1360_count,1.2309313508102901
neuron_1361_count,1.0918064472800544
neuron_1362_count,0.8934214329967318
neuron_1363_count,1.0550131048930942
neuron_1364_count,0.9708718823282689
neuron_1365_count,0.8878065204010839
neuron_1366_count,0.8969291254802639
neuron_1367_count,0.9031757552790944
neuron_1368_count,0.6010628516405213
neuron_1369_count,0.6974107613692563
neuron_1370_count,0.5786636859539492
neuron_1371_count,0.6754510909201997
neuron_1372_count,0.6842385173045171
neuron_1373_count,0.4865202161881986
neuron_1374_count,0.35702866193105887
neuron_1375_count,0.13941344600600322
neuron_1376_count,0.19880648893932246
neuron_1377_count,0.20390386218997877
neuron_1378_count,0.2904917955833197
neuron_1379_count,0.1382278283302711
neuron_1380_count,0.18576611660935535
neuron_1381_count,0.12068527141861454
neuron_1382_count,0.21800986503426223
neuron_1383_count,0.1527056021844966
neuron_1384_count,0.17965209240191943
neuron_1385_count,0.1438115240583076
neuron_1386_count,0.16714970515365168
neuron_1387_count,0.18253908722524353
neuron_1388_count,0.14634382298826387
neuron_1389_count,0.14985574401986076
neuron_1390_count,0.08040440349083225
neuron_1391_count,0.1422659608409544
neuron_1392_count,0.10596063641189898
neuron_1393_count,0.10047581226649076
neuron_1394_count,0.22172916471129664
neuron_1395_count,0.1801893656090369
neuron_1396_count,0.24045582029469512
neuron_1397_count,0.0418918455706945
neuron_1398_count,0.17811820505655387
neuron_1399_count,0.08108959616228231
neuron_1400_count,0.22162370244556653
neuron_1401_count,0.07360002031956486
neuron_1402_count,0.061913930886421595
neuron_1403_count,0.03808913174013237
neuron_1404_count,0.3012361543814881
neuron_1405_count,0.30920723673761985
neuron_1406_count,0.2764038346877984
neuron_1407_count,0.15855046995522332
neuron_1408_count,0.9868961398752164
neuron_1409_count,0.7375350533702845
neuron_1410_count,1.527672023408005
neuron_1411_count,1.4065384739462328
neuron_1412_count,1.3366540961113544
neuron_1413_count,1.1702448031413268
neuron_1414_count,1.1883874964369583
neuron_1415_count,1.2309341382419048
neuron_1416_count,1.244143742017739
neuron_1417_count,1.0683925203457145
neuron_1418_count,1.0095868313419698
neuron_1419_count,0.9098986464141781
neuron_1420_count,1.133834159671992
neuron_1421_count,1.062512426417576
neuron_1422_count,1.1033526889893752
neuron_1423_count,1.42239995869668
neuron_1424_count,0.9891462050058419
neuron_1425_count,1.053674918355541
neuron_1426_count,0.814334318590193
neuron_1427_count,1.18560321429613
neuron_1428_count,1.1298675602202954
neuron_1429_count,1.0429751626321744
neuron_1430_count,0.9552978254800122
neuron_1431_count,0.780586263001547
neuron_1432_count,0.8207135949888218
neuron_1433_count,0.8837073701962002
neuron_1434_count,0.6425474660136086
neuron_1435_count,0.697492462487207
neuron_1436_count,0.4228155361163008
neuron_1437_count,0.5865278188779363
neuron_1438_count,0.19809055623382021
neuron_1439_count,0.5012462648157481
neuron_1440_count,0.4189026818041758
neuron_1441_count,0.1698066823160618
neuron_1442_count,0.21317514168617957
neuron_1443_count,0.14550895257134716
neuron_1444_count,0.1909366644405515
neuron_1445_count,0.14638070548215243
neuron_1446_count,0.14442319566356301
neuron_1447_count,0.19102496508621208
neuron_1448_count,0.17211096860811498
neuron_1449_count,0.15737216616363295
neuron_1450_count,0.1612286540243594
neuron_1451_count,0.14282278870862422
neuron_1452_count,0.11545702211700148
neuron_1453_count,0.09533465653225788
neuron_1454_count,0.13639059603883294
neuron_1455_count,0.14794598831068553
neuron_1456_count,0.1212298121153555
neuron_1457_count,0.14231768233077963
neuron_1458_count,0.07682247868486317
neuron_1459_count,0.17086355782410592
neuron_1460_count,0.29171611236236683
neuron_1461_count,0.17467479660964247
neuron_1462_count,0.16640855173666358
neuron_1463_count,0.16763925299122687
neuron_1464_count,0.11378336980767267
neuron_1465_count,0.19119006207946135
neuron_1466_count,0.2842483667966383
neuron_1467_count,0.22539916177043326
neuron_1468_count,0.28347453617999707
neuron_1469_count,0.23417794401250547
neuron_1470_count,0.34843222051782996
neuron_1471_count,0.28542635283606155
neuron_1472_count,0.9716283078478497
neuron_1473_count,0.8374574872128036
neuron_1474_count,1.6561490756881698
neuron_1475_count,1.2100675859064658
neuron_1476_count,1.2501219424955667
neuron_1477_count,1.4505073178442691
neuron_1478_count,1.3228934970822146
neuron_1479_count,1.0973271292442355
neuron_1480_count,1.0440244924314543
neuron_1481_count,1.259930543156203
neuron_1482_count,1.0018096116397923
neuron_1483_count,0.8694308533673702
neuron_1484_count,1.0300865117184084
neuron_1485_count,1.3812018515918567
neuron_1486_count,1.1731416452279426
neuron_1487_count,1.3829800852254361
neuron_1488_count,1.0440643805733967
neuron_1489_count,1.1588029911840978
neuron_1490_count,1.0957561133395552
neuron_1491_count,1.0803801639042179
neuron_1492_count,0.8754799673479542
neuron_1493_count,1.029116363151212
neuron_1494_count,0.9676190802941468
neuron_1495_count,0.7387956107905804
neuron_1496_count,0.9109261972572356
neuron_1497_count,0.5204119917171786
neuron_1498_count,0.604423190665675
neuron_1499_count,0.49208108702253384
neuron_1500_count,0.7248092899777623
neuron_1501_count,0.2988615306486282
neuron_1502_count,0.48141226998528847
neuron_1503_count,0.44021428460381024
neuron_1504_count,0.3543880252071231
neuron_1505_count,0.32240391033695837
neuron_1506_count,0.30072309738185793
neuron_1507_count,0.19905843192735015
neuron_1508_count,0.15195210724325786
neuron_1509_count,0.07085388669675821
neuron_1510_count,0.1334999335324763
neuron_1511_count,0.07186664872363166
neuron_1512_count,0.10876125646476703
neuron_1513_count,0.1365872157512722
neuron_1514_count,0.11038557366268059
neuron_1515_count,0.078536765228995
neuron_1516_count,0.0903923560247186
neuron_1517_count,0.14431178422336893
neuron_1518_count,0.09778900817086722
neuron_1519_count,0.1691563972852698
neuron_1520_count,0.10521806658192451
neuron_1521_count,0.13042800913601238
neuron_1522_count,0.19476205262121507
neuron_1523_count,0.03973533237051219
neuron_1524_count,0.16749795532421963
neuron_1525_count,0.13538219896957418
neuron_1526_count,0.29371527214550186
neuron_1527_count,0.12528040753323424
neuron_1528_count,0.1315102428231507
neuron_1529_count,0.06879484336825259
neuron_1530_count,0.3411187646686216
neuron_1531_count,0.0465722791818972
neuron_1532_count,0.18204090270943593
neuron_1533_count,0.31994377982055666
neuron_1534_count,0.22625009901307766
neuron_1535_count,0.3921428005365901
neuron_1536_count,0.9529617388005659
neuron_1537_count,1.048820689757767
neuron_1538_count,1.1257362984062633
neuron_1539_count,1.2647609116849599
neuron_1540_count,1.4331977615743465
neuron_1541_count,1.1877946541945992
neuron_1542_count,1.255742367104362
neuron_1543_count,1.347977358064235
neuron_1544_count,1.2797469310781018
neuron_1545_count,1.114944022545517
neuron_1546_count,1.0939282794622924
neuron_1547_count,0.9906470905967817
neuron_1548_count,1.092090009578196
neuron_1549_count,1.312632039693431
neuron_1550_count,0.9308945282727523
neuron_1551_count,1.3804844894247648
neuron_1552_count,1.013234059682986
neuron_1553_count,1.2138877849971452
neuron_1554_count,0.9353785800912514
neuron_1555_count,1.0009962881227665
neuron_1556_count,0.8375887006344531
neuron_1557_count,0.9685388892103975
neuron_1558_count,0.9514118079859311
neuron_1559_count,0.7824066945494365
neuron_1560_count,0.5918975431328523
neuron_1561_count,0.5890391598089418
neuron_1562_count,0.6867870365802278
neuron_1563_count,0.7860033822003359
neuron_1564_count,0.430224451582493
neuron_1565_count,0.5126855518861733
neuron_1566_count,0.5292299395520251
neuron_1567_count,0.31891012335614805
neuron_1568_count,0.1582540341302766
neuron_1569_count,0.17131428929933368
neuron_1570_count,0.27204636177630637
neuron_1571_count,0.09329612284022955
neuron_1572_count,0.11418005004173665
neuron_1573_count,0.24619113943088475
neuron_1574_count,0.15270528788015414
neuron_1575_count,0.10475559576746726
neuron_1576_count,0.08569070840243015
neuron_1577_count,0.05609245680047875
neuron_1578_count,0.09780448847331757
neuron_1579_count,0.07634422052687027
neuron_1580_count,0.07748864052612897
neuron_1581_count,0.10946477003824198
neuron_1582_count,0.12514229641267602
neuron_1583_count,0.09438572005487977
neuron_1584_count,0.07958182594708627
neuron_1585_count,0.11938243577686064
neuron_1586_count,0.1432183522565622
neuron_1587_count,0.17339317895700998
neuron_1588_count,0.23105686588300095
neuron_1589_count,0.2634642941424642
neuron_1590_count,0.1996021510633507
neuron_1591_count,0.10452976505206879
neuron_1592_count,0.15279325156433757
neuron_1593_count,0.14022777965466215
neuron_1594_count,0.23456693806087525
neuron_1595_count,0.18109292611879474
neuron_1596_count,0.2514492853109659
neuron_1597_count,0.2646188330251341
neuron_1598_count,0.34886521571187057
neuron_1599_count,0.3365265636685537
neuron_1600_count,1.1369633066366622
neuron_1601_count,1.173648714077479
neuron_1602_count,1.28697809358036
neuron_1603_count,1.4813446151223115
neuron_1604_count,1.2331936815386144
neuron_1605_count,1.374591662273269
neuron_1606_count,1.1587030942639451
neuron_1607_count,1.3383560455988868
neuron_1608_count,1.2666858621974284
neuron_1609_count,0.7541295119689001
neuron_1610_count,1.2409668999946728
neuron_1611_count,1.013571431480742
neuron_1612_count,1.0919060938539196
neuron_1613_count,1.0714028619413811
neuron_1614_count,1.1568267986454777
neuron_1615_count,1.0595764826277647
neuron_1616_count,1.110643390936224
neuron_1617_count,0.9710070254891534
neuron_1618_count,0.9660898430371112
neuron_1619_count,1.0577014347601912
neuron_1620_count,0.8175320703569376
neuron_1621_count,0.9037046307568362
neuron_1622_count,0.8661635095711248
neuron_1623_count,0.8571785872942733
neuron_1624_count,0.7449955668849676
neuron_1625_count,0.6026768479402873
neuron_1626_count,0.4024932590406962
neuron_1627_count,0.8437991796349887
neuron_1628_count,0.3788598933411863
neuron_1629_count,0.6104660681127995
neuron_1630_count,0.6729256767029628
neuron_1631_count,0.13091532624172547
neuron_1632_count,0.30256648777766004
neuron_1633_count,0.3408997089248327
neuron_1634_count,0.2626636086500238
neuron_1635_count,0.10599344228735447
neuron_1636_count,0.11444560650817376
neuron_1637_count,0.09104113560880187
neuron_1638_count,0.08066379841359547
neuron_1639_count,0.11309202829686738
neuron_1640_count,0.08629351276171673
neuron_1641_count,0.06313808439039054
neuron_1642_count,0.07897353432430432
neuron_1643_count,0.15690801532915682
neuron_1644_count,0.07585937942684687
neuron_1645_count,0.14067092059330752
neuron_1646_count,0.10567774399228158
neuron_1647_count,0.1313122638713234
neuron_1648_count,0.11743654205013951
neuron_1649_count,0.09142143632753186
neuron_1650_count,0.1753353793747859
neuron_1651_count,0.12171734007942195
neuron_1652_count,0.21739151924448366
neuron_1653_count,0.1650908034992651
neuron_1654_count,0.19291660317469173
neuron_1655_count,0.16160340134299625
neuron_1656_count,0.07187896165789309
neuron_1657_count,0.07131871815814833
neuron_1658_count,0.2779578932877552
neuron_1659_count,0.08573193926147724
neuron_1660_count,0.1448598722600086
neuron_1661_count,0.20027527537518017
neuron_1662_count,0.30463237119205794
neuron_1663_count,0.15654112626630312
neuron_1664_count,1.0157999205965054
neuron_1665_count,1.2855406761099855
neuron_1666_count,1.291078965281381
neuron_1667_count,1.0646699336620442
neuron_1668_count,1.3428593667660762
neuron_1669_count,0.9541317148613062
neuron_1670_count,1.0933680827507193
neuron_1671_count,0.9305198338945985
neuron_1672_count,1.1125071081551656
neuron_1673_count,1.1753112221171793
neuron_1674_count,1.0145994163812535
neuron_1675_count,1.1966517417338807
neuron_1676_count,1.160085305737269
neuron_1677_count,1.437061486112662
neuron_1678_count,1.0889459330696238
neuron_1679_count,1.0550954053323303
neuron_1680_count,1.0677477571609235
neuron_1681_count,0.9468387093847153
neuron_1682_count,0.9103649689067239
neuron_1683_count,0.6290781368505249
neuron_1684_count,0.9431712363255658
neuron_1685_count,0.8042294965218664
neuron_1686_count,0.8308827126813252
neuron_1687_count,0.7597885115549162
neuron_1688_count,0.8612344756376029
neuron_1689_count,0.6057730955479311
neuron_1690_count,0.4424823837519381
neuron_1691_count,0.43070441028121126
neuron_1692_count,0.4091947747475649
neuron_1693_count,0.42019106352519775
neuron_1694_count,0.36125804056066013
neuron_1695_count,0.3228960592953485
neuron_1696_count,0.4407891878959878
neuron_1697_count,0.4138998854087186
neuron_1698_count,0.15929492849672955
neuron_1699_count,0.13408985557486597
neuron_1700_count,0.13882979728215847
neuron_1701_count,0.10438806573515921
neuron_1702_count,0.07306112898415977
neuron_1703_count,0.053201756542442386
neuron_1704_count,0.07170726448076384
neuron_1705_count,0.06770965494262601
neuron_1706_count,0.0838622155896204
neuron_1707_count,0.06898051486833409
neuron_1708_count,0.09503600735984602
neuron_1709_count,0.06819680880292031
neuron_1710_count,0.07065642867162719
neuron_1711_count,0.1416201376534698
neuron_1712_count,0.15201275616196208
neuron_1713_count,0.14055513161626265
neuron_1714_count,0.186655988843446
neuron_1715_count,0.1812123459254704
neuron_1716_count,0.10650598415021797
neuron_1717_count,0.16616924526197926
neuron_1718_count,0.06384019896447891
neuron_1719_count,0.15811813666134825
neuron_1720_count,0.15935078731920035
neuron_1721_count,0.18712498590389226
neuron_1722_count,0.17822117293739853
neuron_1723_count,0.10403212225103792
neuron_1724_count,0.13043121479650308
neuron_1725_count,0.16368134118226096
neuron_1726_count,0.42345284744170897
neuron_1727_count,0.2123263295231999
neuron_1728_count,0.9771552621817031
neuron_1729_count,1.2791885757500003
neuron_1730_count,1.2155256906692467
neuron_1731_count,1.1222772357811786
neuron_1732_count,1.1468639810253496
neuron_1733_count,1.2569210879973434
neuron_1734_count,0.9416710647981866
neuron_1735_count,1.1279556846485241
neuron_1736_count,1.0109853616474447
neuron_1737_count,0.89115460202214
neuron_1738_count,0.9848109273624545
neuron_1739_count,1.1212199242328074
neuron_1740_count,1.1429046851796971
neuron_1741_count,1.2303350702999534
neuron_1742_count,1.085216695085831
neuron_1743_count,1.3598061797285563
neuron_1744_count,1.099481902001673
neuron_1745_count,0.9662298726592264
neuron_1746_count,1.015651977342734
neuron_1747_count,1.0694389469503758
neuron_1748_count,0.8244971310780091
neuron_1749_count,0.7516396651292302
neuron_1750_count,0.8655971859992257
neuron_1751_count,0.7599992283483376
neuron_1752_count,0.7265072363854358
neuron_1753_count,0.7240469825437056
neuron_1754_count,0.42751600775655046
neuron_1755_count,0.47512774365479704
neuron_1756_count,0.3382023419650848
neuron_1757_count,0.5659920153654027
neuron_1758_count,0.26939825094607645
neuron_1759_count,0.29955284947558625
neuron_1760_count,0.2555376822101942
neuron_1761_count,0.09871956526955009
neuron_1762_count,0.19876846967332465
neuron_1763_count,0.10269467075584579
neuron_1764_count,0.21563987242569502
neuron_1765_count,0.13772402782214158
neuron_1766_count,0.05823686733635822
neuron_1767_count,0.06932541619098068
neuron_1768_count,0.05709018259240155
neuron_1769_count,0.07176481510003377
neuron_1770_count,0.06685865641843661
neuron_1771_count,0.0652122830904611
neuron_1772_count,0.05713293552197182
neuron_1773_count,0.05151541705300175
neuron_1774_count,0.05544658173098031
neuron_1775_count,0.05918690957444053
neuron_1776_count,0.06784306018007384
neuron_1777_count,0.1523547395788587
neuron_1778_count,0.13237583496365524
neuron_1779_count,0.20456660106435712
neuron_1780_count,0.08984868698438789
neuron_1781_count,0.10516811617996
neuron_1782_count,0.09800657433702409
neuron_1783_count,0.1540955665320541
neuron_1784_count,0.03242670971069608
neuron_1785_count,0.04196089247095425
neuron_1786_count,0.22677864364280995
neuron_1787_count,0.1453754546230545
neuron_1788_count,0.28003683319951755
neuron_1789_count,0.29839543456156237
neuron_1790_count,0.33808111196634494
neuron_1791_count,0.2660880723542477
neuron_1792_count,1.2357429874455288
neuron_1793_count,1.0302172039336344
neuron_1794_count,1.288478840179966
neuron_1795_count,1.42411549553075
neuron_1796_count,1.359273277361615
neuron_1797_count,1.460453362791365
neuron_1798_count,1.1012730694821422
neuron_1799_count,1.0569061373626718
neuron_1800_count,1.015657944227549
neuron_1801_count,0.9235178585030627
neuron_1802_count,0.976123102725411
neuron_1803_count,1.2105320535366553
neuron_1804_count,1.122458926403755
neuron_1805_count,1.2573194310681615
neuron_1806_count,1.2015549983267257
neuron_1807_count,0.8441596364815928
neuron_1808_count,1.0736230704148644
neuron_1809_count,1.0126189592714603
neuron_1810_count,0.9728678552695804
neuron_1811_count,1.0980089602530894
neuron_1812_count,1.039241650202269
neuron_1813_count,0.7474974124329031
neuron_1814_count,0.7209356492521766
neuron_1815_count,0.7901483920383265
neuron_1816_count,0.9345881475878719
neuron_1817_count,0.6685783463126072
neuron_1818_count,0.6918805400139127
neuron_1819_count,0.4958603194882024
neuron_1820_count,0.5155053185362508
neuron_1821_count,0.3007334471264331
neuron_1822_count,0.38258411274499915
neuron_1823_count,0.3030437452620304
neuron_1824_count,0.147326466330151
neuron_1825_count,0.19273686168806384
neuron_1826_count,0.17172300648453742
neuron_1827_count,0.14940163402784273
neuron_1828_count,0.11980236575967645
neuron_1829_count,0.09795180569841583
neuron_1830_count,0.06780026721223265
neuron_1831_count,0.061816210824038834
neuron_1832_count,0.05381628676666472
neuron_1833_count,0.11276635628895744
neuron_1834_count,0.17021262468567022
neuron_1835_count,0.08536236687037072
neuron_1836_count,0.08106197041608723
neuron_1837_count,0.04832655710077316
neuron_1838_count,0.04284221051673959
neuron_1839_count,0.11809328745216507
neuron_1840_count,0.0767040494635888
neuron_1841_count,0.14610585870111167
neuron_1842_count,0.11813102206439477
neuron_1843_count,0.16829823964410343
neuron_1844_count,0.167535153154474
neuron_1845_count,0.16387549103981633
neuron_1846_count,0.07187975862604595
neuron_1847_count,0.12858929714968365
neuron_1848_count,0.10218893529264206
neuron_1849_count,0.1264104294764633
neuron_1850_count,0.12030816730387725
neuron_1851_count,0.17435196554935178
neuron_1852_count,0.17510265304319478
neuron_1853_count,0.12632529558057393
neuron_1854_count,0.31469074222515625
neuron_1855_count,0.4225650719585114
neuron_1856_count,1.0845787564780447
neuron_1857_count,1.3154341347442413
neuron_1858_count,1.1545276537620963
neuron_1859_count,1.132046976062714
neuron_1860_count,0.6796587497411288
neuron_1861_count,1.041477388638332
neuron_1862_count,1.2964318838943631
neuron_1863_count,1.0670662836216191
neuron_1864_count,1.0366811514756644
neuron_1865_count,0.7392032507538551
neuron_1866_count,0.8540405835647169
neuron_1867_count,1.0929317097376956
neuron_1868_count,0.6700444456100035
neuron_1869_count,1.147873564804009
neuron_1870_count,1.0915698205008246
neuron_1871_count,1.1471617380234258
neuron_1872_count,0.9826172941630286
neuron_1873_count,1.026985725531739
neuron_1874_count,0.8956274585680902
neuron_1875_count,0.9949923132641629
neuron_1876_count,0.8029265328517078
neuron_1877_count,0.8985463841802468
neuron_1878_count,0.9076685787251995
neuron_1879_count,0.5324893870108169
neuron_1880_count,0.6907070408889026
neuron_1881_count,0.701461517329449
neuron_1882_count,0.4089807078229033
neuron_1883_count,0.45522934701340295
neuron_1884_count,0.5210645176692882
neuron_1885_count,0.2759618237766669
neuron_1886_count,0.5038439259960446
neuron_1887_count,0.25135767400719905
neuron_1888_count,0.1668398483524926
neuron_1889_count,0.16813136437654277
neuron_1890_count,0.1364374741516173
neuron_1891_count,0.11260147023087344
neuron_1892_count,0.09740089384602442
neuron_1893_count,0.0917387088447387
neuron_1894_count,0.07356100540394869
neuron_1895_count,0.13961252547093067
neuron_1896_count,0.14320026608897082
neuron_1897_count,0.0752421230633708
neuron_1898_count,0.05248813654671265
neuron_1899_count,0.05727319126981996
neuron_1900_count,0.043408940134035234
neuron_1901_count,0.10437311470640029
neuron_1902_count,0.037685163895313845
neuron_1903_count,0.09588409091625144
neuron_1904_count,0.11714574867382853
neuron_1905_count,0.13614087956410031
neuron_1906_count,0.20907802736552522
neuron_1907_count,0.12457625516102877
neuron_1908_count,0.14274164775868645
neuron_1909_count,0.0760161759779463
neuron_1910_count,0.07350849222507394
neuron_1911_count,0.06865285152088726
neuron_1912_count,0.046026055699960926
neuron_1913_count,0.05767768263927732
neuron_1914_count,0.33394292730724007
neuron_1915_count,0.11195563542939642
neuron_1916_count,0.3802728369590088
neuron_1917_count,0.23923445561811846
neuron_1918_count,0.5068931289074419
neuron_1919_count,0.28539568275143273
neuron_1920_count,0.7329451616843888
neuron_1921_count,1.6900946415333111
neuron_1922_count,1.07673922074353
neuron_1923_count,1.1540450261202708
neuron_1924_count,0.972526100730876
neuron_1925_count,1.1553702894948896
neuron_1926_count,0.9035713312917073
neuron_1927_count,1.0156125411523587
neuron_1928_count,0.8010144134140209
neuron_1929_count,0.6681832538484995
neuron_1930_count,1.0574429176322375
neuron_1931_count,0.9358186154707078
neuron_1932_count,1.1591847626813487
neuron_1933_count,0.9621172199993118
neuron_1934_count,0.98512283877074
neuron_1935_count,1.2370563472482783
neuron_1936_count,1.013115390832372
neuron_1937_count,0.8455135197447612
neuron_1938_count,0.8008169107125703
neuron_1939_count,0.741167350515097
neuron_1940_count,0.9041239619101987
neuron_1941_count,0.8320036717363772
neuron_1942_count,0.9388168025375938
neuron_1943_count,0.6892401204872848
neuron_1944_count,0.7531724596396762
neuron_1945_count,0.935488318428456
neuron_1946_count,0.4826075189040239
neuron_1947_count,0.4095797370897011
neuron_1948_count,0.4819638906227861
neuron_1949_count,0.34234975895277575
neuron_1950_count,0.12502506163315852
neuron_1951_count,0.3227630507024073
neuron_1952_count,0.29910379918204966
neuron_1953_count,0.14395175799802679
neuron_1954_count,0.08469641012527374
neuron_1955_count,0.13299639131519053
neuron_1956_count,0.09929155522234222
neuron_1957_count,0.08352304330652896
neuron_1958_count,0.05812087744529097
neuron_1959_count,0.06374759342330033
neuron_1960_count,0.1089316977466128
neuron_1961_count,0.07655665844854592
neuron_1962_count,0.06293844901794934
neuron_1963_count,0.11629107954822465
neuron_1964_count,0.15775067188370703
neuron_1965_count,0.09967259402704587
neuron_1966_count,0.09007613135444317
neuron_1967_count,0.08335695537377957
neuron_1968_count,0.1366264321970948
neuron_1969_count,0.06925684145772047
neuron_1970_count,0.14963485121658532
neuron_1971_count,0.09108842985610684
neuron_1972_count,0.1133498131211857
neuron_1973_count,0.10442319574012054
neuron_1974_count,0.13045283786200323
neuron_1975_count,0.05691942310542658
neuron_1976_count,0.23460087258039486
neuron_1977_count,0.19927157940608486
neuron_1978_count,0.1972537019525643
neuron_1979_count,0.15543257543501698
neuron_1980_count,0.4591140172794162
neuron_1981_count,0.2224655361131419
neuron_1982_count,0.4301631482497968
neuron_1983_count,0.3813553095201015
neuron_1984_count,0.9965248462930046
neuron_1985_count,0.7258639853222247
neuron_1986_count,1.0534506089864988
neuron_1987_count,0.8120669630633036
neuron_1988_count,1.152433925643797
neuron_1989_count,0.9912204663121809
neuron_1990_count,0.9249522962451905
neuron_1991_count,0.990100051229584
neuron_1992_count,1.060698500121327
neuron_1993_count,0.9467934448882775
neuron_1994_count,0.9206326845132554
neuron_1995_count,0.8943640075477189
neuron_1996_count,0.9338149058189067
neuron_1997_count,1.0113516990765292
neuron_1998_count,0.7148929348215394
neuron_1999_count,0.8489418844350928
neuron_2000_count,1.0215528911170066
neuron_2001_count,0.8153108847284388
neuron_2002_count,0.8037517496945569
neuron_2003_count,0.841373111808047
neuron_2004_count,0.8563644710532928
neuron_2005_count,1.0824492131079189
neuron_2006_count,0.6885408898312052
neuron_2007_count,0.6309177548232636
neuron_2008_count,0.6459744529971991
neuron_2009_count,0.6389027643184289
neuron_2010_count,0.6999531165354355
neuron_2011_count,0.3815868618871239
neuron_2012_count,0.3863837715163672
neuron_2013_count,0.42491120489231193
neuron_2014_count,0.16888759205168868
neuron_2015_count,0.39211758981763134
neuron_2016_count,0.42255633132833664
neuron_2017_count,0.07163995452503688
neuron_2018_count,0.18561282559008466
neuron_2019_count,0.0936234464421618
neuron_2020_count,0.11310647347675115
neuron_2021_count,0.09247403912509175
neuron_2022_count,0.1120131146844694
neuron_2023_count,0.12686110541640738
neuron_2024_count,0.07796672764836546
neuron_2025_count,0.1239456616008402
neuron_2026_count,0.08300798558790867
neuron_2027_count,0.09943937893076721
neuron_2028_count,0.08752315850050077
neuron_2029_count,0.0516912109794401
neuron_2030_count,0.13273066398672895
neuron_2031_count,0.15482757703167116
neuron_2032_count,0.08384568832443992
neuron_2033_count,0.040128634301428906
neuron_2034_count,0.10015908583303954
neuron_2035_count,0.04200311814277991
neuron_2036_count,0.15862153869773574
neuron_2037_count,0.1412899565484936
neuron_2038_count,0.1361530755402668
neuron_2039_count,0.2787317822059042
neuron_2040_count,0.0660752069599318
neuron_2041_count,0.058476459426198196
neuron_2042_count,0.12282253783429325
neuron_2043_count,0.05468014457159264
neuron_2044_count,0.30239903109963606
neuron_2045_count,0.26546628732883415
neuron_2046_count,0.481246197661078
neuron_2047_count,0.18833252228211883
neuron_2048_count,1.2653933358427263
neuron_2049_count,0.8929261918933169
neuron_2050_count,1.1704074830925997
neuron_2051_count,0.9838697840605937
neuron_2052_count,1.0876421147117026
neuron_2053_count,0.6293277278691405
neuron_2054_count,0.8348506567640875
neuron_2055_count,0.7744743233551451
neuron_2056_count,0.5841269507613119
neuron_2057_count,0.8600927945814364
neuron_2058_count,0.8966719666505817
neuron_2059_count,1.1001757129947156
neuron_2060_count,1.0388517999881726
neuron_2061_count,1.0730062439681598
neuron_2062_count,0.9232549637339746
neuron_2063_count,0.9841367188436096
neuron_2064_count,0.8797454992335064
neuron_2065_count,1.024236656020889
neuron_2066_count,0.6275850823203051
neuron_2067_count,0.9708563262194501
neuron_2068_count,0.6819025086222315
neuron_2069_count,0.8948102811068432
neuron_2070_count,0.6114048968943748
neuron_2071_count,0.8056414429521195
neuron_2072_count,0.7132898784165785
neuron_2073_count,0.489535078328207
neuron_2074_count,0.5672227181099854
neuron_2075_count,0.39664538664999305
neuron_2076_count,0.4432956057236642
neuron_2077_count,0.3009198423077104
neuron_2078_count,0.4710437515035217
neuron_2079_count,0.23617211479676023
neuron_2080_count,0.20748038812372083
neuron_2081_count,0.16816995512941443
neuron_2082_count,0.14589157454046436
neuron_2083_count,0.11423773222435935
neuron_2084_count,0.13280610064984924
neuron_2085_count,0.06686792366722703
neuron_2086_count,0.14816204976827588
neuron_2087_count,0.11698615374970253
neuron_2088_count,0.06315807460784789
neuron_2089_count,0.10554932766443623
neuron_2090_count,0.06653686922882843
neuron_2091_count,0.04447798782692773
neuron_2092_count,0.04464808162848642
neuron_2093_count,0.08675032516352507
neuron_2094_count,0.040136841216572974
neuron_2095_count,0.07943141232948298
neuron_2096_count,0.08585147385522063
neuron_2097_count,0.042241002097330754
neuron_2098_count,0.0932891420848935
neuron_2099_count,0.07044976614934279
neuron_2100_count,0.08251944586726181
neuron_2101_count,0.20783822097098587
neuron_2102_count,0.14480920699152644
neuron_2103_count,0.16066622874469644
neuron_2104_count,0.11364772103014285
neuron_2105_count,0.48091137699682407
neuron_2106_count,0.513887025104787
neuron_2107_count,0.5695292179893562
neuron_2108_count,0.4104374741881637
neuron_2109_count,0.4615396843955923
neuron_2110_count,0.4156858274598533
neuron_2111_count,0.155698045770605
neuron_2112_count,0.7711364261969753
neuron_2113_count,1.2414463555266753
neuron_2114_count,0.823664444535629
neuron_2115_count,1.2301081797741347
neuron_2116_count,0.7973456849836065
neuron_2117_count,0.927303179197229
neuron_2118_count,0.6405029139102694
neuron_2119_count,0.8378991699506737
neuron_2120_count,0.7741204395243314
neuron_2121_count,1.0297795238967813
neuron_2122_count,0.7238278314690253
neuron_2123_count,0.5977924313518912
neuron_2124_count,1.1311543255639949
neuron_2125_count,0.7993714862747154
neuron_2126_count,0.9200858560366326
neuron_2127_count,0.6684237022980666
neuron_2128_count,0.8214762300783682
neuron_2129_count,0.7447198213340096
neuron_2130_count,0.8109981721758756
neuron_2131_count,0.5307008370311561
neuron_2132_count,0.6978615345488204
neuron_2133_count,0.5495865009917167
neuron_2134_count,0.6545546193091817
neuron_2135_count,0.8467254866355598
neuron_2136_count,0.49918922265604926
neuron_2137_count,0.47286354337174047
neuron_2138_count,0.6097830699508842
neuron_2139_count,0.41305437055961847
neuron_2140_count,0.3792939182475322
neuron_2141_count,0.257303465842628
neuron_2142_count,0.18082121143613253
neuron_2143_count,0.1739516155554346
neuron_2144_count,0.18203718547906964
neuron_2145_count,0.2580530609648235
neuron_2146_count,0.14525053743405772
neuron_2147_count,0.13060324342228982
neuron_2148_count,0.0782197359972046
neuron_2149_count,0.10200622075123039
neuron_2150_count,0.14108368067107496
neuron_2151_count,0.157767221361493
neuron_2152_count,0.12509514586725318
neuron_2153_count,0.08751478819628611
neuron_2154_count,0.07563283892327255
neuron_2155_count,0.05169708052935418
neuron_2156_count,0.11765843445895091
neuron_2157_count,0.14144085376041096
neuron_2158_count,0.0569702415376557
neuron_2159_count,0.06287946824863391
neuron_2160_count,0.051864430953014934
neuron_2161_count,0.03582175738151007
neuron_2162_count,0.05714378230409928
neuron_2163_count,0.2066276539318023
neuron_2164_count,0.2718061647617982
neuron_2165_count,0.07974074597865816
neuron_2166_count,0.05671299629316186
neuron_2167_count,0.07446123449148324
neuron_2168_count,0.3978299987285473
neuron_2169_count,0.28843991679260716
neuron_2170_count,0.5901362349677407
neuron_2171_count,0.13068327328831744
neuron_2172_count,0.6112702856834719
neuron_2173_count,0.4020425977456492
neuron_2174_count,0.3204930609928298
neuron_2175_count,0.425852150686051
neuron_2176_count,0.6669342827556763
neuron_2177_count,0.9030960725800025
neuron_2178_count,1.04757544182552
neuron_2179_count,1.1304162213401794
neuron_2180_count,0.9174221457094319
neuron_2181_count,0.7957568805392732
neuron_2182_count,0.6284311402349557
neuron_2183_count,0.6450091249272544
neuron_2184_count,0.8083611774155738
neuron_2185_count,0.657284769065103
neuron_2186_count,0.6307846999660444
neuron_2187_count,0.9941297237569108
neuron_2188_count,0.707971335447647
neuron_2189_count,0.9798475781278864
neuron_2190_count,0.9330035032349502
neuron_2191_count,0.7462267985725991
neuron_2192_count,0.8291758884163566
neuron_2193_count,0.941344583438787
neuron_2194_count,0.9409485665791638
neuron_2195_count,0.764407165142859
neuron_2196_count,0.6455400782559159
neuron_2197_count,0.6045951805894295
neuron_2198_count,0.5164353555646972
neuron_2199_count,0.7245593143961779
neuron_2200_count,0.37933414548436806
neuron_2201_count,0.2389232142648008
neuron_2202_count,0.5685058003904636
neuron_2203_count,0.3594768920602903
neuron_2204_count,0.4768596832106594
neuron_2205_count,0.24616191411335683
neuron_2206_count,0.24100584042666506
neuron_2207_count,0.14505246527502602
neuron_2208_count,0.0830658660322874
neuron_2209_count,0.09358515471146345
neuron_2210_count,0.12916715755430236
neuron_2211_count,0.131227189593004
neuron_2212_count,0.09291783684567828
neuron_2213_count,0.09522320038615359
neuron_2214_count,0.12913682958886816
neuron_2215_count,0.14099201256260832
neuron_2216_count,0.05856399382466321
neuron_2217_count,0.10182584440630887
neuron_2218_count,0.038104596452480516
neuron_2219_count,0.15329276313033335
neuron_2220_count,0.05665105628957616
neuron_2221_count,0.08753841842011423
neuron_2222_count,0.05036858679924544
neuron_2223_count,0.08181805313961449
neuron_2224_count,0.17261605638381614
neuron_2225_count,0.10404754083764656
neuron_2226_count,0.1421649916860824
neuron_2227_count,0.190578017056093
neuron_2228_count,0.16995083585988902
neuron_2229_count,0.12030715930639002
neuron_2230_count,0.09950127246246743
neuron_2231_count,0.18519708573549484
neuron_2232_count,0.11304196320588805
neuron_2233_count,0.14678394224618982
neuron_2234_count,0.09531244125884519
neuron_2235_count,0.3261256523036674
neuron_2236_count,0.16116239200331806
neuron_2237_count,0.19312446947311346
neuron_2238_count,0.4135426513021548
neuron_2239_count,0.49910848243460915
neuron_2240_count,0.6912605338798569
neuron_2241_count,0.8428707746460561
neuron_2242_count,0.9536662724515024
neuron_2243_count,0.7049450251116481
neuron_2244_count,0.7797176975518259
neuron_2245_count,0.9149434735828782
neuron_2246_count,0.5111960066836696
neuron_2247_count,0.7195093711072195
neuron_2248_count,0.50043532787205
neuron_2249_count,0.47101719077290416
neuron_2250_count,0.8086008533160907
neuron_2251_count,0.3864948498886957
neuron_2252_count,0.7887217405672019
neuron_2253_count,0.6841006768934733
neuron_2254_count,0.9229490368889535
neuron_2255_count,1.0224507113671575
neuron_2256_count,0.7601108917319813
neuron_2257_count,0.727811344879154
neuron_2258_count,0.7672357013836331
neuron_2259_count,0.6400376923216464
neuron_2260_count,0.4632315867382344
neuron_2261_count,0.6261635962717031
neuron_2262_count,0.5427802496492615
neuron_2263_count,0.4436262321944
neuron_2264_count,0.32321597622927967
neuron_2265_count,0.30921369188836245
neuron_2266_count,0.2626561345187085
neuron_2267_count,0.3637034310585396
neuron_2268_count,0.19465865088949924
neuron_2269_count,0.24828501656734753
neuron_2270_count,0.16120969523356193
neuron_2271_count,0.0832877226927507
neuron_2272_count,0.09328196891934168
neuron_2273_count,0.15977070131881305
neuron_2274_count,0.09778919920278792
neuron_2275_count,0.08011349938843693
neuron_2276_count,0.14854494017200678
neuron_2277_count,0.16370683929604085
neuron_2278_count,0.1165767868482232
neuron_2279_count,0.08968191415329047
neuron_2280_count,0.10027022907046643
neuron_2281_count,0.11898715776129276
neuron_2282_count,0.10810661666259955
neuron_2283_count,0.12647959260632705
neuron_2284_count,0.1139516453225646
neuron_2285_count,0.10905878135623867
neuron_2286_count,0.08930548737657668
neuron_2287_count,0.15301371734277258
neuron_2288_count,0.15169845994015177
neuron_2289_count,0.08780149255591424
neuron_2290_count,0.07287346867436885
neuron_2291_count,0.0327350478358884
neuron_2292_count,0.09322112748827466
neuron_2293_count,0.06003350002085858
neuron_2294_count,0.030209870309668346
neuron_2295_count,0.09793902799054882
neuron_2296_count,0.19175515231712892
neuron_2297_count,0.26728480268188226
neuron_2298_count,0.6064548673851035
neuron_2299_count,0.0564368692260835
neuron_2300_count,0.27049719761528046
neuron_2301_count,0.013329742052721527
neuron_2302_count,0.6056071567407595
neuron_2303_count,0.2344411892577374
neuron_2304_count,0.802229274529557
neuron_2305_count,0.9220836114624429
neuron_2306_count,0.9519580693896211
neuron_2307_count,0.8931779495810941
neuron_2308_count,0.739785137004531
neuron_2309_count,0.7136403767510979
neuron_2310_count,0.6644287759394927
neuron_2311_count,0.6599952911958148
neuron_2312_count,0.6110501010471987
neuron_2313_count,0.7678523108553628
neuron_2314_count,0.47368329812677246
neuron_2315_count,0.5612243601079173
neuron_2316_count,0.7283644692847676
neuron_2317_count,1.2002674734835679
neuron_2318_count,0.8613935422057329
neuron_2319_count,0.8815714358960975
neuron_2320_count,0.7551150180536186
neuron_2321_count,0.6825956442849995
neuron_2322_count,0.5372017360421115
neuron_2323_count,0.7415875376279484
neuron_2324_count,0.6338412056459704
neuron_2325_count,0.6132106414353478
neuron_2326_count,0.7546056106654293
neuron_2327_count,0.19815073210938142
neuron_2328_count,0.46452954639009414
neuron_2329_count,0.14998064039385386
neuron_2330_count,0.3003859893325747
neuron_2331_count,0.15017735872243188
neuron_2332_count,0.24343682810124623
neuron_2333_count,0.24494245129733894
neuron_2334_count,0.18632723076583388
neuron_2335_count,0.19419880149669322
neuron_2336_count,0.12430387939253768
neuron_2337_count,0.10120033861538402
neuron_2338_count,0.08015398829154938
neuron_2339_count,0.08067362113777442
neuron_2340_count,0.11075191402745123
neuron_2341_count,0.16089605994343043
neuron_2342_count,0.06485773177433975
neuron_2343_count,0.16711271774089825
neuron_2344_count,0.1361249591955483
neuron_2345_count,0.11604074958665012
neuron_2346_count,0.2712258007857773
neuron_2347_count,0.06798161080823067
neuron_2348_count,0.04637010985475992
neuron_2349_count,0.1657655296484383
neuron_2350_count,0.07730002688033166
neuron_2351_count,0.07673849461099616
neuron_2352_count,0.11006271351287886
neuron_2353_count,0.16357997861568307
neuron_2354_count,0.09856208906929162
neuron_2355_count,0.06407485534113114
neuron_2356_count,0.09536563514512503
neuron_2357_count,0.03768636153112392
neuron_2358_count,0.19295444236541692
neuron_2359_count,0.7121319168181568
neuron_2360_count,0.236177324967462
neuron_2361_count,0.22874762886565103
neuron_2362_count,0.09286410292143624
neuron_2363_count,0.0386602568932201
neuron_2364_count,0.09263313051393368
neuron_2365_count,0.26786372223829635
neuron_2366_count,0.32976548789363375
neuron_2367_count,0.4146518999769091
neuron_2368_count,0.7156451476326783
neuron_2369_count,0.7111920872415134
neuron_2370_count,0.8601369707703065
neuron_2371_count,0.5798605954545425
neuron_2372_count,0.6068029658049309
neuron_2373_count,1.015299661121928
neuron_2374_count,0.736110192946297
neuron_2375_count,0.8246836157376685
neuron_2376_count,0.6098926236827197
neuron_2377_count,0.377345511311915
neuron_2378_count,0.6192051836820576
neuron_2379_count,0.9324044860931144
neuron_2380_count,0.6885551574314549
neuron_2381_count,0.5443191996467465
neuron_2382_count,0.7404728629157523
neuron_2383_count,0.565991461080827
neuron_2384_count,0.6708031545308247
neuron_2385_count,0.6528702368779333
neuron_2386_count,0.55284264761259
neuron_2387_count,0.44044450768661875
neuron_2388_count,0.41557452218692104
neuron_2389_count,0.7101473396259372
neuron_2390_count,0.39748716951855045
neuron_2391_count,0.2279071640580556
neuron_2392_count,0.507216854607649
neuron_2393_count,0.39550456262075084
neuron_2394_count,0.3944006925762096
neuron_2395_count,0.3076479066752066
neuron_2396_count,0.18793371251824395
neuron_2397_count,0.16535554443863051
neuron_2398_count,0.13535983552119274
neuron_2399_count,0.2806045511760043
neuron_2400_count,0.15713748073703024
neuron_2401_count,0.09669619055227119
neuron_2402_count,0.0931122011953979
neuron_2403_count,0.10943479213947724
neuron_2404_count,0.08002354302231696
neuron_2405_count,0.14221506403629214
neuron_2406_count,0.10813730852435383
neuron_2407_count,0.19671735321758194
neuron_2408_count,0.13184614103280548
neuron_2409_count,0.06784808081576643
neuron_2410_count,0.11194486436512134
neuron_2411_count,0.19796173032859254
neuron_2412_count,0.05468798369962537
neuron_2413_count,0.10088678377851207
neuron_2414_count,0.04436469883933952
neuron_2415_count,0.09961141635845666
neuron_2416_count,0.10826824574346328
neuron_2417_count,0.1366434276725367
neuron_2418_count,0.1056165958800913
neuron_2419_count,0.23230350564165653
neuron_2420_count,0.0854725469542742
neuron_2421_count,0.034974585341056866
neuron_2422_count,0.0593747387420847
neuron_2423_count,0.20622690467873453
neuron_2424_count,0.07970774698762181
neuron_2425_count,0.11592375106008143
neuron_2426_count,0.330351640502497
neuron_2427_count,0.3707290385444236
neuron_2428_count,0.5159211095619171
neuron_2429_count,0.6727925914702796
neuron_2430_count,0.6321052570835854
neuron_2431_count,0.40030271044864724
neuron_2432_count,0.7714528347858545
neuron_2433_count,0.764007083761284
neuron_2434_count,0.8928400306874797
neuron_2435_count,0.7927181227870514
neuron_2436_count,0.8004754127816477
neuron_2437_count,0.6405624196623332
neuron_2438_count,0.9310623253352122
neuron_2439_count,0.6058932193904204
neuron_2440_count,0.6573903466196298
neuron_2441_count,0.38345808504575274
neuron_2442_count,0.5067941348079215
neuron_2443_count,0.6815564575752736
neuron_2444_count,0.6063914470671551
neuron_2445_count,0.711304373707379
neuron_2446_count,0.5787204323842204
neuron_2447_count,0.5263615193671708
neuron_2448_count,0.4987598256314315
neuron_2449_count,0.4206785720274591
neuron_2450_count,0.3369231034313802
neuron_2451_count,0.5396113798670568
neuron_2452_count,0.47065022863287415
neuron_2453_count,0.4241271386232124
neuron_2454_count,0.2142571997048353
neuron_2455_count,0.4332592872832416
neuron_2456_count,0.5507271731646614
neuron_2457_count,0.3302943099701082
neuron_2458_count,0.5647142319579243
neuron_2459_count,0.32390727028022814
neuron_2460_count,0.19616462502566043
neuron_2461_count,0.12726849698995651
neuron_2462_count,0.19648930698313333
neuron_2463_count,0.27281876057681737
neuron_2464_count,0.10876758647150522
neuron_2465_count,0.0966767770321966
neuron_2466_count,0.07502430057546558
neuron_2467_count,0.08218361913089006
neuron_2468_count,0.11532548886453722
neuron_2469_count,0.0818034348329818
neuron_2470_count,0.10056069042539487
neuron_2471_count,0.1569069828937
neuron_2472_count,0.06724443764528892
neuron_2473_count,0.11750068790525034
neuron_2474_count,0.10194949480476807
neuron_2475_count,0.10795720164891134
neuron_2476_count,0.14161167056153434
neuron_2477_count,0.07231306506902763
neuron_2478_count,0.05527250010892465
neuron_2479_count,0.0882637821842013
neuron_2480_count,0.0889495847823478
neuron_2481_count,0.14907755659059932
neuron_2482_count,0.12051805255413542
neuron_2483_count,0.22698891314324093
neuron_2484_count,0.19595806186282277
neuron_2485_count,0.032620446862400745
neuron_2486_count,0.3348298181070828
neuron_2487_count,0.07216860183208142
neuron_2488_count,0.09971121251053117
neuron_2489_count,0.014781026175426343
neuron_2490_count,0.16114303312276598
neuron_2491_count,0.22785794024743147
neuron_2492_count,0.8179323186083772
neuron_2493_count,0.3920167625634693
neuron_2494_count,0.22695906231002333
neuron_2495_count,0.04949886189690163
neuron_2496_count,0.6907534307499023
neuron_2497_count,0.7779683436604707
neuron_2498_count,0.3905904549764644
neuron_2499_count,0.8410580891035125
neuron_2500_count,0.6660793828226168
neuron_2501_count,0.3670500485025124
neuron_2502_count,0.5214373151759406
neuron_2503_count,0.7007837442587845
neuron_2504_count,0.5905765237318382
neuron_2505_count,0.8364101159238186
neuron_2506_count,0.5995452809533389
neuron_2507_count,0.7153255090510225
neuron_2508_count,0.8316514133835445
neuron_2509_count,0.6324925648260182
neuron_2510_count,0.5947298229977523
neuron_2511_count,0.6513883002712576
neuron_2512_count,0.5045109055006725
neuron_2513_count,0.22947814143486595
neuron_2514_count,0.5512148805128525
neuron_2515_count,0.46348180249080323
neuron_2516_count,0.5380492224405944
neuron_2517_count,0.24677573524155705
neuron_2518_count,0.3767579059154943
neuron_2519_count,0.29956389152523827
neuron_2520_count,0.16572981452964483
neuron_2521_count,0.2149351086375364
neuron_2522_count,0.18707262755529783
neuron_2523_count,0.3367122054781412
neuron_2524_count,0.15374291122260095
neuron_2525_count,0.1557568894648455
neuron_2526_count,0.16138017827580928
neuron_2527_count,0.24398275881595743
neuron_2528_count,0.16294587491461873
neuron_2529_count,0.08175009074868078
neuron_2530_count,0.07968793700669248
neuron_2531_count,0.0977583632449967
neuron_2532_count,0.10731277546609508
neuron_2533_count,0.14494055873510603
neuron_2534_count,0.06415352695365295
neuron_2535_count,0.06065710494038912
neuron_2536_count,0.20748021647736015
neuron_2537_count,0.09850734086325988
neuron_2538_count,0.07507933538407599
neuron_2539_count,0.10135374430614932
neuron_2540_count,0.10968568430393788
neuron_2541_count,0.06311679720215943
neuron_2542_count,0.2136899340159002
neuron_2543_count,0.10325852873251518
neuron_2544_count,0.14357364854623425
neuron_2545_count,0.4126266877146888
neuron_2546_count,0.11057389327787795
neuron_2547_count,0.06790982877839746
neuron_2548_count,0.21540124455483461
neuron_2549_count,0.0954377201388485
neuron_2550_count,0.13171866993681305
neuron_2551_count,0.019940685363121522
neuron_2552_count,0.046138752713172436
neuron_2553_count,0.34295141485192177
neuron_2554_count,0.21716016886544354
neuron_2555_count,0.2770213581779077
neuron_2556_count,0.24017358439991315
neuron_2557_count,0.49066429660806055
neuron_2558_count,0.6233221189215858
neuron_2559_count,0.2644537506653438
neuron_2560_count,0.6337770022708464
neuron_2561_count,0.744823942886335
neuron_2562_count,0.554393634564162
neuron_2563_count,0.7425171257101291
neuron_2564_count,0.5659234339962316
neuron_2565_count,0.3898691542674403
neuron_2566_count,0.38839410105473404
neuron_2567_count,0.43779181959894714
neuron_2568_count,0.4142313350460923
neuron_2569_count,0.36504516712935764
neuron_2570_count,0.08265905004851669
neuron_2571_count,0.18372167595676617
neuron_2572_count,0.46978224449558525
neuron_2573_count,0.4341313034294624
neuron_2574_count,0.5712731057760375
neuron_2575_count,0.3905289727867838
neuron_2576_count,0.4937252115221017
neuron_2577_count,0.38775358622452916
neuron_2578_count,0.4871398390394196
neuron_2579_count,0.28037781501980286
neuron_2580_count,0.1958908285077121
neuron_2581_count,0.3111526633020706
neuron_2582_count,0.20959925313342476
neuron_2583_count,0.3171250828069477
neuron_2584_count,0.24382354717675406
neuron_2585_count,0.21641472506426063
neuron_2586_count,0.21844150517440236
neuron_2587_count,0.38703279971194526
neuron_2588_count,0.25695175615342947
neuron_2589_count,0.21066009127472424
neuron_2590_count,0.17088496381528107
neuron_2591_count,0.13800244385975388
neuron_2592_count,0.07847578031804386
neuron_2593_count,0.09003338363864924
neuron_2594_count,0.14173801789303406
neuron_2595_count,0.11413061273380914
neuron_2596_count,0.09686039871965221
neuron_2597_count,0.1271556409684531
neuron_2598_count,0.166160276772923
neuron_2599_count,0.2264144996553875
neuron_2600_count,0.09227317596719149
neuron_2601_count,0.08690470090905539
neuron_2602_count,0.0912967540893608
neuron_2603_count,0.09560598891011532
neuron_2604_count,0.06105634752391659
neuron_2605_count,0.11773612823939467
neuron_2606_count,0.1439232059469873
neuron_2607_count,0.10060880329861388
neuron_2608_count,0.09642522058475539
neuron_2609_count,0.19753965513392993
neuron_2610_count,0.18898785883042024
neuron_2611_count,0.19095179770686327
neuron_2612_count,0.18988282248007407
neuron_2613_count,0.17030449131485287
neuron_2614_count,0.2623294985467813
neuron_2615_count,0.12192598877084394
neuron_2616_count,0.04533091147286061
neuron_2617_count,0.3398283575182238
neuron_2618_count,0.501148215346862
neuron_2619_count,0.22580497982600917
neuron_2620_count,1.0072505595763044
neuron_2621_count,0.23511615481864276
neuron_2622_count,0.3540695404559284
neuron_2623_count,0.3640367196592955
neuron_2624_count,0.7112840139872056
neuron_2625_count,0.6049827181133417
neuron_2626_count,0.6234875203389396
neuron_2627_count,0.6003083981353295
neuron_2628_count,0.5319513549134487
neuron_2629_count,0.6517065672713974
neuron_2630_count,0.5181289404262701
neuron_2631_count,0.3596083499551786
neuron_2632_count,0.37856998231204264
neuron_2633_count,0.44154907521586795
neuron_2634_count,0.5150940852735764
neuron_2635_count,0.3582917525043647
neuron_2636_count,0.3517304503848055
neuron_2637_count,0.4012444782672426
neuron_2638_count,0.5404356458263306
neuron_2639_count,0.589377140437249
neuron_2640_count,0.523144475335577
neuron_2641_count,0.3398021729268112
neuron_2642_count,0.2694228861794001
neuron_2643_count,0.28018071025708996
neuron_2644_count,0.2593846125892507
neuron_2645_count,0.3334389979281468
neuron_2646_count,0.21104954734602632
neuron_2647_count,0.21071467495160637
neuron_2648_count,0.24333805820717008
neuron_2649_count,0.2918857931477553
neuron_2650_count,0.19569426226825484
neuron_2651_count,0.20921258132110537
neuron_2652_count,0.245168178504087
neuron_2653_count,0.18228277044123714
neuron_2654_count,0.14571225964404003
neuron_2655_count,0.1063916835645435
neuron_2656_count,0.10301060356730649
neuron_2657_count,0.08090739193581806
neuron_2658_count,0.07996858348168367
neuron_2659_count,0.11554967619458678
neuron_2660_count,0.133438809363333
neuron_2661_count,0.0687348684542682
neuron_2662_count,0.10875077788857165
neuron_2663_count,0.08413177818855452
neuron_2664_count,0.06874724876818991
neuron_2665_count,0.14722529317819452
neuron_2666_count,0.13863959906253745
neuron_2667_count,0.12958337785767607
neuron_2668_count,0.05512186220378629
neuron_2669_count,0.08848867124795633
neuron_2670_count,0.1091019819158496
neuron_2671_count,0.26067084438526056
neuron_2672_count,0.11968872442229969
neuron_2673_count,0.027256556701358292
neuron_2674_count,0.1322070739172402
neuron_2675_count,0.21958362995692143
neuron_2676_count,0.21017069832325086
neuron_2677_count,0.05948686058018444
neuron_2678_count,0.03311846102635767
neuron_2679_count,0.04193935969708819
neuron_2680_count,0.43611850894044724
neuron_2681_count,0.3282875978394676
neuron_2682_count,0.2732955627222107
neuron_2683_count,0.4121760543540688
neuron_2684_count,0.52656148072862
neuron_2685_count,0.4763774933087096
neuron_2686_count,0.46800248198749883
neuron_2687_count,0.4518854578060093
neuron_2688_count,0.5490529224804707
neuron_2689_count,0.5813592834582564
neuron_2690_count,0.5077875180847012
neuron_2691_count,0.6360111783909366
neuron_2692_count,0.49115670879609524
neuron_2693_count,0.3323368324991313
neuron_2694_count,0.2688346687155289
neuron_2695_count,0.734413092561524
neuron_2696_count,0.19368002725111913
neuron_2697_count,0.5266371062267386
neuron_2698_count,0.3305307862812748
neuron_2699_count,0.33466244342502427
neuron_2700_count,0.74134443791725
neuron_2701_count,0.2832574321345417
neuron_2702_count,0.5617555075530116
neuron_2703_count,0.3514611213513263
neuron_2704_count,0.5931367981974168
neuron_2705_count,0.1985811244571927
neuron_2706_count,0.3206734791032749
neuron_2707_count,0.28908834057831506
neuron_2708_count,0.2509547291561988
neuron_2709_count,0.31369400398633485
neuron_2710_count,0.39217347103323896
neuron_2711_count,0.2234129590232036
neuron_2712_count,0.26552393505093397
neuron_2713_count,0.20242035986441023
neuron_2714_count,0.3209580111550464
neuron_2715_count,0.1398819593082487
neuron_2716_count,0.17924657881459535
neuron_2717_count,0.1683081217506155
neuron_2718_count,0.19596261960316733
neuron_2719_count,0.11657805808929236
neuron_2720_count,0.15497519129652076
neuron_2721_count,0.13757024241804183
neuron_2722_count,0.09659615667310273
neuron_2723_count,0.13328725923848958
neuron_2724_count,0.0688524417566222
neuron_2725_count,0.11122001719051988
neuron_2726_count,0.09314001850556144
neuron_2727_count,0.08920731932460854
neuron_2728_count,0.0948179940976966
neuron_2729_count,0.15969880212315635
neuron_2730_count,0.07044233816796083
neuron_2731_count,0.1031390099848585
neuron_2732_count,0.12076093405429159
neuron_2733_count,0.19388358806002792
neuron_2734_count,0.08385641794241655
neuron_2735_count,0.18166234675643878
neuron_2736_count,0.09517301538977468
neuron_2737_count,0.1053129447763928
neuron_2738_count,0.21716169457133733
neuron_2739_count,0.2233781321126962
neuron_2740_count,0.40784431620314315
neuron_2741_count,0.15906656992174517
neuron_2742_count,0.05186553176629338
neuron_2743_count,0.028960047373709955
neuron_2744_count,0.07992859118111575
neuron_2745_count,0.16354773363284608
neuron_2746_count,0.6770397780986493
neuron_2747_count,0.7290714648031219
neuron_2748_count,0.331792385255586
neuron_2749_count,0.30018934360029675
neuron_2750_count,0.8234480267529202
neuron_2751_count,0.5598269909966824
neuron_2752_count,0.6379532902065012
neuron_2753_count,0.6053864938938113
neuron_2754_count,0.6568445122733234
neuron_2755_count,0.5277359384492856
neuron_2756_count,0.8145404116861169
neuron_2757_count,0.4608804323529325
neuron_2758_count,0.2972018703884279
neuron_2759_count,0.2487800458539064
neuron_2760_count,0.39517143670065824
neuron_2761_count,0.4198497005121202
neuron_2762_count,0.3649765504112663
neuron_2763_count,0.473940868248637
neuron_2764_count,0.3718847979163314
neuron_2765_count,0.3831208219406286
neuron_2766_count,0.3075797921513559
neuron_2767_count,0.32512490799074406
neuron_2768_count,0.4624816949721129
neuron_2769_count,0.2458870884575168
neuron_2770_count,0.2718028377978312
neuron_2771_count,0.19571548641961967
neuron_2772_count,0.2386298055303497
neuron_2773_count,0.2327612097227869
neuron_2774_count,0.20205674221710906
neuron_2775_count,0.23820040043116303
neuron_2776_count,0.3214076512049158
neuron_2777_count,0.1838264044781071
neuron_2778_count,0.2228087168935341
neuron_2779_count,0.18032262375201877
neuron_2780_count,0.1737111161903723
neuron_2781_count,0.12789909535382085
neuron_2782_count,0.14195115253113558
neuron_2783_count,0.21451304794790219
neuron_2784_count,0.07069524285115772
neuron_2785_count,0.11021016533098763
neuron_2786_count,0.08349082547155569
neuron_2787_count,0.12295135465963916
neuron_2788_count,0.04520682542075233
neuron_2789_count,0.20053799319202975
neuron_2790_count,0.15261739667070787
neuron_2791_count,0.09306596824405637
neuron_2792_count,0.0688386048223133
neuron_2793_count,0.08068574061721959
neuron_2794_count,0.10839371611279992
neuron_2795_count,0.06975193364600493
neuron_2796_count,0.09103254788416831
neuron_2797_count,0.25250787181562245
neuron_2798_count,0.07692044450059549
neuron_2799_count,0.13174120748314302
neuron_2800_count,0.18368010773627658
neuron_2801_count,0.47401784160971083
neuron_2802_count,0.1517124228416565
neuron_2803_count,0.2958027853090326
neuron_2804_count,0.07343696600910933
neuron_2805_count,0.027972627987658906
neuron_2806_count,0.054637130957786176
neuron_2807_count,0.02108714864883217
neuron_2808_count,0.48404037568998
neuron_2809_count,0.09796062463140856
neuron_2810_count,0.700992800942386
neuron_2811_count,0.7312231664336408
neuron_2812_count,0.22219085237086098
neuron_2813_count,0.45462426582418114
neuron_2814_count,0.3898803092816614
neuron_2815_count,0.4115295804376433
neuron_2816_count,0.5144314833901255
neuron_2817_count,0.4933955423280202
neuron_2818_count,0.38708460882773543
neuron_2819_count,0.5472745521686659
neuron_2820_count,0.30524566999174263
neuron_2821_count,0.4530648785995063
neuron_2822_count,0.24778362201007514
neuron_2823_count,0.4237363325350121
neuron_2824_count,0.3459833003779381
neuron_2825_count,0.49147922913639197
neuron_2826_count,0.5274178168309072
neuron_2827_count,0.45989195479170264
neuron_2828_count,0.35023241584128634
neuron_2829_count,0.46367216720525256
neuron_2830_count,0.4109367360472452
neuron_2831_count,0.3502642885118882
neuron_2832_count,0.3144670492561809
neuron_2833_count,0.34208584186742497
neuron_2834_count,0.27090406412524903
neuron_2835_count,0.2484430688123792
neuron_2836_count,0.29346250789569084
neuron_2837_count,0.25002934609308447
neuron_2838_count,0.3072748598816274
neuron_2839_count,0.2764772562162566
neuron_2840_count,0.2986535343399017
neuron_2841_count,0.174198280252057
neuron_2842_count,0.24189506555231244
neuron_2843_count,0.1477096319950753
neuron_2844_count,0.20091524833453797
neuron_2845_count,0.12464669353031338
neuron_2846_count,0.150282732780386
neuron_2847_count,0.09889544540368492
neuron_2848_count,0.0878902220170254
neuron_2849_count,0.12305075963796425
neuron_2850_count,0.1249470808898277
neuron_2851_count,0.08580172441330436
neuron_2852_count,0.1271854938199244
neuron_2853_count,0.06217510719623845
neuron_2854_count,0.14011543367643275
neuron_2855_count,0.042731899717392996
neuron_2856_count,0.08549852201018654
neuron_2857_count,0.0934308897427874
neuron_2858_count,0.058875975289536
neuron_2859_count,0.11887958378626101
neuron_2860_count,0.07640874890243335
neuron_2861_count,0.13614631053264192
neuron_2862_count,0.11382118590551912
neuron_2863_count,0.0629467109080026
neuron_2864_count,0.09638747034016681
neuron_2865_count,0.22749845829746557
neuron_2866_count,0.27415714697107096
neuron_2867_count,0.20448718276125472
neuron_2868_count,0.04519783678003726
neuron_2869_count,0.04765061587239843
neuron_2870_count,0.33341765482162433
neuron_2871_count,0.34571350088934594
neuron_2872_count,0.17023718848493233
neuron_2873_count,0.30306800115793214
neuron_2874_count,0.7306321988900093
neuron_2875_count,0.6426788917141251
neuron_2876_count,0.6662531207901747
neuron_2877_count,0.021680930534271337
neuron_2878_count,0.22423320236587738
neuron_2879_count,0.29702195979593693
neuron_2880_count,0.5044925644201954
neuron_2881_count,0.6763062628495113
neuron_2882_count,0.4607109146793842
neuron_2883_count,0.563084684748943
neuron_2884_count,0.5295176299781167
neuron_2885_count,0.24596653158716641
neuron_2886_count,0.6189931646872961
neuron_2887_count,0.2712805653693461
neuron_2888_count,0.363598393962817
neuron_2889_count,0.3576306887653766
neuron_2890_count,0.4725330276938018
neuron_2891_count,0.39641658279505654
neuron_2892_count,0.24160368110843047
neuron_2893_count,0.4149503183233936
neuron_2894_count,0.4244822056013631
neuron_2895_count,0.43082648608045226
neuron_2896_count,0.32101856036310183
neuron_2897_count,0.2460497342441379
neuron_2898_count,0.2932901144508062
neuron_2899_count,0.24558580572463456
neuron_2900_count,0.29724417867625874
neuron_2901_count,0.2925876127510689
neuron_2902_count,0.20270602012103825
neuron_2903_count,0.24969795111315207
neuron_2904_count,0.294488196126537
neuron_2905_count,0.2461116863837734
neuron_2906_count,0.21365855064730882
neuron_2907_count,0.14805177485069854
neuron_2908_count,0.19499855295775687
neuron_2909_count,0.14905840190797814
neuron_2910_count,0.19064700891627392
neuron_2911_count,0.13100504502351612
neuron_2912_count,0.14825519166965417
neuron_2913_count,0.09019393132600317
neuron_2914_count,0.07901838125543284
neuron_2915_count,0.12355402510125321
neuron_2916_count,0.10500656355086274
neuron_2917_count,0.04382141557332109
neuron_2918_count,0.087886416993508
neuron_2919_count,0.06266949055580223
neuron_2920_count,0.03444030928715189
neuron_2921_count,0.07796178864965053
neuron_2922_count,0.08491442186619624
neuron_2923_count,0.06812887296865935
neuron_2924_count,0.10135601773101377
neuron_2925_count,0.1177020060129157
neuron_2926_count,0.2233915591119674
neuron_2927_count,0.0518094139405165
neuron_2928_count,0.3255837973465862
neuron_2929_count,0.27438768686564957
neuron_2930_count,0.13781211596035303
neuron_2931_count,0.10708266352702417
neuron_2932_count,0.045390056048206
neuron_2933_count,0.13913528499827688
neuron_2934_count,0.44643564308697825
neuron_2935_count,0.07319351220215145
neuron_2936_count,0.3887524059089612
neuron_2937_count,0.5292128729648897
neuron_2938_count,0.5404507671826531
neuron_2939_count,0.26035374809245937
neuron_2940_count,0.4237137336801363
neuron_2941_count,0.22286933246432963
neuron_2942_count,0.43938403190168773
neuron_2943_count,0.3988570392450456
neuron_2944_count,0.24524987028466932
neuron_2945_count,0.5657328037968146
neuron_2946_count,0.4960439441465399
neuron_2947_count,0.48970467185376804
neuron_2948_count,0.5044198126002386
neuron_2949_count,0.31954675060504656
neuron_2950_count,0.501859955126266
neuron_2951_count,0.1983367109506078
neuron_2952_count,0.5182366563546097
neuron_2953_count,0.27798160025274143
neuron_2954_count,0.30406045830577744
neuron_2955_count,0.31949693226358955
neuron_2956_count,0.34261740930926454
neuron_2957_count,0.41397473788266564
neuron_2958_count,0.3941586802846035
neuron_2959_count,0.31527055438281476
neuron_2960_count,0.3295282808144096
neuron_2961_count,0.31297689875001145
neuron_2962_count,0.32252195263645683
neuron_2963_count,0.27409142224263666
neuron_2964_count,0.2479935545363728
neuron_2965_count,0.3319526537856706
neuron_2966_count,0.24436772997365092
neuron_2967_count,0.2597769177249994
neuron_2968_count,0.2582694597184241
neuron_2969_count,0.364465054698573
neuron_2970_count,0.24045464662052557
neuron_2971_count,0.1460923921587575
neuron_2972_count,0.14865363493950043
neuron_2973_count,0.15332725440931433
neuron_2974_count,0.2070248457395362
neuron_2975_count,0.10489622908505097
neuron_2976_count,0.12671032298012908
neuron_2977_count,0.08943429668744973
neuron_2978_count,0.09459273356677164
neuron_2979_count,0.07267247971101803
neuron_2980_count,0.07988392836506628
neuron_2981_count,0.10857795674974688
neuron_2982_count,0.08265205613934495
neuron_2983_count,0.06818843407702038
neuron_2984_count,0.08227921973337296
neuron_2985_count,0.10520754627092013
neuron_2986_count,0.09418085652459485
neuron_2987_count,0.06803367752832412
neuron_2988_count,0.10905137003337431
neuron_2989_count,0.16165884670943964
neuron_2990_count,0.0757064976954193
neuron_2991_count,0.1348739427748389
neuron_2992_count,0.15633998213715966
neuron_2993_count,0.135342855619419
neuron_2994_count,0.2867053921858214
neuron_2995_count,0.2837579084620551
neuron_2996_count,0.1991021636277434
neuron_2997_count,0.1725460580383581
neuron_2998_count,0.07134440513336215
neuron_2999_count,0.3103660710961515
neuron_3000_count,0.17480019669085411
neuron_3001_count,0.7024315513341012
neuron_3002_count,0.3655229453091093
neuron_3003_count,0.5243512400044442
neuron_3004_count,0.3653866110209853
neuron_3005_count,0.059074429834430314
neuron_3006_count,0.36845283967698034
neuron_3007_count,0.15242723584313497
neuron_3008_count,0.23346091865782648
neuron_3009_count,0.4012341462163058
neuron_3010_count,0.2373472578107491
neuron_3011_count,0.3597397051143753
neuron_3012_count,0.21177809009387188
neuron_3013_count,0.30352662741451186
neuron_3014_count,0.2995818458181699
neuron_3015_count,0.268864373762694
neuron_3016_count,0.3119475524580402
neuron_3017_count,0.23919245264712413
neuron_3018_count,0.3705084557720425
neuron_3019_count,0.4122653437232016
neuron_3020_count,0.361231729680807
neuron_3021_count,0.3939251120063513
neuron_3022_count,0.3833658683200863
neuron_3023_count,0.4119067717159005
neuron_3024_count,0.2853735425484676
neuron_3025_count,0.3036365405229431
neuron_3026_count,0.27122973125721656
neuron_3027_count,0.30520365992826626
neuron_3028_count,0.2754828305220673
neuron_3029_count,0.2923742841515012
neuron_3030_count,0.15421989644472986
neuron_3031_count,0.2578858584394379
neuron_3032_count,0.2608887294814825
neuron_3033_count,0.17571125331357107
neuron_3034_count,0.14660312533166897
neuron_3035_count,0.13323468387618073
neuron_3036_count,0.20338579319276495
neuron_3037_count,0.1363043498165256
neuron_3038_count,0.10132504925247288
neuron_3039_count,0.1744747151100699
neuron_3040_count,0.12244449961158144
neuron_3041_count,0.07374518400282083
neuron_3042_count,0.16927724656815385
neuron_3043_count,0.07195872497903072
neuron_3044_count,0.12528660457902874
neuron_3045_count,0.06737529712588983
neuron_3046_count,0.08153090001023955
neuron_3047_count,0.08227647165298207
neuron_3048_count,0.08129171513452196
neuron_3049_count,0.05395750171220877
neuron_3050_count,0.1291680517508056
neuron_3051_count,0.1272893782857052
neuron_3052_count,0.09462299867071158
neuron_3053_count,0.15701906141664895
neuron_3054_count,0.23902172771066507
neuron_3055_count,0.32348465257990955
neuron_3056_count,0.13443897813183672
neuron_3057_count,0.0905608427684115
neuron_3058_count,0.15402835752430732
neuron_3059_count,0.10365805603777323
neuron_3060_count,0.41781731113665804
neuron_3061_count,0.13109148045240554
neuron_3062_count,0.05285619313182012
neuron_3063_count,0.00843396634854151
neuron_3064_count,0.11897225279011683
neuron_3065_count,0.005590884135886251
neuron_3066_count,0.27214190201424293
neuron_3067_count,0.21418027434091166
neuron_3068_count,0.18374822098148913
neuron_3069_count,0.11593342783236066
neuron_3070_count,0.6970944233559527
neuron_3071_count,0.2477849264494067
neuron_3072_count,0.3994017684685732
neuron_3073_count,0.4523678182394813
neuron_3074_count,0.34520550657812504
neuron_3075_count,0.34482386185097075
neuron_3076_count,0.26262655012080083
neuron_3077_count,0.23724982283786505
neuron_3078_count,0.25272671592146595
neuron_3079_count,0.21376805114263148
neuron_3080_count,0.3325676577219284
neuron_3081_count,0.2479623253408133
neuron_3082_count,0.25651368843608385
neuron_3083_count,0.3287786687241144
neuron_3084_count,0.30749109597689817
neuron_3085_count,0.2794700285611281
neuron_3086_count,0.3503685326577908
neuron_3087_count,0.3143307253188883
neuron_3088_count,0.36498210588909463
neuron_3089_count,0.25659233772622037
neuron_3090_count,0.3016634489282416
neuron_3091_count,0.2621035716470941
neuron_3092_count,0.3181363546626427
neuron_3093_count,0.224631644737306
neuron_3094_count,0.3041404796708805
neuron_3095_count,0.24249744209150617
neuron_3096_count,0.23120043635228715
neuron_3097_count,0.23708310341138045
neuron_3098_count,0.2294460267948023
neuron_3099_count,0.18440710974382057
neuron_3100_count,0.14935493749474663
neuron_3101_count,0.19155413894879786
neuron_3102_count,0.17005207376878365
neuron_3103_count,0.08509058831392999
neuron_3104_count,0.13549754109609857
neuron_3105_count,0.134124747304619
neuron_3106_count,0.09209570142881346
neuron_3107_count,0.05457878139490889
neuron_3108_count,0.08073542732062089
neuron_3109_count,0.09240464124313169
neuron_3110_count,0.07723226407749664
neuron_3111_count,0.04757478365030135
neuron_3112_count,0.05455784293472357
neuron_3113_count,0.07244154917392329
neuron_3114_count,0.0721267962986182
neuron_3115_count,0.08484262549521099
neuron_3116_count,0.21918333982115695
neuron_3117_count,0.22214610930535372
neuron_3118_count,0.1802180528218642
neuron_3119_count,0.25826428893037934
neuron_3120_count,0.18973124725454354
neuron_3121_count,0.3697178809876851
neuron_3122_count,0.09332560201796175
neuron_3123_count,0.200067971406214
neuron_3124_count,0.053930474428381364
neuron_3125_count,0.10677012457782815
neuron_3126_count,0.07514464881452182
neuron_3127_count,0.24200953705988032
neuron_3128_count,0.5615229859322067
neuron_3129_count,0.514836298783077
neuron_3130_count,0.40444703063540177
neuron_3131_count,0.5591310960592657
neuron_3132_count,0.3813773160565146
neuron_3133_count,0.24177807216825123
neuron_3134_count,0.49211968929314676
neuron_3135_count,0.32540792886861974
neuron_3136_count,0.14067291796261064
neuron_3137_count,0.5691561711960014
neuron_3138_count,0.27060431516283423
neuron_3139_count,0.2650065538215524
neuron_3140_count,0.24494683152081428
neuron_3141_count,0.36066935780976017
neuron_3142_count,0.2554479059517217
neuron_3143_count,0.20138393490099624
neuron_3144_count,0.23667068203950908
neuron_3145_count,0.26299060791074297
neuron_3146_count,0.25471831202351647
neuron_3147_count,0.3590324162519353
neuron_3148_count,0.28880852898960213
neuron_3149_count,0.30776412079185356
neuron_3150_count,0.3316445400768658
neuron_3151_count,0.2247567314428099
neuron_3152_count,0.24679065611784562
neuron_3153_count,0.25272162891212935
neuron_3154_count,0.2804951652437771
neuron_3155_count,0.39210222152097335
neuron_3156_count,0.22645342086538164
neuron_3157_count,0.26617311991813897
neuron_3158_count,0.22193317691619668
neuron_3159_count,0.2800248548718009
neuron_3160_count,0.30261482597919326
neuron_3161_count,0.1518854518997577
neuron_3162_count,0.16335901975395287
neuron_3163_count,0.1564822117470675
neuron_3164_count,0.1568072356277452
neuron_3165_count,0.16778414484296736
neuron_3166_count,0.14168108226762105
neuron_3167_count,0.10995484313071827
neuron_3168_count,0.11091189962792614
neuron_3169_count,0.09407306744309785
neuron_3170_count,0.0797508102678795
neuron_3171_count,0.07102203698860182
neuron_3172_count,0.08308103177032763
neuron_3173_count,0.07441044494999799
neuron_3174_count,0.07845826502852773
neuron_3175_count,0.07737931125680114
neuron_3176_count,0.05842553663538885
neuron_3177_count,0.1005667964838744
neuron_3178_count,0.06591518656083303
neuron_3179_count,0.07700952492014834
neuron_3180_count,0.07855963872367697
neuron_3181_count,0.19256834259891328
neuron_3182_count,0.08229986719387195
neuron_3183_count,0.36212000669669936
neuron_3184_count,0.2591440496183484
neuron_3185_count,0.19660968796439682
neuron_3186_count,0.538204683882191
neuron_3187_count,0.07629321215051135
neuron_3188_count,0.1601355271126004
neuron_3189_count,0.08048905664369346
neuron_3190_count,0.09776790120262674
neuron_3191_count,0.09998791429352401
neuron_3192_count,0.11860971665420952
neuron_3193_count,0.20286559482420247
neuron_3194_count,0.6597573193011304
neuron_3195_count,0.1324053088659311
neuron_3196_count,0.37803201357747496
neuron_3197_count,0.15742746552077927
neuron_3198_count,0.3685052084375365
neuron_3199_count,0.062167243572110266
neuron_3200_count,0.28202572131486114
neuron_3201_count,0.5801447891727797
neuron_3202_count,0.3833347704646428
neuron_3203_count,0.34642503507537853
neuron_3204_count,0.2682760529216031
neuron_3205_count,0.22355799022402795
neuron_3206_count,0.26088397834357613
neuron_3207_count,0.15845118204969272
neuron_3208_count,0.22430406951382503
neuron_3209_count,0.3322699435415828
neuron_3210_count,0.3669124028106882
neuron_3211_count,0.17889780065998212
neuron_3212_count,0.39078922082198375
neuron_3213_count,0.3249497132343224
neuron_3214_count,0.34309531971347496
neuron_3215_count,0.3152027582448515
neuron_3216_count,0.15297406887994083
neuron_3217_count,0.3393899735310181
neuron_3218_count,0.2507582263723437
neuron_3219_count,0.32758564293452563
neuron_3220_count,0.2475700257963689
neuron_3221_count,0.2892402298124385
neuron_3222_count,0.18505097216186805
neuron_3223_count,0.20548352486514704
neuron_3224_count,0.15039841815459254
neuron_3225_count,0.19938898396367932
neuron_3226_count,0.17196327480779997
neuron_3227_count,0.1343394720215418
neuron_3228_count,0.1497217206450564
neuron_3229_count,0.11999674072550376
neuron_3230_count,0.19961931123453336
neuron_3231_count,0.10406972424762756
neuron_3232_count,0.09853374344856486
neuron_3233_count,0.09264499887574656
neuron_3234_count,0.07830025728421261
neuron_3235_count,0.07457433518515204
neuron_3236_count,0.07542943935208568
neuron_3237_count,0.04563290421456456
neuron_3238_count,0.05810982531665146
neuron_3239_count,0.05437542656792291
neuron_3240_count,0.06967350888445073
neuron_3241_count,0.0509686475631332
neuron_3242_count,0.06414746084451341
neuron_3243_count,0.05526953783900715
neuron_3244_count,0.11022809942784406
neuron_3245_count,0.11217559811298006
neuron_3246_count,0.031935520865859254
neuron_3247_count,0.11165455824902418
neuron_3248_count,0.4602812489169916
neuron_3249_count,0.2748156565177138
neuron_3250_count,0.4458727111565972
neuron_3251_count,0.007768289065601005
neuron_3252_count,0.20190077235284995
neuron_3253_count,0.2554392373085186
neuron_3254_count,0.2664784040412981
neuron_3255_count,0.09794926306425741
neuron_3256_count,0.3111322252244667
neuron_3257_count,0.33663631653322945
neuron_3258_count,0.10178461424752597
neuron_3259_count,0.23292339745527058
neuron_3260_count,0.510882014875408
neuron_3261_count,0.12195709633506302
neuron_3262_count,0.5926219349960479
neuron_3263_count,0.08147366759860455
neuron_3264_count,0.26558803425871574
neuron_3265_count,0.6524172785326515
neuron_3266_count,0.348439847440338
neuron_3267_count,0.275549298481289
neuron_3268_count,0.22792414376660824
neuron_3269_count,0.5455906503137755
neuron_3270_count,0.34106443081790994
neuron_3271_count,0.3024053597369699
neuron_3272_count,0.2713822080255716
neuron_3273_count,0.2608269928412339
neuron_3274_count,0.35499294375755885
neuron_3275_count,0.19971966350611361
neuron_3276_count,0.21279340494685192
neuron_3277_count,0.3405166903838459
neuron_3278_count,0.38112718022915404
neuron_3279_count,0.306738079521147
neuron_3280_count,0.3248777119308598
neuron_3281_count,0.15535875483616807
neuron_3282_count,0.3072711833330602
neuron_3283_count,0.24062903095228877
neuron_3284_count,0.2431051974612755
neuron_3285_count,0.30398557357128364
neuron_3286_count,0.2243037288367651
neuron_3287_count,0.13028263949847416
neuron_3288_count,0.13975228305242043
neuron_3289_count,0.16625658529472817
neuron_3290_count,0.19561686174085693
neuron_3291_count,0.1521845625684683
neuron_3292_count,0.15416024993510694
neuron_3293_count,0.15284737943620097
neuron_3294_count,0.11279983483286715
neuron_3295_count,0.10070022648160282
neuron_3296_count,0.08631324944649243
neuron_3297_count,0.118702667405572
neuron_3298_count,0.06958980717229164
neuron_3299_count,0.07088600411008833
neuron_3300_count,0.05599426409113875
neuron_3301_count,0.06180174507367325
neuron_3302_count,0.0778229479226509
neuron_3303_count,0.06862172859513853
neuron_3304_count,0.0806677323672711
neuron_3305_count,0.07385508229720714
neuron_3306_count,0.11878500373780232
neuron_3307_count,0.22944768831647844
neuron_3308_count,0.23123118997660058
neuron_3309_count,0.09081118577918365
neuron_3310_count,0.26080992128232683
neuron_3311_count,0.12781720456472004
neuron_3312_count,0.06723525060854127
neuron_3313_count,0.2052017041336001
neuron_3314_count,0.12384674097596009
neuron_3315_count,0.07222368965980572
neuron_3316_count,0.1669368038538343
neuron_3317_count,0.13064867101305813
neuron_3318_count,0.009719305233688611
neuron_3319_count,0.0145245570017828
neuron_3320_count,0.009989122274611975
neuron_3321_count,0.10208291894530036
neuron_3322_count,0.30423986017142485
neuron_3323_count,0.006565356738248148
neuron_3324_count,0.3122591203122372
neuron_3325_count,0.04634295649469551
neuron_3326_count,0.35281949051928435
neuron_3327_count,0.08544436626382558
neuron_3328_count,0.36020090133203875
neuron_3329_count,0.4182465877369881
neuron_3330_count,0.3594993851635962
neuron_3331_count,0.3146631884487774
neuron_3332_count,0.5376329009063423
neuron_3333_count,0.30418059730997804
neuron_3334_count,0.2060956958604799
neuron_3335_count,0.3221802563446976
neuron_3336_count,0.31015649164686376
neuron_3337_count,0.3386129486000202
neuron_3338_count,0.20398948571937084
neuron_3339_count,0.3034472674159394
neuron_3340_count,0.3843950816928712
neuron_3341_count,0.3337637881280029
neuron_3342_count,0.128632376133058
neuron_3343_count,0.37837874233311375
neuron_3344_count,0.24011809716395482
neuron_3345_count,0.32802427741295415
neuron_3346_count,0.30741828349456785
neuron_3347_count,0.2941807280966127
neuron_3348_count,0.21242847744254473
neuron_3349_count,0.2543294969444827
neuron_3350_count,0.25559908443363544
neuron_3351_count,0.22596708793960799
neuron_3352_count,0.0851896245147856
neuron_3353_count,0.17141793908435846
neuron_3354_count,0.13331648047694036
neuron_3355_count,0.1325206044508602
neuron_3356_count,0.11000895707905664
neuron_3357_count,0.1102383423983622
neuron_3358_count,0.1524743635515417
neuron_3359_count,0.10865763521017618
neuron_3360_count,0.11499773295149956
neuron_3361_count,0.07000308741083572
neuron_3362_count,0.12043378279985151
neuron_3363_count,0.12530013329343231
neuron_3364_count,0.09224308703809173
neuron_3365_count,0.047541381479230066
neuron_3366_count,0.0530839471345011
neuron_3367_count,0.07988455349351908
neuron_3368_count,0.07443165131670462
neuron_3369_count,0.07435214214291808
neuron_3370_count,0.05257421689746067
neuron_3371_count,0.06737079442573057
neuron_3372_count,0.08103453406305086
neuron_3373_count,0.14163722640895746
neuron_3374_count,0.049538335936507694
neuron_3375_count,0.3251584654992758
neuron_3376_count,0.1468165779222997
neuron_3377_count,0.17678970970525437
neuron_3378_count,0.31528590659982747
neuron_3379_count,0.18447228603622906
neuron_3380_count,0.14422643841971705
neuron_3381_count,0.35974901954915517
neuron_3382_count,0.14246132654272775
neuron_3383_count,0.37395397144664433
neuron_3384_count,0.2811454759435047
neuron_3385_count,0.05803684891044114
neuron_3386_count,0.08312143161957643
neuron_3387_count,0.01480467730008165
neuron_3388_count,0.3904169578300228
neuron_3389_count,0.10664967139882
neuron_3390_count,0.45405478056843895
neuron_3391_count,0.1124401761892072
neuron_3392_count,0.45474730066162034
neuron_3393_count,0.2705484827342466
neuron_3394_count,0.24315017446494255
neuron_3395_count,0.2551345233145399
neuron_3396_count,0.13701306012555958
neuron_3397_count,0.12881064823242228
neuron_3398_count,0.3168917872014875
neuron_3399_count,0.051573844321530456
neuron_3400_count,0.1394080278847742
neuron_3401_count,0.27625827980907053
neuron_3402_count,0.201756916547315
neuron_3403_count,0.22280324126131643
neuron_3404_count,0.29367724592069
neuron_3405_count,0.253268092664379
neuron_3406_count,0.2004255467369131
neuron_3407_count,0.1655707485534407
neuron_3408_count,0.23207559279801826
neuron_3409_count,0.17853404789827143
neuron_3410_count,0.25482512519019695
neuron_3411_count,0.276567758033629
neuron_3412_count,0.25296351943935635
neuron_3413_count,0.2690042281455886
neuron_3414_count,0.2737308544923962
neuron_3415_count,0.1689248063064111
neuron_3416_count,0.19371546935252187
neuron_3417_count,0.21921509988507784
neuron_3418_count,0.16068435922879423
neuron_3419_count,0.11425364611370645
neuron_3420_count,0.2825566160697514
neuron_3421_count,0.12465093153912496
neuron_3422_count,0.1475017164751323
neuron_3423_count,0.11157902834650835
neuron_3424_count,0.15394644976176433
neuron_3425_count,0.0764230091741549
neuron_3426_count,0.07890680906386474
neuron_3427_count,0.11329760837343586
neuron_3428_count,0.11179474109382173
neuron_3429_count,0.07719260571105968
neuron_3430_count,0.06128460542813749
neuron_3431_count,0.09205098402533687
neuron_3432_count,0.10823945283280967
neuron_3433_count,0.2274836029234113
neuron_3434_count,0.13109776943815596
neuron_3435_count,0.1726866736457778
neuron_3436_count,0.13087012708817525
neuron_3437_count,0.07840569873070027
neuron_3438_count,0.32284129421977353
neuron_3439_count,0.036369926496609334
neuron_3440_count,0.1483144167815147
neuron_3441_count,0.2725773472008103
neuron_3442_count,0.12319088652998902
neuron_3443_count,0.05473678681525929
neuron_3444_count,0.18063404416634304
neuron_3445_count,0.02180779097044474
neuron_3446_count,0.1666887070200581
neuron_3447_count,0.11646159979750724
neuron_3448_count,0.09071640994718327
neuron_3449_count,0.053462385097944626
neuron_3450_count,0.13989698164537254
neuron_3451_count,0.18128048045400735
neuron_3452_count,0.06578396632178554
neuron_3453_count,0.017255741338260383
neuron_3454_count,0.26076279543416825
neuron_3455_count,0.5015185860426497
neuron_3456_count,0.33606298890280617
neuron_3457_count,0.3278653781792913
neuron_3458_count,0.33076541390723985
neuron_3459_count,0.3810600893015673
neuron_3460_count,0.45259321296455585
neuron_3461_count,0.2703445505574643
neuron_3462_count,0.313761171929745
neuron_3463_count,0.14515798364537413
neuron_3464_count,0.3694793943206147
neuron_3465_count,0.4317903397334153
neuron_3466_count,0.15652628709640673
neuron_3467_count,0.2979291748931999
neuron_3468_count,0.345706534195783
neuron_3469_count,0.36852559144056607
neuron_3470_count,0.2245556534650756
neuron_3471_count,0.3559410895290924
neuron_3472_count,0.2642898975122858
neuron_3473_count,0.26439806702207247
neuron_3474_count,0.2723983855304805
neuron_3475_count,0.30483418835054055
neuron_3476_count,0.2135775304520741
neuron_3477_count,0.23420364337184627
neuron_3478_count,0.2023055583636926
neuron_3479_count,0.17623533562015922
neuron_3480_count,0.15331649795806956
neuron_3481_count,0.15887464035729254
neuron_3482_count,0.17155866950031406
neuron_3483_count,0.09479253127812146
neuron_3484_count,0.1788323791862347
neuron_3485_count,0.12377544922576064
neuron_3486_count,0.16865130358510635
neuron_3487_count,0.1028961176734487
neuron_3488_count,0.12355486704826035
neuron_3489_count,0.10457770094621155
neuron_3490_count,0.07518979351341848
neuron_3491_count,0.11040198636530202
neuron_3492_count,0.06923549072951239
neuron_3493_count,0.08546789119728415
neuron_3494_count,0.10814644155956735
neuron_3495_count,0.1451009394813392
neuron_3496_count,0.08641174808139268
neuron_3497_count,0.19102170966413531
neuron_3498_count,0.13176096074162585
neuron_3499_count,0.08458012451040844
neuron_3500_count,0.1475174048173475
neuron_3501_count,0.19519184928010908
neuron_3502_count,0.03369184767189411
neuron_3503_count,0.3465091978573238
neuron_3504_count,0.023043428155249207
neuron_3505_count,0.10489333557997926
neuron_3506_count,0.02963063072726746
neuron_3507_count,0.14528883928026903
neuron_3508_count,0.1401618221010053
neuron_3509_count,0.32729662769671286
neuron_3510_count,0.01400475313302399
neuron_3511_count,0.018423643810608625
neuron_3512_count,0.08835214948505535
neuron_3513_count,0.1461556112539214
neuron_3514_count,0.1398090997219966
neuron_3515_count,0.12019197995656494
neuron_3516_count,0.12555544520054207
neuron_3517_count,0.035225123992435714
neuron_3518_count,0.2836219408170163
neuron_3519_count,0.21399152422100357
neuron_3520_count,0.36700738186600473
neuron_3521_count,0.1888716629197076
neuron_3522_count,0.28389915113752223
neuron_3523_count,0.21574674811019756
neuron_3524_count,0.17103090071929014
neuron_3525_count,0.1857205548519028
neuron_3526_count,0.21986038831513494
neuron_3527_count,0.1998901595262173
neuron_3528_count,0.36119439218913285
neuron_3529_count,0.2416757768170444
neuron_3530_count,0.1801985767921545
neuron_3531_count,0.1276498563119872
neuron_3532_count,0.3835739998288338
neuron_3533_count,0.25373084413576363
neuron_3534_count,0.1523251053512331
neuron_3535_count,0.37990922464835936
neuron_3536_count,0.23352572387481352
neuron_3537_count,0.11268102077570159
neuron_3538_count,0.3010080222452679
neuron_3539_count,0.262165849542875
neuron_3540_count,0.3031998361618086
neuron_3541_count,0.25800118154405577
neuron_3542_count,0.17566635216688498
neuron_3543_count,0.24395941776027133
neuron_3544_count,0.13182844906387878
neuron_3545_count,0.1566717548994529
neuron_3546_count,0.21995828551964702
neuron_3547_count,0.22509603905752898
neuron_3548_count,0.19852129983700256
neuron_3549_count,0.08692253569052802
neuron_3550_count,0.19116403677767552
neuron_3551_count,0.11876782043069148
neuron_3552_count,0.10346108456716946
neuron_3553_count,0.05292950697292639
neuron_3554_count,0.1309149625921755
neuron_3555_count,0.0775593738717339
neuron_3556_count,0.06870578787592904
neuron_3557_count,0.09738152471567792
neuron_3558_count,0.049982395579068944
neuron_3559_count,0.07556204126625299
neuron_3560_count,0.1490379428663129
neuron_3561_count,0.08164874877427247
neuron_3562_count,0.1023176919910958
neuron_3563_count,0.21829994740066472
neuron_3564_count,0.22710467148197416
neuron_3565_count,0.07380087527580015
neuron_3566_count,0.06389249248274032
neuron_3567_count,0.16288560811437336
neuron_3568_count,0.13414212701858452
neuron_3569_count,0.015189282429325983
neuron_3570_count,0.011372475696125962
neuron_3571_count,0.15508749128769067
neuron_3572_count,0.19476065651813565
neuron_3573_count,0.06854864425764036
neuron_3574_count,0.28313318813955146
neuron_3575_count,0.025505599991523076
neuron_3576_count,0.2549718825412652
neuron_3577_count,0.25415739642437224
neuron_3578_count,0.20647454317399352
neuron_3579_count,0.1645693102421368
neuron_3580_count,0.23968327253822783
neuron_3581_count,0.12121554596206745
neuron_3582_count,0.2916631067025568
neuron_3583_count,0.08404661176009426
neuron_3584_count,0.21588629385330593
neuron_3585_count,0.20659335655840103
neuron_3586_count,0.32679951325597434
neuron_3587_count,0.24961266917139024
neuron_3588_count,0.09292730560417266
neuron_3589_count,0.34217165272417494
neuron_3590_count,0.12477905146653258
neuron_3591_count,0.19159077261451973
neuron_3592_count,0.26058300037219523
neuron_3593_count,0.3593578378170497
neuron_3594_count,0.30296020114131955
neuron_3595_count,0.28912337058153376
neuron_3596_count,0.32249010226028846
neuron_3597_count,0.26882655854135173
neuron_3598_count,0.25449887211689864
neuron_3599_count,0.36447448506579233
neuron_3600_count,0.1664005958671398
neuron_3601_count,0.16318856371383725
neuron_3602_count,0.1941654894982227
neuron_3603_count,0.2179419113707291
neuron_3604_count,0.23153903611170934
neuron_3605_count,0.24185802053874106
neuron_3606_count,0.16800737083796563
neuron_3607_count,0.22473019743993478
neuron_3608_count,0.16332016824696366
neuron_3609_count,0.21538077970092045
neuron_3610_count,0.16478164598799694
neuron_3611_count,0.20908727354783496
neuron_3612_count,0.14362016038225778
neuron_3613_count,0.13346050322852804
neuron_3614_count,0.11105765379050289
neuron_3615_count,0.09612528192640298
neuron_3616_count,0.0722265805977528
neuron_3617_count,0.0965342975986379
neuron_3618_count,0.13727494070817242
neuron_3619_count,0.08537788531775695
neuron_3620_count,0.08748536099903281
neuron_3621_count,0.1364932734913327
neuron_3622_count,0.1132855865439194
neuron_3623_count,0.13863156755948303
neuron_3624_count,0.06632361294977895
neuron_3625_count,0.08940286138489573
neuron_3626_count,0.11958947608874834
neuron_3627_count,0.14808931633746658
neuron_3628_count,0.1527928099485289
neuron_3629_count,0.13122844635014086
neuron_3630_count,0.10378749155748057
neuron_3631_count,0.07690781061057217
neuron_3632_count,0.0428875889025095
neuron_3633_count,0.1641184731528123
neuron_3634_count,0.21038280103889373
neuron_3635_count,0.05824956607933174
neuron_3636_count,0.03388285577596886
neuron_3637_count,0.012259016026190242
neuron_3638_count,0.07072666909024936
neuron_3639_count,0.004667084475727751
neuron_3640_count,0.012712993312452986
neuron_3641_count,0.04134658008934053
neuron_3642_count,0.10019391492619392
neuron_3643_count,0.07431105569971441
neuron_3644_count,0.3660944870678672
neuron_3645_count,0.07538965672905179
neuron_3646_count,0.24736740293369175
neuron_3647_count,0.12323923734863343
neuron_3648_count,0.2210027490135676
neuron_3649_count,0.300881429345447
neuron_3650_count,0.2163423194940215
neuron_3651_count,0.11335833408450599
neuron_3652_count,0.12638928271635372
neuron_3653_count,0.1363726550522138
neuron_3654_count,0.0885706797915741
neuron_3655_count,0.09439918486743204
neuron_3656_count,0.273213286665455
neuron_3657_count,0.27140635589064843
neuron_3658_count,0.274369999680917
neuron_3659_count,0.28470641052270035
neuron_3660_count,0.24075542785245305
neuron_3661_count,0.3362108264412056
neuron_3662_count,0.2822367257102526
neuron_3663_count,0.2834014495762406
neuron_3664_count,0.20995172928604353
neuron_3665_count,0.21904614675430661
neuron_3666_count,0.2138685792483509
neuron_3667_count,0.20381971049105257
neuron_3668_count,0.1543863790132245
neuron_3669_count,0.2131809638323013
neuron_3670_count,0.18885721479296977
neuron_3671_count,0.20938877629208144
neuron_3672_count,0.19026455387675867
neuron_3673_count,0.16874246226514186
neuron_3674_count,0.17139881511854765
neuron_3675_count,0.2524782405331389
neuron_3676_count,0.19683038507153186
neuron_3677_count,0.2535887472669463
neuron_3678_count,0.20024991241377296
neuron_3679_count,0.20421084205912768
neuron_3680_count,0.20543893319606757
neuron_3681_count,0.10897231326735157
neuron_3682_count,0.110756505513434
neuron_3683_count,0.08102433952259239
neuron_3684_count,0.13703780686384884
neuron_3685_count,0.17472509784325105
neuron_3686_count,0.06665488909190591
neuron_3687_count,0.17219209074752603
neuron_3688_count,0.11909424396177279
neuron_3689_count,0.11533555017516267
neuron_3690_count,0.14162194619033497
neuron_3691_count,0.22813890827163635
neuron_3692_count,0.2849812498050506
neuron_3693_count,0.2681023026889241
neuron_3694_count,0.30922198388655625
neuron_3695_count,0.06689190478297186
neuron_3696_count,0.11885045743728923
neuron_3697_count,0.22748216846732283
neuron_3698_count,0.09132028908025822
neuron_3699_count,0.07459115619504506
neuron_3700_count,0.011242384740744349
neuron_3701_count,0.06961001026693939
neuron_3702_count,0.3963644000425683
neuron_3703_count,0.4095653646408488
neuron_3704_count,0.09971220676992458
neuron_3705_count,0.3387886090113321
neuron_3706_count,0.34639653375606705
neuron_3707_count,0.23292479899081167
neuron_3708_count,0.11259778181014138
neuron_3709_count,0.1039270445375893
neuron_3710_count,0.23077111377130716
neuron_3711_count,0.010934185454164642
neuron_3712_count,0.17252223880943138
neuron_3713_count,0.35703491415020494
neuron_3714_count,0.36249450234617
neuron_3715_count,0.12410004524180476
neuron_3716_count,0.11521195690812414
neuron_3717_count,0.1324997317226869
neuron_3718_count,0.12959224636266922
neuron_3719_count,0.34785465937631016
neuron_3720_count,0.25091940563020265
neuron_3721_count,0.15885685990020812
neuron_3722_count,0.23767583677172732
neuron_3723_count,0.34083611266951275
neuron_3724_count,0.2753337514169659
neuron_3725_count,0.2293810704836557
neuron_3726_count,0.32849833981159116
neuron_3727_count,0.3310001769850165
neuron_3728_count,0.18867567240470456
neuron_3729_count,0.2858418660450274
neuron_3730_count,0.22218167287059892
neuron_3731_count,0.28715930257852335
neuron_3732_count,0.21028842947839607
neuron_3733_count,0.28964399927410306
neuron_3734_count,0.3297994407230116
neuron_3735_count,0.2000206161427399
neuron_3736_count,0.26202570087733945
neuron_3737_count,0.23217407851715938
neuron_3738_count,0.23983438036829752
neuron_3739_count,0.18195721422975025
neuron_3740_count,0.18929329770449854
neuron_3741_count,0.15104931516859996
neuron_3742_count,0.2467300174552438
neuron_3743_count,0.19186079273838919
neuron_3744_count,0.20897002663670328
neuron_3745_count,0.18557577648808082
neuron_3746_count,0.16576965064767893
neuron_3747_count,0.05813009449990214
neuron_3748_count,0.10164742176139471
neuron_3749_count,0.12486714973753099
neuron_3750_count,0.1413094723855919
neuron_3751_count,0.15107037826159764
neuron_3752_count,0.17490265761778243
neuron_3753_count,0.20506979646210544
neuron_3754_count,0.21335986519382752
neuron_3755_count,0.2819076069671065
neuron_3756_count,0.3242282382720611
neuron_3757_count,0.4024058327200004
neuron_3758_count,0.2625915163437453
neuron_3759_count,0.22592136308475658
neuron_3760_count,0.38913639226430635
neuron_3761_count,0.2951713588379169
neuron_3762_count,0.2382906419811602
neuron_3763_count,0.2143884670392312
neuron_3764_count,0.2706249791913283
neuron_3765_count,0.012584337204164117
neuron_3766_count,0.2496853998660536
neuron_3767_count,0.04809673567861434
neuron_3768_count,0.4354057577277878
neuron_3769_count,0.30109675883317644
neuron_3770_count,0.1264996183307302
neuron_3771_count,0.1281064070949859
neuron_3772_count,0.3142899756582065
neuron_3773_count,0.08209790086106108
neuron_3774_count,0.1821358389540475
neuron_3775_count,0.04125168754303938
neuron_3776_count,0.28183478511377025
neuron_3777_count,0.31185771059998507
neuron_3778_count,0.38639793438659736
neuron_3779_count,0.27711837175180387
neuron_3780_count,0.14041182033381083
neuron_3781_count,0.15205461447298962
neuron_3782_count,0.29062470861240414
neuron_3783_count,0.2051880456194109
neuron_3784_count,0.17308329747440118
neuron_3785_count,0.4662335769257002
neuron_3786_count,0.320377155186699
neuron_3787_count,0.32256455827038405
neuron_3788_count,0.26484725092008665
neuron_3789_count,0.29182319088532116
neuron_3790_count,0.2518705490959702
neuron_3791_count,0.35562413854818
neuron_3792_count,0.24416642842786726
neuron_3793_count,0.3355843872401759
neuron_3794_count,0.30403985535987077
neuron_3795_count,0.3428275214544324
neuron_3796_count,0.36429825756449985
neuron_3797_count,0.26652024149981957
neuron_3798_count,0.2406079592886328
neuron_3799_count,0.27767639295440716
neuron_3800_count,0.2887295768589818
neuron_3801_count,0.19026947423445892
neuron_3802_count,0.18323293687166836
neuron_3803_count,0.19540967852852328
neuron_3804_count,0.2383745689645757
neuron_3805_count,0.19392149962171007
neuron_3806_count,0.18378269188579816
neuron_3807_count,0.12515293269754318
neuron_3808_count,0.16160436193273398
neuron_3809_count,0.14541950868660283
neuron_3810_count,0.12143708233995426
neuron_3811_count,0.14436450008099647
neuron_3812_count,0.16613996370059822
neuron_3813_count,0.1518037256870123
neuron_3814_count,0.09905147126311051
neuron_3815_count,0.1623493875784862
neuron_3816_count,0.11214795889947884
neuron_3817_count,0.3969259676113564
neuron_3818_count,0.12491362757493313
neuron_3819_count,0.15618556817709286
neuron_3820_count,0.12342253905125794
neuron_3821_count,0.08898031330519987
neuron_3822_count,0.23072949947149843
neuron_3823_count,0.31910362470939846
neuron_3824_count,0.24006783057473252
neuron_3825_count,0.24605452558971294
neuron_3826_count,0.18303480423356885
neuron_3827_count,0.12705580391403748
neuron_3828_count,0.27260900842479807
neuron_3829_count,0.14711185340604868
neuron_3830_count,0.14259104138320816
neuron_3831_count,0.023698710520954194
neuron_3832_count,0.2879450810925368
neuron_3833_count,0.10305415302196035
neuron_3834_count,0.2284062008738986
neuron_3835_count,0.12254691791020672
neuron_3836_count,0.13033879598620596
neuron_3837_count,0.1670797989794291
neuron_3838_count,0.3669628710939524
neuron_3839_count,0.13916803173261352
neuron_3840_count,0.2626314899351623
neuron_3841_count,0.3120533784172713
neuron_3842_count,0.42880721068477606
neuron_3843_count,0.3765541794920303
neuron_3844_count,0.21268348422500707
neuron_3845_count,0.27331141473122345
neuron_3846_count,0.3227416724302027
neuron_3847_count,0.2875660753021282
neuron_3848_count,0.24173242561216246
neuron_3849_count,0.260923825041124
neuron_3850_count,0.2484150586043704
neuron_3851_count,0.2441306943919144
neuron_3852_count,0.33595465506148875
neuron_3853_count,0.3632091844847226
neuron_3854_count,0.26835892580354415
neuron_3855_count,0.30542193468617884
neuron_3856_count,0.3134268280579444
neuron_3857_count,0.20767815046972227
neuron_3858_count,0.2587081460619166
neuron_3859_count,0.3960242371671874
neuron_3860_count,0.2689039005203008
neuron_3861_count,0.3803928275541131
neuron_3862_count,0.22247353690441862
neuron_3863_count,0.21418633613805058
neuron_3864_count,0.27307233510502243
neuron_3865_count,0.2077819873971694
neuron_3866_count,0.3270702504993812
neuron_3867_count,0.18755261718036578
neuron_3868_count,0.213478973896327
neuron_3869_count,0.2643805898237236
neuron_3870_count,0.242966906754184
neuron_3871_count,0.2526416960521947
neuron_3872_count,0.24673736577743408
neuron_3873_count,0.18762302982901147
neuron_3874_count,0.1283610678801814
neuron_3875_count,0.13350207577395232
neuron_3876_count,0.15794280251459342
neuron_3877_count,0.1267422298074337
neuron_3878_count,0.08275055639599745
neuron_3879_count,0.1474785718920022
neuron_3880_count,0.1346625256678729
neuron_3881_count,0.1425226256688281
neuron_3882_count,0.13756845056108277
neuron_3883_count,0.08654601320666735
neuron_3884_count,0.14640137574619302
neuron_3885_count,0.19617731315945489
neuron_3886_count,0.4968097347507904
neuron_3887_count,0.23741241212760922
neuron_3888_count,0.3273677141526333
neuron_3889_count,0.3358103509326674
neuron_3890_count,0.40164468486738825
neuron_3891_count,0.16775615483286438
neuron_3892_count,0.2016559832312483
neuron_3893_count,0.28880661191454654
neuron_3894_count,0.2651948112854672
neuron_3895_count,0.296588329832914
neuron_3896_count,0.03904940082481681
neuron_3897_count,0.17086254596831135
neuron_3898_count,0.05255044799073687
neuron_3899_count,0.052165301817646226
neuron_3900_count,0.02920459720789033
neuron_3901_count,0.23608473088666004
neuron_3902_count,0.17669199239721994
neuron_3903_count,0.3712871528974347
neuron_3904_count,0.381479399127018
neuron_3905_count,0.3538479633164675
neuron_3906_count,0.3560067269224271
neuron_3907_count,0.41507550804216575
neuron_3908_count,0.241208912302877
neuron_3909_count,0.188777225012789
neuron_3910_count,0.3453020432443454
neuron_3911_count,0.2803915243933905
neuron_3912_count,0.3039965292337681
neuron_3913_count,0.29218374646322925
neuron_3914_count,0.2134590853794354
neuron_3915_count,0.2466741598839569
neuron_3916_count,0.2546132219584317
neuron_3917_count,0.26898367722315486
neuron_3918_count,0.30864091415275685
neuron_3919_count,0.308541589989737
neuron_3920_count,0.17661444408255111
neuron_3921_count,0.28472816713233207
neuron_3922_count,0.3187482877301233
neuron_3923_count,0.35004154793936276
neuron_3924_count,0.3297563830990258
neuron_3925_count,0.23324610967450832
neuron_3926_count,0.27529339005744113
neuron_3927_count,0.2287113734128791
neuron_3928_count,0.2764975970237209
neuron_3929_count,0.22163525250178331
neuron_3930_count,0.2242520543361275
neuron_3931_count,0.2884376677561844
neuron_3932_count,0.1709272934719438
neuron_3933_count,0.17803596837916313
neuron_3934_count,0.2041673401025811
neuron_3935_count,0.1581809231819151
neuron_3936_count,0.16630316512701784
neuron_3937_count,0.2302358291363265
neuron_3938_count,0.17540574342194634
neuron_3939_count,0.21568250720190596
neuron_3940_count,0.2208385985896484
neuron_3941_count,0.14480331843825386
neuron_3942_count,0.12788626167690026
neuron_3943_count,0.12349221711056374
neuron_3944_count,0.12563669058332902
neuron_3945_count,0.15617860838933853
neuron_3946_count,0.07720753948895218
neuron_3947_count,0.0932920309491985
neuron_3948_count,0.11089506725565582
neuron_3949_count,0.13860274840922723
neuron_3950_count,0.20938577421459792
neuron_3951_count,0.19708995602031446
neuron_3952_count,0.15886706997551234
neuron_3953_count,0.10989931890790239
neuron_3954_count,0.17402692501737052
neuron_3955_count,0.16533532430462125
neuron_3956_count,0.26499968361109066
neuron_3957_count,0.196119178472207
neuron_3958_count,0.09556270672150172
neuron_3959_count,0.11420331842820725
neuron_3960_count,0.15409523804922956
neuron_3961_count,0.2375578861680595
neuron_3962_count,0.06852593460828983
neuron_3963_count,0.04037220710785833
neuron_3964_count,0.12187644446513407
neuron_3965_count,0.0515265292241144
neuron_3966_count,0.11174194034279106
neuron_3967_count,0.04019140413394344
neuron_3968_count,0.09075755120344214
neuron_3969_count,0.25696183525893557
neuron_3970_count,0.4231215561014755
neuron_3971_count,0.17706301892157214
neuron_3972_count,0.23952817240303242
neuron_3973_count,0.1321479396469446
neuron_3974_count,0.32348056247487966
neuron_3975_count,0.08393022022869182
neuron_3976_count,0.28543953158177277
neuron_3977_count,0.354764066395153
neuron_3978_count,0.2158782112894507
neuron_3979_count,0.26951053769138544
neuron_3980_count,0.23853019306901863
neuron_3981_count,0.3441557468181492
neuron_3982_count,0.34669820626209424
neuron_3983_count,0.2842205071402833
neuron_3984_count,0.26581575118845785
neuron_3985_count,0.3271591925202778
neuron_3986_count,0.33563268258474366
neuron_3987_count,0.27114945083288966
neuron_3988_count,0.323665567547108
neuron_3989_count,0.27260647424713097
neuron_3990_count,0.3104515506902752
neuron_3991_count,0.2851586089768551
neuron_3992_count,0.24586705290682098
neuron_3993_count,0.19660982498198284
neuron_3994_count,0.21241790843391745
neuron_3995_count,0.27156040577296664
neuron_3996_count,0.2829053670238213
neuron_3997_count,0.23550086636731687
neuron_3998_count,0.2257797799215681
neuron_3999_count,0.22066418818575428
neuron_4000_count,0.2651035969557583
neuron_4001_count,0.18234029952315828
neuron_4002_count,0.16764228938217948
neuron_4003_count,0.21361572521844335
neuron_4004_count,0.1769061065316884
neuron_4005_count,0.20119218377397308
neuron_4006_count,0.18186201261240612
neuron_4007_count,0.17538555690849716
neuron_4008_count,0.15909703944459333
neuron_4009_count,0.1417295213143951
neuron_4010_count,0.12723163717704222
neuron_4011_count,0.14205261118206125
neuron_4012_count,0.1648991514318888
neuron_4013_count,0.12633997135552963
neuron_4014_count,0.17726118491998158
neuron_4015_count,0.2923869281336269
neuron_4016_count,0.25580474851804447
neuron_4017_count,0.2183327485664206
neuron_4018_count,0.1427744410955297
neuron_4019_count,0.20245277189987457
neuron_4020_count,0.11952067214827325
neuron_4021_count,0.17064992349372
neuron_4022_count,0.09158446560913988
neuron_4023_count,0.25014185897666397
neuron_4024_count,0.19435369310374356
neuron_4025_count,0.24677764877113656
neuron_4026_count,0.1569354948881725
neuron_4027_count,0.1382876388701234
neuron_4028_count,0.20775408835428802
neuron_4029_count,0.11763759335846372
neuron_4030_count,0.16471175448254882
neuron_4031_count,0.07498689326743171
neuron_4032_count,0.13013219549882618
neuron_4033_count,0.1406604773093179
neuron_4034_count,0.22633477482776582
neuron_4035_count,0.44222133276822345
neuron_4036_count,0.2571256855301099
neuron_4037_count,0.08353430600751285
neuron_4038_count,0.2729275879228135
neuron_4039_count,0.3699187295237525
neuron_4040_count,0.28649764445413545
neuron_4041_count,0.2866852858644318
neuron_4042_count,0.0957197793400046
neuron_4043_count,0.2906625734205507
neuron_4044_count,0.2929357384644188
neuron_4045_count,0.3450907045501689
neuron_4046_count,0.33107521814589586
neuron_4047_count,0.2965435433486777
neuron_4048_count,0.25807376652880826
neuron_4049_count,0.28242608671389124
neuron_4050_count,0.2749387507319028
neuron_4051_count,0.30481986245522197
neuron_4052_count,0.23425096693669695
neuron_4053_count,0.2931047156289671
neuron_4054_count,0.35577434203461866
neuron_4055_count,0.3250412958548265
neuron_4056_count,0.2757573207428143
neuron_4057_count,0.25985884794150543
neuron_4058_count,0.3136233550432192
neuron_4059_count,0.3207790147676833
neuron_4060_count,0.2640041625120285
neuron_4061_count,0.19009165653841173
neuron_4062_count,0.20010348569630668
neuron_4063_count,0.14275255607754106
neuron_4064_count,0.2944872923910339
neuron_4065_count,0.217554405294354
neuron_4066_count,0.18142089791256213
neuron_4067_count,0.16691066637258914
neuron_4068_count,0.20333039093138067
neuron_4069_count,0.2204494178363532
neuron_4070_count,0.10183056352905961
neuron_4071_count,0.20362592183199224
neuron_4072_count,0.17895333660902937
neuron_4073_count,0.17328886857799022
neuron_4074_count,0.1119529421689868
neuron_4075_count,0.20761076496611355
neuron_4076_count,0.1879340946864679
neuron_4077_count,0.16536604707577335
neuron_4078_count,0.13138118936926577
neuron_4079_count,0.3182740542255136
neuron_4080_count,0.3027903719043648
neuron_4081_count,0.04613011131965444
neuron_4082_count,0.21115587788254925
neuron_4083_count,0.1677818314620203
neuron_4084_count,0.13430127924027743
neuron_4085_count,0.20440945252627893
neuron_4086_count,0.1475551231754498
neuron_4087_count,0.27956562783266525
neuron_4088_count,0.1494520010448161
neuron_4089_count,0.07418022023106483
neuron_4090_count,0.11710703303925493
neuron_4091_count,0.05629144700377814
neuron_4092_count,0.15377471136327325
neuron_4093_count,0.13892714382710625
neuron_4094_count,0.10422335927290521
neuron_4095_count,0.06657604536688136
