,0
neuron_0_count,0.5079046747273435
neuron_1_count,0.59639698168566
neuron_2_count,0.5311245918923676
neuron_3_count,0.35847181077691986
neuron_4_count,0.3957076919386645
neuron_5_count,0.45273404771877046
neuron_6_count,0.22743163105380626
neuron_7_count,0.4170981201539963
neuron_8_count,0.8307466381637532
neuron_9_count,0.831728732880045
neuron_10_count,0.8110592216851041
neuron_11_count,0.7332924296097123
neuron_12_count,0.4549323705994001
neuron_13_count,0.5079511221496933
neuron_14_count,0.5130706839667183
neuron_15_count,0.4093787259220565
neuron_16_count,0.340394727276368
neuron_17_count,0.22356047636706344
neuron_18_count,0.5378353358999881
neuron_19_count,0.431138867005464
neuron_20_count,0.3446730806392131
neuron_21_count,0.2802540626146199
neuron_22_count,0.3257595990947081
neuron_23_count,0.3130782891130003
neuron_24_count,0.2708225829481313
neuron_25_count,0.32730956612835255
neuron_26_count,0.22994238832233105
neuron_27_count,0.25544931067985915
neuron_28_count,0.16855751280678538
neuron_29_count,0.27752471938311485
neuron_30_count,0.3317752326540381
neuron_31_count,0.26079149413605435
neuron_32_count,0.2384163456819164
neuron_33_count,0.3584306876553063
neuron_34_count,0.27320893329037443
neuron_35_count,0.29546099984271357
neuron_36_count,0.2021461863254519
neuron_37_count,0.29485035927124564
neuron_38_count,0.2530283349774381
neuron_39_count,0.3933443458815117
neuron_40_count,0.2792462550329853
neuron_41_count,0.21765426286882586
neuron_42_count,0.2773933708786767
neuron_43_count,0.4216271165711578
neuron_44_count,0.29455851325311666
neuron_45_count,0.2993277091362803
neuron_46_count,0.3277886977492219
neuron_47_count,0.12660343855726278
neuron_48_count,0.34500239233487584
neuron_49_count,0.23448752946573487
neuron_50_count,0.4275998073230893
neuron_51_count,0.24867664585596938
neuron_52_count,0.34163717393271237
neuron_53_count,0.11127916274087066
neuron_54_count,0.19687604869527614
neuron_55_count,0.1413901583326263
neuron_56_count,0.18975386260650828
neuron_57_count,0.08074503449533957
neuron_58_count,0.18254120526095113
neuron_59_count,0.07886922193838428
neuron_60_count,0.03690222003447306
neuron_61_count,0.05593884960946449
neuron_62_count,0.041333097843788275
neuron_63_count,0.14426843652971458
neuron_64_count,0.6153643716528884
neuron_65_count,0.47545553124108886
neuron_66_count,0.32491997016767016
neuron_67_count,0.5369479557106775
neuron_68_count,0.6263201184428971
neuron_69_count,0.6487911945178297
neuron_70_count,0.646458317683016
neuron_71_count,0.3467438859411122
neuron_72_count,0.4941907066559762
neuron_73_count,0.9861000358869613
neuron_74_count,0.8680921226789831
neuron_75_count,0.8396394652810248
neuron_76_count,0.6550918496661127
neuron_77_count,0.4267195176750296
neuron_78_count,0.4562179040143477
neuron_79_count,0.42651020102600196
neuron_80_count,0.697494743600998
neuron_81_count,0.40131747598067025
neuron_82_count,0.3249501691192229
neuron_83_count,0.3055873543983105
neuron_84_count,0.6124962628871237
neuron_85_count,0.18212552524320996
neuron_86_count,0.24251374706603807
neuron_87_count,0.3241418084422892
neuron_88_count,0.4782477742655617
neuron_89_count,0.35128175850541976
neuron_90_count,0.2981441243989375
neuron_91_count,0.2971497672832169
neuron_92_count,0.27237455761130647
neuron_93_count,0.3045625886674919
neuron_94_count,0.28660245338830315
neuron_95_count,0.34171737018769627
neuron_96_count,0.24763003925218763
neuron_97_count,0.38733621971921306
neuron_98_count,0.2299953800761451
neuron_99_count,0.23675121506220492
neuron_100_count,0.43256505459795025
neuron_101_count,0.38197615956807274
neuron_102_count,0.3638125118445657
neuron_103_count,0.33044778943028186
neuron_104_count,0.3759336839511437
neuron_105_count,0.27981040920833666
neuron_106_count,0.37340724811528714
neuron_107_count,0.16046392958746175
neuron_108_count,0.28144955879088857
neuron_109_count,0.3212587496767835
neuron_110_count,0.34304544088585176
neuron_111_count,0.24025805118074542
neuron_112_count,0.2147996071636979
neuron_113_count,0.28798142138072497
neuron_114_count,0.3486966447719549
neuron_115_count,0.0774226459627589
neuron_116_count,0.14261616998292095
neuron_117_count,0.09860060928226176
neuron_118_count,0.1513392882152122
neuron_119_count,0.0702196398381896
neuron_120_count,0.2206993504395825
neuron_121_count,0.052241503915822454
neuron_122_count,0.14962212209516143
neuron_123_count,0.08348501072409656
neuron_124_count,0.11748204601134449
neuron_125_count,0.2381082382591635
neuron_126_count,0.06904288227682748
neuron_127_count,0.12972474859060257
neuron_128_count,0.49136613713662036
neuron_129_count,0.5387345181434512
neuron_130_count,0.5031855556972468
neuron_131_count,0.38165713582218985
neuron_132_count,0.6001759368314837
neuron_133_count,0.7860454246733448
neuron_134_count,0.9311678337513897
neuron_135_count,0.9163269065910059
neuron_136_count,0.5212448160495681
neuron_137_count,0.8903370472349833
neuron_138_count,0.7978101015643135
neuron_139_count,0.5487502750306604
neuron_140_count,0.6396664844457998
neuron_141_count,0.7138180495753143
neuron_142_count,0.5166731232986266
neuron_143_count,0.47984462668906164
neuron_144_count,0.32628902113931113
neuron_145_count,0.32547904048587895
neuron_146_count,0.3368076681242263
neuron_147_count,0.41949345455891274
neuron_148_count,0.08772967887793702
neuron_149_count,0.2710383366164555
neuron_150_count,0.29233862952748024
neuron_151_count,0.2859778637815378
neuron_152_count,0.27438569976008476
neuron_153_count,0.24813896582306388
neuron_154_count,0.2713791729994929
neuron_155_count,0.23478222388887743
neuron_156_count,0.247786338235013
neuron_157_count,0.26746225447901795
neuron_158_count,0.22465733557712392
neuron_159_count,0.33882420192580004
neuron_160_count,0.2877039734712402
neuron_161_count,0.23382684764399947
neuron_162_count,0.3652318995003602
neuron_163_count,0.3524718334943258
neuron_164_count,0.39635628038277343
neuron_165_count,0.40317243057186586
neuron_166_count,0.20084573549368173
neuron_167_count,0.3623869807184572
neuron_168_count,0.29871566519415593
neuron_169_count,0.34654296947486485
neuron_170_count,0.3000723981421083
neuron_171_count,0.3167387069179391
neuron_172_count,0.1595391471833776
neuron_173_count,0.10022675472042122
neuron_174_count,0.17868132201844014
neuron_175_count,0.2138684898447835
neuron_176_count,0.13423437944328864
neuron_177_count,0.07053100922924904
neuron_178_count,0.11849884316261623
neuron_179_count,0.05109549094808957
neuron_180_count,0.16344971927919444
neuron_181_count,0.11370740301835534
neuron_182_count,0.1775548133826025
neuron_183_count,0.0816349434522475
neuron_184_count,0.17720987615037773
neuron_185_count,0.22909798494447997
neuron_186_count,0.1478090589688283
neuron_187_count,0.11932033791020683
neuron_188_count,0.08031193768654202
neuron_189_count,0.05472447426695992
neuron_190_count,0.1558983960286639
neuron_191_count,0.06050456817124528
neuron_192_count,0.5073084000156416
neuron_193_count,0.4962625529017446
neuron_194_count,0.3966623523178032
neuron_195_count,0.3806055252683373
neuron_196_count,0.6321472528628196
neuron_197_count,0.5777554431717165
neuron_198_count,0.40485698480785437
neuron_199_count,0.4662686798102761
neuron_200_count,1.1628728717189372
neuron_201_count,0.9345380411211193
neuron_202_count,0.9404639886093328
neuron_203_count,0.7156118095323113
neuron_204_count,0.605906236284823
neuron_205_count,0.44676948410094575
neuron_206_count,0.6211459556854707
neuron_207_count,0.7135372075905296
neuron_208_count,0.46937549783394134
neuron_209_count,0.559007600950809
neuron_210_count,0.4248243249139553
neuron_211_count,0.6302627273280754
neuron_212_count,0.33298925810799607
neuron_213_count,0.30101080846668804
neuron_214_count,0.49264859927957405
neuron_215_count,0.27091071343860995
neuron_216_count,0.24587344742832226
neuron_217_count,0.24769805315198284
neuron_218_count,0.29450528421888406
neuron_219_count,0.23781370353192907
neuron_220_count,0.18549581189829997
neuron_221_count,0.3723611444169176
neuron_222_count,0.29044543250533006
neuron_223_count,0.3576526328446241
neuron_224_count,0.2851874887536748
neuron_225_count,0.3068073428793403
neuron_226_count,0.3380122173064673
neuron_227_count,0.435161905315916
neuron_228_count,0.32535112115904247
neuron_229_count,0.35822928869736925
neuron_230_count,0.3879845009380757
neuron_231_count,0.37385754450061237
neuron_232_count,0.3932797435352449
neuron_233_count,0.2666205252746652
neuron_234_count,0.3461214059042518
neuron_235_count,0.16918712579113945
neuron_236_count,0.17936393170999426
neuron_237_count,0.2141145955264974
neuron_238_count,0.23495094901835412
neuron_239_count,0.18113740096142772
neuron_240_count,0.21632335599980268
neuron_241_count,0.2390152032369538
neuron_242_count,0.3134313406779709
neuron_243_count,0.2829769579276364
neuron_244_count,0.23911111590191578
neuron_245_count,0.15504653318441738
neuron_246_count,0.2096353385802365
neuron_247_count,0.26608269489598413
neuron_248_count,0.10042118073219793
neuron_249_count,0.07364775204993487
neuron_250_count,0.1021558305612594
neuron_251_count,0.13821331292282069
neuron_252_count,0.10959753744958033
neuron_253_count,0.14965749077977192
neuron_254_count,0.1765527965664705
neuron_255_count,0.16121918129963184
neuron_256_count,0.45479929922891343
neuron_257_count,0.4155269462719581
neuron_258_count,0.3770552803886113
neuron_259_count,1.0428906517423724
neuron_260_count,0.46725504402485896
neuron_261_count,0.8895721824096653
neuron_262_count,0.6204470460704226
neuron_263_count,1.0284098896496872
neuron_264_count,0.829142501085442
neuron_265_count,0.8686583731783492
neuron_266_count,0.8900890230367083
neuron_267_count,0.7767563516337925
neuron_268_count,0.5947298633971191
neuron_269_count,0.3200436536154142
neuron_270_count,0.5056364087992539
neuron_271_count,0.5164666719949849
neuron_272_count,0.6254325783532396
neuron_273_count,0.4188218863459613
neuron_274_count,0.5688566472431117
neuron_275_count,0.6059733175791344
neuron_276_count,0.39214321438098454
neuron_277_count,0.32666145758338117
neuron_278_count,0.48371766236681657
neuron_279_count,0.25422225708254065
neuron_280_count,0.2990197787310914
neuron_281_count,0.36405481609903334
neuron_282_count,0.25688538829436103
neuron_283_count,0.3271883602127368
neuron_284_count,0.2703468897864044
neuron_285_count,0.15525928984811055
neuron_286_count,0.3436157871555455
neuron_287_count,0.4082259445178772
neuron_288_count,0.3094726335175292
neuron_289_count,0.251104530993078
neuron_290_count,0.3758736913419064
neuron_291_count,0.30648166055917725
neuron_292_count,0.28592108672583716
neuron_293_count,0.017815153385793835
neuron_294_count,0.37564035167630383
neuron_295_count,0.3612301302168519
neuron_296_count,0.33628135573866696
neuron_297_count,0.4067367266245974
neuron_298_count,0.17680415474061428
neuron_299_count,0.19568943670570083
neuron_300_count,0.20662593242099997
neuron_301_count,0.2088910513881398
neuron_302_count,0.16863202991334253
neuron_303_count,0.07088350783351685
neuron_304_count,0.22460517661237395
neuron_305_count,0.1739989277643405
neuron_306_count,0.22548800123300813
neuron_307_count,0.11854320148601602
neuron_308_count,0.08321380779603535
neuron_309_count,0.13932680425868965
neuron_310_count,0.10749800988440855
neuron_311_count,0.10939036032720867
neuron_312_count,0.05939885001612896
neuron_313_count,0.04323364919445611
neuron_314_count,0.15401034702070693
neuron_315_count,0.07213943820723467
neuron_316_count,0.12741787999260995
neuron_317_count,0.11463856216766843
neuron_318_count,0.15531836203305582
neuron_319_count,0.16118756215660168
neuron_320_count,0.47709692233064876
neuron_321_count,0.6109245693838259
neuron_322_count,0.9963043486360921
neuron_323_count,0.5834594588991795
neuron_324_count,0.8014753739635643
neuron_325_count,1.259566303579238
neuron_326_count,1.165922495393021
neuron_327_count,1.0245707270445137
neuron_328_count,1.101550142481132
neuron_329_count,0.901411635916151
neuron_330_count,0.9817426630934927
neuron_331_count,0.7027355324567996
neuron_332_count,0.8128969909998662
neuron_333_count,0.6285532213801919
neuron_334_count,0.5899368829475147
neuron_335_count,0.37635604687999336
neuron_336_count,0.43723155675881753
neuron_337_count,0.5936486220942875
neuron_338_count,0.6178292009824072
neuron_339_count,0.5969645328046562
neuron_340_count,0.4773518140318882
neuron_341_count,0.6559084117828116
neuron_342_count,0.38285753413027607
neuron_343_count,0.3258390088749815
neuron_344_count,0.49464467437487614
neuron_345_count,0.166245968647491
neuron_346_count,0.39198681735699975
neuron_347_count,0.45633483334289
neuron_348_count,0.44249047311044204
neuron_349_count,0.25922157624418085
neuron_350_count,0.2651860793744316
neuron_351_count,0.2997575445137617
neuron_352_count,0.33340089310118437
neuron_353_count,0.30830240118432434
neuron_354_count,0.25991629754536727
neuron_355_count,0.29519131841693746
neuron_356_count,0.25125067980096083
neuron_357_count,0.27435548570436274
neuron_358_count,0.3612818601659928
neuron_359_count,0.32055626488102235
neuron_360_count,0.3330223183828317
neuron_361_count,0.2977001930893415
neuron_362_count,0.2510451499231937
neuron_363_count,0.37771012304988427
neuron_364_count,0.14333942934314606
neuron_365_count,0.23618255069462069
neuron_366_count,0.31227012184490377
neuron_367_count,0.22036932835731024
neuron_368_count,0.20884791450478768
neuron_369_count,0.14088314068514798
neuron_370_count,0.18394805199343298
neuron_371_count,0.1887911908662695
neuron_372_count,0.1277630807145883
neuron_373_count,0.13982995818901006
neuron_374_count,0.11259871600605305
neuron_375_count,0.07537779387941779
neuron_376_count,0.085838283775856
neuron_377_count,0.11542983810419813
neuron_378_count,0.11498648367549859
neuron_379_count,0.06339013948035728
neuron_380_count,0.07540337689833423
neuron_381_count,0.07931119865226903
neuron_382_count,0.13247296249383814
neuron_383_count,0.1204935160701539
neuron_384_count,0.5775710348796509
neuron_385_count,0.880098938353165
neuron_386_count,0.8340534092346801
neuron_387_count,0.9453571358276445
neuron_388_count,0.8479267188399106
neuron_389_count,0.6704490311576432
neuron_390_count,1.0858329494001835
neuron_391_count,1.0928974830534195
neuron_392_count,0.8795621726837617
neuron_393_count,1.0810193422671224
neuron_394_count,0.5721423778307301
neuron_395_count,0.9177422908468927
neuron_396_count,0.6604463217577388
neuron_397_count,0.4644578501460799
neuron_398_count,0.6235639872355654
neuron_399_count,0.5252464871801996
neuron_400_count,0.5959715850539571
neuron_401_count,0.46226927417471375
neuron_402_count,0.5639013500797234
neuron_403_count,0.30368720107182173
neuron_404_count,0.3805742958812325
neuron_405_count,0.379172418364019
neuron_406_count,0.2971412359801189
neuron_407_count,0.3726692666011364
neuron_408_count,0.22815163968800156
neuron_409_count,0.47263167107080095
neuron_410_count,0.4711120064189137
neuron_411_count,0.35525796930366754
neuron_412_count,0.3280491775794515
neuron_413_count,0.41514586234027867
neuron_414_count,0.3015259013314525
neuron_415_count,0.3219218761315582
neuron_416_count,0.3570461449449328
neuron_417_count,0.3258748055745329
neuron_418_count,0.32179257699342356
neuron_419_count,0.34891084099622505
neuron_420_count,0.22182505673529745
neuron_421_count,0.3426682848003244
neuron_422_count,0.27397359605882743
neuron_423_count,0.2789449211941804
neuron_424_count,0.31826942854117163
neuron_425_count,0.38729093706344536
neuron_426_count,0.1730379209468973
neuron_427_count,0.4380191316367641
neuron_428_count,0.09735697419920969
neuron_429_count,0.15020091863657994
neuron_430_count,0.2414556573087542
neuron_431_count,0.04194267114913413
neuron_432_count,0.13205541349680003
neuron_433_count,0.1156001331547892
neuron_434_count,0.16709812062580406
neuron_435_count,0.09746674486529289
neuron_436_count,0.04271976241345698
neuron_437_count,0.0983755655380168
neuron_438_count,0.09988528158073941
neuron_439_count,0.0857687026851219
neuron_440_count,0.07085922962718627
neuron_441_count,0.06073781914704518
neuron_442_count,0.0971512008097985
neuron_443_count,0.11139112872116964
neuron_444_count,0.1703715718505553
neuron_445_count,0.10851850002834229
neuron_446_count,0.14082100570567552
neuron_447_count,0.04428056094084109
neuron_448_count,0.5665684626843276
neuron_449_count,0.532368223762322
neuron_450_count,0.7688549549381233
neuron_451_count,1.100528751104676
neuron_452_count,1.1566052607699358
neuron_453_count,1.2547593435757873
neuron_454_count,0.6231669225178291
neuron_455_count,1.02913916363985
neuron_456_count,1.2159724236113336
neuron_457_count,0.9378199388688555
neuron_458_count,0.7489070521324361
neuron_459_count,0.7231905389474806
neuron_460_count,0.6901438996831673
neuron_461_count,0.6314791708893185
neuron_462_count,0.545161605992687
neuron_463_count,0.6828328658830474
neuron_464_count,0.43182059761145064
neuron_465_count,0.5399524601011633
neuron_466_count,0.6849827221726256
neuron_467_count,0.5087942991635372
neuron_468_count,0.5509176843727409
neuron_469_count,0.38214289257514455
neuron_470_count,0.4002128455493748
neuron_471_count,0.2446558379173761
neuron_472_count,0.3773652171835858
neuron_473_count,0.38511735069973735
neuron_474_count,0.29958369567917753
neuron_475_count,0.3435754823126303
neuron_476_count,0.4404535424093412
neuron_477_count,0.3468654505188171
neuron_478_count,0.22752397254010187
neuron_479_count,0.38841304897937
neuron_480_count,0.32062720619367013
neuron_481_count,0.26329691063826344
neuron_482_count,0.2912240191318155
neuron_483_count,0.29156497400910053
neuron_484_count,0.3461278772207004
neuron_485_count,0.3707604563725493
neuron_486_count,0.33392120345704046
neuron_487_count,0.3091869234417064
neuron_488_count,0.3171856437518783
neuron_489_count,0.35723665851114905
neuron_490_count,0.2098495556790593
neuron_491_count,0.44787032984666947
neuron_492_count,0.24066618958452093
neuron_493_count,0.1989456835551418
neuron_494_count,0.22789531767157886
neuron_495_count,0.20745434315733216
neuron_496_count,0.0994299323477279
neuron_497_count,0.12069163890916865
neuron_498_count,0.17896580218400593
neuron_499_count,0.21854277100053981
neuron_500_count,0.06651189257706214
neuron_501_count,0.1320224413601392
neuron_502_count,0.14217184529289378
neuron_503_count,0.1091250022249034
neuron_504_count,0.2142044076502036
neuron_505_count,0.07418636938891693
neuron_506_count,0.07596361060282998
neuron_507_count,0.12566364969184526
neuron_508_count,0.09927924828260308
neuron_509_count,0.09230111459193688
neuron_510_count,0.14282986844319656
neuron_511_count,0.1423524475961846
neuron_512_count,0.4332840949940866
neuron_513_count,0.9173396589118713
neuron_514_count,0.7980237587584463
neuron_515_count,0.8931891815041754
neuron_516_count,0.9064745311880148
neuron_517_count,1.0934244708534817
neuron_518_count,0.9153269346499806
neuron_519_count,0.8782198272670609
neuron_520_count,0.6594032629821356
neuron_521_count,0.9430354917125888
neuron_522_count,0.6624686931366262
neuron_523_count,0.7790817061446291
neuron_524_count,0.8748359468033273
neuron_525_count,0.7408216875501947
neuron_526_count,0.7530627394216884
neuron_527_count,0.8031097339101099
neuron_528_count,0.4739032782230164
neuron_529_count,0.917426041334604
neuron_530_count,0.617791649502912
neuron_531_count,0.39544839251010566
neuron_532_count,0.46391224860800184
neuron_533_count,0.6389767462653665
neuron_534_count,0.45051077018937785
neuron_535_count,0.3048012268172137
neuron_536_count,0.6791583518131534
neuron_537_count,0.23865252585238517
neuron_538_count,0.2722928680735853
neuron_539_count,0.3589637620216247
neuron_540_count,0.2930531050471539
neuron_541_count,0.3078275000221363
neuron_542_count,0.24433344223267864
neuron_543_count,0.2811956498149064
neuron_544_count,0.3186606854476911
neuron_545_count,0.22540355350658517
neuron_546_count,0.27787589969588766
neuron_547_count,0.3102952685373249
neuron_548_count,0.3338719729147457
neuron_549_count,0.2791421996476888
neuron_550_count,0.27284567276688276
neuron_551_count,0.30821712090394937
neuron_552_count,0.3318347764864725
neuron_553_count,0.36489706933200344
neuron_554_count,0.3021658053930629
neuron_555_count,0.18454834771906892
neuron_556_count,0.16114079230673617
neuron_557_count,0.193948134731361
neuron_558_count,0.2155976729500297
neuron_559_count,0.18578346255981049
neuron_560_count,0.2503150294053048
neuron_561_count,0.20156989613332216
neuron_562_count,0.10131928551798078
neuron_563_count,0.1826276442054826
neuron_564_count,0.11688738592313247
neuron_565_count,0.15588010339638808
neuron_566_count,0.14836590228910676
neuron_567_count,0.16461672951131373
neuron_568_count,0.13504370099509766
neuron_569_count,0.05875706791823196
neuron_570_count,0.062325940915796414
neuron_571_count,0.10158377848238229
neuron_572_count,0.1714830902347239
neuron_573_count,0.056369041747207124
neuron_574_count,0.122188458776095
neuron_575_count,0.12361248865826566
neuron_576_count,0.43752880275741035
neuron_577_count,0.6951824122222238
neuron_578_count,1.1110311555582764
neuron_579_count,0.9370623812304593
neuron_580_count,1.1844828146659827
neuron_581_count,1.1742224221770763
neuron_582_count,0.969264507365557
neuron_583_count,1.1910780377460983
neuron_584_count,0.8086844856224109
neuron_585_count,0.9595964145997563
neuron_586_count,0.7095028373028438
neuron_587_count,0.7972026137359585
neuron_588_count,0.9436353119298265
neuron_589_count,0.802253783963425
neuron_590_count,0.7633227150344701
neuron_591_count,0.893911844923692
neuron_592_count,0.6295935370789119
neuron_593_count,0.6578386225239954
neuron_594_count,0.6786816995511942
neuron_595_count,0.5072453899127435
neuron_596_count,0.7402129746069794
neuron_597_count,0.6099070005618106
neuron_598_count,0.8337754479564299
neuron_599_count,0.6550029466750454
neuron_600_count,0.37198807125992567
neuron_601_count,0.5088317150437085
neuron_602_count,0.3806594489168002
neuron_603_count,0.45691203226008764
neuron_604_count,0.4713407094423594
neuron_605_count,0.3257990605389621
neuron_606_count,0.3473172280062795
neuron_607_count,0.31383375676818603
neuron_608_count,0.3044896821556011
neuron_609_count,0.2928595800790942
neuron_610_count,0.3290565163684072
neuron_611_count,0.23427452958656902
neuron_612_count,0.2799234333516666
neuron_613_count,0.28947051919767186
neuron_614_count,0.36419247185843806
neuron_615_count,0.20967614401276619
neuron_616_count,0.2906239925513795
neuron_617_count,0.2265631829060992
neuron_618_count,0.21300733564085542
neuron_619_count,0.3242168481092832
neuron_620_count,0.2487354249601793
neuron_621_count,0.14708687588373287
neuron_622_count,0.16897503575593992
neuron_623_count,0.20130688790817677
neuron_624_count,0.19068513113854252
neuron_625_count,0.09923694476087826
neuron_626_count,0.12953066738976052
neuron_627_count,0.12189663120984016
neuron_628_count,0.15709386858034396
neuron_629_count,0.15414284470351772
neuron_630_count,0.09783933446058958
neuron_631_count,0.10440844732903876
neuron_632_count,0.15650074670508535
neuron_633_count,0.0792232563084242
neuron_634_count,0.09187810490228437
neuron_635_count,0.10755576497363195
neuron_636_count,0.14617800989690372
neuron_637_count,0.11321197044289498
neuron_638_count,0.13102753443071902
neuron_639_count,0.26410002592530435
neuron_640_count,0.5846338979735646
neuron_641_count,0.9395817517986018
neuron_642_count,1.3905336829333923
neuron_643_count,1.153562312584058
neuron_644_count,1.2459115643593104
neuron_645_count,1.1794919059762399
neuron_646_count,1.2258110524850732
neuron_647_count,0.5507426238386007
neuron_648_count,1.2464269139928796
neuron_649_count,0.8056583580737291
neuron_650_count,1.1615044035970785
neuron_651_count,0.5993840820562397
neuron_652_count,1.0033548208007255
neuron_653_count,0.796703211830348
neuron_654_count,0.8596625189966093
neuron_655_count,0.5280565381829344
neuron_656_count,0.9140588481935084
neuron_657_count,0.6661501530983481
neuron_658_count,0.6606282506666479
neuron_659_count,0.38941412665799613
neuron_660_count,0.638081626075019
neuron_661_count,0.7036140918891107
neuron_662_count,0.4311997841568662
neuron_663_count,0.5540656195148572
neuron_664_count,0.5336422264517537
neuron_665_count,0.5330303073903322
neuron_666_count,0.5191637350834537
neuron_667_count,0.321207441203883
neuron_668_count,0.3760374817491422
neuron_669_count,0.29975390100700766
neuron_670_count,0.4950309260792033
neuron_671_count,0.23367813177020663
neuron_672_count,0.2718325418823724
neuron_673_count,0.42011079722418737
neuron_674_count,0.30809769668210757
neuron_675_count,0.2662525611954657
neuron_676_count,0.31053583527981193
neuron_677_count,0.23308492231443595
neuron_678_count,0.3783120762214587
neuron_679_count,0.3063237021094235
neuron_680_count,0.3774012941452391
neuron_681_count,0.35265444682313185
neuron_682_count,0.33188699864945115
neuron_683_count,0.36084947755778907
neuron_684_count,0.2652708677044122
neuron_685_count,0.30132085078312676
neuron_686_count,0.1889440719720265
neuron_687_count,0.1789743748144583
neuron_688_count,0.09478099794204731
neuron_689_count,0.1236622734654238
neuron_690_count,0.09784660375216007
neuron_691_count,0.12207518701891873
neuron_692_count,0.05993613421226551
neuron_693_count,0.08340598400840019
neuron_694_count,0.10051194760826615
neuron_695_count,0.06451389456225015
neuron_696_count,0.055945296235186875
neuron_697_count,0.10113429369332858
neuron_698_count,0.08286974427477753
neuron_699_count,0.09894496511254558
neuron_700_count,0.15657596243370853
neuron_701_count,0.1715439049999907
neuron_702_count,0.13540024960954766
neuron_703_count,0.17529149542449593
neuron_704_count,0.47356168615850647
neuron_705_count,1.072556560137482
neuron_706_count,1.3065230783103665
neuron_707_count,1.1918950610208174
neuron_708_count,1.1432389933537925
neuron_709_count,1.062992909750351
neuron_710_count,1.0847568939846726
neuron_711_count,1.2542207730371888
neuron_712_count,1.0921640909727326
neuron_713_count,1.1070036342081153
neuron_714_count,0.9777276959597189
neuron_715_count,0.880534904317952
neuron_716_count,0.9746055426335697
neuron_717_count,0.9518264761202748
neuron_718_count,0.9139032801826982
neuron_719_count,0.8066105597552947
neuron_720_count,0.7184265981114488
neuron_721_count,0.7266661296652545
neuron_722_count,0.7584673832221958
neuron_723_count,0.5302114560773455
neuron_724_count,0.9190473997543207
neuron_725_count,0.7231355753010299
neuron_726_count,0.7699310065450795
neuron_727_count,0.40699189187704077
neuron_728_count,0.5973737590583523
neuron_729_count,0.47836231720399064
neuron_730_count,0.2912113040949643
neuron_731_count,0.4063172385316631
neuron_732_count,0.28274516579157816
neuron_733_count,0.48803985752923607
neuron_734_count,0.3169863429893044
neuron_735_count,0.2995292613389128
neuron_736_count,0.3271178168469444
neuron_737_count,0.2377889427455924
neuron_738_count,0.3016127250896257
neuron_739_count,0.3442423845940781
neuron_740_count,0.26878940553056696
neuron_741_count,0.2591293433938186
neuron_742_count,0.19960728813888157
neuron_743_count,0.2543872906202589
neuron_744_count,0.357914084636625
neuron_745_count,0.279207457789047
neuron_746_count,0.2829202465807618
neuron_747_count,0.29370810351688753
neuron_748_count,0.24035688172533953
neuron_749_count,0.26909983802614545
neuron_750_count,0.24298826516991598
neuron_751_count,0.2202490986442079
neuron_752_count,0.23070222070475954
neuron_753_count,0.13167123906553804
neuron_754_count,0.0892723698722285
neuron_755_count,0.12289818577285405
neuron_756_count,0.1025643721924441
neuron_757_count,0.09382431691048389
neuron_758_count,0.09504488343433883
neuron_759_count,0.10999186287677071
neuron_760_count,0.08951408212599436
neuron_761_count,0.14589182381433236
neuron_762_count,0.23094443377984636
neuron_763_count,0.16719525307616045
neuron_764_count,0.0708661524913907
neuron_765_count,0.22824792329601912
neuron_766_count,0.19494564727094915
neuron_767_count,0.0618175289523807
neuron_768_count,0.37188610462261396
neuron_769_count,1.210373188998292
neuron_770_count,1.4238068668896586
neuron_771_count,1.0730339259395671
neuron_772_count,1.27833565762397
neuron_773_count,1.0211451589592178
neuron_774_count,1.1470402472572048
neuron_775_count,1.0484742817044268
neuron_776_count,1.0983071063577337
neuron_777_count,1.2173000298713672
neuron_778_count,1.1888729272070564
neuron_779_count,0.8989392979845972
neuron_780_count,0.4260603800419375
neuron_781_count,1.0620939875261823
neuron_782_count,0.9976180856141802
neuron_783_count,0.959863694582248
neuron_784_count,0.7344588507700593
neuron_785_count,0.6305348922567063
neuron_786_count,0.5990023348395966
neuron_787_count,0.8030745241975495
neuron_788_count,0.6993661852452033
neuron_789_count,0.5772111245755998
neuron_790_count,0.6198569091249199
neuron_791_count,0.6390162486899382
neuron_792_count,0.6412074261712275
neuron_793_count,0.3435637993805903
neuron_794_count,0.5921211527676249
neuron_795_count,0.3110679179506478
neuron_796_count,0.2783161728781842
neuron_797_count,0.4341483375436997
neuron_798_count,0.3421579397846698
neuron_799_count,0.3179708356828394
neuron_800_count,0.19804514186985606
neuron_801_count,0.33179545198207483
neuron_802_count,0.2923227348760754
neuron_803_count,0.30502439400564585
neuron_804_count,0.2449592877743531
neuron_805_count,0.2933367640903992
neuron_806_count,0.3297637759381777
neuron_807_count,0.283035630191399
neuron_808_count,0.3275832096658099
neuron_809_count,0.28180181313128505
neuron_810_count,0.34440710508255934
neuron_811_count,0.2673431933918984
neuron_812_count,0.27896680759030423
neuron_813_count,0.22988280410501127
neuron_814_count,0.16267047108767113
neuron_815_count,0.2177955509725257
neuron_816_count,0.15927841857612648
neuron_817_count,0.13409555854772637
neuron_818_count,0.12018382642811448
neuron_819_count,0.13400232310408122
neuron_820_count,0.1456947418271021
neuron_821_count,0.15893654871391313
neuron_822_count,0.11567583192526312
neuron_823_count,0.07511193960583498
neuron_824_count,0.2570924147985999
neuron_825_count,0.3632712435998112
neuron_826_count,0.17425408108453283
neuron_827_count,0.25453278719192274
neuron_828_count,0.2614334427917698
neuron_829_count,0.23927787752825644
neuron_830_count,0.17202898829157648
neuron_831_count,0.23055072776506508
neuron_832_count,0.7586680654215713
neuron_833_count,0.6513723372421657
neuron_834_count,1.461193214705658
neuron_835_count,1.3088907634252787
neuron_836_count,1.3041201726219116
neuron_837_count,1.3512163882698722
neuron_838_count,1.2635018740210386
neuron_839_count,1.2025239069677904
neuron_840_count,1.1085608755788696
neuron_841_count,1.2149162975610408
neuron_842_count,0.7137258951482603
neuron_843_count,1.1298681104858097
neuron_844_count,0.9651581506203939
neuron_845_count,1.0794810588997965
neuron_846_count,0.6616697151769129
neuron_847_count,0.6499217189930742
neuron_848_count,0.7520023020004545
neuron_849_count,0.7019947721947702
neuron_850_count,0.7621160720715903
neuron_851_count,0.8131634998172188
neuron_852_count,0.6384270149031206
neuron_853_count,0.7832450948697204
neuron_854_count,0.7651895290542203
neuron_855_count,0.577868798259312
neuron_856_count,0.6816798476100263
neuron_857_count,0.7903452155209902
neuron_858_count,0.6462931097865263
neuron_859_count,0.4807853392935393
neuron_860_count,0.45687028358431914
neuron_861_count,0.2901445399985868
neuron_862_count,0.3224385423190108
neuron_863_count,0.3508509068605001
neuron_864_count,0.2595676372657988
neuron_865_count,0.31610963802714837
neuron_866_count,0.22130487193540754
neuron_867_count,0.23245979952072135
neuron_868_count,0.38026046460026863
neuron_869_count,0.28923226198140195
neuron_870_count,0.23078708636107487
neuron_871_count,0.2689939322846686
neuron_872_count,0.16706586237545754
neuron_873_count,0.2934842176984368
neuron_874_count,0.3066201099546656
neuron_875_count,0.3024784147628813
neuron_876_count,0.19056282188600368
neuron_877_count,0.1922249075935173
neuron_878_count,0.22787831851349633
neuron_879_count,0.1525781070067037
neuron_880_count,0.20912059933562438
neuron_881_count,0.1014632744157534
neuron_882_count,0.2626179672948598
neuron_883_count,0.06420153896089843
neuron_884_count,0.14408374223681525
neuron_885_count,0.09352211411105793
neuron_886_count,0.09291445845351026
neuron_887_count,0.16383056231186793
neuron_888_count,0.3164796782759901
neuron_889_count,0.22123449902178405
neuron_890_count,0.176556721342023
neuron_891_count,0.2351791022212124
neuron_892_count,0.3023491611549497
neuron_893_count,0.27348836590242337
neuron_894_count,0.30134953000266124
neuron_895_count,0.07965736929035969
neuron_896_count,0.9194540655910649
neuron_897_count,0.9241918609084887
neuron_898_count,0.7775637393390273
neuron_899_count,1.4520757673197016
neuron_900_count,1.371479321613568
neuron_901_count,1.3259547340109963
neuron_902_count,1.1789818855666145
neuron_903_count,0.8006214564673682
neuron_904_count,1.175581502968117
neuron_905_count,1.0972138956262174
neuron_906_count,1.1889770822187897
neuron_907_count,1.0066815758363061
neuron_908_count,1.0000844647192597
neuron_909_count,1.124894433132716
neuron_910_count,0.9566075585622655
neuron_911_count,0.6454365210027909
neuron_912_count,0.8215369533858575
neuron_913_count,0.7430258624536088
neuron_914_count,0.7087764180468487
neuron_915_count,0.6598780401636802
neuron_916_count,0.8935836548638416
neuron_917_count,0.8532813005288276
neuron_918_count,0.8918295807833275
neuron_919_count,0.7461034493113389
neuron_920_count,0.5417336361539338
neuron_921_count,0.6413464741459058
neuron_922_count,0.5525004457838458
neuron_923_count,0.619958267833546
neuron_924_count,0.47891717598971567
neuron_925_count,0.505555601200157
neuron_926_count,0.3818971434041171
neuron_927_count,0.4496876243516364
neuron_928_count,0.3095869357712068
neuron_929_count,0.35640188458710487
neuron_930_count,0.24380936366404793
neuron_931_count,0.20246564071490844
neuron_932_count,0.27320533489515664
neuron_933_count,0.2555697673747415
neuron_934_count,0.18832079720342787
neuron_935_count,0.2558444557029659
neuron_936_count,0.18459768786449995
neuron_937_count,0.29269930121024484
neuron_938_count,0.21746151231291208
neuron_939_count,0.29706341845879813
neuron_940_count,0.17563808897613514
neuron_941_count,0.15713844824577083
neuron_942_count,0.1736301325842675
neuron_943_count,0.15970675528376885
neuron_944_count,0.12436843173388329
neuron_945_count,0.13983903873654993
neuron_946_count,0.19726852104843692
neuron_947_count,0.12276178527371884
neuron_948_count,0.18452523958693817
neuron_949_count,0.10864430567083914
neuron_950_count,0.1955203659122626
neuron_951_count,0.10973549367483221
neuron_952_count,0.11019616016520128
neuron_953_count,0.25853351365743815
neuron_954_count,0.2887511812836783
neuron_955_count,0.2894029758638757
neuron_956_count,0.2658165873663487
neuron_957_count,0.21612603695322152
neuron_958_count,0.20074916672381127
neuron_959_count,0.2597217183473566
neuron_960_count,1.4512736807429092
neuron_961_count,0.8844138581360841
neuron_962_count,0.8634278498911061
neuron_963_count,0.623872819048643
neuron_964_count,1.48676966556383
neuron_965_count,1.2990278292910948
neuron_966_count,1.3779593669842762
neuron_967_count,0.9771878056053317
neuron_968_count,1.1576347364973028
neuron_969_count,1.1604478355687295
neuron_970_count,1.4535438745853217
neuron_971_count,0.8359076815796367
neuron_972_count,0.9483539814908819
neuron_973_count,0.4869499938790184
neuron_974_count,0.7560502283900676
neuron_975_count,0.6539197849641325
neuron_976_count,0.9514927253447807
neuron_977_count,0.9540300778440319
neuron_978_count,0.7611768790620034
neuron_979_count,0.9854869377018204
neuron_980_count,0.7145513043200904
neuron_981_count,0.9034902762112584
neuron_982_count,0.708518979854444
neuron_983_count,0.8051419382689862
neuron_984_count,0.6333592158186737
neuron_985_count,0.7312665073887816
neuron_986_count,0.6866626163183207
neuron_987_count,0.5039490635360834
neuron_988_count,0.4294099640893031
neuron_989_count,0.36475860179373604
neuron_990_count,0.5085321782744067
neuron_991_count,0.36026053292349536
neuron_992_count,0.1994332780272453
neuron_993_count,0.2320469905335062
neuron_994_count,0.21523920580634603
neuron_995_count,0.21019759272606284
neuron_996_count,0.20470751355053285
neuron_997_count,0.23558928404721513
neuron_998_count,0.21132373915744546
neuron_999_count,0.2645033154004165
neuron_1000_count,0.1904943905348004
neuron_1001_count,0.2136937031997974
neuron_1002_count,0.26202068158836955
neuron_1003_count,0.20927289136607244
neuron_1004_count,0.2391097767024701
neuron_1005_count,0.14613260039563863
neuron_1006_count,0.1548067060043052
neuron_1007_count,0.13024230996047004
neuron_1008_count,0.1442698481959079
neuron_1009_count,0.1819088393528468
neuron_1010_count,0.1389169030205229
neuron_1011_count,0.1546638248046768
neuron_1012_count,0.19783244185559015
neuron_1013_count,0.18522839911917569
neuron_1014_count,0.10026792130088144
neuron_1015_count,0.14178027730357115
neuron_1016_count,0.5020320714971307
neuron_1017_count,0.03125533195269109
neuron_1018_count,0.253062057760595
neuron_1019_count,0.3248543884303312
neuron_1020_count,0.37300555552825126
neuron_1021_count,0.11531088028767048
neuron_1022_count,0.30176466359332943
neuron_1023_count,0.22875002357458216
neuron_1024_count,1.508158937357633
neuron_1025_count,1.4892146343991508
neuron_1026_count,0.8240714323357256
neuron_1027_count,1.7211910770131318
neuron_1028_count,1.5274969184865477
neuron_1029_count,1.3562338011893695
neuron_1030_count,1.26568487256088
neuron_1031_count,0.9825779614222707
neuron_1032_count,0.7783330537918443
neuron_1033_count,1.052051353472591
neuron_1034_count,1.3103403968163665
neuron_1035_count,1.0965259185506717
neuron_1036_count,1.1307140271524414
neuron_1037_count,0.7918207935742203
neuron_1038_count,0.7251445038273484
neuron_1039_count,0.7446839193318846
neuron_1040_count,0.8393356376056252
neuron_1041_count,0.9489819267239705
neuron_1042_count,0.8659931228099591
neuron_1043_count,0.8868221309757969
neuron_1044_count,0.6620325777910367
neuron_1045_count,0.8019269011061744
neuron_1046_count,0.862262194479475
neuron_1047_count,0.7738380959602188
neuron_1048_count,0.683059400578335
neuron_1049_count,0.6715605995633326
neuron_1050_count,0.644186338788672
neuron_1051_count,0.47510250627866857
neuron_1052_count,0.39868285440855267
neuron_1053_count,0.5723370480578518
neuron_1054_count,0.33661180643621885
neuron_1055_count,0.1937297576370225
neuron_1056_count,0.23012443817006445
neuron_1057_count,0.21990652058009474
neuron_1058_count,0.2331579317257968
neuron_1059_count,0.1789489076060652
neuron_1060_count,0.1774617176191185
neuron_1061_count,0.19799101881007894
neuron_1062_count,0.22781969716054035
neuron_1063_count,0.1987321120088384
neuron_1064_count,0.2792161642193988
neuron_1065_count,0.19651975026231006
neuron_1066_count,0.28614279722026126
neuron_1067_count,0.12960132277910974
neuron_1068_count,0.19703157486887748
neuron_1069_count,0.22617020126561477
neuron_1070_count,0.15941590222426655
neuron_1071_count,0.15811774741204754
neuron_1072_count,0.15672140856748526
neuron_1073_count,0.18845799612752273
neuron_1074_count,0.13907943755601818
neuron_1075_count,0.1608557391189534
neuron_1076_count,0.12706695680840951
neuron_1077_count,0.12771713336916402
neuron_1078_count,0.15301697420549498
neuron_1079_count,0.17611864419628034
neuron_1080_count,0.27494392110295074
neuron_1081_count,0.23678993329918296
neuron_1082_count,0.17026743185441584
neuron_1083_count,0.21434123591742665
neuron_1084_count,0.09305265800709131
neuron_1085_count,0.25180576583014885
neuron_1086_count,0.156501991508756
neuron_1087_count,0.21018737860838432
neuron_1088_count,1.4598236985359636
neuron_1089_count,0.9812153601986064
neuron_1090_count,1.4858452364845403
neuron_1091_count,1.5090802439436468
neuron_1092_count,1.5269372055954362
neuron_1093_count,1.4613141502330491
neuron_1094_count,1.0762815127449166
neuron_1095_count,1.012117158902493
neuron_1096_count,1.0801216892595003
neuron_1097_count,1.0823829267693925
neuron_1098_count,0.9774204654834195
neuron_1099_count,0.8757149539419014
neuron_1100_count,1.054136133455525
neuron_1101_count,0.9570140835122065
neuron_1102_count,0.9675945777059803
neuron_1103_count,0.7412556285718184
neuron_1104_count,0.7883574606719883
neuron_1105_count,0.5679757513956246
neuron_1106_count,0.9111270735734134
neuron_1107_count,0.9085781942898787
neuron_1108_count,0.9376395061862789
neuron_1109_count,0.8906293816897555
neuron_1110_count,0.8827293421037128
neuron_1111_count,0.8992117738499813
neuron_1112_count,0.7573106823014631
neuron_1113_count,0.6525095175314106
neuron_1114_count,0.785379599641361
neuron_1115_count,0.48288999260901244
neuron_1116_count,0.5929957830932375
neuron_1117_count,0.42020712383535597
neuron_1118_count,0.4389627863480638
neuron_1119_count,0.30589412602750016
neuron_1120_count,0.217810351596578
neuron_1121_count,0.11297573734842288
neuron_1122_count,0.2670451870862283
neuron_1123_count,0.1749145022333655
neuron_1124_count,0.2201567232806011
neuron_1125_count,0.1897709707322585
neuron_1126_count,0.18424670594779427
neuron_1127_count,0.20077521753860753
neuron_1128_count,0.17493837402205376
neuron_1129_count,0.12556935931799362
neuron_1130_count,0.131974988375061
neuron_1131_count,0.21310770885376076
neuron_1132_count,0.16320215402158597
neuron_1133_count,0.22392039097225003
neuron_1134_count,0.12974963302148051
neuron_1135_count,0.1551859954322305
neuron_1136_count,0.15614592126639643
neuron_1137_count,0.24339886974347116
neuron_1138_count,0.16307860737518098
neuron_1139_count,0.20978821258757488
neuron_1140_count,0.17407882889201143
neuron_1141_count,0.12572405825544264
neuron_1142_count,0.17137187503211007
neuron_1143_count,0.16212553614257832
neuron_1144_count,0.3623487456418661
neuron_1145_count,0.08626491456829269
neuron_1146_count,0.29714056285465607
neuron_1147_count,0.40684376157415264
neuron_1148_count,0.3718145239789774
neuron_1149_count,0.103171283499587
neuron_1150_count,0.2594490683621283
neuron_1151_count,0.19453341307646588
neuron_1152_count,1.461866534865242
neuron_1153_count,1.8990995588241715
neuron_1154_count,1.5565653601941496
neuron_1155_count,1.4727755272753016
neuron_1156_count,1.3610077480404172
neuron_1157_count,1.287874608850459
neuron_1158_count,1.3500419507461294
neuron_1159_count,1.1017016688223742
neuron_1160_count,1.0659211226577678
neuron_1161_count,1.2840839823067818
neuron_1162_count,0.8850208302103831
neuron_1163_count,1.207231839817149
neuron_1164_count,1.0699007337347992
neuron_1165_count,1.0712406003996078
neuron_1166_count,0.7530923343119984
neuron_1167_count,0.8915248411438701
neuron_1168_count,0.7191263159501197
neuron_1169_count,0.9363448782931295
neuron_1170_count,0.8973565642021606
neuron_1171_count,0.983595916680356
neuron_1172_count,0.9283234193388312
neuron_1173_count,0.9439542823812013
neuron_1174_count,0.900058063065915
neuron_1175_count,0.7020308049045002
neuron_1176_count,0.9744219625613124
neuron_1177_count,0.5838793493074086
neuron_1178_count,0.4885017917100733
neuron_1179_count,0.6444323308566556
neuron_1180_count,0.7014841119523856
neuron_1181_count,0.3832281486643217
neuron_1182_count,0.45821444664968236
neuron_1183_count,0.4525543357321319
neuron_1184_count,0.3642845911123411
neuron_1185_count,0.3958666670978822
neuron_1186_count,0.34886965787691154
neuron_1187_count,0.21348180930926047
neuron_1188_count,0.1895441630535708
neuron_1189_count,0.251861161431701
neuron_1190_count,0.20617737335458663
neuron_1191_count,0.18648727841711954
neuron_1192_count,0.18123718126719165
neuron_1193_count,0.2326228981187366
neuron_1194_count,0.17287498775412788
neuron_1195_count,0.14270591612527808
neuron_1196_count,0.1753589636630431
neuron_1197_count,0.21015184260792621
neuron_1198_count,0.1425039776703154
neuron_1199_count,0.15678124273406246
neuron_1200_count,0.17046894903171383
neuron_1201_count,0.16293576829485878
neuron_1202_count,0.2013116960401497
neuron_1203_count,0.2880362008766658
neuron_1204_count,0.24256141394793945
neuron_1205_count,0.2273650170502337
neuron_1206_count,0.1720026489414817
neuron_1207_count,0.14474755002028733
neuron_1208_count,0.2459319702703896
neuron_1209_count,0.19642321875029684
neuron_1210_count,0.22758757126623833
neuron_1211_count,0.15873812902873463
neuron_1212_count,0.31297446306992693
neuron_1213_count,0.1746564140095055
neuron_1214_count,0.16926045290453018
neuron_1215_count,0.23957032660912841
neuron_1216_count,1.5659564987251993
neuron_1217_count,1.0815160210036712
neuron_1218_count,1.4321869560333407
neuron_1219_count,1.419309366663608
neuron_1220_count,1.5082337703025264
neuron_1221_count,1.2867641090394062
neuron_1222_count,1.4417591694738285
neuron_1223_count,1.1926158327300234
neuron_1224_count,1.051249247366372
neuron_1225_count,1.1439711085221629
neuron_1226_count,1.0379383009672731
neuron_1227_count,0.7922943351430277
neuron_1228_count,1.1726176540732716
neuron_1229_count,1.1851931782248324
neuron_1230_count,1.0156695858974876
neuron_1231_count,0.928455819463529
neuron_1232_count,1.0864306369772705
neuron_1233_count,1.1817082264267644
neuron_1234_count,1.1592892737449938
neuron_1235_count,1.1328678698085017
neuron_1236_count,1.142120884354699
neuron_1237_count,1.0607144211147144
neuron_1238_count,1.1174359816487807
neuron_1239_count,0.9113195058000608
neuron_1240_count,0.7002529942466436
neuron_1241_count,0.5928043128135289
neuron_1242_count,0.7128745613353555
neuron_1243_count,0.5362185111435291
neuron_1244_count,0.6430108724293824
neuron_1245_count,0.4612059649043452
neuron_1246_count,0.3177568325354356
neuron_1247_count,0.3723135142433439
neuron_1248_count,0.2878009877497497
neuron_1249_count,0.45715755737133484
neuron_1250_count,0.3100944067487604
neuron_1251_count,0.14980745010393462
neuron_1252_count,0.24386444898404053
neuron_1253_count,0.1346004199119935
neuron_1254_count,0.17771911922165237
neuron_1255_count,0.17514034724879704
neuron_1256_count,0.21559757906421118
neuron_1257_count,0.1221842918007964
neuron_1258_count,0.18335227207772756
neuron_1259_count,0.16870258952619752
neuron_1260_count,0.13858483188782086
neuron_1261_count,0.15129705092151352
neuron_1262_count,0.13340993511464475
neuron_1263_count,0.17368083872774426
neuron_1264_count,0.1520426153695265
neuron_1265_count,0.20993504072261412
neuron_1266_count,0.16666413619859724
neuron_1267_count,0.07545767821092626
neuron_1268_count,0.14389673703599817
neuron_1269_count,0.2788641879711691
neuron_1270_count,0.1090247491389274
neuron_1271_count,0.20285169952914905
neuron_1272_count,0.14701366309439665
neuron_1273_count,0.14533554093697373
neuron_1274_count,0.21904197116921134
neuron_1275_count,0.17987457874419094
neuron_1276_count,0.1658502529591677
neuron_1277_count,0.28859252774275246
neuron_1278_count,0.27906696582121227
neuron_1279_count,0.24566513408247134
neuron_1280_count,1.2809361008930031
neuron_1281_count,1.144586881469587
neuron_1282_count,1.5641132700093572
neuron_1283_count,1.7015186312215729
neuron_1284_count,1.5444922598440471
neuron_1285_count,1.3071820950203994
neuron_1286_count,1.2278419621585555
neuron_1287_count,1.2199624733272352
neuron_1288_count,1.0708097389075824
neuron_1289_count,1.0222620168604017
neuron_1290_count,1.0026931610388545
neuron_1291_count,1.0274539477954856
neuron_1292_count,1.1231350208968305
neuron_1293_count,1.1486358296629275
neuron_1294_count,1.019629353157592
neuron_1295_count,0.8440709923723282
neuron_1296_count,0.9258647347852551
neuron_1297_count,1.178231490030063
neuron_1298_count,0.9964027533250683
neuron_1299_count,0.7815443388995603
neuron_1300_count,0.7350053170781661
neuron_1301_count,0.9046678461294323
neuron_1302_count,0.7513980752650702
neuron_1303_count,0.9352888936993793
neuron_1304_count,0.9159521974370062
neuron_1305_count,0.6120049288252838
neuron_1306_count,0.4488347047187497
neuron_1307_count,0.6941753350645979
neuron_1308_count,0.5836544047150583
neuron_1309_count,0.5638963555221282
neuron_1310_count,0.42241375943708637
neuron_1311_count,0.4198321551902896
neuron_1312_count,0.2942224845360907
neuron_1313_count,0.3557241059085774
neuron_1314_count,0.19929258159805055
neuron_1315_count,0.1893916353635399
neuron_1316_count,0.14658777897871217
neuron_1317_count,0.07835166169649255
neuron_1318_count,0.13718433806210192
neuron_1319_count,0.15185029770313924
neuron_1320_count,0.19652285254774832
neuron_1321_count,0.2314956956354609
neuron_1322_count,0.18661035758611833
neuron_1323_count,0.13795530389170857
neuron_1324_count,0.16975247033563093
neuron_1325_count,0.12987244054297656
neuron_1326_count,0.18021923658860708
neuron_1327_count,0.16019454006294157
neuron_1328_count,0.16987888161716702
neuron_1329_count,0.1529105112844435
neuron_1330_count,0.13216291522389506
neuron_1331_count,0.25120590541053955
neuron_1332_count,0.16704164663267443
neuron_1333_count,0.24954606498541593
neuron_1334_count,0.14031921311954637
neuron_1335_count,0.20060989894807302
neuron_1336_count,0.2567922916111993
neuron_1337_count,0.10982503460488552
neuron_1338_count,0.13120286058558012
neuron_1339_count,0.13965168506579137
neuron_1340_count,0.24472850839551574
neuron_1341_count,0.20936474576427277
neuron_1342_count,0.27157981187433766
neuron_1343_count,0.19631890679826058
neuron_1344_count,1.5981080190582853
neuron_1345_count,1.6199316306095208
neuron_1346_count,1.4970787386255104
neuron_1347_count,1.4405587570934792
neuron_1348_count,1.5593031943891364
neuron_1349_count,1.4002001832511557
neuron_1350_count,1.2403630960467777
neuron_1351_count,1.2590403722781718
neuron_1352_count,1.0041556552954678
neuron_1353_count,1.031575328095745
neuron_1354_count,0.9297175232353395
neuron_1355_count,0.8914236832436235
neuron_1356_count,0.8040660229841735
neuron_1357_count,0.8170694754691633
neuron_1358_count,1.0088765691401558
neuron_1359_count,0.9861291514951105
neuron_1360_count,1.1133458621594854
neuron_1361_count,1.0474670143143514
neuron_1362_count,0.9560060365899887
neuron_1363_count,0.9270639499521711
neuron_1364_count,0.9840286216644928
neuron_1365_count,0.7922571439687741
neuron_1366_count,0.8372309362860313
neuron_1367_count,0.7608639949132256
neuron_1368_count,0.6239704641471611
neuron_1369_count,0.6337106340578683
neuron_1370_count,0.5989874443106358
neuron_1371_count,0.6127726406567646
neuron_1372_count,0.5403156418231717
neuron_1373_count,0.3655613312276229
neuron_1374_count,0.4695754364107725
neuron_1375_count,0.11141393896874081
neuron_1376_count,0.2785527922716755
neuron_1377_count,0.23178952423653132
neuron_1378_count,0.3405511968267395
neuron_1379_count,0.2349817672155177
neuron_1380_count,0.1744630899271481
neuron_1381_count,0.13206544982068774
neuron_1382_count,0.24141330468593575
neuron_1383_count,0.16629913485236256
neuron_1384_count,0.2283635883251935
neuron_1385_count,0.141524069017114
neuron_1386_count,0.14270928348834844
neuron_1387_count,0.21500372454365263
neuron_1388_count,0.13616194097296275
neuron_1389_count,0.11827953386403248
neuron_1390_count,0.0944472933197309
neuron_1391_count,0.1777106574116425
neuron_1392_count,0.11458869782330758
neuron_1393_count,0.08107722160676539
neuron_1394_count,0.16250703684757367
neuron_1395_count,0.1547761731359505
neuron_1396_count,0.24883613677271205
neuron_1397_count,0.052432690779882864
neuron_1398_count,0.24807575219425135
neuron_1399_count,0.131550138120178
neuron_1400_count,0.22119597452828743
neuron_1401_count,0.09318023019223054
neuron_1402_count,0.19067522081276223
neuron_1403_count,0.06654997690745694
neuron_1404_count,0.2815531814371016
neuron_1405_count,0.3287978336303736
neuron_1406_count,0.466875184564319
neuron_1407_count,0.15722603519583855
neuron_1408_count,1.05823655681472
neuron_1409_count,0.9621476581592628
neuron_1410_count,1.5503918750127155
neuron_1411_count,1.312773328818568
neuron_1412_count,1.3353439990393652
neuron_1413_count,1.1171140985492087
neuron_1414_count,1.227822553954218
neuron_1415_count,1.1744557151270953
neuron_1416_count,1.265153072249568
neuron_1417_count,1.071575899980577
neuron_1418_count,0.9579415559461114
neuron_1419_count,0.9259452772324179
neuron_1420_count,1.1390129525181483
neuron_1421_count,1.0457186123977034
neuron_1422_count,0.9090425210806913
neuron_1423_count,1.1773751457440835
neuron_1424_count,0.9162734245965924
neuron_1425_count,0.9030713450593135
neuron_1426_count,0.8582984072231016
neuron_1427_count,1.1651999251021357
neuron_1428_count,1.0488226969300454
neuron_1429_count,1.082529381917915
neuron_1430_count,0.8194013651426693
neuron_1431_count,0.8209410615984418
neuron_1432_count,0.6167537047086582
neuron_1433_count,0.7809786413741636
neuron_1434_count,0.6906384812200885
neuron_1435_count,0.6735195770195347
neuron_1436_count,0.45584301313126374
neuron_1437_count,0.5411637438671278
neuron_1438_count,0.16396986334584182
neuron_1439_count,0.4721761471163557
neuron_1440_count,0.35849810549472716
neuron_1441_count,0.25609735534317546
neuron_1442_count,0.1646636239556527
neuron_1443_count,0.16151623706752744
neuron_1444_count,0.22155219946832908
neuron_1445_count,0.15874289357122207
neuron_1446_count,0.1624992493966392
neuron_1447_count,0.2006660571595696
neuron_1448_count,0.18155376278378463
neuron_1449_count,0.17803877923546008
neuron_1450_count,0.14236901809557662
neuron_1451_count,0.11650657021635466
neuron_1452_count,0.10997432295170351
neuron_1453_count,0.1249790058890845
neuron_1454_count,0.1556691017447669
neuron_1455_count,0.15672014699997594
neuron_1456_count,0.11905733168265478
neuron_1457_count,0.12242018192901327
neuron_1458_count,0.047597962883347944
neuron_1459_count,0.11949608917229301
neuron_1460_count,0.2550650407545384
neuron_1461_count,0.1605494062192357
neuron_1462_count,0.12115146084741521
neuron_1463_count,0.1520242594760771
neuron_1464_count,0.11844178458524644
neuron_1465_count,0.25547480117897664
neuron_1466_count,0.3680225717698823
neuron_1467_count,0.21064977894648695
neuron_1468_count,0.28200338378411055
neuron_1469_count,0.2419110556476324
neuron_1470_count,0.47611311872096096
neuron_1471_count,0.28847604284347317
neuron_1472_count,1.316533996467069
neuron_1473_count,1.5775367845999075
neuron_1474_count,1.649111314293988
neuron_1475_count,1.285234058808865
neuron_1476_count,1.3114568082915736
neuron_1477_count,1.3332523890694379
neuron_1478_count,1.338130923478811
neuron_1479_count,1.1466929234347596
neuron_1480_count,0.962809700500151
neuron_1481_count,0.8924018120452258
neuron_1482_count,1.0519767585502098
neuron_1483_count,1.1524195131211645
neuron_1484_count,1.1001574278173947
neuron_1485_count,1.259687410428795
neuron_1486_count,1.1924435558561717
neuron_1487_count,1.2088823471968506
neuron_1488_count,1.0441782887239284
neuron_1489_count,1.2194466384338076
neuron_1490_count,0.9859971701378225
neuron_1491_count,0.9325928473993262
neuron_1492_count,0.9987138845576164
neuron_1493_count,0.8298888176415994
neuron_1494_count,1.0203642968516853
neuron_1495_count,0.5945001341103673
neuron_1496_count,0.7531477740485427
neuron_1497_count,0.7871122379673969
neuron_1498_count,0.47622499259436846
neuron_1499_count,0.5536323124452608
neuron_1500_count,0.49797657751960467
neuron_1501_count,0.32513363780250765
neuron_1502_count,0.6706367124625456
neuron_1503_count,0.5059418829470553
neuron_1504_count,0.2789342484890898
neuron_1505_count,0.29495666347405874
neuron_1506_count,0.31605286339827804
neuron_1507_count,0.17032144796583099
neuron_1508_count,0.18819401342401074
neuron_1509_count,0.09072051020457372
neuron_1510_count,0.17151172070285733
neuron_1511_count,0.0847034584730541
neuron_1512_count,0.09504233784427524
neuron_1513_count,0.15786366472322041
neuron_1514_count,0.1399913141543643
neuron_1515_count,0.0874403484803068
neuron_1516_count,0.07275439385984833
neuron_1517_count,0.10467530671266662
neuron_1518_count,0.1360215866638927
neuron_1519_count,0.16856246247606171
neuron_1520_count,0.11607384829069375
neuron_1521_count,0.15248825057854443
neuron_1522_count,0.15268228182340363
neuron_1523_count,0.022475941424504757
neuron_1524_count,0.16449826268877615
neuron_1525_count,0.1514696789097205
neuron_1526_count,0.3170637671471078
neuron_1527_count,0.19377386101709676
neuron_1528_count,0.22313274030135102
neuron_1529_count,0.11043049622822898
neuron_1530_count,0.39614238637367616
neuron_1531_count,0.05601137563798447
neuron_1532_count,0.19352698656647
neuron_1533_count,0.36294489091917864
neuron_1534_count,0.24676200518525446
neuron_1535_count,0.5004002300213701
neuron_1536_count,0.8942590296343178
neuron_1537_count,1.2839059045323544
neuron_1538_count,1.1826502977627318
neuron_1539_count,1.1764083072291323
neuron_1540_count,1.412257969842706
neuron_1541_count,1.207790944865175
neuron_1542_count,1.3067169638567604
neuron_1543_count,1.2351234426435944
neuron_1544_count,1.2380677801990125
neuron_1545_count,1.1659648641876708
neuron_1546_count,1.1554880573939355
neuron_1547_count,0.9524292042500595
neuron_1548_count,1.0820615333982238
neuron_1549_count,1.2549897152010223
neuron_1550_count,1.0245218771584856
neuron_1551_count,1.1842519477078355
neuron_1552_count,0.7767303704793742
neuron_1553_count,0.9753115733168942
neuron_1554_count,0.8960476566783615
neuron_1555_count,0.7262370743693485
neuron_1556_count,0.9640650500796831
neuron_1557_count,1.0624311391858885
neuron_1558_count,0.983717267586052
neuron_1559_count,0.7858241746821715
neuron_1560_count,0.6744105689251257
neuron_1561_count,0.6675899434649545
neuron_1562_count,0.6503927718145133
neuron_1563_count,0.7028554074950439
neuron_1564_count,0.40467582484025366
neuron_1565_count,0.4618801597587708
neuron_1566_count,0.5601268881869363
neuron_1567_count,0.34408076490247036
neuron_1568_count,0.2075345648581855
neuron_1569_count,0.23884810403282966
neuron_1570_count,0.20735945367221226
neuron_1571_count,0.17294236507707925
neuron_1572_count,0.10386420571569807
neuron_1573_count,0.2655482783834737
neuron_1574_count,0.18294823586020145
neuron_1575_count,0.07128843288943182
neuron_1576_count,0.09272485806635877
neuron_1577_count,0.06699856734555124
neuron_1578_count,0.12928654528185296
neuron_1579_count,0.07499905323445524
neuron_1580_count,0.08162131172454629
neuron_1581_count,0.10330388569731719
neuron_1582_count,0.11217577070825258
neuron_1583_count,0.10922743508242824
neuron_1584_count,0.07451016608783628
neuron_1585_count,0.15008265817672056
neuron_1586_count,0.14653252394259345
neuron_1587_count,0.14643729716764242
neuron_1588_count,0.1734158941508114
neuron_1589_count,0.28625318385254067
neuron_1590_count,0.17127595802726817
neuron_1591_count,0.1452546056257864
neuron_1592_count,0.19032900484564802
neuron_1593_count,0.17848225207642227
neuron_1594_count,0.34124212912046353
neuron_1595_count,0.1339359849918087
neuron_1596_count,0.3233013483107841
neuron_1597_count,0.20691463797275766
neuron_1598_count,0.32502541287945613
neuron_1599_count,0.3775309222383309
neuron_1600_count,1.4954173458941262
neuron_1601_count,1.545918815291691
neuron_1602_count,1.3509400283021986
neuron_1603_count,1.4360853756352479
neuron_1604_count,1.3034040666648237
neuron_1605_count,1.3253545117605168
neuron_1606_count,1.3147087129665787
neuron_1607_count,1.3257064663045344
neuron_1608_count,1.1754269240076174
neuron_1609_count,0.7375726250365715
neuron_1610_count,1.0962860515120496
neuron_1611_count,1.059584156151773
neuron_1612_count,1.1556043759695245
neuron_1613_count,1.0903891163731787
neuron_1614_count,1.1984586790507135
neuron_1615_count,0.9289402199338984
neuron_1616_count,0.9228872990987431
neuron_1617_count,0.9958605198081896
neuron_1618_count,1.040754790451668
neuron_1619_count,1.0745997537798972
neuron_1620_count,0.7668342626792056
neuron_1621_count,0.78715326521364
neuron_1622_count,0.8877033459504666
neuron_1623_count,0.8872407902990711
neuron_1624_count,0.5748053975838712
neuron_1625_count,0.5386751948637851
neuron_1626_count,0.44137919722453417
neuron_1627_count,0.7137619543534417
neuron_1628_count,0.42831489322049066
neuron_1629_count,0.5155521006913606
neuron_1630_count,0.6365319840798161
neuron_1631_count,0.18842858878835422
neuron_1632_count,0.3038924046147459
neuron_1633_count,0.3534428658910157
neuron_1634_count,0.22942683772522293
neuron_1635_count,0.11208765414098304
neuron_1636_count,0.18262081740989894
neuron_1637_count,0.0842080100314262
neuron_1638_count,0.06158939930534588
neuron_1639_count,0.11365754651576693
neuron_1640_count,0.10764408164879513
neuron_1641_count,0.08354623552139137
neuron_1642_count,0.05310542735999452
neuron_1643_count,0.12553580300616712
neuron_1644_count,0.10053191035063572
neuron_1645_count,0.14045370310089275
neuron_1646_count,0.10545987418991573
neuron_1647_count,0.1321184655784826
neuron_1648_count,0.09685830479014218
neuron_1649_count,0.07117279569002846
neuron_1650_count,0.2200013735307574
neuron_1651_count,0.15505565772826221
neuron_1652_count,0.17159557272819512
neuron_1653_count,0.10802368738643625
neuron_1654_count,0.2160026526617654
neuron_1655_count,0.14694948480591252
neuron_1656_count,0.10933597626976121
neuron_1657_count,0.14835472700523603
neuron_1658_count,0.23980810593766128
neuron_1659_count,0.08424169883447892
neuron_1660_count,0.1913671570731409
neuron_1661_count,0.19577412457680718
neuron_1662_count,0.32268978894708655
neuron_1663_count,0.20957037099462306
neuron_1664_count,1.3518632973143583
neuron_1665_count,1.537880596533332
neuron_1666_count,1.2956097880940676
neuron_1667_count,1.2337561001514012
neuron_1668_count,1.2401831455685266
neuron_1669_count,0.9307944396116259
neuron_1670_count,1.0820765047901977
neuron_1671_count,0.9461087503214052
neuron_1672_count,1.2145227869787125
neuron_1673_count,1.103463299602545
neuron_1674_count,0.9570050310225522
neuron_1675_count,1.180244773389751
neuron_1676_count,1.1784739630419507
neuron_1677_count,1.2890031985832677
neuron_1678_count,1.064017537043865
neuron_1679_count,1.1317928846093042
neuron_1680_count,1.0598073377389206
neuron_1681_count,0.9484043804099868
neuron_1682_count,0.8787754580450876
neuron_1683_count,0.48971396190538496
neuron_1684_count,0.9669521499291788
neuron_1685_count,0.7177860075389445
neuron_1686_count,0.897746898814542
neuron_1687_count,0.8575919877918585
neuron_1688_count,0.6130347239706679
neuron_1689_count,0.660156057124873
neuron_1690_count,0.4552341229883291
neuron_1691_count,0.3203271712288481
neuron_1692_count,0.3302772963302533
neuron_1693_count,0.3880687201440233
neuron_1694_count,0.44502607683281425
neuron_1695_count,0.35614212972178627
neuron_1696_count,0.4032852530928106
neuron_1697_count,0.43328565756518367
neuron_1698_count,0.26874169409867177
neuron_1699_count,0.16696102137143737
neuron_1700_count,0.139930632675529
neuron_1701_count,0.1543597726444604
neuron_1702_count,0.10450794729204757
neuron_1703_count,0.0493677711829357
neuron_1704_count,0.07217046474317515
neuron_1705_count,0.10687332688572987
neuron_1706_count,0.06356040411116928
neuron_1707_count,0.06881840290905342
neuron_1708_count,0.09072418794478365
neuron_1709_count,0.058266210451240114
neuron_1710_count,0.07445128723919198
neuron_1711_count,0.19194599426421316
neuron_1712_count,0.1571540914480962
neuron_1713_count,0.0868468069759818
neuron_1714_count,0.1183655909362906
neuron_1715_count,0.20372082795009808
neuron_1716_count,0.14397913923772426
neuron_1717_count,0.17468151454642356
neuron_1718_count,0.18407391979138063
neuron_1719_count,0.16304102315886027
neuron_1720_count,0.08607996812923001
neuron_1721_count,0.1849670492439558
neuron_1722_count,0.1987309456718494
neuron_1723_count,0.0750198363371884
neuron_1724_count,0.1799493020532217
neuron_1725_count,0.15744168803609876
neuron_1726_count,0.4192018274262702
neuron_1727_count,0.1593214452534682
neuron_1728_count,1.3239962868640778
neuron_1729_count,1.25891880228005
neuron_1730_count,1.3254107436669502
neuron_1731_count,1.3224673492111547
neuron_1732_count,1.2948543181746175
neuron_1733_count,1.209767918348014
neuron_1734_count,0.9530430404851318
neuron_1735_count,1.1459514133043325
neuron_1736_count,1.0536362164403665
neuron_1737_count,0.7939857472189846
neuron_1738_count,0.9145196588539088
neuron_1739_count,1.4291576550640037
neuron_1740_count,1.1175797816487485
neuron_1741_count,1.1774933685015205
neuron_1742_count,0.9869357426984001
neuron_1743_count,1.107414135666219
neuron_1744_count,1.1282053842875366
neuron_1745_count,1.0476290146225111
neuron_1746_count,0.862844822050557
neuron_1747_count,1.0092826600435356
neuron_1748_count,1.0058284280357248
neuron_1749_count,0.8370035029061986
neuron_1750_count,0.9405987517571976
neuron_1751_count,0.7348849969825577
neuron_1752_count,0.9049394699410694
neuron_1753_count,0.6954287867719298
neuron_1754_count,0.4664456545209364
neuron_1755_count,0.4442005504003945
neuron_1756_count,0.3711367834892608
neuron_1757_count,0.7618721452434827
neuron_1758_count,0.27382786524118263
neuron_1759_count,0.362520548528328
neuron_1760_count,0.38354799104341075
neuron_1761_count,0.07891767501901972
neuron_1762_count,0.18958456552169922
neuron_1763_count,0.12705032490944454
neuron_1764_count,0.2119167831906083
neuron_1765_count,0.14467392263967052
neuron_1766_count,0.08440354140691986
neuron_1767_count,0.09033256233784653
neuron_1768_count,0.07636008542070782
neuron_1769_count,0.06593221322838017
neuron_1770_count,0.06731581245061771
neuron_1771_count,0.07163821298087009
neuron_1772_count,0.07163967597618201
neuron_1773_count,0.08386618794815824
neuron_1774_count,0.04754257103955861
neuron_1775_count,0.07041576278513434
neuron_1776_count,0.0915929674251604
neuron_1777_count,0.14248495434616662
neuron_1778_count,0.13238107305433888
neuron_1779_count,0.22308355877713143
neuron_1780_count,0.1612120610723731
neuron_1781_count,0.15750772195064
neuron_1782_count,0.13976367966869652
neuron_1783_count,0.13514088753259798
neuron_1784_count,0.08416072317928165
neuron_1785_count,0.04207945918299483
neuron_1786_count,0.24185685920060151
neuron_1787_count,0.09367765115772021
neuron_1788_count,0.4678443819780218
neuron_1789_count,0.32341451343639027
neuron_1790_count,0.3886328012389544
neuron_1791_count,0.24692543343709894
neuron_1792_count,1.2826099663320087
neuron_1793_count,1.3389354199504204
neuron_1794_count,1.350639047987875
neuron_1795_count,1.2454615194881713
neuron_1796_count,1.3562751697244515
neuron_1797_count,1.435067565129047
neuron_1798_count,1.1288520044626047
neuron_1799_count,1.0638784816695444
neuron_1800_count,0.9702995475857463
neuron_1801_count,0.8643860082760096
neuron_1802_count,0.8027595756569317
neuron_1803_count,1.2260584825205418
neuron_1804_count,1.1540096209137416
neuron_1805_count,1.2040314845057476
neuron_1806_count,1.1413961305295879
neuron_1807_count,0.9827961503078371
neuron_1808_count,1.232290018512263
neuron_1809_count,0.9403895038714658
neuron_1810_count,0.9572762531663785
neuron_1811_count,0.9733377280509804
neuron_1812_count,1.121377336617591
neuron_1813_count,0.601007376984635
neuron_1814_count,0.7668131741186957
neuron_1815_count,0.7983053441361349
neuron_1816_count,0.8693076665604422
neuron_1817_count,0.6969827720718395
neuron_1818_count,0.8675212664081333
neuron_1819_count,0.48568839016387316
neuron_1820_count,0.6863606899791453
neuron_1821_count,0.3701949535346297
neuron_1822_count,0.3863406448526248
neuron_1823_count,0.4389242991132675
neuron_1824_count,0.23419932870677032
neuron_1825_count,0.1256457898984754
neuron_1826_count,0.14099990732823842
neuron_1827_count,0.07712356741866436
neuron_1828_count,0.15335896636425927
neuron_1829_count,0.091140080100057
neuron_1830_count,0.08319767602267059
neuron_1831_count,0.11693283189067824
neuron_1832_count,0.059377722722718795
neuron_1833_count,0.15762094668323873
neuron_1834_count,0.21629317066775416
neuron_1835_count,0.08453603089018372
neuron_1836_count,0.09157060942984477
neuron_1837_count,0.06927760479267221
neuron_1838_count,0.07795077761531222
neuron_1839_count,0.1154515832468144
neuron_1840_count,0.08670554340649397
neuron_1841_count,0.13565475498656776
neuron_1842_count,0.09938730509730485
neuron_1843_count,0.11572283676821274
neuron_1844_count,0.2046666622482617
neuron_1845_count,0.14870981450625412
neuron_1846_count,0.07826764118389899
neuron_1847_count,0.13645032628864762
neuron_1848_count,0.14706919044465575
neuron_1849_count,0.21156194337435444
neuron_1850_count,0.08888272480769258
neuron_1851_count,0.14343834944043504
neuron_1852_count,0.1540266630685831
neuron_1853_count,0.19425098537745933
neuron_1854_count,0.38655446305607316
neuron_1855_count,0.45311401278034535
neuron_1856_count,1.30321643308724
neuron_1857_count,1.412238792122094
neuron_1858_count,1.200222972664435
neuron_1859_count,1.2793948404314706
neuron_1860_count,0.6554875839980429
neuron_1861_count,1.0747695661334442
neuron_1862_count,1.301200155305078
neuron_1863_count,1.1496333265374468
neuron_1864_count,0.952915003723843
neuron_1865_count,0.8006619352667462
neuron_1866_count,0.7586939000835582
neuron_1867_count,0.989609411260746
neuron_1868_count,0.617232553049017
neuron_1869_count,1.1708493334405394
neuron_1870_count,1.0943680102033895
neuron_1871_count,1.0427406133552959
neuron_1872_count,0.9420174062755164
neuron_1873_count,1.0049247352446888
neuron_1874_count,0.8653096771932859
neuron_1875_count,0.8521266893525001
neuron_1876_count,0.6379915757387921
neuron_1877_count,0.9151150055387398
neuron_1878_count,0.7906311356577862
neuron_1879_count,0.3548029033626047
neuron_1880_count,0.7623639829639739
neuron_1881_count,0.622351607983696
neuron_1882_count,0.47860696552246174
neuron_1883_count,0.37544276689208417
neuron_1884_count,0.5140722734355165
neuron_1885_count,0.41981857789711974
neuron_1886_count,0.3793959538152137
neuron_1887_count,0.2879999527887013
neuron_1888_count,0.2934573693287063
neuron_1889_count,0.22774873003772622
neuron_1890_count,0.10270665693334179
neuron_1891_count,0.11273179511382886
neuron_1892_count,0.13309724866047334
neuron_1893_count,0.15265637341102445
neuron_1894_count,0.110764251556463
neuron_1895_count,0.07598830011639784
neuron_1896_count,0.0944883851239387
neuron_1897_count,0.11042023083642452
neuron_1898_count,0.05539069449969983
neuron_1899_count,0.0643326149270464
neuron_1900_count,0.05813870707467857
neuron_1901_count,0.14414815822056132
neuron_1902_count,0.04763727625342548
neuron_1903_count,0.08352708858650007
neuron_1904_count,0.14887378482973626
neuron_1905_count,0.19576862812256388
neuron_1906_count,0.17912292264400023
neuron_1907_count,0.060562937899457686
neuron_1908_count,0.12486326980522783
neuron_1909_count,0.10851837119378535
neuron_1910_count,0.14113530374958796
neuron_1911_count,0.24696196554117772
neuron_1912_count,0.07542795373490897
neuron_1913_count,0.06619336664089091
neuron_1914_count,0.39837999641638805
neuron_1915_count,0.043715971612347734
neuron_1916_count,0.3011523763243287
neuron_1917_count,0.3353671044444836
neuron_1918_count,0.4722358343036872
neuron_1919_count,0.4030980607092588
neuron_1920_count,1.0705989145988002
neuron_1921_count,1.6958911442520834
neuron_1922_count,1.1429879215195644
neuron_1923_count,1.2011408274726454
neuron_1924_count,1.1631560814760875
neuron_1925_count,1.157159648824957
neuron_1926_count,0.8025645483214546
neuron_1927_count,1.0488164534947495
neuron_1928_count,0.7955321333502765
neuron_1929_count,0.6584777943281822
neuron_1930_count,1.0642888300008593
neuron_1931_count,0.8989364997506684
neuron_1932_count,1.113334132305909
neuron_1933_count,0.7058086947225467
neuron_1934_count,0.9774441502436817
neuron_1935_count,1.0533996027870252
neuron_1936_count,1.098183525015499
neuron_1937_count,0.7744744248247362
neuron_1938_count,0.8099990009173157
neuron_1939_count,0.6190874954851626
neuron_1940_count,0.7481179581174159
neuron_1941_count,0.644917248410153
neuron_1942_count,0.8933572392339523
neuron_1943_count,0.6454929452163954
neuron_1944_count,0.7016704988316441
neuron_1945_count,0.7751821032698574
neuron_1946_count,0.581952248057702
neuron_1947_count,0.5796703385347644
neuron_1948_count,0.38520972817524224
neuron_1949_count,0.26141680899167935
neuron_1950_count,0.18092204957884586
neuron_1951_count,0.336176543715484
neuron_1952_count,0.3030779521608372
neuron_1953_count,0.14731933780818302
neuron_1954_count,0.1120922166746087
neuron_1955_count,0.14556780162639138
neuron_1956_count,0.07484009680804896
neuron_1957_count,0.08638898557639849
neuron_1958_count,0.05098168099766538
neuron_1959_count,0.06336644256169238
neuron_1960_count,0.1554195066533154
neuron_1961_count,0.06752149183688277
neuron_1962_count,0.051939002302561266
neuron_1963_count,0.17493410051517339
neuron_1964_count,0.13754764361229196
neuron_1965_count,0.18693873798255908
neuron_1966_count,0.0887358724433833
neuron_1967_count,0.09264548889740731
neuron_1968_count,0.3321276300570811
neuron_1969_count,0.16031246641510888
neuron_1970_count,0.15303956544687036
neuron_1971_count,0.1049666809188555
neuron_1972_count,0.15180165141753896
neuron_1973_count,0.1334550370435828
neuron_1974_count,0.13537658168112046
neuron_1975_count,0.1375453733602514
neuron_1976_count,0.1709584287041152
neuron_1977_count,0.2632843633227914
neuron_1978_count,0.2663145158085999
neuron_1979_count,0.20506006245524525
neuron_1980_count,0.5554462946188425
neuron_1981_count,0.32463720115412625
neuron_1982_count,0.4942359839248576
neuron_1983_count,0.44770772275739534
neuron_1984_count,0.9325007131919676
neuron_1985_count,1.0339549554219343
neuron_1986_count,1.1048038239040296
neuron_1987_count,0.9773216342143458
neuron_1988_count,1.203131617528204
neuron_1989_count,0.9559884919706526
neuron_1990_count,0.8217213319245029
neuron_1991_count,0.9284089840363297
neuron_1992_count,1.0902751956880712
neuron_1993_count,0.9627826997162249
neuron_1994_count,0.9364965590944426
neuron_1995_count,0.7496127875485892
neuron_1996_count,0.787652855122122
neuron_1997_count,0.8008970475124051
neuron_1998_count,0.6909542710607074
neuron_1999_count,0.9420907762348147
neuron_2000_count,1.0295994443903835
neuron_2001_count,0.8653637236605383
neuron_2002_count,0.9114856753537254
neuron_2003_count,0.9744657814930286
neuron_2004_count,0.9623246382989841
neuron_2005_count,0.898153410190781
neuron_2006_count,0.7631004322139778
neuron_2007_count,0.8552044315581219
neuron_2008_count,0.6846977574822879
neuron_2009_count,0.6544028183339811
neuron_2010_count,0.6339491734036734
neuron_2011_count,0.4818678544990513
neuron_2012_count,0.3363029974210956
neuron_2013_count,0.4719326465077543
neuron_2014_count,0.1840246793380938
neuron_2015_count,0.49128460604436636
neuron_2016_count,0.4876673643839848
neuron_2017_count,0.0932240609618141
neuron_2018_count,0.1729490888814943
neuron_2019_count,0.11332892139753956
neuron_2020_count,0.11550069679932773
neuron_2021_count,0.13074966612972755
neuron_2022_count,0.12224996983147851
neuron_2023_count,0.18650121949832674
neuron_2024_count,0.152272046472586
neuron_2025_count,0.10367346507499411
neuron_2026_count,0.1251994630448206
neuron_2027_count,0.19289138935282746
neuron_2028_count,0.07027801259583938
neuron_2029_count,0.0675075453732081
neuron_2030_count,0.11956304104019504
neuron_2031_count,0.29500820133070815
neuron_2032_count,0.28572271435013497
neuron_2033_count,0.11136633994642292
neuron_2034_count,0.09995392092785083
neuron_2035_count,0.04655117151114527
neuron_2036_count,0.10889361937680991
neuron_2037_count,0.18285448254958997
neuron_2038_count,0.21837495521482875
neuron_2039_count,0.24003959883567405
neuron_2040_count,0.12321934654654484
neuron_2041_count,0.06237736636762413
neuron_2042_count,0.3199395102594844
neuron_2043_count,0.13068936429974154
neuron_2044_count,0.3237192352856857
neuron_2045_count,0.36481320027557773
neuron_2046_count,0.5435689814081737
neuron_2047_count,0.2057651329240897
neuron_2048_count,1.2398196024984778
neuron_2049_count,1.0456101314988304
neuron_2050_count,1.1958653478977914
neuron_2051_count,0.9716535461079647
neuron_2052_count,1.100073517011684
neuron_2053_count,0.7303529161445759
neuron_2054_count,0.9031461912957428
neuron_2055_count,0.8338437648724033
neuron_2056_count,0.5830816815796239
neuron_2057_count,0.7042141423761301
neuron_2058_count,0.7208591888164779
neuron_2059_count,0.8591753743836292
neuron_2060_count,0.8665675765331623
neuron_2061_count,0.9280525340340512
neuron_2062_count,0.9732775246278603
neuron_2063_count,1.0478813810377232
neuron_2064_count,0.9889998464903041
neuron_2065_count,0.9097230384146215
neuron_2066_count,0.5778477536436948
neuron_2067_count,1.031401293397023
neuron_2068_count,0.8529231976398046
neuron_2069_count,0.8438967930346429
neuron_2070_count,0.5906634966545327
neuron_2071_count,0.6912630837121472
neuron_2072_count,0.7517743562665216
neuron_2073_count,0.49663917218560116
neuron_2074_count,0.6069926538241839
neuron_2075_count,0.4536355607622429
neuron_2076_count,0.4985110869189126
neuron_2077_count,0.369850247185194
neuron_2078_count,0.5525403607215542
neuron_2079_count,0.42878721665948766
neuron_2080_count,0.2680752311052846
neuron_2081_count,0.13547803299589317
neuron_2082_count,0.18151359026659192
neuron_2083_count,0.14766976848279784
neuron_2084_count,0.21183838856578466
neuron_2085_count,0.1333282567138722
neuron_2086_count,0.11039097643034584
neuron_2087_count,0.1641228182468476
neuron_2088_count,0.10121291857463788
neuron_2089_count,0.11399309477976738
neuron_2090_count,0.0901129085091842
neuron_2091_count,0.08374077558029672
neuron_2092_count,0.07602284992217384
neuron_2093_count,0.1088959753066088
neuron_2094_count,0.0912366588222201
neuron_2095_count,0.2012350381770606
neuron_2096_count,0.07427563889334332
neuron_2097_count,0.12982558580715933
neuron_2098_count,0.11548125082898814
neuron_2099_count,0.13689808346472973
neuron_2100_count,0.06173666534883687
neuron_2101_count,0.4018178041651021
neuron_2102_count,0.2158407579298477
neuron_2103_count,0.1983491079157226
neuron_2104_count,0.10382923139769228
neuron_2105_count,0.8317257086931117
neuron_2106_count,0.6800029010087767
neuron_2107_count,0.6055327421195877
neuron_2108_count,0.4442814490088258
neuron_2109_count,0.522581581199509
neuron_2110_count,0.3358182916013922
neuron_2111_count,0.1821679881902192
neuron_2112_count,1.0068016349216764
neuron_2113_count,1.2686276396564051
neuron_2114_count,1.1055323284822482
neuron_2115_count,1.4343231138840276
neuron_2116_count,0.9386195832185757
neuron_2117_count,0.9122027537130958
neuron_2118_count,0.7322331522821546
neuron_2119_count,0.5874858374638358
neuron_2120_count,0.6259705010063318
neuron_2121_count,0.8326714013332305
neuron_2122_count,0.7240256053610402
neuron_2123_count,0.5403931915094793
neuron_2124_count,1.0488080220804141
neuron_2125_count,0.8549802194987405
neuron_2126_count,0.7089824125003263
neuron_2127_count,0.5605013368065408
neuron_2128_count,0.7928380878364814
neuron_2129_count,0.6200896251635997
neuron_2130_count,0.7077685099138915
neuron_2131_count,0.6993926455410782
neuron_2132_count,0.7250276709010762
neuron_2133_count,0.6277577892783143
neuron_2134_count,0.630103113253463
neuron_2135_count,0.7266848688684953
neuron_2136_count,0.630484905429527
neuron_2137_count,0.5672839981836983
neuron_2138_count,0.6941144049764695
neuron_2139_count,0.42821403840709793
neuron_2140_count,0.5425769785916905
neuron_2141_count,0.4055910282571682
neuron_2142_count,0.33089734887023703
neuron_2143_count,0.2614012016765717
neuron_2144_count,0.31897612416578464
neuron_2145_count,0.1636036767540833
neuron_2146_count,0.14292119120987298
neuron_2147_count,0.1291251126559142
neuron_2148_count,0.12141225924568302
neuron_2149_count,0.12658017398730795
neuron_2150_count,0.09973444696812134
neuron_2151_count,0.1106242543369199
neuron_2152_count,0.11021444184488882
neuron_2153_count,0.2308987098730187
neuron_2154_count,0.09898771597108047
neuron_2155_count,0.074100968780689
neuron_2156_count,0.12095481243620776
neuron_2157_count,0.08756183907597456
neuron_2158_count,0.21574794963853322
neuron_2159_count,0.2378850309294232
neuron_2160_count,0.13656355778676474
neuron_2161_count,0.13640206136983016
neuron_2162_count,0.28498308776030323
neuron_2163_count,0.07119692555964668
neuron_2164_count,0.34827555116041675
neuron_2165_count,0.20801240756653486
neuron_2166_count,0.07626988953995492
neuron_2167_count,0.07321138457240217
neuron_2168_count,0.6421626076142812
neuron_2169_count,0.22780677857027187
neuron_2170_count,0.7624299628337223
neuron_2171_count,0.08619341867941302
neuron_2172_count,0.730323490628124
neuron_2173_count,0.4391794201418138
neuron_2174_count,0.4887539209027232
neuron_2175_count,0.34216813874968394
neuron_2176_count,0.8074952874410303
neuron_2177_count,1.0456252507093777
neuron_2178_count,1.0923641773539283
neuron_2179_count,1.1650333602208618
neuron_2180_count,1.0288171313644419
neuron_2181_count,0.795517607145293
neuron_2182_count,0.6790335168160874
neuron_2183_count,0.6682788801988674
neuron_2184_count,0.7991821741445394
neuron_2185_count,0.7071955624283239
neuron_2186_count,0.7017727732354617
neuron_2187_count,1.1493922547644941
neuron_2188_count,0.7076833480841905
neuron_2189_count,0.9815690397765615
neuron_2190_count,0.8629914199075316
neuron_2191_count,0.7435923765360803
neuron_2192_count,0.8359749606877054
neuron_2193_count,0.8646967637052916
neuron_2194_count,1.0204882071170165
neuron_2195_count,0.7679108587630443
neuron_2196_count,0.6049494824294159
neuron_2197_count,0.6771102954521035
neuron_2198_count,0.5612240151534721
neuron_2199_count,0.7385185368222098
neuron_2200_count,0.43536042757411386
neuron_2201_count,0.3176856427718825
neuron_2202_count,0.5029704860557773
neuron_2203_count,0.4782404555054443
neuron_2204_count,0.4971318930420884
neuron_2205_count,0.25783222670950834
neuron_2206_count,0.4023668859135999
neuron_2207_count,0.14968966663405447
neuron_2208_count,0.06663312232416865
neuron_2209_count,0.07164592703601273
neuron_2210_count,0.08046403273416228
neuron_2211_count,0.06431005907449704
neuron_2212_count,0.13184563524644716
neuron_2213_count,0.1409143964649034
neuron_2214_count,0.08163252930467244
neuron_2215_count,0.20806157786742285
neuron_2216_count,0.12424031471827268
neuron_2217_count,0.11118424534723412
neuron_2218_count,0.09847373698822126
neuron_2219_count,0.20944223359087139
neuron_2220_count,0.05105602855409169
neuron_2221_count,0.057497012230877886
neuron_2222_count,0.05379354317409954
neuron_2223_count,0.06281285421799512
neuron_2224_count,0.11337783400949134
neuron_2225_count,0.3528646316795419
neuron_2226_count,0.330353824467691
neuron_2227_count,0.3571309215798437
neuron_2228_count,0.16991203079280523
neuron_2229_count,0.27703481515958533
neuron_2230_count,0.1387470335067701
neuron_2231_count,0.2982106938131509
neuron_2232_count,0.11152247014202796
neuron_2233_count,0.16292874471424326
neuron_2234_count,0.13134301036614568
neuron_2235_count,0.48464644196888707
neuron_2236_count,0.29059743984881503
neuron_2237_count,0.2608775014250462
neuron_2238_count,0.46822281094274637
neuron_2239_count,0.6134289819327279
neuron_2240_count,0.8056154542800475
neuron_2241_count,0.9234355024602364
neuron_2242_count,0.9866837257835342
neuron_2243_count,0.9526077434655542
neuron_2244_count,0.9190630757492713
neuron_2245_count,0.8028744633781284
neuron_2246_count,0.594723045412027
neuron_2247_count,0.6788682292649086
neuron_2248_count,0.5610610744461781
neuron_2249_count,0.5924071939671778
neuron_2250_count,0.754105329414205
neuron_2251_count,0.32755391109516707
neuron_2252_count,0.6623576081928257
neuron_2253_count,0.7018187161896385
neuron_2254_count,0.8135574388973095
neuron_2255_count,0.881965998288337
neuron_2256_count,0.7208754801625815
neuron_2257_count,0.7561505680375169
neuron_2258_count,0.7624689463678204
neuron_2259_count,0.733168194321594
neuron_2260_count,0.5319880642498229
neuron_2261_count,0.7113947679419432
neuron_2262_count,0.5994694698111548
neuron_2263_count,0.45713609507308506
neuron_2264_count,0.4548647241247231
neuron_2265_count,0.3853539205379464
neuron_2266_count,0.25705149175667574
neuron_2267_count,0.39811351936348083
neuron_2268_count,0.2546839175388827
neuron_2269_count,0.373361338051314
neuron_2270_count,0.26787640786153666
neuron_2271_count,0.09380391685915948
neuron_2272_count,0.1077449532644795
neuron_2273_count,0.24868018211126583
neuron_2274_count,0.06947839249720655
neuron_2275_count,0.10389590637771189
neuron_2276_count,0.07299414633944372
neuron_2277_count,0.12413804551003269
neuron_2278_count,0.12820387402367756
neuron_2279_count,0.12529646606415304
neuron_2280_count,0.09507405016671461
neuron_2281_count,0.22231321236731513
neuron_2282_count,0.20066010217342398
neuron_2283_count,0.10590622515718531
neuron_2284_count,0.13344466052684403
neuron_2285_count,0.06458250593008097
neuron_2286_count,0.04908334243748519
neuron_2287_count,0.37878428980395695
neuron_2288_count,0.12006586816820677
neuron_2289_count,0.30771752136059943
neuron_2290_count,0.22836288265811477
neuron_2291_count,0.2152840422042556
neuron_2292_count,0.24377409782314075
neuron_2293_count,0.061992059606906874
neuron_2294_count,0.020621374882942536
neuron_2295_count,0.1094525413663743
neuron_2296_count,0.18003120168396597
neuron_2297_count,0.29346249763440335
neuron_2298_count,0.7956674080911746
neuron_2299_count,0.023382126676025173
neuron_2300_count,0.42087414242652704
neuron_2301_count,0.060821252904019824
neuron_2302_count,0.7214541633792307
neuron_2303_count,0.1268400449046
neuron_2304_count,1.2354563746642642
neuron_2305_count,0.9935239749010916
neuron_2306_count,1.2689599760639059
neuron_2307_count,1.0092422243900152
neuron_2308_count,0.7745467857619716
neuron_2309_count,0.8014978364272086
neuron_2310_count,0.6999758728232162
neuron_2311_count,0.7003900438421787
neuron_2312_count,0.7512849596507694
neuron_2313_count,0.6434680114136481
neuron_2314_count,0.492077083100773
neuron_2315_count,0.5747048075965724
neuron_2316_count,0.7834900981918661
neuron_2317_count,0.950082291199765
neuron_2318_count,0.8977292374249477
neuron_2319_count,0.8262257166736483
neuron_2320_count,0.7784702269347896
neuron_2321_count,0.7391833617689803
neuron_2322_count,0.5733354325117633
neuron_2323_count,0.7385704981095784
neuron_2324_count,0.492267200824002
neuron_2325_count,0.5366388818851681
neuron_2326_count,0.7889970975680295
neuron_2327_count,0.267570955655185
neuron_2328_count,0.5455861871074725
neuron_2329_count,0.19508388742744853
neuron_2330_count,0.388317137873047
neuron_2331_count,0.16247541005019148
neuron_2332_count,0.26223668097626684
neuron_2333_count,0.300758729642699
neuron_2334_count,0.2843458799253354
neuron_2335_count,0.17019292111749132
neuron_2336_count,0.19732720647369487
neuron_2337_count,0.05439360618040781
neuron_2338_count,0.07601846540700194
neuron_2339_count,0.17508995438223243
neuron_2340_count,0.12751593665783445
neuron_2341_count,0.1443449332042131
neuron_2342_count,0.12314167043780797
neuron_2343_count,0.09488310831060348
neuron_2344_count,0.15294077919517823
neuron_2345_count,0.09650677602237842
neuron_2346_count,0.18937522462734446
neuron_2347_count,0.18673110560783282
neuron_2348_count,0.12212702920353277
neuron_2349_count,0.1468182804865625
neuron_2350_count,0.22409692522347788
neuron_2351_count,0.16787697592579529
neuron_2352_count,0.09752998994504702
neuron_2353_count,0.41324399669316764
neuron_2354_count,0.15689713165733626
neuron_2355_count,0.2617329968883563
neuron_2356_count,0.2127474662647565
neuron_2357_count,0.06661564140324636
neuron_2358_count,0.40185726707348696
neuron_2359_count,0.791983099439706
neuron_2360_count,0.2836616459170353
neuron_2361_count,0.2255979690713119
neuron_2362_count,0.10514386646442622
neuron_2363_count,0.03804699826256401
neuron_2364_count,0.05742539062540018
neuron_2365_count,0.27037170014420114
neuron_2366_count,0.47838640776847685
neuron_2367_count,0.5779711967920262
neuron_2368_count,0.9821785095135075
neuron_2369_count,0.8344395129880184
neuron_2370_count,0.9222634517361687
neuron_2371_count,0.6854993594766761
neuron_2372_count,0.7809671637570857
neuron_2373_count,1.126254016290627
neuron_2374_count,0.7166131050430677
neuron_2375_count,0.9654744616884677
neuron_2376_count,0.5783499431293162
neuron_2377_count,0.3384632753155188
neuron_2378_count,0.7754813489024458
neuron_2379_count,0.7585241271631171
neuron_2380_count,0.7655133581740015
neuron_2381_count,0.6885333752792944
neuron_2382_count,0.8023730664041886
neuron_2383_count,0.6419554250840018
neuron_2384_count,0.6947982909006594
neuron_2385_count,0.5860432698405522
neuron_2386_count,0.6196508690810051
neuron_2387_count,0.5951896698559274
neuron_2388_count,0.520822460014701
neuron_2389_count,0.6822516539874447
neuron_2390_count,0.3528842804021957
neuron_2391_count,0.3042247894673257
neuron_2392_count,0.5160671664100945
neuron_2393_count,0.3619261671028921
neuron_2394_count,0.4926309879641815
neuron_2395_count,0.38346741001198215
neuron_2396_count,0.22822024592029633
neuron_2397_count,0.12734425917252806
neuron_2398_count,0.14191014714910932
neuron_2399_count,0.3878841199965116
neuron_2400_count,0.20536704734154657
neuron_2401_count,0.12123146832355325
neuron_2402_count,0.18213171949632553
neuron_2403_count,0.13061729152003573
neuron_2404_count,0.1132356277388164
neuron_2405_count,0.17064476142267124
neuron_2406_count,0.1696699358300689
neuron_2407_count,0.15526114742584468
neuron_2408_count,0.17848914091991383
neuron_2409_count,0.08648208006397301
neuron_2410_count,0.09583604969657653
neuron_2411_count,0.2849312565807093
neuron_2412_count,0.1837449033141998
neuron_2413_count,0.08429088407227317
neuron_2414_count,0.16486600927764317
neuron_2415_count,0.18248125719635244
neuron_2416_count,0.21774339255829284
neuron_2417_count,0.13263961895886292
neuron_2418_count,0.13464676409084636
neuron_2419_count,0.2889981109518034
neuron_2420_count,0.2412839179138897
neuron_2421_count,0.21573896454814273
neuron_2422_count,0.059762895746817174
neuron_2423_count,0.25640346199287434
neuron_2424_count,0.12635382336101433
neuron_2425_count,0.26351298536668305
neuron_2426_count,0.36075041654498924
neuron_2427_count,0.49461175073321295
neuron_2428_count,0.8456197597519746
neuron_2429_count,0.8166957191706345
neuron_2430_count,0.7288769543663128
neuron_2431_count,0.49544547761235347
neuron_2432_count,0.9540000644217801
neuron_2433_count,0.8414982183694248
neuron_2434_count,0.9392654280221869
neuron_2435_count,0.7730842774819998
neuron_2436_count,0.9787137905460883
neuron_2437_count,0.6448496426930056
neuron_2438_count,1.017642378946448
neuron_2439_count,0.6333608635143223
neuron_2440_count,0.6609354450936883
neuron_2441_count,0.32041105880727505
neuron_2442_count,0.6798849024179314
neuron_2443_count,0.6572091281609165
neuron_2444_count,0.7487308884720026
neuron_2445_count,0.8015052410357292
neuron_2446_count,0.6808414387769346
neuron_2447_count,0.6516187538655538
neuron_2448_count,0.5564436357056205
neuron_2449_count,0.48000074649780017
neuron_2450_count,0.40609945437711903
neuron_2451_count,0.5803062737094671
neuron_2452_count,0.4992204668966966
neuron_2453_count,0.41254418252498326
neuron_2454_count,0.2881320198548269
neuron_2455_count,0.4825237114613746
neuron_2456_count,0.481748111073996
neuron_2457_count,0.3311299202107346
neuron_2458_count,0.6171705197624645
neuron_2459_count,0.37483280436863115
neuron_2460_count,0.21411377092088518
neuron_2461_count,0.2677413757941501
neuron_2462_count,0.2642464719401721
neuron_2463_count,0.281757592330947
neuron_2464_count,0.2599474565617269
neuron_2465_count,0.06122759812110873
neuron_2466_count,0.09339426568275236
neuron_2467_count,0.07061861219678672
neuron_2468_count,0.0997338690991425
neuron_2469_count,0.07468593699210865
neuron_2470_count,0.09682849654247817
neuron_2471_count,0.08943543991800475
neuron_2472_count,0.08837397960996916
neuron_2473_count,0.09020035888204156
neuron_2474_count,0.05922474338476061
neuron_2475_count,0.11418811362309889
neuron_2476_count,0.13671697978806635
neuron_2477_count,0.10475951251351828
neuron_2478_count,0.20792630374232182
neuron_2479_count,0.11362768517896796
neuron_2480_count,0.16939557079129833
neuron_2481_count,0.34630479276712695
neuron_2482_count,0.2865721806439509
neuron_2483_count,0.13582509544881974
neuron_2484_count,0.4923205553356463
neuron_2485_count,0.03966079151949743
neuron_2486_count,0.37833581791513893
neuron_2487_count,0.04085902280468838
neuron_2488_count,0.23875301706588348
neuron_2489_count,0.03767109509436983
neuron_2490_count,0.3122425438618583
neuron_2491_count,0.21380672850090915
neuron_2492_count,0.9537273968336637
neuron_2493_count,0.41473923838538096
neuron_2494_count,0.17071577437537852
neuron_2495_count,0.04053393795466024
neuron_2496_count,0.8464412200148841
neuron_2497_count,0.843267410194532
neuron_2498_count,0.5134011044899358
neuron_2499_count,0.7939194552042018
neuron_2500_count,0.7232665755884875
neuron_2501_count,0.48355246748633945
neuron_2502_count,0.7171543963675588
neuron_2503_count,0.6198400952126907
neuron_2504_count,0.5736707104537283
neuron_2505_count,0.9110830376359083
neuron_2506_count,0.6069120227753849
neuron_2507_count,0.7705238809398658
neuron_2508_count,0.8941642893247689
neuron_2509_count,0.7093701388964111
neuron_2510_count,0.7259099803342327
neuron_2511_count,0.722993232368302
neuron_2512_count,0.5361993460577337
neuron_2513_count,0.26778864537849334
neuron_2514_count,0.6056052133233905
neuron_2515_count,0.553784704578006
neuron_2516_count,0.6166490922078185
neuron_2517_count,0.32720956388155253
neuron_2518_count,0.4551977994052453
neuron_2519_count,0.37387579559508116
neuron_2520_count,0.19325349524461172
neuron_2521_count,0.21880838144714504
neuron_2522_count,0.15690667212220133
neuron_2523_count,0.38999743174033774
neuron_2524_count,0.169614980840959
neuron_2525_count,0.24531501245519913
neuron_2526_count,0.16695675775321855
neuron_2527_count,0.35965978667944487
neuron_2528_count,0.17276180842373345
neuron_2529_count,0.1532483761730871
neuron_2530_count,0.14427514584702522
neuron_2531_count,0.12682818026215023
neuron_2532_count,0.10633685434342091
neuron_2533_count,0.12756830545748704
neuron_2534_count,0.11994828932822557
neuron_2535_count,0.07337239489009575
neuron_2536_count,0.144413108529789
neuron_2537_count,0.21173897001915945
neuron_2538_count,0.20189200243092575
neuron_2539_count,0.22664005540308724
neuron_2540_count,0.17990170637413613
neuron_2541_count,0.2148255523960204
neuron_2542_count,0.22050305352387695
neuron_2543_count,0.24314187698037787
neuron_2544_count,0.1838131955196004
neuron_2545_count,0.5525040300508204
neuron_2546_count,0.2544878252149627
neuron_2547_count,0.08510176136915315
neuron_2548_count,0.3605386888790518
neuron_2549_count,0.2282609225404744
neuron_2550_count,0.2317848877858128
neuron_2551_count,0.03737252951895726
neuron_2552_count,0.056928897333606523
neuron_2553_count,0.46443997778620977
neuron_2554_count,0.1726199354312309
neuron_2555_count,0.3793817591541356
neuron_2556_count,0.20923118921791484
neuron_2557_count,0.5743550814958561
neuron_2558_count,0.753529469402979
neuron_2559_count,0.23297946879777504
neuron_2560_count,0.6841023131309478
neuron_2561_count,0.849023901446538
neuron_2562_count,0.6025128700574822
neuron_2563_count,0.7915603061292454
neuron_2564_count,0.7120216020596789
neuron_2565_count,0.42458169311167493
neuron_2566_count,0.5084187751215008
neuron_2567_count,0.5552330017449438
neuron_2568_count,0.463135560303907
neuron_2569_count,0.29193883333217097
neuron_2570_count,0.17953489890215799
neuron_2571_count,0.17068943969272754
neuron_2572_count,0.528796322434008
neuron_2573_count,0.4140197083390197
neuron_2574_count,0.5662945570822152
neuron_2575_count,0.4033542982273619
neuron_2576_count,0.5347066450813234
neuron_2577_count,0.47151309877598147
neuron_2578_count,0.668173086707081
neuron_2579_count,0.2868413521274932
neuron_2580_count,0.22238743778093478
neuron_2581_count,0.3186748608741943
neuron_2582_count,0.2417446918118449
neuron_2583_count,0.41539977904941383
neuron_2584_count,0.2165798077939325
neuron_2585_count,0.27676534015142684
neuron_2586_count,0.29379827169660416
neuron_2587_count,0.44311881946341114
neuron_2588_count,0.24455694921126614
neuron_2589_count,0.32375078149292225
neuron_2590_count,0.2485788780821584
neuron_2591_count,0.26193120320240587
neuron_2592_count,0.11793300848576699
neuron_2593_count,0.10328446909143019
neuron_2594_count,0.1598904581023075
neuron_2595_count,0.1717963221404643
neuron_2596_count,0.12612992894710878
neuron_2597_count,0.13882348914499784
neuron_2598_count,0.10863798812809397
neuron_2599_count,0.17819019295412178
neuron_2600_count,0.1710486591449848
neuron_2601_count,0.19457974014642948
neuron_2602_count,0.07577186640938698
neuron_2603_count,0.1851285046025875
neuron_2604_count,0.10370135543463249
neuron_2605_count,0.23301088530514105
neuron_2606_count,0.22419960720718118
neuron_2607_count,0.21147684124858612
neuron_2608_count,0.11261032360022913
neuron_2609_count,0.41113001658192927
neuron_2610_count,0.24475185286094872
neuron_2611_count,0.33664084611956363
neuron_2612_count,0.25613799101937074
neuron_2613_count,0.2768474923265085
neuron_2614_count,0.16079138943441676
neuron_2615_count,0.10717085668578892
neuron_2616_count,0.13083637881418905
neuron_2617_count,0.4510183856906381
neuron_2618_count,0.7131189452659004
neuron_2619_count,0.16720865081773958
neuron_2620_count,0.9838961308109943
neuron_2621_count,0.2329496293973793
neuron_2622_count,0.46034980145648274
neuron_2623_count,0.2867783871289036
neuron_2624_count,0.6153610546705576
neuron_2625_count,0.6702944698889594
neuron_2626_count,0.6869282986638136
neuron_2627_count,0.7885420841620985
neuron_2628_count,0.6641878636655909
neuron_2629_count,0.5877852719078647
neuron_2630_count,0.5856913965990287
neuron_2631_count,0.45035129614302255
neuron_2632_count,0.45414817952862735
neuron_2633_count,0.39830093921767334
neuron_2634_count,0.5786245456461558
neuron_2635_count,0.42056943264712343
neuron_2636_count,0.34274863255735233
neuron_2637_count,0.5303345241043722
neuron_2638_count,0.5490443549755626
neuron_2639_count,0.5778707271259238
neuron_2640_count,0.6164991629122094
neuron_2641_count,0.32568850034498614
neuron_2642_count,0.3491165021913243
neuron_2643_count,0.3262623472196171
neuron_2644_count,0.2912409398757951
neuron_2645_count,0.3522665009537281
neuron_2646_count,0.2991094346027583
neuron_2647_count,0.29001308707844886
neuron_2648_count,0.28742677716629195
neuron_2649_count,0.3939336221538665
neuron_2650_count,0.25071564741122904
neuron_2651_count,0.24347962800562967
neuron_2652_count,0.25172978353269637
neuron_2653_count,0.28248934110080587
neuron_2654_count,0.16133009432682965
neuron_2655_count,0.16966990004467652
neuron_2656_count,0.15376010949692656
neuron_2657_count,0.15360056815663847
neuron_2658_count,0.15608496528639768
neuron_2659_count,0.14603380838758367
neuron_2660_count,0.08562736043215197
neuron_2661_count,0.06755477750841263
neuron_2662_count,0.1666509933517044
neuron_2663_count,0.1657042630711683
neuron_2664_count,0.09150362913822235
neuron_2665_count,0.09054447883010713
neuron_2666_count,0.09807509477836732
neuron_2667_count,0.1471095669122064
neuron_2668_count,0.1256387813141104
neuron_2669_count,0.1615249646538069
neuron_2670_count,0.19960222319639404
neuron_2671_count,0.30227022614098087
neuron_2672_count,0.1692272224157147
neuron_2673_count,0.04036417664323856
neuron_2674_count,0.16913204406282722
neuron_2675_count,0.3663292875677988
neuron_2676_count,0.3569223291130271
neuron_2677_count,0.11712975997768776
neuron_2678_count,0.08560072769263619
neuron_2679_count,0.03399962192521858
neuron_2680_count,0.45314471111960275
neuron_2681_count,0.4413933661356839
neuron_2682_count,0.2937924826799446
neuron_2683_count,0.4605021734686746
neuron_2684_count,0.6978506157776576
neuron_2685_count,0.43028785357641075
neuron_2686_count,0.4750346809898434
neuron_2687_count,0.44732008398070355
neuron_2688_count,0.5744060991595822
neuron_2689_count,0.6073284488886603
neuron_2690_count,0.6113817305659728
neuron_2691_count,0.6674684909580224
neuron_2692_count,0.5961130053960081
neuron_2693_count,0.4173168922330287
neuron_2694_count,0.34249999751085386
neuron_2695_count,0.6993803268535908
neuron_2696_count,0.25932435859818204
neuron_2697_count,0.5164123060297907
neuron_2698_count,0.4091153719199708
neuron_2699_count,0.2957723493668969
neuron_2700_count,0.4920110279798626
neuron_2701_count,0.31726931951019827
neuron_2702_count,0.6550036867012069
neuron_2703_count,0.5203255035800727
neuron_2704_count,0.5036815655552145
neuron_2705_count,0.2545405322478678
neuron_2706_count,0.36280615412640116
neuron_2707_count,0.3166827988775366
neuron_2708_count,0.287897072709145
neuron_2709_count,0.2649780029549319
neuron_2710_count,0.4650911085113525
neuron_2711_count,0.25393589750454476
neuron_2712_count,0.2558008656639639
neuron_2713_count,0.21591281193785328
neuron_2714_count,0.346990358701078
neuron_2715_count,0.2081405275141007
neuron_2716_count,0.19559421921870135
neuron_2717_count,0.2409319193326773
neuron_2718_count,0.22051922948634672
neuron_2719_count,0.20447679342244407
neuron_2720_count,0.1969821540944734
neuron_2721_count,0.1752485911106544
neuron_2722_count,0.10433501504720649
neuron_2723_count,0.14038575224149727
neuron_2724_count,0.09090714537551553
neuron_2725_count,0.16360028475118982
neuron_2726_count,0.1290192025267691
neuron_2727_count,0.1352344464186063
neuron_2728_count,0.10927124258144988
neuron_2729_count,0.1353361902503779
neuron_2730_count,0.12250071946091706
neuron_2731_count,0.15250892552352643
neuron_2732_count,0.24439870700846603
neuron_2733_count,0.23741468873300306
neuron_2734_count,0.09220571805864466
neuron_2735_count,0.09046281381240803
neuron_2736_count,0.21677361040431936
neuron_2737_count,0.2939496126013966
neuron_2738_count,0.29181258615470823
neuron_2739_count,0.11930289056250326
neuron_2740_count,0.521110429888728
neuron_2741_count,0.3119389538077158
neuron_2742_count,0.028194840984133412
neuron_2743_count,0.03808113030597449
neuron_2744_count,0.017218214360274788
neuron_2745_count,0.333360332551386
neuron_2746_count,0.717682252615406
neuron_2747_count,0.7485328369955364
neuron_2748_count,0.42153786134085564
neuron_2749_count,0.31196913427274386
neuron_2750_count,0.8055542243735259
neuron_2751_count,0.4654010334158696
neuron_2752_count,0.6980472649454788
neuron_2753_count,0.6271607514006781
neuron_2754_count,0.7429472097390644
neuron_2755_count,0.6063298353548039
neuron_2756_count,0.8550820354666171
neuron_2757_count,0.6665631904159365
neuron_2758_count,0.3339281381540864
neuron_2759_count,0.26961426202141964
neuron_2760_count,0.49568944098713325
neuron_2761_count,0.37689928140377377
neuron_2762_count,0.29780410500408616
neuron_2763_count,0.5515389978909468
neuron_2764_count,0.39668148258373703
neuron_2765_count,0.48818748601099765
neuron_2766_count,0.34824393503592665
neuron_2767_count,0.3919790980409276
neuron_2768_count,0.5710939389700956
neuron_2769_count,0.299549336409346
neuron_2770_count,0.2996498182346047
neuron_2771_count,0.2235055558372624
neuron_2772_count,0.3198317695981671
neuron_2773_count,0.28125133090287224
neuron_2774_count,0.2410105941416207
neuron_2775_count,0.2796922099008123
neuron_2776_count,0.31163744986230024
neuron_2777_count,0.26753279617516784
neuron_2778_count,0.2905096156899226
neuron_2779_count,0.20226426910442635
neuron_2780_count,0.21125095934972032
neuron_2781_count,0.13613920739386678
neuron_2782_count,0.16903301225670692
neuron_2783_count,0.1882403329460916
neuron_2784_count,0.1358472452028651
neuron_2785_count,0.18448981498498312
neuron_2786_count,0.10640293944943649
neuron_2787_count,0.15560082193806213
neuron_2788_count,0.09376648410188568
neuron_2789_count,0.1784111388437984
neuron_2790_count,0.11683487093915196
neuron_2791_count,0.16766591941806885
neuron_2792_count,0.07309498557114971
neuron_2793_count,0.11005260737666364
neuron_2794_count,0.13228400809058607
neuron_2795_count,0.15016301791776385
neuron_2796_count,0.19568184917691733
neuron_2797_count,0.1905776828106482
neuron_2798_count,0.11250573934601082
neuron_2799_count,0.09549002757576353
neuron_2800_count,0.32025398144514716
neuron_2801_count,0.598585446670111
neuron_2802_count,0.28959356335997477
neuron_2803_count,0.3654826264209211
neuron_2804_count,0.3746638063399254
neuron_2805_count,0.018710377257760216
neuron_2806_count,0.2561584123126871
neuron_2807_count,0.061968126975149695
neuron_2808_count,0.7230510491767853
neuron_2809_count,0.042726891719652604
neuron_2810_count,0.7147434016731983
neuron_2811_count,0.7730997764812506
neuron_2812_count,0.31546218966010003
neuron_2813_count,0.4218342761146529
neuron_2814_count,0.48629433406605527
neuron_2815_count,0.40817628489149765
neuron_2816_count,0.7069784521071643
neuron_2817_count,0.6765788126798954
neuron_2818_count,0.5476307057429007
neuron_2819_count,0.646582056002947
neuron_2820_count,0.4729956115145364
neuron_2821_count,0.5245122124785194
neuron_2822_count,0.3386067292254179
neuron_2823_count,0.38759805744375114
neuron_2824_count,0.4123507449883752
neuron_2825_count,0.5049048615581155
neuron_2826_count,0.5606100759207431
neuron_2827_count,0.5936278866294902
neuron_2828_count,0.3096822196244303
neuron_2829_count,0.4758494743892426
neuron_2830_count,0.4543553803573809
neuron_2831_count,0.35032996758800905
neuron_2832_count,0.4067342601947986
neuron_2833_count,0.38307529092399384
neuron_2834_count,0.3318599052713699
neuron_2835_count,0.2463068259428097
neuron_2836_count,0.29368954221971366
neuron_2837_count,0.23538732941984403
neuron_2838_count,0.40124572561437316
neuron_2839_count,0.4021505340113181
neuron_2840_count,0.29865902389296595
neuron_2841_count,0.19480734726840016
neuron_2842_count,0.2901465989361812
neuron_2843_count,0.1502945630761613
neuron_2844_count,0.21991109152475585
neuron_2845_count,0.16626009495071553
neuron_2846_count,0.18789710635412699
neuron_2847_count,0.16538089437162465
neuron_2848_count,0.18418648152845485
neuron_2849_count,0.19452665475319936
neuron_2850_count,0.14058610772228733
neuron_2851_count,0.05789446265347539
neuron_2852_count,0.12297194112091114
neuron_2853_count,0.09116341985726911
neuron_2854_count,0.1347559309958767
neuron_2855_count,0.0768786153644957
neuron_2856_count,0.10946740043505493
neuron_2857_count,0.2195507798130624
neuron_2858_count,0.1460648805474833
neuron_2859_count,0.09336040084136044
neuron_2860_count,0.15740284139608596
neuron_2861_count,0.09224654644135372
neuron_2862_count,0.108825242066248
neuron_2863_count,0.1916074708287483
neuron_2864_count,0.19425266659108895
neuron_2865_count,0.3664592482436002
neuron_2866_count,0.4197896226400298
neuron_2867_count,0.45060955970082855
neuron_2868_count,0.1568705827838492
neuron_2869_count,0.1992021253055635
neuron_2870_count,0.36688119098065763
neuron_2871_count,0.33734167513898494
neuron_2872_count,0.19907791306835834
neuron_2873_count,0.5033465660740292
neuron_2874_count,0.6092886695176938
neuron_2875_count,0.7682209855997332
neuron_2876_count,0.797177009220281
neuron_2877_count,0.14719952615100979
neuron_2878_count,0.2504055362352218
neuron_2879_count,0.26541636341595326
neuron_2880_count,0.5817240058696026
neuron_2881_count,0.7001678154624145
neuron_2882_count,0.45367493891043076
neuron_2883_count,0.574628484226062
neuron_2884_count,0.6339242193001215
neuron_2885_count,0.3488970878923814
neuron_2886_count,0.6504360774706908
neuron_2887_count,0.28278326315717456
neuron_2888_count,0.41453577468611
neuron_2889_count,0.3906477612610988
neuron_2890_count,0.4488784178605187
neuron_2891_count,0.42859089085107926
neuron_2892_count,0.2935157634158111
neuron_2893_count,0.36407145973486116
neuron_2894_count,0.4488544822444167
neuron_2895_count,0.5782599770829931
neuron_2896_count,0.343829972661289
neuron_2897_count,0.34612578267423816
neuron_2898_count,0.3285436695856335
neuron_2899_count,0.22387786202730722
neuron_2900_count,0.29953551192764627
neuron_2901_count,0.35076288623099444
neuron_2902_count,0.2885507519904396
neuron_2903_count,0.3189120419094029
neuron_2904_count,0.23166206864846706
neuron_2905_count,0.2728740505877835
neuron_2906_count,0.2078094808274068
neuron_2907_count,0.22118945394028378
neuron_2908_count,0.2091979349061183
neuron_2909_count,0.16183809183456466
neuron_2910_count,0.22032032341911686
neuron_2911_count,0.1540801451898549
neuron_2912_count,0.1890522421917742
neuron_2913_count,0.17926379571171228
neuron_2914_count,0.10093360703117249
neuron_2915_count,0.16539483840343155
neuron_2916_count,0.13878768007268544
neuron_2917_count,0.07001899403224654
neuron_2918_count,0.1848367456376298
neuron_2919_count,0.09428851294155458
neuron_2920_count,0.04748089905321776
neuron_2921_count,0.15158342486710463
neuron_2922_count,0.11628008896016431
neuron_2923_count,0.11147193155596277
neuron_2924_count,0.14221706902381892
neuron_2925_count,0.06626015684679193
neuron_2926_count,0.09115469382785163
neuron_2927_count,0.1321963307433524
neuron_2928_count,0.45350611800389945
neuron_2929_count,0.2723701095180291
neuron_2930_count,0.3753703454930735
neuron_2931_count,0.2149118849609771
neuron_2932_count,0.2969309536602526
neuron_2933_count,0.26615762420088773
neuron_2934_count,0.5796038296726169
neuron_2935_count,0.13731362910968956
neuron_2936_count,0.4031827210300436
neuron_2937_count,0.6776919201896338
neuron_2938_count,0.35631688785789706
neuron_2939_count,0.38739341487396534
neuron_2940_count,0.3168860566305435
neuron_2941_count,0.22183236113679067
neuron_2942_count,0.43246723541022797
neuron_2943_count,0.4821207355970428
neuron_2944_count,0.3695656764360376
neuron_2945_count,0.5760181209689081
neuron_2946_count,0.5188295180753452
neuron_2947_count,0.5645665741753287
neuron_2948_count,0.6126875263056138
neuron_2949_count,0.4976907504587583
neuron_2950_count,0.5767109587817871
neuron_2951_count,0.19202263155172053
neuron_2952_count,0.5582120408315561
neuron_2953_count,0.29564404769957514
neuron_2954_count,0.3323997731487883
neuron_2955_count,0.32176746624263
neuron_2956_count,0.4027079842353384
neuron_2957_count,0.42999365246133064
neuron_2958_count,0.43540717082746805
neuron_2959_count,0.31888197804525326
neuron_2960_count,0.3532278708342653
neuron_2961_count,0.3209901771490291
neuron_2962_count,0.3230645554183259
neuron_2963_count,0.28424312252579
neuron_2964_count,0.28766653379773954
neuron_2965_count,0.3431860374819802
neuron_2966_count,0.2952115320943163
neuron_2967_count,0.26944214748045364
neuron_2968_count,0.3240609053949466
neuron_2969_count,0.34473347674681604
neuron_2970_count,0.26768487294766535
neuron_2971_count,0.2069007916518753
neuron_2972_count,0.17488266634815988
neuron_2973_count,0.15294003041333432
neuron_2974_count,0.22182674981248357
neuron_2975_count,0.1590030420878149
neuron_2976_count,0.16781842626029178
neuron_2977_count,0.13634900380988432
neuron_2978_count,0.1516007282987685
neuron_2979_count,0.21308639280531327
neuron_2980_count,0.09462113586210771
neuron_2981_count,0.23059063285514164
neuron_2982_count,0.18078381385950348
neuron_2983_count,0.11516901053948106
neuron_2984_count,0.10033256998115411
neuron_2985_count,0.16785636189129244
neuron_2986_count,0.10994408296960292
neuron_2987_count,0.08726471226325236
neuron_2988_count,0.11386790693456708
neuron_2989_count,0.24656486314962447
neuron_2990_count,0.1211294288490031
neuron_2991_count,0.3394259555969794
neuron_2992_count,0.11106967245845922
neuron_2993_count,0.11727290898444939
neuron_2994_count,0.48959082887984584
neuron_2995_count,0.49984208830691396
neuron_2996_count,0.36258024135052147
neuron_2997_count,0.2556484088215807
neuron_2998_count,0.23459956802075352
neuron_2999_count,0.4056613900916312
neuron_3000_count,0.24884017031074077
neuron_3001_count,0.6108087096635023
neuron_3002_count,0.3209227337010013
neuron_3003_count,0.6585850381887057
neuron_3004_count,0.30028128534895765
neuron_3005_count,0.09651607170318888
neuron_3006_count,0.3547466209582521
neuron_3007_count,0.24165075253397741
neuron_3008_count,0.2763394577491169
neuron_3009_count,0.38603517489245415
neuron_3010_count,0.34394548958592297
neuron_3011_count,0.45831187541499835
neuron_3012_count,0.21470933464402822
neuron_3013_count,0.2939561975483602
neuron_3014_count,0.3493020034541252
neuron_3015_count,0.33557973576278294
neuron_3016_count,0.33085139319009094
neuron_3017_count,0.19343493799203143
neuron_3018_count,0.4097775846481217
neuron_3019_count,0.5210332907299566
neuron_3020_count,0.34960539085602516
neuron_3021_count,0.4564548843539584
neuron_3022_count,0.39376507543768435
neuron_3023_count,0.40061913235468777
neuron_3024_count,0.3081847461060586
neuron_3025_count,0.30353458257255966
neuron_3026_count,0.27156314257199576
neuron_3027_count,0.3646534044017408
neuron_3028_count,0.32950239260314074
neuron_3029_count,0.3299919205083327
neuron_3030_count,0.170248263226704
neuron_3031_count,0.2679744613309077
neuron_3032_count,0.2930075933644146
neuron_3033_count,0.20417707270199045
neuron_3034_count,0.22600575238384324
neuron_3035_count,0.16722729543328735
neuron_3036_count,0.22910693824597414
neuron_3037_count,0.15870281128707214
neuron_3038_count,0.13293627760301752
neuron_3039_count,0.20723554242316813
neuron_3040_count,0.15298994862837
neuron_3041_count,0.13525188638885513
neuron_3042_count,0.13059478173730804
neuron_3043_count,0.10413677317051406
neuron_3044_count,0.22534859797032364
neuron_3045_count,0.1076707691833114
neuron_3046_count,0.16399635163304904
neuron_3047_count,0.1849327824181303
neuron_3048_count,0.16294960717261245
neuron_3049_count,0.09890150380098153
neuron_3050_count,0.2710331108912661
neuron_3051_count,0.24136787509687918
neuron_3052_count,0.2564324029628655
neuron_3053_count,0.3297001319742803
neuron_3054_count,0.29236137366815795
neuron_3055_count,0.5598905464597672
neuron_3056_count,0.10990755836994412
neuron_3057_count,0.3180614478750312
neuron_3058_count,0.28908428000554354
neuron_3059_count,0.3037323986884971
neuron_3060_count,0.4968276016287803
neuron_3061_count,0.19505962229271884
neuron_3062_count,0.18742886060058386
neuron_3063_count,0.15509376943854583
neuron_3064_count,0.2847142669836662
neuron_3065_count,0.044108146349224
neuron_3066_count,0.34356415336904594
neuron_3067_count,0.2682121479716311
neuron_3068_count,0.20399604052866888
neuron_3069_count,0.21435309916831174
neuron_3070_count,0.7751721597890243
neuron_3071_count,0.23487110259790683
neuron_3072_count,0.5682464986855805
neuron_3073_count,0.5413038565737524
neuron_3074_count,0.5757595156299892
neuron_3075_count,0.5426242660805898
neuron_3076_count,0.2903303365825419
neuron_3077_count,0.2962030564730467
neuron_3078_count,0.2618926061011377
neuron_3079_count,0.27290416741255435
neuron_3080_count,0.3718020019791156
neuron_3081_count,0.37052096792850964
neuron_3082_count,0.298822347746932
neuron_3083_count,0.3855475666761862
neuron_3084_count,0.35476741229074427
neuron_3085_count,0.3360738497765944
neuron_3086_count,0.35983813991481783
neuron_3087_count,0.2997997880088553
neuron_3088_count,0.320551073399254
neuron_3089_count,0.31160554163163456
neuron_3090_count,0.2876995947840676
neuron_3091_count,0.284780100542215
neuron_3092_count,0.3136730921352393
neuron_3093_count,0.23848812614242437
neuron_3094_count,0.3403161223697829
neuron_3095_count,0.3232633575681074
neuron_3096_count,0.2945909217735053
neuron_3097_count,0.2711559576241732
neuron_3098_count,0.2919712637126798
neuron_3099_count,0.2141876384985821
neuron_3100_count,0.15076904862020094
neuron_3101_count,0.20422779843713998
neuron_3102_count,0.1913453522814398
neuron_3103_count,0.08150466981504195
neuron_3104_count,0.1654322583527973
neuron_3105_count,0.09878388650540094
neuron_3106_count,0.10808495810964011
neuron_3107_count,0.06323246299616339
neuron_3108_count,0.07338402169245498
neuron_3109_count,0.15982149738715443
neuron_3110_count,0.05917859984138041
neuron_3111_count,0.06814783315984407
neuron_3112_count,0.10149485311021486
neuron_3113_count,0.06984931687831711
neuron_3114_count,0.1408983048383124
neuron_3115_count,0.06181014973010429
neuron_3116_count,0.27863593457193303
neuron_3117_count,0.26349384767659967
neuron_3118_count,0.19771232933185856
neuron_3119_count,0.41855071285579504
neuron_3120_count,0.10340204784625523
neuron_3121_count,0.5951275175732956
neuron_3122_count,0.09049256907648756
neuron_3123_count,0.2558446545822238
neuron_3124_count,0.18910244502039872
neuron_3125_count,0.2169685579459553
neuron_3126_count,0.17107518933290783
neuron_3127_count,0.2660284490058957
neuron_3128_count,0.7812293194434983
neuron_3129_count,0.464624606555589
neuron_3130_count,0.46682609920852125
neuron_3131_count,0.417260683731876
neuron_3132_count,0.46723945277570417
neuron_3133_count,0.32332161622420563
neuron_3134_count,0.8705055467368782
neuron_3135_count,0.25248088169932037
neuron_3136_count,0.23377822649829122
neuron_3137_count,0.63200030758571
neuron_3138_count,0.31929124018744115
neuron_3139_count,0.36593782332852065
neuron_3140_count,0.35370713724979785
neuron_3141_count,0.3669235802261207
neuron_3142_count,0.24038350212092116
neuron_3143_count,0.17477893677382983
neuron_3144_count,0.21401488357151136
neuron_3145_count,0.31369784491941577
neuron_3146_count,0.23057289142343962
neuron_3147_count,0.3163143285088603
neuron_3148_count,0.2889152292217529
neuron_3149_count,0.30982015876228
neuron_3150_count,0.41268028623774455
neuron_3151_count,0.28076010991009615
neuron_3152_count,0.29507386157145293
neuron_3153_count,0.2704223238379634
neuron_3154_count,0.26495847163912767
neuron_3155_count,0.4015295534152288
neuron_3156_count,0.2616478725214181
neuron_3157_count,0.2639926032668613
neuron_3158_count,0.22992028105812098
neuron_3159_count,0.3228170939999754
neuron_3160_count,0.24508918636362084
neuron_3161_count,0.16100883472737926
neuron_3162_count,0.19156705664610676
neuron_3163_count,0.14953936589954558
neuron_3164_count,0.1606741616389453
neuron_3165_count,0.16226239259696995
neuron_3166_count,0.15078285559127283
neuron_3167_count,0.10267793464385291
neuron_3168_count,0.11906954261617397
neuron_3169_count,0.11538467005811123
neuron_3170_count,0.09368503514217899
neuron_3171_count,0.09396615692413701
neuron_3172_count,0.09884451181630322
neuron_3173_count,0.18798850803799178
neuron_3174_count,0.17580271891570634
neuron_3175_count,0.11143758900646045
neuron_3176_count,0.06887931369802916
neuron_3177_count,0.06426246404970207
neuron_3178_count,0.10790378667535691
neuron_3179_count,0.18432761883862447
neuron_3180_count,0.18662252626826004
neuron_3181_count,0.3226050335419032
neuron_3182_count,0.2000365663188643
neuron_3183_count,0.49331471543403266
neuron_3184_count,0.37606229822949816
neuron_3185_count,0.23174969273833734
neuron_3186_count,0.6344341805088091
neuron_3187_count,0.14948083654309374
neuron_3188_count,0.2960830936119518
neuron_3189_count,0.15245574581924642
neuron_3190_count,0.16471095846312317
neuron_3191_count,0.30950541000219106
neuron_3192_count,0.3335076869292795
neuron_3193_count,0.2757578598539062
neuron_3194_count,0.736630222253482
neuron_3195_count,0.22516445875069274
neuron_3196_count,0.4551289959880309
neuron_3197_count,0.2619951407685089
neuron_3198_count,0.3996188499691496
neuron_3199_count,0.13586327871304932
neuron_3200_count,0.3541190909228457
neuron_3201_count,0.6231380043813717
neuron_3202_count,0.42311290931210654
neuron_3203_count,0.410760076282336
neuron_3204_count,0.29807615296147566
neuron_3205_count,0.23052767500873034
neuron_3206_count,0.2669193257635049
neuron_3207_count,0.2578251926302689
neuron_3208_count,0.22515421919117135
neuron_3209_count,0.30892857315383604
neuron_3210_count,0.3318269960749663
neuron_3211_count,0.2121134787768651
neuron_3212_count,0.4459823989764533
neuron_3213_count,0.2881860903338012
neuron_3214_count,0.3556224652025666
neuron_3215_count,0.29166117150886184
neuron_3216_count,0.11908958046624409
neuron_3217_count,0.3616708356216375
neuron_3218_count,0.23689992852577735
neuron_3219_count,0.32802655260357483
neuron_3220_count,0.32342585634964116
neuron_3221_count,0.279086941860301
neuron_3222_count,0.2216850076738825
neuron_3223_count,0.2574216426485685
neuron_3224_count,0.17835185016118257
neuron_3225_count,0.21278990239565448
neuron_3226_count,0.22581288209207107
neuron_3227_count,0.1372462997296991
neuron_3228_count,0.2027320680485111
neuron_3229_count,0.13565199526284888
neuron_3230_count,0.20086015860755357
neuron_3231_count,0.1228172648464469
neuron_3232_count,0.10254995006686327
neuron_3233_count,0.11309694592016489
neuron_3234_count,0.16634442658546592
neuron_3235_count,0.07365979106828674
neuron_3236_count,0.09186540566156279
neuron_3237_count,0.05086487288575128
neuron_3238_count,0.08251031096906392
neuron_3239_count,0.06816941453626646
neuron_3240_count,0.07360917319436969
neuron_3241_count,0.07648486556057024
neuron_3242_count,0.06925726906573335
neuron_3243_count,0.08576254522684768
neuron_3244_count,0.24340232250980173
neuron_3245_count,0.320773237777325
neuron_3246_count,0.2703728238437567
neuron_3247_count,0.12027300517265069
neuron_3248_count,0.4956484085381607
neuron_3249_count,0.5256221699342036
neuron_3250_count,0.36516250893236213
neuron_3251_count,0.0712677124165616
neuron_3252_count,0.29531613179546035
neuron_3253_count,0.32396085230710453
neuron_3254_count,0.4381925781611308
neuron_3255_count,0.01340912835042439
neuron_3256_count,0.464587072180097
neuron_3257_count,0.3294009600552164
neuron_3258_count,0.19403784311575417
neuron_3259_count,0.24053138336888985
neuron_3260_count,0.7330364833481192
neuron_3261_count,0.1791252775509535
neuron_3262_count,0.6374185152977034
neuron_3263_count,0.11707121897045511
neuron_3264_count,0.3033775917550011
neuron_3265_count,0.6317451090009714
neuron_3266_count,0.3716897714324641
neuron_3267_count,0.3501660854364398
neuron_3268_count,0.24070571549054953
neuron_3269_count,0.5575333477592801
neuron_3270_count,0.2245828360330064
neuron_3271_count,0.2832724630258445
neuron_3272_count,0.2871529155957924
neuron_3273_count,0.25027059358184284
neuron_3274_count,0.3184613497675822
neuron_3275_count,0.158989058677046
neuron_3276_count,0.21625046958020733
neuron_3277_count,0.3555696447122875
neuron_3278_count,0.31370535004298494
neuron_3279_count,0.22108250998336162
neuron_3280_count,0.3272128221857612
neuron_3281_count,0.1918610367870287
neuron_3282_count,0.20542758076102274
neuron_3283_count,0.25120731202958424
neuron_3284_count,0.21758148279038975
neuron_3285_count,0.3009750640394094
neuron_3286_count,0.247527965840709
neuron_3287_count,0.2068252633666545
neuron_3288_count,0.19211824020656437
neuron_3289_count,0.2420156519488323
neuron_3290_count,0.20029975561642602
neuron_3291_count,0.1599680525690027
neuron_3292_count,0.13355585512502963
neuron_3293_count,0.17854861665480307
neuron_3294_count,0.12624826318852236
neuron_3295_count,0.13763620734603518
neuron_3296_count,0.13729931034996415
neuron_3297_count,0.13672442416011238
neuron_3298_count,0.08710544422952057
neuron_3299_count,0.0883949302366698
neuron_3300_count,0.06088050460493247
neuron_3301_count,0.09733171721394074
neuron_3302_count,0.08323664607069184
neuron_3303_count,0.1833904889735114
neuron_3304_count,0.13060658857609747
neuron_3305_count,0.1697653800653282
neuron_3306_count,0.2283032273668396
neuron_3307_count,0.46532682994009467
neuron_3308_count,0.3576584519192217
neuron_3309_count,0.18753431604647208
neuron_3310_count,0.365134649549562
neuron_3311_count,0.06963351558956701
neuron_3312_count,0.2059053456112849
neuron_3313_count,0.35570219638775435
neuron_3314_count,0.18775178349323607
neuron_3315_count,0.04659890827631478
neuron_3316_count,0.19753336348989564
neuron_3317_count,0.18160178487356554
neuron_3318_count,0.08008920927193486
neuron_3319_count,0.07519496245149203
neuron_3320_count,0.2433922455666963
neuron_3321_count,0.25150420585804395
neuron_3322_count,0.3890768725807524
neuron_3323_count,0.03669455747646933
neuron_3324_count,0.34004548537370094
neuron_3325_count,0.07643898407795272
neuron_3326_count,0.27712313714437864
neuron_3327_count,0.1639776313925151
neuron_3328_count,0.36351406132029157
neuron_3329_count,0.5669010709380827
neuron_3330_count,0.42101026908321976
neuron_3331_count,0.3710129144236051
neuron_3332_count,0.5298412803321493
neuron_3333_count,0.2486462147459137
neuron_3334_count,0.23142156017043536
neuron_3335_count,0.34937092824228755
neuron_3336_count,0.2749381452257074
neuron_3337_count,0.3575987426884276
neuron_3338_count,0.20037712169919542
neuron_3339_count,0.22787494268315184
neuron_3340_count,0.336079936668499
neuron_3341_count,0.28873182080911397
neuron_3342_count,0.16269514188359055
neuron_3343_count,0.4009855630636767
neuron_3344_count,0.22714975405438237
neuron_3345_count,0.39767958379303125
neuron_3346_count,0.36038362398004953
neuron_3347_count,0.3246377970352674
neuron_3348_count,0.21898282790532483
neuron_3349_count,0.2674012363063204
neuron_3350_count,0.2530483911952184
neuron_3351_count,0.25386461932733695
neuron_3352_count,0.13370431959581142
neuron_3353_count,0.17796667298813507
neuron_3354_count,0.1392940567178892
neuron_3355_count,0.1185762760032934
neuron_3356_count,0.1086170704548837
neuron_3357_count,0.10169892889319433
neuron_3358_count,0.15608305701700398
neuron_3359_count,0.14516765524090977
neuron_3360_count,0.11619734623846806
neuron_3361_count,0.09319412326229923
neuron_3362_count,0.1341882792808063
neuron_3363_count,0.15064162112806775
neuron_3364_count,0.11867546226327017
neuron_3365_count,0.11412317286636564
neuron_3366_count,0.07170315364160418
neuron_3367_count,0.13944487445244388
neuron_3368_count,0.07810238233152758
neuron_3369_count,0.1340833331071959
neuron_3370_count,0.09526819012312371
neuron_3371_count,0.18328753814982165
neuron_3372_count,0.17545275042645841
neuron_3373_count,0.2406945645222312
neuron_3374_count,0.1946018422359229
neuron_3375_count,0.41816807511819326
neuron_3376_count,0.4427101088673871
neuron_3377_count,0.3583529572440818
neuron_3378_count,0.46504892216412164
neuron_3379_count,0.3379093113242968
neuron_3380_count,0.34842408500912875
neuron_3381_count,0.49044264355082356
neuron_3382_count,0.23182497942493796
neuron_3383_count,0.4016232071990635
neuron_3384_count,0.4138753019740474
neuron_3385_count,0.1169636357928091
neuron_3386_count,0.10312080016868402
neuron_3387_count,0.037486779778347204
neuron_3388_count,0.5321976181386194
neuron_3389_count,0.24620366417991807
neuron_3390_count,0.524020572012043
neuron_3391_count,0.28244936820646016
neuron_3392_count,0.5049676866532594
neuron_3393_count,0.34515244000076606
neuron_3394_count,0.223175744940111
neuron_3395_count,0.25685208486241834
neuron_3396_count,0.15724043886233977
neuron_3397_count,0.15908546953510705
neuron_3398_count,0.3343556564714027
neuron_3399_count,0.10737671140555097
neuron_3400_count,0.12901012786761806
neuron_3401_count,0.26921094743074553
neuron_3402_count,0.1913297765519819
neuron_3403_count,0.16973048618370015
neuron_3404_count,0.22124412632386053
neuron_3405_count,0.2418167824360883
neuron_3406_count,0.22684744397111553
neuron_3407_count,0.14605953926978274
neuron_3408_count,0.23950154507608679
neuron_3409_count,0.18104772998358934
neuron_3410_count,0.2572493689785029
neuron_3411_count,0.3083628526775778
neuron_3412_count,0.23550415046480694
neuron_3413_count,0.2641554742105975
neuron_3414_count,0.2913829877434979
neuron_3415_count,0.20994089447086126
neuron_3416_count,0.23650495405600808
neuron_3417_count,0.19104983507540266
neuron_3418_count,0.14569499558966448
neuron_3419_count,0.1155509153151918
neuron_3420_count,0.349375221371487
neuron_3421_count,0.11445427960429888
neuron_3422_count,0.1339601120374226
neuron_3423_count,0.10231812077695232
neuron_3424_count,0.18278139663988566
neuron_3425_count,0.0925013875155081
neuron_3426_count,0.1213736248306378
neuron_3427_count,0.10232954130542116
neuron_3428_count,0.14693139973002886
neuron_3429_count,0.07497432972626211
neuron_3430_count,0.059446328595439774
neuron_3431_count,0.11338891192169381
neuron_3432_count,0.20205132323039515
neuron_3433_count,0.31708673666064924
neuron_3434_count,0.19462245870013403
neuron_3435_count,0.33996056738615227
neuron_3436_count,0.18146436863192655
neuron_3437_count,0.17549042469602075
neuron_3438_count,0.380361724515911
neuron_3439_count,0.13861064666435666
neuron_3440_count,0.2842668014868422
neuron_3441_count,0.4542826538555623
neuron_3442_count,0.17197895289699733
neuron_3443_count,0.12287107856795165
neuron_3444_count,0.2896593477348345
neuron_3445_count,0.118751642708242
neuron_3446_count,0.20491587353334578
neuron_3447_count,0.09078774393909496
neuron_3448_count,0.21610963186417392
neuron_3449_count,0.0603180115178002
neuron_3450_count,0.13433523685608934
neuron_3451_count,0.3234462166896619
neuron_3452_count,0.0933969922077803
neuron_3453_count,0.011955919355432464
neuron_3454_count,0.4025722211071955
neuron_3455_count,0.5650868450042055
neuron_3456_count,0.33701566995870763
neuron_3457_count,0.48952884709555533
neuron_3458_count,0.28168207989761457
neuron_3459_count,0.4264957371241933
neuron_3460_count,0.4367188068502196
neuron_3461_count,0.2874432157637427
neuron_3462_count,0.3126194134304341
neuron_3463_count,0.18180695224718757
neuron_3464_count,0.3326336173396593
neuron_3465_count,0.47176309800252897
neuron_3466_count,0.17234175544621805
neuron_3467_count,0.224847907317765
neuron_3468_count,0.33574397662427896
neuron_3469_count,0.27312215613629115
neuron_3470_count,0.2668915873722987
neuron_3471_count,0.3982298360148796
neuron_3472_count,0.3013656957895026
neuron_3473_count,0.2412651485884206
neuron_3474_count,0.2804947106602725
neuron_3475_count,0.341668121055494
neuron_3476_count,0.22497624444382913
neuron_3477_count,0.2538776821017378
neuron_3478_count,0.21750798323136597
neuron_3479_count,0.2286657368753432
neuron_3480_count,0.17023644911218458
neuron_3481_count,0.1590956711706708
neuron_3482_count,0.19984001715540337
neuron_3483_count,0.09731223733151156
neuron_3484_count,0.1629264037226813
neuron_3485_count,0.14602638686495042
neuron_3486_count,0.15280348950932246
neuron_3487_count,0.13534911868573035
neuron_3488_count,0.25542675078454713
neuron_3489_count,0.12291165224114206
neuron_3490_count,0.11486579849103078
neuron_3491_count,0.11050508110291388
neuron_3492_count,0.14053813472338378
neuron_3493_count,0.11995427023212243
neuron_3494_count,0.09880552233000192
neuron_3495_count,0.2245475237009023
neuron_3496_count,0.13295468670590413
neuron_3497_count,0.25196792589961164
neuron_3498_count,0.16437776931966971
neuron_3499_count,0.1703586700752013
neuron_3500_count,0.2691161187637493
neuron_3501_count,0.37928981003961904
neuron_3502_count,0.04346827277108063
neuron_3503_count,0.3537390569853297
neuron_3504_count,0.123550362775252
neuron_3505_count,0.1925985328528168
neuron_3506_count,0.17809099113170393
neuron_3507_count,0.24970696547117746
neuron_3508_count,0.21270263873395379
neuron_3509_count,0.2590740722936277
neuron_3510_count,0.02168772215530647
neuron_3511_count,0.024741977191215812
neuron_3512_count,0.1497911953742953
neuron_3513_count,0.1826067239250616
neuron_3514_count,0.1666869012734973
neuron_3515_count,0.15059824699251426
neuron_3516_count,0.16456569872701068
neuron_3517_count,0.03247209301319945
neuron_3518_count,0.4167807647653062
neuron_3519_count,0.17934612018715093
neuron_3520_count,0.46185249227214775
neuron_3521_count,0.27364425557004257
neuron_3522_count,0.2983868796092054
neuron_3523_count,0.2646825912418119
neuron_3524_count,0.1551873093359483
neuron_3525_count,0.1914148311080066
neuron_3526_count,0.1779391040045725
neuron_3527_count,0.18620798448494968
neuron_3528_count,0.30534662763100007
neuron_3529_count,0.17354968886490768
neuron_3530_count,0.2045303146619009
neuron_3531_count,0.1490420676413657
neuron_3532_count,0.4230062352913051
neuron_3533_count,0.1960311385553417
neuron_3534_count,0.15985455058353001
neuron_3535_count,0.29138599930219855
neuron_3536_count,0.19072366876261593
neuron_3537_count,0.10026084228320825
neuron_3538_count,0.24649835304036527
neuron_3539_count,0.23604080266661184
neuron_3540_count,0.2977146627540913
neuron_3541_count,0.26295964749322964
neuron_3542_count,0.190112061608821
neuron_3543_count,0.26648888995140985
neuron_3544_count,0.13226566351600505
neuron_3545_count,0.15411903406812769
neuron_3546_count,0.21411445573320453
neuron_3547_count,0.15254920763618524
neuron_3548_count,0.17698639362150875
neuron_3549_count,0.12639607769524974
neuron_3550_count,0.16184626165339996
neuron_3551_count,0.1338741746483093
neuron_3552_count,0.13602888332774526
neuron_3553_count,0.054259087352973606
neuron_3554_count,0.13807326540769368
neuron_3555_count,0.20079453477236853
neuron_3556_count,0.08129208532625609
neuron_3557_count,0.14918687640397713
neuron_3558_count,0.11950041797866574
neuron_3559_count,0.08185302024925872
neuron_3560_count,0.2674644322710703
neuron_3561_count,0.13847570889880295
neuron_3562_count,0.12030593045145777
neuron_3563_count,0.3254936330184346
neuron_3564_count,0.3143183418895723
neuron_3565_count,0.16309417910396037
neuron_3566_count,0.09043788246841236
neuron_3567_count,0.21385789091792387
neuron_3568_count,0.3172021823676425
neuron_3569_count,0.016392377988716587
neuron_3570_count,0.011584369516328262
neuron_3571_count,0.19320607751271163
neuron_3572_count,0.11301699284700586
neuron_3573_count,0.08702342090732476
neuron_3574_count,0.3341427215001819
neuron_3575_count,0.03206482656496787
neuron_3576_count,0.4231825635479004
neuron_3577_count,0.17045895298811284
neuron_3578_count,0.1580850772481099
neuron_3579_count,0.1688099367052983
neuron_3580_count,0.174381496538284
neuron_3581_count,0.062270036252513136
neuron_3582_count,0.28719374816767784
neuron_3583_count,0.16541980666473557
neuron_3584_count,0.32335801992876856
neuron_3585_count,0.3196742084869041
neuron_3586_count,0.473448028479166
neuron_3587_count,0.3124108655191301
neuron_3588_count,0.11949551235552468
neuron_3589_count,0.2790995347144727
neuron_3590_count,0.11636448398100688
neuron_3591_count,0.16593789133381842
neuron_3592_count,0.20943852484463737
neuron_3593_count,0.35088146336586257
neuron_3594_count,0.3744944508981758
neuron_3595_count,0.23290690404569925
neuron_3596_count,0.26929628570907627
neuron_3597_count,0.34956052949081295
neuron_3598_count,0.2510761458861041
neuron_3599_count,0.42503655748343844
neuron_3600_count,0.1586582956785325
neuron_3601_count,0.18630206282578457
neuron_3602_count,0.1979907923025025
neuron_3603_count,0.25894548104336
neuron_3604_count,0.26303638093031745
neuron_3605_count,0.2396102491290804
neuron_3606_count,0.17017282507588188
neuron_3607_count,0.20894950149434088
neuron_3608_count,0.18030926654938723
neuron_3609_count,0.2341051427812903
neuron_3610_count,0.14558168663293863
neuron_3611_count,0.1802221215337026
neuron_3612_count,0.16255388514746344
neuron_3613_count,0.15046811447900593
neuron_3614_count,0.14623025153172411
neuron_3615_count,0.15334645680416775
neuron_3616_count,0.1197189492743988
neuron_3617_count,0.09771567861082245
neuron_3618_count,0.13599693216416864
neuron_3619_count,0.08935599881250117
neuron_3620_count,0.16439884003726093
neuron_3621_count,0.17139638477316482
neuron_3622_count,0.17864316311564835
neuron_3623_count,0.21139459952871814
neuron_3624_count,0.099838002604689
neuron_3625_count,0.21961235451590633
neuron_3626_count,0.2019584885082448
neuron_3627_count,0.15968324739077783
neuron_3628_count,0.18970037810028673
neuron_3629_count,0.24239969211440895
neuron_3630_count,0.22442771264186703
neuron_3631_count,0.12004358335604065
neuron_3632_count,0.08615142305519628
neuron_3633_count,0.20406168398350905
neuron_3634_count,0.345066789408138
neuron_3635_count,0.15215461849111814
neuron_3636_count,0.12265093979321874
neuron_3637_count,0.01833250318861422
neuron_3638_count,0.15615828177334867
neuron_3639_count,0.04617615912253745
neuron_3640_count,0.019486033247902976
neuron_3641_count,0.010450730631608465
neuron_3642_count,0.11195717953950633
neuron_3643_count,0.1322017180676489
neuron_3644_count,0.4668763983048879
neuron_3645_count,0.20580419847958537
neuron_3646_count,0.37453085019399945
neuron_3647_count,0.14338331820283562
neuron_3648_count,0.23164368472608818
neuron_3649_count,0.25155060343997615
neuron_3650_count,0.15308732464909536
neuron_3651_count,0.1065998125164416
neuron_3652_count,0.12074564282700229
neuron_3653_count,0.15793842208521425
neuron_3654_count,0.0908318419213535
neuron_3655_count,0.12158317421699107
neuron_3656_count,0.3023874574692019
neuron_3657_count,0.20992210693599853
neuron_3658_count,0.20931548876151496
neuron_3659_count,0.40629561484312415
neuron_3660_count,0.20421342247185476
neuron_3661_count,0.35740210307078263
neuron_3662_count,0.31590986579660163
neuron_3663_count,0.21130607676674304
neuron_3664_count,0.16856247980278388
neuron_3665_count,0.2546871966895262
neuron_3666_count,0.2128776449130413
neuron_3667_count,0.19654036748837814
neuron_3668_count,0.1885206242026482
neuron_3669_count,0.211758751746414
neuron_3670_count,0.262358008645857
neuron_3671_count,0.24659880556999858
neuron_3672_count,0.20084107929511166
neuron_3673_count,0.19420482412027165
neuron_3674_count,0.19375276253959736
neuron_3675_count,0.2242825403801262
neuron_3676_count,0.19279676043750948
neuron_3677_count,0.19007921835341465
neuron_3678_count,0.1586962597567243
neuron_3679_count,0.190325339102442
neuron_3680_count,0.18841194068123013
neuron_3681_count,0.14897168478795642
neuron_3682_count,0.13037868940191713
neuron_3683_count,0.09115637411616101
neuron_3684_count,0.14363948202310653
neuron_3685_count,0.1961472770417434
neuron_3686_count,0.07944632171255728
neuron_3687_count,0.2577120507313982
neuron_3688_count,0.17596070912619707
neuron_3689_count,0.1660365009914985
neuron_3690_count,0.24410775053209346
neuron_3691_count,0.32559841135803824
neuron_3692_count,0.33403101322947937
neuron_3693_count,0.3113527934677657
neuron_3694_count,0.38277328588106896
neuron_3695_count,0.0955158634438999
neuron_3696_count,0.1371480774396994
neuron_3697_count,0.15541112705400445
neuron_3698_count,0.09215571061724477
neuron_3699_count,0.2080769875324092
neuron_3700_count,0.06834399811573588
neuron_3701_count,0.12190739783858519
neuron_3702_count,0.5124737106748875
neuron_3703_count,0.5154563105036059
neuron_3704_count,0.21217150692292042
neuron_3705_count,0.3667424113626811
neuron_3706_count,0.2639294335337024
neuron_3707_count,0.22512818976972007
neuron_3708_count,0.17461791498981585
neuron_3709_count,0.16323989883508255
neuron_3710_count,0.23468235262895165
neuron_3711_count,0.05808559298149005
neuron_3712_count,0.18905128970233995
neuron_3713_count,0.31533557811166135
neuron_3714_count,0.4239106835020018
neuron_3715_count,0.1403209795322739
neuron_3716_count,0.13580696478601909
neuron_3717_count,0.15857602518084757
neuron_3718_count,0.12237326939248752
neuron_3719_count,0.4107910140762986
neuron_3720_count,0.22133678703777349
neuron_3721_count,0.17256452101348474
neuron_3722_count,0.25909414261475405
neuron_3723_count,0.3168706275333657
neuron_3724_count,0.2871755866578072
neuron_3725_count,0.19705323042498715
neuron_3726_count,0.27424053199731535
neuron_3727_count,0.3438816888173599
neuron_3728_count,0.19982613693370688
neuron_3729_count,0.3025650769068661
neuron_3730_count,0.22656800386791306
neuron_3731_count,0.24287751031721022
neuron_3732_count,0.2021756228305271
neuron_3733_count,0.3045261826872463
neuron_3734_count,0.2825666931055928
neuron_3735_count,0.19160513336284868
neuron_3736_count,0.2515709607234419
neuron_3737_count,0.22669142078441432
neuron_3738_count,0.26543674445854637
neuron_3739_count,0.24739889753523972
neuron_3740_count,0.19037455191280803
neuron_3741_count,0.15345758793003017
neuron_3742_count,0.2425546334122956
neuron_3743_count,0.20764209859636015
neuron_3744_count,0.2067145511115605
neuron_3745_count,0.19150812605570275
neuron_3746_count,0.1937546484544409
neuron_3747_count,0.0912485668349341
neuron_3748_count,0.15607751468906902
neuron_3749_count,0.14022139762095318
neuron_3750_count,0.1923580262386899
neuron_3751_count,0.17860849559865538
neuron_3752_count,0.2308589226567978
neuron_3753_count,0.3183736704239307
neuron_3754_count,0.23687535118776934
neuron_3755_count,0.32647399386582354
neuron_3756_count,0.35624187450627876
neuron_3757_count,0.4683315781542737
neuron_3758_count,0.32998652416435625
neuron_3759_count,0.24892317937753589
neuron_3760_count,0.39960613329438077
neuron_3761_count,0.3120238595212886
neuron_3762_count,0.36463727415394737
neuron_3763_count,0.21279195612038532
neuron_3764_count,0.4753320346283352
neuron_3765_count,0.0318452756192134
neuron_3766_count,0.30582389468282967
neuron_3767_count,0.21877891915487163
neuron_3768_count,0.3418797470474553
neuron_3769_count,0.3384191365741068
neuron_3770_count,0.2075122746185356
neuron_3771_count,0.11547702835397566
neuron_3772_count,0.305928478047617
neuron_3773_count,0.14099285455927746
neuron_3774_count,0.15821668529771743
neuron_3775_count,0.13157983790326688
neuron_3776_count,0.3906542147375416
neuron_3777_count,0.36981369949076004
neuron_3778_count,0.2432303445698556
neuron_3779_count,0.2671171585552169
neuron_3780_count,0.12564287532923227
neuron_3781_count,0.14507153114063293
neuron_3782_count,0.30690066806530963
neuron_3783_count,0.1372900780916298
neuron_3784_count,0.09369246930168376
neuron_3785_count,0.3644114041232173
neuron_3786_count,0.407770073257544
neuron_3787_count,0.20517493087514066
neuron_3788_count,0.26819017005950574
neuron_3789_count,0.2620353023085015
neuron_3790_count,0.21657234280378673
neuron_3791_count,0.3186054648053676
neuron_3792_count,0.2344961506470335
neuron_3793_count,0.3659277509084065
neuron_3794_count,0.2778626101260496
neuron_3795_count,0.3155809431255843
neuron_3796_count,0.3519523336877719
neuron_3797_count,0.3016155484099161
neuron_3798_count,0.24396394789991133
neuron_3799_count,0.24276602442321996
neuron_3800_count,0.26409840347549307
neuron_3801_count,0.20072428299024464
neuron_3802_count,0.22692339880330367
neuron_3803_count,0.25432504858328725
neuron_3804_count,0.23011721801199875
neuron_3805_count,0.2227468965118133
neuron_3806_count,0.18700192281339253
neuron_3807_count,0.17373142947940337
neuron_3808_count,0.21449136700359928
neuron_3809_count,0.17738011269231563
neuron_3810_count,0.1012448945924102
neuron_3811_count,0.1480331487865887
neuron_3812_count,0.19579584729425595
neuron_3813_count,0.18851414943667194
neuron_3814_count,0.11991949310420694
neuron_3815_count,0.18413672797852823
neuron_3816_count,0.17166592701729197
neuron_3817_count,0.4023854254069995
neuron_3818_count,0.19731405879257788
neuron_3819_count,0.1640518611743056
neuron_3820_count,0.1895224477218029
neuron_3821_count,0.15188281297120404
neuron_3822_count,0.2603800493125603
neuron_3823_count,0.34854209394722635
neuron_3824_count,0.21153030001321732
neuron_3825_count,0.2840191329498712
neuron_3826_count,0.2105394836173787
neuron_3827_count,0.15856720363734095
neuron_3828_count,0.3527955225046643
neuron_3829_count,0.1843951025738591
neuron_3830_count,0.12465445038658352
neuron_3831_count,0.08081474745934508
neuron_3832_count,0.481572280673895
neuron_3833_count,0.19210823487709713
neuron_3834_count,0.2722645534207723
neuron_3835_count,0.17317862505586468
neuron_3836_count,0.15362578059063198
neuron_3837_count,0.3591042853793043
neuron_3838_count,0.4293018933078852
neuron_3839_count,0.19339370418389068
neuron_3840_count,0.29342999243895845
neuron_3841_count,0.4414043023932293
neuron_3842_count,0.4383529069016784
neuron_3843_count,0.3610786894778391
neuron_3844_count,0.12018847250400753
neuron_3845_count,0.3508101952134411
neuron_3846_count,0.37222627411387793
neuron_3847_count,0.28491216127471963
neuron_3848_count,0.29791914528378144
neuron_3849_count,0.2120383434836663
neuron_3850_count,0.25613809709165525
neuron_3851_count,0.3155809395191817
neuron_3852_count,0.3078915388684994
neuron_3853_count,0.33721789119753653
neuron_3854_count,0.30592159994395435
neuron_3855_count,0.3556866076880325
neuron_3856_count,0.33794981029863536
neuron_3857_count,0.2611286857827217
neuron_3858_count,0.20805708332655712
neuron_3859_count,0.39126125541107293
neuron_3860_count,0.31002607423407824
neuron_3861_count,0.3376619476658513
neuron_3862_count,0.23760901403748366
neuron_3863_count,0.256332893914253
neuron_3864_count,0.3564577063484473
neuron_3865_count,0.26382953870982495
neuron_3866_count,0.2456395484118466
neuron_3867_count,0.19945877432900008
neuron_3868_count,0.23251984952145968
neuron_3869_count,0.2757144994106784
neuron_3870_count,0.2500568528310899
neuron_3871_count,0.2601825295973734
neuron_3872_count,0.24294261942120116
neuron_3873_count,0.21421792627792066
neuron_3874_count,0.17674111050542354
neuron_3875_count,0.17153926398641417
neuron_3876_count,0.23184697406661392
neuron_3877_count,0.18407367679188963
neuron_3878_count,0.14128651978806497
neuron_3879_count,0.17287567464972467
neuron_3880_count,0.1284949056175907
neuron_3881_count,0.1463543129173051
neuron_3882_count,0.2035298146678659
neuron_3883_count,0.11215740642405947
neuron_3884_count,0.15351617817934968
neuron_3885_count,0.2422425507686831
neuron_3886_count,0.5185454269174746
neuron_3887_count,0.1583991659890193
neuron_3888_count,0.347109213987006
neuron_3889_count,0.31305974783430557
neuron_3890_count,0.5016102992701009
neuron_3891_count,0.27503058376036993
neuron_3892_count,0.22744203404034957
neuron_3893_count,0.4233852017121605
neuron_3894_count,0.3931618527961107
neuron_3895_count,0.295839939229354
neuron_3896_count,0.0755622751221075
neuron_3897_count,0.3288441109674032
neuron_3898_count,0.06567235376630307
neuron_3899_count,0.0876532218595128
neuron_3900_count,0.10867041943479788
neuron_3901_count,0.4069614684211017
neuron_3902_count,0.15290609754733175
neuron_3903_count,0.3630346504286744
neuron_3904_count,0.3605900435109083
neuron_3905_count,0.40870152722827735
neuron_3906_count,0.36694791443580194
neuron_3907_count,0.40108697364534796
neuron_3908_count,0.33631258608838666
neuron_3909_count,0.2322955053772819
neuron_3910_count,0.4345025940534988
neuron_3911_count,0.2722117023773709
neuron_3912_count,0.18300137727533092
neuron_3913_count,0.33585427857925554
neuron_3914_count,0.1877001635959792
neuron_3915_count,0.23226424952821773
neuron_3916_count,0.20259462580395932
neuron_3917_count,0.24249746652669793
neuron_3918_count,0.27098194890679206
neuron_3919_count,0.24832375842689988
neuron_3920_count,0.1812997294456351
neuron_3921_count,0.2179838484026672
neuron_3922_count,0.28472182529115764
neuron_3923_count,0.3163608405579144
neuron_3924_count,0.33544812756971787
neuron_3925_count,0.2127215434022492
neuron_3926_count,0.1823673956271863
neuron_3927_count,0.2671574087591355
neuron_3928_count,0.2917289953053818
neuron_3929_count,0.24800108114142058
neuron_3930_count,0.2423068378546207
neuron_3931_count,0.2836456005682415
neuron_3932_count,0.22522349287960888
neuron_3933_count,0.22654221846980288
neuron_3934_count,0.25442028181641907
neuron_3935_count,0.23913352244325115
neuron_3936_count,0.25333584976910917
neuron_3937_count,0.2825140474754304
neuron_3938_count,0.19752367687724887
neuron_3939_count,0.22444663913193294
neuron_3940_count,0.2324432849502444
neuron_3941_count,0.196335088226193
neuron_3942_count,0.13284559059781514
neuron_3943_count,0.1651075935924312
neuron_3944_count,0.15444813737470559
neuron_3945_count,0.15214896171779335
neuron_3946_count,0.14144449539698353
neuron_3947_count,0.10815653796116834
neuron_3948_count,0.1183872344633044
neuron_3949_count,0.10176219854867069
neuron_3950_count,0.2134017456726348
neuron_3951_count,0.22218068815007874
neuron_3952_count,0.1746650477643844
neuron_3953_count,0.15247880583258472
neuron_3954_count,0.2267027574645455
neuron_3955_count,0.26494565585514696
neuron_3956_count,0.27867247356394165
neuron_3957_count,0.3470940804376593
neuron_3958_count,0.07999861925826515
neuron_3959_count,0.07967402926901658
neuron_3960_count,0.2846459135640985
neuron_3961_count,0.2388709152603862
neuron_3962_count,0.14595012815072156
neuron_3963_count,0.07674775015293311
neuron_3964_count,0.027932851497283806
neuron_3965_count,0.0674912367921528
neuron_3966_count,0.1465391485265919
neuron_3967_count,0.026768692001244605
neuron_3968_count,0.11503488750098799
neuron_3969_count,0.3055022132040739
neuron_3970_count,0.4754246051645726
neuron_3971_count,0.2388422439746682
neuron_3972_count,0.21672450667584325
neuron_3973_count,0.1276356737999242
neuron_3974_count,0.4137499009981427
neuron_3975_count,0.10033698462260285
neuron_3976_count,0.2814816598590791
neuron_3977_count,0.35634399238720726
neuron_3978_count,0.20565339471071103
neuron_3979_count,0.2674593778674701
neuron_3980_count,0.2837818391090796
neuron_3981_count,0.2794889415279925
neuron_3982_count,0.3495125054913849
neuron_3983_count,0.2810101667762416
neuron_3984_count,0.27512602050437146
neuron_3985_count,0.28961682990095705
neuron_3986_count,0.3483968693605888
neuron_3987_count,0.3093345929235979
neuron_3988_count,0.3145957454066089
neuron_3989_count,0.3416563546037864
neuron_3990_count,0.3039848077838209
neuron_3991_count,0.32174287476168
neuron_3992_count,0.24167033397394466
neuron_3993_count,0.2489035881718409
neuron_3994_count,0.2038901970145946
neuron_3995_count,0.2956117903872545
neuron_3996_count,0.26449884597052076
neuron_3997_count,0.22751002582853314
neuron_3998_count,0.26395074214720105
neuron_3999_count,0.2320552112071749
neuron_4000_count,0.25787987767494974
neuron_4001_count,0.17627968794995522
neuron_4002_count,0.19678384846351538
neuron_4003_count,0.2699796878059033
neuron_4004_count,0.23283177945691455
neuron_4005_count,0.2179763373101642
neuron_4006_count,0.16264221621506694
neuron_4007_count,0.2003078025130013
neuron_4008_count,0.19256159416067703
neuron_4009_count,0.15080658220206616
neuron_4010_count,0.1849690572234015
neuron_4011_count,0.19945849490386727
neuron_4012_count,0.16242377008076953
neuron_4013_count,0.15208493416579727
neuron_4014_count,0.17765653694642697
neuron_4015_count,0.4505974393311209
neuron_4016_count,0.26942173312916806
neuron_4017_count,0.16676375105581742
neuron_4018_count,0.15405047784784093
neuron_4019_count,0.3160469099392973
neuron_4020_count,0.1886595296641382
neuron_4021_count,0.28574258197718394
neuron_4022_count,0.11993848651456912
neuron_4023_count,0.3148192134499179
neuron_4024_count,0.17332207966007604
neuron_4025_count,0.21569380803760074
neuron_4026_count,0.1808813105116932
neuron_4027_count,0.2971472306185825
neuron_4028_count,0.41531524101687617
neuron_4029_count,0.2514815657411311
neuron_4030_count,0.14723436132140835
neuron_4031_count,0.1729228622245711
neuron_4032_count,0.13950243025741743
neuron_4033_count,0.14463231543370364
neuron_4034_count,0.2881475062641868
neuron_4035_count,0.37013117733173945
neuron_4036_count,0.3344167619388603
neuron_4037_count,0.06853741020576351
neuron_4038_count,0.3129391198672189
neuron_4039_count,0.46739587670891186
neuron_4040_count,0.2400909890053054
neuron_4041_count,0.2667442396242838
neuron_4042_count,0.07686042661340117
neuron_4043_count,0.3139792946060279
neuron_4044_count,0.3183090463898908
neuron_4045_count,0.2950387447657008
neuron_4046_count,0.34279633633209716
neuron_4047_count,0.2859118624636046
neuron_4048_count,0.2750283826084483
neuron_4049_count,0.3276052529727437
neuron_4050_count,0.2994846654126174
neuron_4051_count,0.301352022629819
neuron_4052_count,0.2619913182170374
neuron_4053_count,0.2612389721413184
neuron_4054_count,0.33326574764505934
neuron_4055_count,0.2815736480383292
neuron_4056_count,0.3083900661177128
neuron_4057_count,0.2783393781778478
neuron_4058_count,0.2770108732141413
neuron_4059_count,0.29766456432677596
neuron_4060_count,0.3099788692796841
neuron_4061_count,0.26996537110323976
neuron_4062_count,0.21028739393342824
neuron_4063_count,0.17103343786803332
neuron_4064_count,0.24795125579077978
neuron_4065_count,0.24077258075230756
neuron_4066_count,0.25138466021581785
neuron_4067_count,0.2088647895654681
neuron_4068_count,0.25069076655170475
neuron_4069_count,0.19886294392866766
neuron_4070_count,0.13898754063973157
neuron_4071_count,0.20616369225651687
neuron_4072_count,0.19956686079480024
neuron_4073_count,0.2516331271024618
neuron_4074_count,0.15687922150769817
neuron_4075_count,0.2261014722214799
neuron_4076_count,0.19943895559356076
neuron_4077_count,0.1288574177988397
neuron_4078_count,0.13501712926462697
neuron_4079_count,0.33273905835741724
neuron_4080_count,0.24082216641056495
neuron_4081_count,0.06942965182398651
neuron_4082_count,0.2707129481787537
neuron_4083_count,0.24154743517426852
neuron_4084_count,0.2588818062777968
neuron_4085_count,0.29992642080193527
neuron_4086_count,0.10636040167111863
neuron_4087_count,0.35761193065353397
neuron_4088_count,0.11536368104689704
neuron_4089_count,0.08049803212567912
neuron_4090_count,0.13430292252623321
neuron_4091_count,0.15526211717170893
neuron_4092_count,0.2556290010652573
neuron_4093_count,0.20753657386820035
neuron_4094_count,0.042540214712738084
neuron_4095_count,0.16367884544996836
